amusement,http://farm8.staticflickr.com/7082/7270586204_e377344e30_z.jpg,3,2
amusement,http://farm9.staticflickr.com/8312/7898986370_b0565bf805_z.jpg,3,2
amusement,http://farm3.staticflickr.com/2843/11957277294_a76565601f_z.jpg,4,1
amusement,http://farm8.staticflickr.com/7185/6865018980_cf85ee418b_z.jpg,3,2
amusement,http://farm9.staticflickr.com/8067/8203797318_54f9d666fd_z.jpg,5,0
amusement,http://farm9.staticflickr.com/8504/8401339156_564742641f_z.jpg,5,0
amusement,http://farm8.staticflickr.com/7159/6615937567_734f74070e_z.jpg,2,3
amusement,http://farm8.staticflickr.com/7276/7866724228_cfc9df3c00_z.jpg,1,4
amusement,http://farm6.staticflickr.com/5477/9340073490_198e567e8f_z.jpg,4,1
amusement,http://farm8.staticflickr.com/7042/6859043987_bd6c497288_z.jpg,4,1
amusement,http://farm4.staticflickr.com/3673/9623261822_60847855ec_z.jpg,1,4
amusement,http://farm9.staticflickr.com/8152/7123382337_79664054cf_z.jpg,4,1
amusement,http://farm3.staticflickr.com/2870/9104812743_99709a2761_z.jpg,4,1
amusement,http://farm4.staticflickr.com/3736/9328230654_92821af1ed_z.jpg,0,5
amusement,http://farm8.staticflickr.com/7460/12443262984_ab4c7668d3_z.jpg,5,0
amusement,http://farm3.staticflickr.com/2821/9111873348_68b1cc2832_z.jpg,1,4
amusement,http://farm6.staticflickr.com/5497/9339358997_4f8e3bafb8_z.jpg,4,1
amusement,http://farm3.staticflickr.com/2835/13689396715_460f4d1d67_z.jpg,5,0
amusement,http://farm9.staticflickr.com/8189/8126968560_dfedbf719e_z.jpg,3,2
amusement,http://farm6.staticflickr.com/5530/10917130756_78e5458f56_z.jpg,2,3
amusement,http://farm9.staticflickr.com/8482/8175533795_77a3dbafbc_z.jpg,4,1
amusement,http://farm3.staticflickr.com/2905/14168267941_d637b6fbfa_z.jpg,5,0
amusement,http://farm9.staticflickr.com/8027/7263044258_2a9a738e2f_z.jpg,4,1
amusement,http://farm8.staticflickr.com/7046/6856453186_9efcf0b8e2_z.jpg,3,2
amusement,http://farm4.staticflickr.com/3733/12516611514_b64cec6e67_z.jpg,4,0
amusement,http://farm9.staticflickr.com/8260/8646331986_da738b44fa_z.jpg,5,0
amusement,http://farm9.staticflickr.com/8022/7497966664_20cc069bdf_z.jpg,5,0
amusement,http://farm8.staticflickr.com/7136/7472492172_b4456c9f01_z.jpg,2,3
amusement,http://farm8.staticflickr.com/7448/10624237634_ce744ac0a9_z.jpg,2,3
amusement,http://farm9.staticflickr.com/8084/8319007172_40a2c1e83a_z.jpg,1,4
amusement,http://farm8.staticflickr.com/7050/13824837514_6e80ec906e_z.jpg,5,0
amusement,http://farm8.staticflickr.com/7392/9215519961_6b4079394f_z.jpg,0,5
amusement,http://farm9.staticflickr.com/8141/7555953338_81d42f00f7_z.jpg,2,3
amusement,http://farm9.staticflickr.com/8447/7745377166_c2feca4d17_z.jpg,0,5
amusement,http://farm9.staticflickr.com/8351/8417453865_404de412a4_z.jpg,4,1
amusement,http://farm4.staticflickr.com/3755/9641555136_ed77ca5dd0_z.jpg,1,4
amusement,http://farm8.staticflickr.com/7411/9282447914_dae3174a5f_z.jpg,0,5
amusement,http://farm3.staticflickr.com/2838/8887276534_19e11e2d34_z.jpg,3,2
amusement,http://farm9.staticflickr.com/8164/6984351834_5b4e993a6e_z.jpg,0,5
amusement,http://farm9.staticflickr.com/8377/8495362969_d7a7b08bef_z.jpg,5,0
amusement,http://farm9.staticflickr.com/8284/7560156158_9275588564_z.jpg,1,4
amusement,http://farm9.staticflickr.com/8369/8356499307_33dd6303b0_z.jpg,1,4
amusement,http://farm9.staticflickr.com/8169/8034861495_e4781432e4_z.jpg,1,4
amusement,http://farm9.staticflickr.com/8437/7989507274_42edaeb852_z.jpg,4,1
amusement,http://farm6.staticflickr.com/5238/6969898460_fdfa36c863_z.jpg,5,0
amusement,http://farm8.staticflickr.com/7086/7057542317_e3d03b1119_z.jpg,1,4
amusement,http://farm8.staticflickr.com/7065/6827872838_ee8ff9893d_z.jpg,4,1
amusement,http://farm9.staticflickr.com/8615/16066310856_1a2b2a06cd_z.jpg,4,1
amusement,http://farm8.staticflickr.com/7322/12443013564_c90ccbb034_z.jpg,3,2
amusement,http://farm4.staticflickr.com/3827/8932072163_0cb5642e9f_z.jpg,1,4
amusement,http://farm8.staticflickr.com/7060/6972996619_a6ae7b7b46_z.jpg,4,1
amusement,http://farm9.staticflickr.com/8476/8102050520_25b3fc13a5_z.jpg,1,4
amusement,http://farm9.staticflickr.com/8242/8580604889_5493d78f6b_z.jpg,4,1
amusement,http://farm8.staticflickr.com/7034/13248143964_7c62748b93_z.jpg,4,1
amusement,http://farm6.staticflickr.com/5341/8930906571_9c4e50d368_z.jpg,5,0
amusement,http://farm9.staticflickr.com/8445/7870871826_43094c0c5f_z.jpg,3,2
amusement,http://farm9.staticflickr.com/8382/8544907321_98a9687322_z.jpg,1,4
amusement,http://farm8.staticflickr.com/7366/13327964803_6075aa5d1d_z.jpg,0,5
amusement,http://farm9.staticflickr.com/8453/8019272554_bb8693ddb6_z.jpg,4,1
amusement,http://farm3.staticflickr.com/2807/11926182824_419a8eebc9_z.jpg,4,1
amusement,http://farm8.staticflickr.com/7442/13895389169_12994744fb_z.jpg,2,3
amusement,http://farm4.staticflickr.com/3810/9566742358_6edc3db58b_z.jpg,4,1
amusement,http://farm8.staticflickr.com/7257/7812703852_a93a3f937b_z.jpg,0,5
amusement,http://farm9.staticflickr.com/8576/16512752031_ce7bc4e1bd_z.jpg,1,4
amusement,http://farm8.staticflickr.com/7214/7171770483_90c2cc3fe5_z.jpg,4,1
amusement,http://farm3.staticflickr.com/2817/11419664286_a36bf994d1_z.jpg,2,3
amusement,http://farm9.staticflickr.com/8443/7810178940_f67cc1f1b0_z.jpg,1,4
amusement,http://farm9.staticflickr.com/8046/8119913949_f5a3f2a3d2_z.jpg,4,1
amusement,http://farm9.staticflickr.com/8065/8153167879_cc41a9c42c_z.jpg,4,1
amusement,http://farm8.staticflickr.com/7067/6801986556_3703c8178e_z.jpg,2,3
amusement,http://farm6.staticflickr.com/5537/10388442554_269b19b99d_z.jpg,2,3
amusement,http://farm9.staticflickr.com/8641/16184975446_aaa7f579a9_z.jpg,4,1
amusement,http://farm8.staticflickr.com/7403/10922250096_c7bc8f0570_z.jpg,3,2
amusement,http://farm3.staticflickr.com/2849/9323977783_6f4e42a2f6_z.jpg,5,0
amusement,http://farm8.staticflickr.com/7353/12221020723_2944e8fe50_z.jpg,2,3
amusement,http://farm9.staticflickr.com/8521/8552830440_e93f40f805_z.jpg,3,2
amusement,http://farm4.staticflickr.com/3675/12205677093_b3fa13bde7_z.jpg,2,3
amusement,http://farm8.staticflickr.com/7361/9153821927_ab33e0096e_z.jpg,0,5
amusement,http://farm4.staticflickr.com/3820/11262858745_3069fe0d3e_z.jpg,0,5
amusement,http://farm9.staticflickr.com/8007/7304692380_b6eef9a904_z.jpg,4,1
amusement,http://farm9.staticflickr.com/8246/8637502675_88e7795177_z.jpg,2,3
amusement,http://farm4.staticflickr.com/3680/9622842544_676fa8be85_z.jpg,2,3
amusement,http://farm4.staticflickr.com/3666/9643298900_d42a960675_z.jpg,0,5
amusement,http://farm4.staticflickr.com/3879/14661387210_0edfeb34cb_z.jpg,5,0
amusement,http://farm4.staticflickr.com/3809/9717859990_718b50beba_z.jpg,0,5
amusement,http://farm9.staticflickr.com/8258/8909371923_9c912979ee_z.jpg,5,0
amusement,http://farm9.staticflickr.com/8499/8374318319_09c11e3a65_z.jpg,1,4
amusement,http://farm3.staticflickr.com/2870/9521942063_acc34a554c_z.jpg,2,2
amusement,http://farm4.staticflickr.com/3713/10093142325_bc8f263622_z.jpg,4,1
amusement,http://farm8.staticflickr.com/7224/7086341399_226ca7c5ed_z.jpg,1,4
amusement,http://farm8.staticflickr.com/7465/15484711020_670e5998c0_z.jpg,0,5
amusement,http://farm8.staticflickr.com/7048/13824535885_573972bfa7_z.jpg,4,0
amusement,http://farm3.staticflickr.com/2867/9566754248_b12d7e141a_z.jpg,2,3
amusement,http://farm9.staticflickr.com/8124/8618261663_35b0784c15_z.jpg,4,1
amusement,http://farm8.staticflickr.com/7318/8993046035_a55e85d1b8_z.jpg,0,5
amusement,http://farm9.staticflickr.com/8323/8140464252_c8e0d6b041_z.jpg,2,3
amusement,http://farm9.staticflickr.com/8021/7596184518_faa51f3f60_z.jpg,4,0
amusement,http://farm6.staticflickr.com/5502/11264819005_80244e467a_z.jpg,3,2
amusement,http://farm9.staticflickr.com/8446/7866795474_184d6856ef_z.jpg,1,4
amusement,http://farm9.staticflickr.com/8393/8679691745_b2d628e0a9_z.jpg,0,5
amusement,http://farm8.staticflickr.com/7321/10378620533_914e8302f3_z.jpg,2,3
amusement,http://farm4.staticflickr.com/3830/11399544414_7c6b58d553_z.jpg,4,1
amusement,http://farm9.staticflickr.com/8421/7850659840_c230be7ecb_z.jpg,0,5
amusement,http://farm9.staticflickr.com/8539/8619617096_e206451609_z.jpg,2,3
amusement,http://farm4.staticflickr.com/3831/11459030674_d2903acdb8_z.jpg,2,3
amusement,http://farm8.staticflickr.com/7190/13916201548_064504dba5_z.jpg,0,5
amusement,http://farm3.staticflickr.com/2827/13369594664_fb1eb54f63_z.jpg,4,1
amusement,http://farm4.staticflickr.com/3798/12189177123_af20548579_z.jpg,3,2
amusement,http://farm8.staticflickr.com/7052/6860180485_a9eaa107d7_z.jpg,0,5
amusement,http://farm9.staticflickr.com/8406/8634809866_ba16c31344_z.jpg,0,5
amusement,http://farm8.staticflickr.com/7147/6680523685_cf0d5005c0_z.jpg,2,3
amusement,http://farm8.staticflickr.com/7381/10966073993_373626873a_z.jpg,3,2
amusement,http://farm9.staticflickr.com/8345/8221184873_287c029ff4_z.jpg,2,3
amusement,http://farm8.staticflickr.com/7291/9780164455_b5de25df4c_z.jpg,1,4
amusement,http://farm8.staticflickr.com/7307/9352331640_7de9507094_z.jpg,1,4
amusement,http://farm4.staticflickr.com/3740/11832038116_95fd99d0c4_z.jpg,5,0
amusement,http://farm9.staticflickr.com/8172/7897222022_8512fbaedc_z.jpg,2,3
amusement,http://farm8.staticflickr.com/7387/10784604924_fb059d5f0e_z.jpg,2,3
amusement,http://farm4.staticflickr.com/3748/11793321386_e3de0996cc_z.jpg,5,0
amusement,http://farm8.staticflickr.com/7399/10752724896_b88dbc456a_z.jpg,2,3
amusement,http://farm9.staticflickr.com/8065/8200868716_60ac6ecc8a_z.jpg,1,4
amusement,http://farm9.staticflickr.com/8010/7648254158_e30bd2e7f9_z.jpg,1,4
amusement,http://farm4.staticflickr.com/3834/12739806323_eaea9e2713_z.jpg,5,0
amusement,http://farm9.staticflickr.com/8448/7798651540_caa398b19b_z.jpg,0,5
amusement,http://farm8.staticflickr.com/7359/9452916091_f6a476983a_z.jpg,4,1
amusement,http://farm9.staticflickr.com/8311/8070595477_14d3107a07_z.jpg,3,2
amusement,http://farm8.staticflickr.com/7290/10538687135_238ac35a53_z.jpg,5,0
amusement,http://farm9.staticflickr.com/8265/8773109742_f4eac00f38_z.jpg,5,0
amusement,http://farm9.staticflickr.com/8117/8648599189_058cceefe3_z.jpg,1,4
amusement,http://farm9.staticflickr.com/8062/8180859757_0be9dd3c1a_z.jpg,5,0
amusement,http://farm4.staticflickr.com/3752/9000649918_0b77140ed1_z.jpg,1,4
amusement,http://farm9.staticflickr.com/8001/6979728530_c1a845140b_z.jpg,2,3
amusement,http://farm9.staticflickr.com/8203/8238869017_1f2db2fa01_z.jpg,2,3
amusement,http://farm3.staticflickr.com/2806/9109057975_b58e9344ef_z.jpg,5,0
amusement,http://farm9.staticflickr.com/8170/8059640666_74f33d6de6_z.jpg,3,2
amusement,http://farm9.staticflickr.com/8313/7903764820_9e92cb076a_z.jpg,1,4
amusement,http://farm4.staticflickr.com/3821/8950102747_e19791d3c3_z.jpg,1,4
amusement,http://farm6.staticflickr.com/5489/10218720514_ecab328602_z.jpg,4,1
amusement,http://farm9.staticflickr.com/8368/8445475653_c59002db52_z.jpg,2,3
amusement,http://farm9.staticflickr.com/8676/15988988192_b932799782_z.jpg,4,1
amusement,http://farm8.staticflickr.com/7391/9637419761_ecb1026b5f_z.jpg,0,4
amusement,http://farm9.staticflickr.com/8054/8075888938_25973e7675_z.jpg,1,4
amusement,http://farm8.staticflickr.com/7072/7316337370_3ab6d6c2c9_z.jpg,2,3
amusement,http://farm4.staticflickr.com/3727/10921322394_b05d26d44c_z.jpg,3,2
amusement,http://farm8.staticflickr.com/7103/7402787550_427548b7fa_z.jpg,3,2
amusement,http://farm9.staticflickr.com/8456/7991658609_05ab4a6dfe_z.jpg,5,0
amusement,http://farm9.staticflickr.com/8318/8052723306_6be45948dc_z.jpg,2,3
amusement,http://farm9.staticflickr.com/8100/8494787217_f8c21d0692_z.jpg,2,3
amusement,http://farm8.staticflickr.com/7108/7720149812_bf2f4a50fa_z.jpg,4,1
amusement,http://farm8.staticflickr.com/7061/6942153403_543df1620f_z.jpg,4,1
amusement,http://farm8.staticflickr.com/7110/13974800525_fee860fd65_z.jpg,1,4
amusement,http://farm9.staticflickr.com/8053/8088184880_201a5a12d4_z.jpg,4,1
amusement,http://farm9.staticflickr.com/8373/8499568170_2caeb3af3d_z.jpg,0,5
amusement,http://farm8.staticflickr.com/7343/9768950105_2934a1fecd_z.jpg,4,1
amusement,http://farm8.staticflickr.com/7424/9051018356_4b1cd23a75_z.jpg,5,0
amusement,http://farm9.staticflickr.com/8166/7602242370_f61d06914f_z.jpg,0,4
amusement,http://farm8.staticflickr.com/7302/11926593676_746df6c425_z.jpg,4,1
amusement,http://farm8.staticflickr.com/7332/9675801950_251c214b46_z.jpg,0,3
amusement,http://farm8.staticflickr.com/7088/7198848044_f220729b84_z.jpg,2,3
amusement,http://farm9.staticflickr.com/8149/7518865328_6322fd1c17_z.jpg,3,2
amusement,http://farm6.staticflickr.com/5482/11061691836_60cfa4d7f7_z.jpg,5,0
amusement,http://farm8.staticflickr.com/7016/6734608191_c7344dd6fe_z.jpg,2,3
amusement,http://farm3.staticflickr.com/2826/9219498292_f663654b2f_z.jpg,0,4
amusement,http://farm4.staticflickr.com/3884/14594779103_55e5b40552_z.jpg,4,1
amusement,http://farm8.staticflickr.com/7551/15782485137_b9b24d1d95_z.jpg,4,1
amusement,http://farm9.staticflickr.com/8470/8095269144_90bf2cfd5c_z.jpg,3,2
amusement,http://farm8.staticflickr.com/7367/9010795780_715f85901f_z.jpg,0,5
amusement,http://farm9.staticflickr.com/8617/15904662168_efdb6cea84_z.jpg,3,2
amusement,http://farm9.staticflickr.com/8169/8045547039_4630caeaca_z.jpg,5,0
amusement,http://farm9.staticflickr.com/8022/7571571924_05fab6fdbb_z.jpg,4,1
amusement,http://farm3.staticflickr.com/2821/9110113877_d4dca65c26_z.jpg,2,3
amusement,http://farm3.staticflickr.com/2820/10126179873_4195a45de6_z.jpg,1,4
amusement,http://farm4.staticflickr.com/3818/12585844264_cc29e79dbd_z.jpg,3,1
amusement,http://farm9.staticflickr.com/8486/8238681431_9f4f68e9ab_z.jpg,3,2
amusement,http://farm8.staticflickr.com/7116/7677509484_97ed093579_z.jpg,4,1
amusement,http://farm8.staticflickr.com/7387/9279676125_2893cea5cd_z.jpg,0,5
amusement,http://farm4.staticflickr.com/3761/9562819813_834e968772_z.jpg,3,1
amusement,http://farm8.staticflickr.com/7051/6937250501_fd0b05efaf_z.jpg,1,3
amusement,http://farm8.staticflickr.com/7213/7028452329_6db5a85229_z.jpg,1,3
amusement,http://farm6.staticflickr.com/5537/9700302107_d68fa6a5e6_z.jpg,3,2
amusement,http://farm8.staticflickr.com/7328/10289579143_6ba581c6b4_z.jpg,2,3
amusement,http://farm4.staticflickr.com/3822/11663489566_56ba9c464f_z.jpg,0,5
amusement,http://farm8.staticflickr.com/7260/7740240010_b9739fbdaa_z.jpg,3,2
amusement,http://farm4.staticflickr.com/3824/9641576665_6d40b1fe5e_z.jpg,0,5
amusement,http://farm9.staticflickr.com/8229/8569262923_0c5b30aa48_z.jpg,5,0
amusement,http://farm8.staticflickr.com/7147/6717215697_ea6d933cf2_z.jpg,2,3
amusement,http://farm9.staticflickr.com/8002/7596249224_a36892c61c_z.jpg,5,0
amusement,http://farm9.staticflickr.com/8051/8139723053_d7bd4557b0_z.jpg,2,3
amusement,http://farm8.staticflickr.com/7154/6828678005_5c0ac617d4_z.jpg,1,4
amusement,http://farm9.staticflickr.com/8316/8029685167_eb79dd216a_z.jpg,0,5
amusement,http://farm9.staticflickr.com/8022/7603580950_c028cb07fc_z.jpg,2,3
amusement,http://farm6.staticflickr.com/5513/10605945636_8d67fd81ee_z.jpg,1,4
amusement,http://farm3.staticflickr.com/2836/11478769036_412826a67f_z.jpg,5,0
amusement,http://farm6.staticflickr.com/5343/7229068558_fea7012190_z.jpg,4,1
amusement,http://farm9.staticflickr.com/8251/8564676895_b85ec130c3_z.jpg,3,2
amusement,http://farm9.staticflickr.com/8421/7636407504_e964662929_z.jpg,1,4
amusement,http://farm8.staticflickr.com/7145/6854139593_19f14324eb_z.jpg,3,2
amusement,http://farm8.staticflickr.com/7253/7472634820_74c14d1752_z.jpg,1,4
amusement,http://farm3.staticflickr.com/2883/13373432303_1585e3cd40_z.jpg,5,0
amusement,http://farm4.staticflickr.com/3683/12061071785_fa52546f3d_z.jpg,4,1
amusement,http://farm9.staticflickr.com/8523/8680358522_62c2bdce74_z.jpg,4,1
amusement,http://farm9.staticflickr.com/8656/15302134593_9bd86e871c_z.jpg,5,0
amusement,http://farm3.staticflickr.com/2823/10377722124_42252d595b_z.jpg,4,1
amusement,http://farm8.staticflickr.com/7161/6819907663_7191a2ae51_z.jpg,3,2
amusement,http://farm4.staticflickr.com/3763/9123046642_df8b4cc379_z.jpg,5,0
amusement,http://farm3.staticflickr.com/2890/9224567355_f91453c22e_z.jpg,0,5
amusement,http://farm6.staticflickr.com/5600/15694274276_c87d2d2a07_z.jpg,1,4
amusement,http://farm8.staticflickr.com/7370/11532091766_688f7d23b3_z.jpg,5,0
amusement,http://farm4.staticflickr.com/3777/9491237494_d6151bf4ec_z.jpg,2,3
amusement,http://farm8.staticflickr.com/7181/6860093263_5aab39197c_z.jpg,1,4
amusement,http://farm8.staticflickr.com/7418/10100039496_d34d70753f_z.jpg,5,0
amusement,http://farm6.staticflickr.com/5503/12420979593_db0392f965_z.jpg,1,4
amusement,http://farm8.staticflickr.com/7404/9609330509_2765f7ffa0_z.jpg,2,3
amusement,http://farm6.staticflickr.com/5479/14109229734_32d608896d_z.jpg,0,5
amusement,http://farm3.staticflickr.com/2826/9287490116_c18b9e2cba_z.jpg,0,5
amusement,http://farm4.staticflickr.com/3793/9235628056_54c1758f31_z.jpg,0,5
amusement,http://farm8.staticflickr.com/7251/7504711538_b9491154fc_z.jpg,2,2
amusement,http://farm8.staticflickr.com/7211/7304688420_39dfd06c41_z.jpg,5,0
amusement,http://farm8.staticflickr.com/7362/9098211724_4bc3573354_z.jpg,4,0
amusement,http://farm8.staticflickr.com/7137/7648432512_66844f95b8_z.jpg,1,4
amusement,http://farm4.staticflickr.com/3731/11095248275_d1b05704c4_z.jpg,3,2
amusement,http://farm9.staticflickr.com/8032/8031992146_64c24cdf2a_z.jpg,2,3
amusement,http://farm9.staticflickr.com/8371/8476408792_32c756daeb_z.jpg,2,3
amusement,http://farm9.staticflickr.com/8395/10238493356_2043be7222_z.jpg,4,0
amusement,http://farm9.staticflickr.com/8389/8451848510_df1b7b2606_z.jpg,4,1
amusement,http://farm6.staticflickr.com/5446/9785588005_371d2f12fd_z.jpg,2,3
amusement,http://farm3.staticflickr.com/2910/14266024342_19ca6427c6_z.jpg,0,5
amusement,http://farm8.staticflickr.com/7392/11096204945_991fe17b88_z.jpg,5,0
amusement,http://farm8.staticflickr.com/7450/11853405415_ca0ff64aea_z.jpg,1,4
amusement,http://farm8.staticflickr.com/7054/6860021031_e9db385374_z.jpg,0,5
amusement,http://farm8.staticflickr.com/7301/9738836202_dbe4eb23fe_z.jpg,0,5
amusement,http://farm4.staticflickr.com/3709/12208682624_7c3a35ce1e_z.jpg,5,0
amusement,http://farm3.staticflickr.com/2892/10733914793_aa47116c6d_z.jpg,5,0
amusement,http://farm8.staticflickr.com/7135/7450250608_7b973da829_z.jpg,2,3
amusement,http://farm8.staticflickr.com/7082/7317709366_0c5e919446_z.jpg,3,2
amusement,http://farm9.staticflickr.com/8071/8323884541_46da5c690a_z.jpg,3,2
amusement,http://farm9.staticflickr.com/8152/7157746285_81fa9586f0_z.jpg,1,4
amusement,http://farm8.staticflickr.com/7384/9066370755_9b971f42f8_z.jpg,4,1
amusement,http://farm8.staticflickr.com/7165/6798688759_ded0a319f2_z.jpg,4,1
amusement,http://farm9.staticflickr.com/8201/8258082912_4a3695e950_z.jpg,5,0
amusement,http://farm9.staticflickr.com/8282/7594990066_8b4aa16260_z.jpg,1,3
amusement,http://farm8.staticflickr.com/7184/13236206075_2de50cea25_z.jpg,4,1
amusement,http://farm9.staticflickr.com/8149/7526549562_2148fc1606_z.jpg,4,1
amusement,http://farm8.staticflickr.com/7453/13481216965_7a513437cb_z.jpg,3,2
amusement,http://farm9.staticflickr.com/8351/8294454188_6505211b3b_z.jpg,5,0
amusement,http://farm4.staticflickr.com/3704/9066539189_ab9ec75d33_z.jpg,0,5
amusement,http://farm9.staticflickr.com/8374/8461540882_88cd6f7062_z.jpg,2,3
amusement,http://farm9.staticflickr.com/8148/7448399186_22725106e3_z.jpg,0,5
amusement,http://farm9.staticflickr.com/8435/7831655716_e4a4828ea1_z.jpg,1,3
amusement,http://farm4.staticflickr.com/3796/13804510775_449296153e_z.jpg,3,2
amusement,http://farm6.staticflickr.com/5534/14055192978_8d1982ddc9_z.jpg,4,1
amusement,http://farm8.staticflickr.com/7453/9096062797_be6d7650d2_z.jpg,5,0
amusement,http://farm9.staticflickr.com/8448/7896731340_15b07bf676_z.jpg,4,1
amusement,http://farm9.staticflickr.com/8003/7614127756_75609df2f2_z.jpg,5,0
amusement,http://farm4.staticflickr.com/3732/14106377808_cac79490fa_z.jpg,0,5
amusement,http://farm4.staticflickr.com/3668/9273958305_2dddf447b4_z.jpg,1,4
amusement,http://farm6.staticflickr.com/5592/14368207691_d6320ba3da_z.jpg,2,3
amusement,http://farm8.staticflickr.com/7436/14074525851_b8ffd2fa5c_z.jpg,1,4
amusement,http://farm8.staticflickr.com/7218/7140383279_8e60bb9c11_z.jpg,2,3
amusement,http://farm4.staticflickr.com/3817/9971539016_ba93959cdc_z.jpg,4,1
amusement,http://farm8.staticflickr.com/7100/7182448966_14d07d615b_z.jpg,4,1
amusement,http://farm8.staticflickr.com/7216/7307538072_2f0ed59539_z.jpg,1,4
amusement,http://farm6.staticflickr.com/5456/9336874014_84976581be_z.jpg,5,0
amusement,http://farm6.staticflickr.com/5501/9287914299_7e1323115f_z.jpg,4,0
amusement,http://farm8.staticflickr.com/7445/11263042964_7c400fb454_z.jpg,0,5
amusement,http://farm8.staticflickr.com/7367/10793425954_ed7a98d473_z.jpg,5,0
amusement,http://farm4.staticflickr.com/3938/15497868748_bbdcb2199a_z.jpg,5,0
amusement,http://farm8.staticflickr.com/7064/6933106363_1cb5e6d96d_z.jpg,5,0
amusement,http://farm7.staticflickr.com/6046/7015885379_a53edf670c_z.jpg,1,4
amusement,http://farm6.staticflickr.com/5458/9231451891_d52a14e15d_z.jpg,2,3
amusement,http://farm8.staticflickr.com/7120/6881947894_e1bf709b87_z.jpg,2,3
amusement,http://farm9.staticflickr.com/8462/7984987815_a352996dcf_z.jpg,1,4
amusement,http://farm6.staticflickr.com/5032/7199001030_1f19bf7d5c_z.jpg,4,1
amusement,http://farm8.staticflickr.com/7250/7517322728_10990a7082_z.jpg,1,4
amusement,http://farm9.staticflickr.com/8365/8466066231_93e10d91f3_z.jpg,3,2
amusement,http://farm8.staticflickr.com/7260/7142991279_cc177e057b_z.jpg,2,3
amusement,http://farm8.staticflickr.com/7046/6973084223_f5fc6b7997_z.jpg,0,5
amusement,http://farm9.staticflickr.com/8263/8695627539_df72d28979_z.jpg,1,4
amusement,http://farm9.staticflickr.com/8439/7792805132_54d72c98d0_z.jpg,5,0
amusement,http://farm9.staticflickr.com/8646/15896366353_7a1b1bdca4_z.jpg,4,1
amusement,http://farm8.staticflickr.com/7431/9418059301_75b386b32d_z.jpg,1,4
amusement,http://farm9.staticflickr.com/8112/8467522473_6c5de5fd4a_z.jpg,2,3
amusement,http://farm6.staticflickr.com/5455/7417244432_5060661174_z.jpg,4,1
amusement,http://farm8.staticflickr.com/7131/8163812561_bbd689d714_z.jpg,0,5
amusement,http://farm9.staticflickr.com/8421/7497803880_044be54aab_z.jpg,5,0
amusement,http://farm9.staticflickr.com/8272/8754756511_c4f5332d12_z.jpg,2,3
amusement,http://farm9.staticflickr.com/8544/8698018199_c99fa05c5b_z.jpg,4,1
amusement,http://farm9.staticflickr.com/8010/7633916356_d6626d4e2a_z.jpg,2,3
amusement,http://farm4.staticflickr.com/3757/12439864283_d1405c3f1b_z.jpg,4,1
amusement,http://farm3.staticflickr.com/2895/14294113984_7c7c2460e7_z.jpg,4,1
amusement,http://farm8.staticflickr.com/7152/6828679171_ed20fd5462_z.jpg,4,1
amusement,http://farm9.staticflickr.com/8014/7683255770_92b8faa53a_z.jpg,5,0
amusement,http://farm8.staticflickr.com/7073/7332749772_c2b0d986e7_z.jpg,1,4
amusement,http://farm9.staticflickr.com/8639/15324081013_310cd141c5_z.jpg,3,2
amusement,http://farm6.staticflickr.com/5321/7181005155_710bf21e7c_z.jpg,1,4
amusement,http://farm9.staticflickr.com/8597/16408561037_f22283cda3_z.jpg,1,4
amusement,http://farm8.staticflickr.com/7357/12443595315_8714a26194_z.jpg,3,1
amusement,http://farm6.staticflickr.com/5539/11020184364_0dfe9243f9_z.jpg,1,4
amusement,http://farm8.staticflickr.com/7237/7278959990_8734b9ec30_z.jpg,2,3
amusement,http://farm8.staticflickr.com/7437/11095840374_e765337a8a_z.jpg,5,0
amusement,http://farm3.staticflickr.com/2878/11202680555_c86c64cb93_z.jpg,4,1
amusement,http://farm9.staticflickr.com/8212/8299855521_f7e11ba42a_z.jpg,0,5
amusement,http://farm3.staticflickr.com/2868/11019732394_a7f39f10dd_z.jpg,5,0
amusement,http://farm9.staticflickr.com/8182/7895171084_717086ac66_z.jpg,5,0
amusement,http://farm4.staticflickr.com/3723/11869652614_435b16c445_z.jpg,4,1
amusement,http://farm8.staticflickr.com/7324/11095763193_94f55932d9_z.jpg,5,0
amusement,http://farm6.staticflickr.com/5194/14183533890_8e037b3c68_z.jpg,2,3
amusement,http://farm8.staticflickr.com/7456/9198954746_51d941620a_z.jpg,2,3
amusement,http://farm8.staticflickr.com/7115/7591067074_fbb45bfbef_z.jpg,5,0
amusement,http://farm9.staticflickr.com/8347/8237296465_493887eca8_z.jpg,5,0
amusement,http://farm8.staticflickr.com/7051/6973491261_205f7308fe_z.jpg,5,0
amusement,http://farm4.staticflickr.com/3806/9431744388_bca099feb8_z.jpg,1,4
amusement,http://farm9.staticflickr.com/8288/7784596406_b4cd24c42b_z.jpg,5,0
amusement,http://farm8.staticflickr.com/7335/9660448155_56aaa45c6b_z.jpg,2,3
amusement,http://farm9.staticflickr.com/8438/7896117652_1724b5e0ab_z.jpg,5,0
amusement,http://farm8.staticflickr.com/7252/7595583256_e519758e82_z.jpg,5,0
amusement,http://farm3.staticflickr.com/2817/10197417904_2ea6033340_z.jpg,4,1
amusement,http://farm8.staticflickr.com/7154/13625918645_51fbb3d27f_z.jpg,2,3
amusement,http://farm8.staticflickr.com/7433/10380038563_0b0414c178_z.jpg,2,3
amusement,http://farm8.staticflickr.com/7050/6859970865_c1dfda4fd3_z.jpg,0,5
amusement,http://farm9.staticflickr.com/8435/7822477080_b2ccf9b317_z.jpg,4,1
amusement,http://farm8.staticflickr.com/7323/9328226116_30fe802e6c_z.jpg,0,5
amusement,http://farm3.staticflickr.com/2836/10339519824_c6e773df4f_z.jpg,1,4
amusement,http://farm3.staticflickr.com/2906/14388048418_27b5fc339d_z.jpg,3,2
amusement,http://farm6.staticflickr.com/5468/9641947968_020c4cd40d_z.jpg,0,5
amusement,http://farm8.staticflickr.com/7284/8739149924_28ba6aeb4a_z.jpg,3,2
amusement,http://farm9.staticflickr.com/8381/8574624734_f693b5bf9b_z.jpg,5,0
amusement,http://farm9.staticflickr.com/8367/8460439869_fcc998660c_z.jpg,5,0
amusement,http://farm8.staticflickr.com/7104/7219803834_fedcc6eb6f_z.jpg,5,0
amusement,http://farm8.staticflickr.com/7075/13630930214_7b9cdacae5_z.jpg,0,5
amusement,http://farm9.staticflickr.com/8235/8361274835_05a861d872_z.jpg,4,1
amusement,http://farm9.staticflickr.com/8449/8052038039_dc28991b27_z.jpg,4,1
amusement,http://farm8.staticflickr.com/7439/9484314586_7e7f8c014d_z.jpg,1,3
amusement,http://farm9.staticflickr.com/8159/7492377676_d9bfc4d4aa_z.jpg,2,3
amusement,http://farm4.staticflickr.com/3815/9920438193_d4209e2786_z.jpg,1,4
amusement,http://farm9.staticflickr.com/8541/8654098110_810e4e8252_z.jpg,2,3
amusement,http://farm9.staticflickr.com/8330/8096439750_057dc2b51b_z.jpg,5,0
amusement,http://farm8.staticflickr.com/7224/7375985210_e5d289580b_z.jpg,2,3
amusement,http://farm9.staticflickr.com/8376/8421612486_9955b6fda7_z.jpg,5,0
amusement,http://farm9.staticflickr.com/8484/8184624614_db9b31ce66_z.jpg,5,0
amusement,http://farm9.staticflickr.com/8499/8324495377_14a791263d_z.jpg,2,3
amusement,http://farm9.staticflickr.com/8147/7351219520_738c642a12_z.jpg,3,2
amusement,http://farm9.staticflickr.com/8230/8562781641_d362cb340f_z.jpg,1,4
amusement,http://farm8.staticflickr.com/7452/12555198694_2c64e1d412_z.jpg,0,5
amusement,http://farm8.staticflickr.com/7413/12464654984_6b306f1abd_z.jpg,1,4
amusement,http://farm9.staticflickr.com/8299/7901095784_519f4d9201_z.jpg,3,2
amusement,http://farm4.staticflickr.com/3788/13668491345_b1a18802fe_z.jpg,2,3
amusement,http://farm4.staticflickr.com/3734/13684422095_d05262cd9e_z.jpg,4,0
amusement,http://farm8.staticflickr.com/7368/9227159858_0fe7c5d721_z.jpg,2,3
amusement,http://farm9.staticflickr.com/8462/7998831359_f20defaba3_z.jpg,0,5
amusement,http://farm8.staticflickr.com/7452/9198285678_5bd2c53438_z.jpg,5,0
amusement,http://farm8.staticflickr.com/7390/9659506381_1b80bae554_z.jpg,2,2
amusement,http://farm9.staticflickr.com/8198/8175375350_3f2c203a93_z.jpg,2,3
amusement,http://farm9.staticflickr.com/8566/16514361735_d5457f8b80_z.jpg,0,5
amusement,http://farm9.staticflickr.com/8443/7745080916_11758b898f_z.jpg,2,3
amusement,http://farm8.staticflickr.com/7237/7397898024_46e9ccf9d9_z.jpg,2,3
amusement,http://farm6.staticflickr.com/5490/9223457380_097eba08cb_z.jpg,0,5
amusement,http://farm8.staticflickr.com/7276/7152866551_34c4967d92_z.jpg,2,3
amusement,http://farm8.staticflickr.com/7140/7472635988_29f2af3816_z.jpg,0,5
amusement,http://farm8.staticflickr.com/7424/14155251016_18bb0b11c4_z.jpg,1,4
amusement,http://farm4.staticflickr.com/3793/10234621233_8e8ab90e46_z.jpg,0,5
amusement,http://farm8.staticflickr.com/7577/16020777356_1a9a92a80b_z.jpg,1,4
amusement,http://farm3.staticflickr.com/2819/9137653536_cff70e8ff0_z.jpg,0,5
amusement,http://farm4.staticflickr.com/3789/13785912084_0730655c6c_z.jpg,1,4
amusement,http://farm9.staticflickr.com/8042/8030348221_749ae2c746_z.jpg,3,2
amusement,http://farm3.staticflickr.com/2810/12342766733_5d2a16cf20_z.jpg,0,5
amusement,http://farm6.staticflickr.com/5140/13683388465_18346cf7f2_z.jpg,4,0
amusement,http://farm8.staticflickr.com/7081/7175636247_960b67b3d3_z.jpg,2,2
amusement,http://farm4.staticflickr.com/3730/9119125948_96cd18cd09_z.jpg,4,1
amusement,http://farm8.staticflickr.com/7290/8929474652_1350d10ccf_z.jpg,2,3
amusement,http://farm3.staticflickr.com/2850/9277420544_8943cd6433_z.jpg,2,3
amusement,http://farm4.staticflickr.com/3799/9495281708_c070998a1a_z.jpg,3,2
amusement,http://farm9.staticflickr.com/8337/8173580301_2ee2ff2126_z.jpg,5,0
amusement,http://farm4.staticflickr.com/3723/14294998233_6342594aca_z.jpg,4,1
amusement,http://farm9.staticflickr.com/8510/8455619847_709c39f880_z.jpg,1,4
amusement,http://farm9.staticflickr.com/8122/8707721633_7390184f38_z.jpg,4,1
amusement,http://farm3.staticflickr.com/2876/9088537533_f500ca6e26_z.jpg,1,4
amusement,http://farm3.staticflickr.com/2855/9511283158_1a8eecbd9d_z.jpg,2,2
amusement,http://farm9.staticflickr.com/8026/7560083630_4240d26c4d_z.jpg,2,3
amusement,http://farm8.staticflickr.com/7444/9398926630_72fecbfa63_z.jpg,1,4
amusement,http://farm8.staticflickr.com/7300/9641170395_df45951382_z.jpg,0,5
amusement,http://farm9.staticflickr.com/8431/7880765632_954f71833e_z.jpg,1,4
amusement,http://farm4.staticflickr.com/3724/14087853867_9f15199a9c_z.jpg,5,0
amusement,http://farm8.staticflickr.com/7237/7258631262_85b87714ed_z.jpg,0,5
amusement,http://farm9.staticflickr.com/8289/7821725208_24eb8fb244_z.jpg,5,0
amusement,http://farm8.staticflickr.com/7162/6691822977_b693c8e3e2_z.jpg,1,4
amusement,http://farm8.staticflickr.com/7114/7596499244_3c7feb9975_z.jpg,5,0
amusement,http://farm3.staticflickr.com/2837/13511301745_43c902ebd0_z.jpg,2,2
amusement,http://farm6.staticflickr.com/5579/14331867298_ce29d65ed6_z.jpg,1,4
amusement,http://farm4.staticflickr.com/3747/9220898238_0d4170d214_z.jpg,4,1
amusement,http://farm8.staticflickr.com/7007/6778618665_4830b8e409_z.jpg,1,4
amusement,http://farm9.staticflickr.com/8191/8146919987_8a17a15211_z.jpg,3,2
amusement,http://farm4.staticflickr.com/3757/12188960395_43cea72a75_z.jpg,1,4
amusement,http://farm9.staticflickr.com/8516/8454276307_b58aceb905_z.jpg,4,1
amusement,http://farm8.staticflickr.com/7172/6798611367_4581a93e13_z.jpg,2,3
amusement,http://farm3.staticflickr.com/2845/10486047515_503c4f6211_z.jpg,1,4
amusement,http://farm9.staticflickr.com/8012/7865492312_b6f41faee5_z.jpg,4,1
amusement,http://farm9.staticflickr.com/8282/7812814236_548872962e_z.jpg,0,5
amusement,http://farm9.staticflickr.com/8401/8632130529_3d42e1e82c_z.jpg,1,4
amusement,http://farm3.staticflickr.com/2914/14042057932_0e659eb2c6_z.jpg,3,2
amusement,http://farm9.staticflickr.com/8609/15925941646_e5122212dc_z.jpg,5,0
amusement,http://farm3.staticflickr.com/2827/9282210006_53fbc5e095_z.jpg,0,5
amusement,http://farm9.staticflickr.com/8161/7624453998_802bea61aa_z.jpg,2,3
amusement,http://farm8.staticflickr.com/7445/12232735755_a9bf096ae5_z.jpg,2,3
amusement,http://farm4.staticflickr.com/3758/9156859326_5987a1fefd_z.jpg,0,4
amusement,http://farm6.staticflickr.com/5504/10924921703_be78473279_z.jpg,4,1
amusement,http://farm4.staticflickr.com/3824/9146756639_defb766f72_z.jpg,0,5
amusement,http://farm9.staticflickr.com/8012/7683234214_ffc09dc561_z.jpg,5,0
amusement,http://farm8.staticflickr.com/7269/7579629336_40daf7f0b6_z.jpg,5,0
amusement,http://farm8.staticflickr.com/7433/9336479350_0c069b2221_z.jpg,5,0
amusement,http://farm9.staticflickr.com/8160/7547225786_bfdfe5e831_z.jpg,2,3
amusement,http://farm8.staticflickr.com/7241/6891957508_20c790010d_z.jpg,5,0
amusement,http://farm8.staticflickr.com/7411/13045827095_9587319781_z.jpg,5,0
amusement,http://farm8.staticflickr.com/7431/12542586155_b11ea53a71_z.jpg,5,0
amusement,http://farm3.staticflickr.com/2910/14303498183_4d7c3108d3_z.jpg,3,2
amusement,http://farm8.staticflickr.com/7442/9440871842_96ca2bbf0c_z.jpg,1,3
amusement,http://farm3.staticflickr.com/2881/9697300965_ba4a45fba6_z.jpg,1,3
amusement,http://farm3.staticflickr.com/2850/9094409206_5da9fd1cc0_z.jpg,5,0
amusement,http://farm4.staticflickr.com/3731/9073917990_8158b966d7_z.jpg,4,1
amusement,http://farm8.staticflickr.com/7040/6944108337_a4fff6dfeb_z.jpg,1,4
amusement,http://farm3.staticflickr.com/2875/11829300014_bed2127fb6_z.jpg,0,4
amusement,http://farm6.staticflickr.com/5340/9488250764_6e1628c91f_z.jpg,3,2
amusement,http://farm9.staticflickr.com/8492/8265201345_01dc4fb90f_z.jpg,1,4
amusement,http://farm9.staticflickr.com/8348/8256384407_c91ab71343_z.jpg,1,4
amusement,http://farm8.staticflickr.com/7282/9582376172_998a25fb38_z.jpg,0,5
amusement,http://farm8.staticflickr.com/7397/10176235666_519c5bb09c_z.jpg,3,2
amusement,http://farm8.staticflickr.com/7387/9283344408_32c2e1fa97_z.jpg,1,4
amusement,http://farm9.staticflickr.com/8119/8693862863_06636a92db_z.jpg,0,5
amusement,http://farm8.staticflickr.com/7452/11061081866_fb5b8fe1ef_z.jpg,5,0
amusement,http://farm8.staticflickr.com/7296/14149401704_4abf09e52f_z.jpg,0,5
amusement,http://farm4.staticflickr.com/3885/14377690759_63b46868ac_z.jpg,1,4
amusement,http://farm4.staticflickr.com/3666/8993107155_8174f1ea1f_z.jpg,3,2
amusement,http://farm9.staticflickr.com/8324/8388411901_2e0b63d3f9_z.jpg,0,5
amusement,http://farm9.staticflickr.com/8226/8526572059_c8b7c8aced_z.jpg,1,4
amusement,http://farm6.staticflickr.com/5119/7081414663_64286000c6_z.jpg,1,4
amusement,http://farm3.staticflickr.com/2832/11925785315_e335b65ddf_z.jpg,0,5
amusement,http://farm9.staticflickr.com/8150/7211560240_62409fb757_z.jpg,5,0
amusement,http://farm8.staticflickr.com/7388/10123686304_dedfe43afa_z.jpg,3,2
amusement,http://farm9.staticflickr.com/8147/7611601732_c6e845c929_z.jpg,3,2
amusement,http://farm9.staticflickr.com/8127/8700775442_8f5a7b2b96_z.jpg,4,1
amusement,http://farm8.staticflickr.com/7090/7357114612_5022617eef_z.jpg,4,1
amusement,http://farm4.staticflickr.com/3731/9246564636_0255fe71e6_z.jpg,5,0
amusement,http://farm8.staticflickr.com/7144/6615923405_968849b1ee_z.jpg,3,2
amusement,http://farm9.staticflickr.com/8465/8094721402_54b46c6c98_z.jpg,2,3
amusement,http://farm8.staticflickr.com/7314/11247657943_09fcdddcf7_z.jpg,5,0
amusement,http://farm9.staticflickr.com/8487/8253091913_d461c874ff_z.jpg,3,2
amusement,http://farm8.staticflickr.com/7138/7673570820_7e6bcd2631_z.jpg,2,3
amusement,http://farm8.staticflickr.com/7192/6934266966_44450e23c2_z.jpg,3,2
amusement,http://farm3.staticflickr.com/2864/9176679365_c4193d7616_z.jpg,4,0
amusement,http://farm9.staticflickr.com/8167/7612736204_b37a76cd21_z.jpg,1,4
amusement,http://farm4.staticflickr.com/3771/12453606124_098e2a3052_z.jpg,5,0
amusement,http://farm8.staticflickr.com/7193/6882382214_42c1edd08b_z.jpg,5,0
amusement,http://farm6.staticflickr.com/5462/8951032450_7c9f1ba6fb_z.jpg,3,1
amusement,http://farm9.staticflickr.com/8538/8949787127_5d871d9a36_z.jpg,1,4
amusement,http://farm9.staticflickr.com/8218/8431624552_2e89cccc0c_z.jpg,5,0
amusement,http://farm3.staticflickr.com/2896/14024997545_48249d1b7f_z.jpg,0,5
amusement,http://farm8.staticflickr.com/7356/9768892055_4b8de7d672_z.jpg,1,4
amusement,http://farm9.staticflickr.com/8010/7596422710_616cf82cb7_z.jpg,3,2
amusement,http://farm6.staticflickr.com/5181/13988852872_5c4a7f61e2_z.jpg,5,0
amusement,http://farm4.staticflickr.com/3754/9701822874_5eae59ea63_z.jpg,1,4
amusement,http://farm9.staticflickr.com/8443/7773809420_54c5c18fc4_z.jpg,0,5
amusement,http://farm8.staticflickr.com/7261/7454776748_34186dd686_z.jpg,2,3
amusement,http://farm8.staticflickr.com/7046/13547089955_a249f36747_z.jpg,2,3
amusement,http://farm3.staticflickr.com/2825/8956440748_1fc6a7a251_z.jpg,0,4
amusement,http://farm6.staticflickr.com/5031/7236390900_8e8765e575_z.jpg,3,2
amusement,http://farm9.staticflickr.com/8001/7648928676_72d735aa03_z.jpg,3,1
amusement,http://farm6.staticflickr.com/5329/9227209792_b59c471408_z.jpg,4,1
amusement,http://farm3.staticflickr.com/2854/10380154026_ddb1151643_z.jpg,3,2
amusement,http://farm3.staticflickr.com/2846/10105730275_5db2a72fd5_z.jpg,2,3
amusement,http://farm8.staticflickr.com/7356/9517165577_019a58d4c1_z.jpg,2,3
amusement,http://farm9.staticflickr.com/8193/8075747461_e4abf13e7d_z.jpg,3,2
amusement,http://farm9.staticflickr.com/8160/7683298364_8d393a1277_z.jpg,4,1
amusement,http://farm6.staticflickr.com/5490/11408164956_535ee85e5c_z.jpg,1,4
amusement,http://farm9.staticflickr.com/8142/7582428912_74bb329f20_z.jpg,1,4
amusement,http://farm8.staticflickr.com/7334/13079976115_b0ed4b651b_z.jpg,0,5
amusement,http://farm4.staticflickr.com/3783/9533774351_2b0391bb53_z.jpg,5,0
amusement,http://farm8.staticflickr.com/7325/9101241527_06dc2e12a5_z.jpg,2,3
amusement,http://farm4.staticflickr.com/3781/11264859226_45af0f27bc_z.jpg,0,5
amusement,http://farm4.staticflickr.com/3914/14374520751_4787bf4bbb_z.jpg,4,1
amusement,http://farm9.staticflickr.com/8486/8155004589_5fbccd4137_z.jpg,4,1
amusement,http://farm9.staticflickr.com/8226/8599249116_dff179f449_z.jpg,4,1
amusement,http://farm6.staticflickr.com/5576/14710271404_f61f3c19b0_z.jpg,0,5
amusement,http://farm8.staticflickr.com/7289/8741432586_8a58c413d9_z.jpg,2,3
amusement,http://farm4.staticflickr.com/3868/14191855948_45928515e8_z.jpg,5,0
amusement,http://farm9.staticflickr.com/8077/8430552567_526667e5b4_z.jpg,4,1
amusement,http://farm9.staticflickr.com/8385/8652598500_eb9c429ba9_z.jpg,4,1
amusement,http://farm9.staticflickr.com/8210/8272074788_3bfa029840_z.jpg,0,5
amusement,http://farm6.staticflickr.com/5478/10276150923_22b68c01c7_z.jpg,2,3
amusement,http://farm4.staticflickr.com/3753/13567810915_79a9877958_z.jpg,5,0
amusement,http://farm6.staticflickr.com/5549/10289882096_6befd8108f_z.jpg,0,5
amusement,http://farm4.staticflickr.com/3717/9224413069_0948f10686_z.jpg,2,3
amusement,http://farm8.staticflickr.com/7058/6775941644_bedd3e8151_z.jpg,5,0
amusement,http://farm8.staticflickr.com/7511/15329440834_03bfa9a5ce_z.jpg,3,2
amusement,http://farm3.staticflickr.com/2937/13683511935_c2440ae993_z.jpg,5,0
amusement,http://farm6.staticflickr.com/5519/14087829930_a810854f22_z.jpg,2,3
amusement,http://farm9.staticflickr.com/8245/8527452128_ce8ce9c020_z.jpg,1,4
amusement,http://farm9.staticflickr.com/8123/8626417756_3f1b69107e_z.jpg,1,3
amusement,http://farm8.staticflickr.com/7038/7078650555_94ba713674_z.jpg,0,5
amusement,http://farm8.staticflickr.com/7194/6969498479_7a4e914b40_z.jpg,2,3
amusement,http://farm6.staticflickr.com/5528/11399884424_3bb6dcb0ac_z.jpg,1,4
amusement,http://farm8.staticflickr.com/7282/8732314377_1f3cd574e1_z.jpg,0,5
amusement,http://farm8.staticflickr.com/7293/8726351739_ee34c3dd33_z.jpg,0,5
amusement,http://farm8.staticflickr.com/7245/7352706090_09ccfd9769_z.jpg,2,3
amusement,http://farm9.staticflickr.com/8311/8066573526_f7baf20ed5_z.jpg,3,2
amusement,http://farm9.staticflickr.com/8233/8580061943_a6bbd8033e_z.jpg,3,2
amusement,http://farm8.staticflickr.com/7043/6920057063_072e47dbb2_z.jpg,4,1
amusement,http://farm8.staticflickr.com/7073/7392793424_a4d6d411cd_z.jpg,0,5
amusement,http://farm9.staticflickr.com/8315/7919204158_f4596a2f7d_z.jpg,4,1
amusement,http://farm3.staticflickr.com/2887/9721076543_aa58c4afda_z.jpg,5,0
amusement,http://farm8.staticflickr.com/7417/11806152204_0eba46bb65_z.jpg,3,2
amusement,http://farm8.staticflickr.com/7208/6802821820_008d320f67_z.jpg,4,0
amusement,http://farm9.staticflickr.com/8338/8156730940_f66a071c85_z.jpg,4,1
amusement,http://farm8.staticflickr.com/7409/9137655150_c9b32012b7_z.jpg,2,3
amusement,http://farm6.staticflickr.com/5330/7166153296_d924d4ba58_z.jpg,2,3
amusement,http://farm4.staticflickr.com/3749/8828065642_d69237a7bb_z.jpg,3,1
amusement,http://farm9.staticflickr.com/8035/7890292844_a32da79047_z.jpg,2,3
amusement,http://farm9.staticflickr.com/8285/7770694038_f144374c42_z.jpg,4,1
amusement,http://farm8.staticflickr.com/7127/8156591274_ceeb929a8b_z.jpg,4,1
amusement,http://farm4.staticflickr.com/3829/12650374123_0044874d82_z.jpg,4,1
amusement,http://farm6.staticflickr.com/5329/9691507216_4836108933_z.jpg,3,2
amusement,http://farm4.staticflickr.com/3700/9678277900_de1f1aee0b_z.jpg,0,5
amusement,http://farm9.staticflickr.com/8248/8535319545_dde9b9fe90_z.jpg,3,2
amusement,http://farm8.staticflickr.com/7255/7553331090_84145e52f4_z.jpg,0,5
amusement,http://farm9.staticflickr.com/8208/8154107123_f65f4fd58e_z.jpg,5,0
amusement,http://farm3.staticflickr.com/2928/14038683797_80419aa7a6_z.jpg,0,5
amusement,http://farm6.staticflickr.com/5546/9962816424_de37d4cdd4_z.jpg,3,2
amusement,http://farm4.staticflickr.com/3824/13928112005_ce7a95ce83_z.jpg,4,1
amusement,http://farm6.staticflickr.com/5534/9591758957_05d6117534_z.jpg,5,0
amusement,http://farm9.staticflickr.com/8488/8195773399_efe4ec5e0b_z.jpg,5,0
amusement,http://farm3.staticflickr.com/2817/10605932484_d3da34d5e8_z.jpg,3,2
amusement,http://farm6.staticflickr.com/5114/14226654043_9d9f256273_z.jpg,4,1
amusement,http://farm9.staticflickr.com/8149/7683216618_575f8394da_z.jpg,5,0
amusement,http://farm6.staticflickr.com/5536/9925578664_f0eaf07876_z.jpg,2,3
amusement,http://farm4.staticflickr.com/3749/10238461864_3e46fd746e_z.jpg,2,3
amusement,http://farm8.staticflickr.com/7075/7189004612_2db1d79432_z.jpg,1,3
amusement,http://farm6.staticflickr.com/5452/9311998521_2eacdab623_z.jpg,1,4
amusement,http://farm9.staticflickr.com/8151/7683260032_982becfa96_z.jpg,5,0
amusement,http://farm3.staticflickr.com/2840/9696585408_1861c66ba6_z.jpg,5,0
amusement,http://farm8.staticflickr.com/7152/14012558403_6a66017912_z.jpg,4,1
amusement,http://farm9.staticflickr.com/8039/7896102860_44ba6e44fd_z.jpg,4,1
amusement,http://farm8.staticflickr.com/7393/9733611137_1f7519f10f_z.jpg,0,5
amusement,http://farm4.staticflickr.com/3731/12259996634_ae4b7fd37d_z.jpg,4,1
amusement,http://farm9.staticflickr.com/8423/7868855568_3f0f46cbe0_z.jpg,0,5
amusement,http://farm3.staticflickr.com/2901/13858551393_f150fea735_z.jpg,2,3
amusement,http://farm4.staticflickr.com/3918/14189605860_6775e59f4c_z.jpg,1,4
amusement,http://farm8.staticflickr.com/7319/11094382906_7b6aa7fe56_z.jpg,5,0
amusement,http://farm6.staticflickr.com/5338/14151714803_5196579470_z.jpg,1,4
amusement,http://farm3.staticflickr.com/2870/9297491935_a8c8f28412_z.jpg,4,1
amusement,http://farm9.staticflickr.com/8038/8043052919_14665133af_z.jpg,5,0
amusement,http://farm9.staticflickr.com/8441/7861973156_ae8c154fc1_z.jpg,3,1
amusement,http://farm9.staticflickr.com/8003/7596553482_7a4b0d62d6_z.jpg,4,1
amusement,http://farm8.staticflickr.com/7071/7236388210_c45a641143_z.jpg,3,2
amusement,http://farm9.staticflickr.com/8266/8693903549_e1614b24b3_z.jpg,0,5
amusement,http://farm6.staticflickr.com/5328/8949924411_c6874fa4cf_z.jpg,3,1
amusement,http://farm3.staticflickr.com/2864/10457384595_5ebde50250_z.jpg,5,0
amusement,http://farm9.staticflickr.com/8100/8598109146_1f82a8c196_z.jpg,1,4
amusement,http://farm9.staticflickr.com/8115/8626350555_89ee21d73b_z.jpg,4,1
amusement,http://farm8.staticflickr.com/7407/13222666334_56df9ea1b0_z.jpg,4,1
amusement,http://farm9.staticflickr.com/8189/8139796865_7edc4f068e_z.jpg,4,1
amusement,http://farm4.staticflickr.com/3788/10700691396_a5a9d4d984_z.jpg,5,0
amusement,http://farm8.staticflickr.com/7279/7602205608_ddbfaea1be_z.jpg,4,1
amusement,http://farm9.staticflickr.com/8301/8001682277_d94874b615_z.jpg,1,4
amusement,http://farm4.staticflickr.com/3858/15013345768_d0f9ed7318_z.jpg,3,2
amusement,http://farm6.staticflickr.com/5497/12217440995_84a1e133d6_z.jpg,5,0
amusement,http://farm6.staticflickr.com/5495/9064474088_be1f60b7fd_z.jpg,3,2
amusement,http://farm9.staticflickr.com/8320/7895397354_731cecf4cb_z.jpg,5,0
amusement,http://farm8.staticflickr.com/7094/7405678144_cbb057e6a9_z.jpg,3,2
amusement,http://farm3.staticflickr.com/2826/11792735325_4260f82bb6_z.jpg,0,5
amusement,http://farm8.staticflickr.com/7081/7055115339_006de87afb_z.jpg,5,0
amusement,http://farm6.staticflickr.com/5322/9409068301_6997aeae5d_z.jpg,3,2
amusement,http://farm6.staticflickr.com/5341/9671081534_01cebb5af6_z.jpg,5,0
amusement,http://farm8.staticflickr.com/7127/7750812802_dcdd2e20b9_z.jpg,5,0
amusement,http://farm8.staticflickr.com/7107/7481123728_440db5faae_z.jpg,1,3
amusement,http://farm9.staticflickr.com/8178/7896230008_c0ba4bc731_z.jpg,4,1
amusement,http://farm9.staticflickr.com/8428/7595945888_68feae7e57_z.jpg,4,1
amusement,http://farm9.staticflickr.com/8203/8180873359_acb0072e9e_z.jpg,2,2
amusement,http://farm8.staticflickr.com/7077/7257022722_552a0a78b3_z.jpg,4,1
amusement,http://farm8.staticflickr.com/7214/7160375707_7dd0b853c9_z.jpg,5,0
amusement,http://farm9.staticflickr.com/8429/7875198372_06e99ef1f7_z.jpg,2,3
amusement,http://farm9.staticflickr.com/8153/7444629410_5e57216dea_z.jpg,0,5
amusement,http://farm9.staticflickr.com/8302/7933153770_ca2f70ae2a_z.jpg,3,1
amusement,http://farm9.staticflickr.com/8219/8316870626_5d10b085cb_z.jpg,5,0
amusement,http://farm4.staticflickr.com/3785/10099909186_74c7f6a832_z.jpg,1,4
amusement,http://farm6.staticflickr.com/5574/14861199430_d60efd0bb4_z.jpg,1,4
amusement,http://farm3.staticflickr.com/2862/10183224996_38ca56d881_z.jpg,2,3
amusement,http://farm8.staticflickr.com/7427/10390460764_33e2557b82_z.jpg,1,4
amusement,http://farm9.staticflickr.com/8650/15367292824_ee5846703c_z.jpg,2,3
amusement,http://farm6.staticflickr.com/5454/9096338070_72dca931f2_z.jpg,1,4
amusement,http://farm9.staticflickr.com/8148/7624915638_f597431c17_z.jpg,2,3
amusement,http://farm8.staticflickr.com/7343/10537356855_39417564d6_z.jpg,1,3
amusement,http://farm6.staticflickr.com/5526/11124752153_664be684a6_z.jpg,3,2
amusement,http://farm9.staticflickr.com/8322/7988563661_fec86a32f9_z.jpg,5,0
amusement,http://farm9.staticflickr.com/8246/8661119007_3be115f49c_z.jpg,0,5
amusement,http://farm9.staticflickr.com/8443/7810020138_b05441c5f0_z.jpg,0,5
amusement,http://farm9.staticflickr.com/8382/8501128799_5a86ba89a8_z.jpg,4,1
amusement,http://farm8.staticflickr.com/7383/9095827347_2b51409c93_z.jpg,2,3
amusement,http://farm8.staticflickr.com/7040/6962627649_df211997e6_z.jpg,5,0
amusement,http://farm8.staticflickr.com/7074/7263445240_0f8e98a188_z.jpg,0,5
amusement,http://farm4.staticflickr.com/3792/9537853475_3510a2dc02_z.jpg,1,4
amusement,http://farm9.staticflickr.com/8534/8754576911_569914f663_z.jpg,5,0
amusement,http://farm8.staticflickr.com/7259/6938624996_dbe15dfceb_z.jpg,5,0
amusement,http://farm8.staticflickr.com/7013/6819086225_e062c074f8_z.jpg,3,1
amusement,http://farm3.staticflickr.com/2851/9685718585_226a6d4d20_z.jpg,3,2
amusement,http://farm9.staticflickr.com/8485/8156731960_235acaef70_z.jpg,0,5
amusement,http://farm8.staticflickr.com/7109/7716294056_5e5fdf7a7c_z.jpg,5,0
amusement,http://farm4.staticflickr.com/3690/11060649135_155efddd73_z.jpg,5,0
amusement,http://farm9.staticflickr.com/8315/8005064582_42456a3810_z.jpg,2,3
amusement,http://farm9.staticflickr.com/8309/8072618172_10f711c153_z.jpg,4,1
amusement,http://farm8.staticflickr.com/7039/6781525304_b6013ac073_z.jpg,0,5
amusement,http://farm8.staticflickr.com/7444/9730611882_903005294e_z.jpg,3,1
amusement,http://farm4.staticflickr.com/3828/9384060175_21b84c2113_z.jpg,1,4
amusement,http://farm8.staticflickr.com/7330/14091994885_cd70113573_z.jpg,3,2
amusement,http://farm4.staticflickr.com/3808/14266083984_ff52983fc4_z.jpg,5,0
amusement,http://farm8.staticflickr.com/7239/7330325078_5538e55cfb_z.jpg,1,4
amusement,http://farm9.staticflickr.com/8306/7823293822_de5b869c87_z.jpg,5,0
amusement,http://farm8.staticflickr.com/7399/12665816205_8236d420d5_z.jpg,5,0
amusement,http://farm8.staticflickr.com/7130/7063412747_6e98077b44_z.jpg,0,5
amusement,http://farm8.staticflickr.com/7137/7066478811_998686bbb1_z.jpg,3,2
amusement,http://farm9.staticflickr.com/8193/8104235340_363b32ebb4_z.jpg,1,4
amusement,http://farm3.staticflickr.com/2880/9871518014_f030798ce5_z.jpg,5,0
amusement,http://farm8.staticflickr.com/7208/6881312665_7298da56c2_z.jpg,5,0
amusement,http://farm8.staticflickr.com/7360/10205176975_7c805df239_z.jpg,4,1
amusement,http://farm3.staticflickr.com/2873/9400422352_3bcb3ca4cd_z.jpg,2,3
amusement,http://farm9.staticflickr.com/8262/8666007830_6f37001567_z.jpg,1,4
amusement,http://farm9.staticflickr.com/8027/7597816092_d1b20ddced_z.jpg,0,5
amusement,http://farm9.staticflickr.com/8025/7165509911_3cb478b2a6_z.jpg,5,0
amusement,http://farm8.staticflickr.com/7263/7516719266_75f3bdcb4b_z.jpg,3,2
amusement,http://farm9.staticflickr.com/8495/8256373385_f4b5692079_z.jpg,1,4
amusement,http://farm9.staticflickr.com/8011/7571619684_22ca2d2955_z.jpg,3,2
amusement,http://farm9.staticflickr.com/8362/8271038917_3baeedbb5f_z.jpg,5,0
amusement,http://farm9.staticflickr.com/8088/8545218417_0569f65799_z.jpg,0,5
amusement,http://farm8.staticflickr.com/7204/6876686767_b7aaa4eded_z.jpg,2,3
amusement,http://farm9.staticflickr.com/8436/7815979922_9e0f2d883b_z.jpg,1,4
amusement,http://farm8.staticflickr.com/7438/9109832227_676423cb9c_z.jpg,0,5
amusement,http://farm8.staticflickr.com/7200/6814280836_ab443c750d_z.jpg,2,3
amusement,http://farm9.staticflickr.com/8316/7961342082_06963d6c88_z.jpg,3,2
amusement,http://farm6.staticflickr.com/5349/9284739769_cc2b6760e9_z.jpg,2,3
amusement,http://farm8.staticflickr.com/7157/6662130505_e13af4e197_z.jpg,4,0
amusement,http://farm8.staticflickr.com/7347/12132116655_8a3a69d7ff_z.jpg,4,1
amusement,http://farm8.staticflickr.com/7113/8152158395_132a48893e_z.jpg,0,5
amusement,http://farm8.staticflickr.com/7395/12453590134_f67e86e020_z.jpg,5,0
amusement,http://farm8.staticflickr.com/7292/10723415983_e248dbbd60_z.jpg,2,3
amusement,http://farm9.staticflickr.com/8340/8152375793_144ab3fa4d_z.jpg,5,0
amusement,http://farm8.staticflickr.com/7177/6973008519_87a0b97cae_z.jpg,3,2
amusement,http://farm4.staticflickr.com/3735/12075019405_8b27250478_z.jpg,1,4
amusement,http://farm9.staticflickr.com/8227/8542695801_10c9351e7a_z.jpg,1,4
amusement,http://farm9.staticflickr.com/8004/7390477894_4acf6900d6_z.jpg,0,5
amusement,http://farm4.staticflickr.com/3694/11060755704_d4ee3952ab_z.jpg,5,0
amusement,http://farm8.staticflickr.com/7430/9338723408_5bcdfc65ab_z.jpg,5,0
amusement,http://farm8.staticflickr.com/7137/7515976596_de96951933_z.jpg,4,1
amusement,http://farm8.staticflickr.com/7135/7414055552_b8684621d7_z.jpg,1,4
amusement,http://farm9.staticflickr.com/8103/8562703633_aff227da41_z.jpg,2,3
amusement,http://farm6.staticflickr.com/5525/12043282226_b7238fca85_z.jpg,2,3
amusement,http://farm4.staticflickr.com/3749/12453330894_ace2de776b_z.jpg,4,1
amusement,http://farm4.staticflickr.com/3767/11988350353_342eb998e3_z.jpg,3,2
amusement,http://farm8.staticflickr.com/7428/9555734488_f9f96cd750_z.jpg,5,0
amusement,http://farm3.staticflickr.com/2809/10091432145_49c46897a5_z.jpg,0,5
amusement,http://farm8.staticflickr.com/7322/9326521400_ac3fea2e27_z.jpg,5,0
amusement,http://farm6.staticflickr.com/5606/15188876194_bbeb71a878_z.jpg,1,4
amusement,http://farm9.staticflickr.com/8286/7864091718_0b022a8171_z.jpg,3,2
amusement,http://farm9.staticflickr.com/8022/7176862701_9b4a996e75_z.jpg,0,5
amusement,http://farm6.staticflickr.com/5346/10104935894_6d21b9afa1_z.jpg,4,1
amusement,http://farm8.staticflickr.com/7225/7316342876_c725c3917c_z.jpg,0,5
amusement,http://farm8.staticflickr.com/7070/6801586428_45d8f50775_z.jpg,2,3
amusement,http://farm8.staticflickr.com/7130/7006786752_22bffd140f_z.jpg,0,5
amusement,http://farm6.staticflickr.com/5452/7372722052_364696efbf_z.jpg,0,5
amusement,http://farm8.staticflickr.com/7251/7515408988_a42372e529_z.jpg,3,2
amusement,http://farm9.staticflickr.com/8469/8143211040_16cb95e587_z.jpg,4,1
amusement,http://farm8.staticflickr.com/7400/8972216348_0267137b66_z.jpg,5,0
amusement,http://farm9.staticflickr.com/8085/8554170503_641e5d709b_z.jpg,0,5
amusement,http://farm6.staticflickr.com/5220/13980417416_447ca0b4cc_z.jpg,1,4
amusement,http://farm9.staticflickr.com/8312/8000231081_36e1444d7b_z.jpg,1,4
amusement,http://farm6.staticflickr.com/5338/9688938898_6888e2c45b_z.jpg,3,2
amusement,http://farm8.staticflickr.com/7130/7695516326_7a235ed3be_z.jpg,3,1
amusement,http://farm3.staticflickr.com/2871/13631434955_183064a824_z.jpg,0,5
amusement,http://farm9.staticflickr.com/8426/7536714582_7ee12ce5e3_z.jpg,2,3
amusement,http://farm4.staticflickr.com/3721/10863250316_732b5808d7_z.jpg,2,3
amusement,http://farm9.staticflickr.com/8433/7876676956_a7a8f78024_z.jpg,0,5
amusement,http://farm9.staticflickr.com/8380/8577094490_f5aff4604f_z.jpg,3,2
amusement,http://farm9.staticflickr.com/8485/8183024031_19dc39150c_z.jpg,4,1
amusement,http://farm9.staticflickr.com/8488/8196831362_640704616b_z.jpg,5,0
amusement,http://farm8.staticflickr.com/7305/9289616500_ca322b831e_z.jpg,5,0
amusement,http://farm4.staticflickr.com/3723/12665858373_0fbc368d33_z.jpg,3,2
amusement,http://farm8.staticflickr.com/7401/9328166958_59572be5b8_z.jpg,2,3
amusement,http://farm4.staticflickr.com/3833/14290667621_c2bd3ea729_z.jpg,4,1
amusement,http://farm4.staticflickr.com/3849/14144637758_8969fd1333_z.jpg,3,2
amusement,http://farm9.staticflickr.com/8165/7414735878_2299b17c18_z.jpg,5,0
amusement,http://farm4.staticflickr.com/3670/11664044153_cab219fe7a_z.jpg,0,4
amusement,http://farm8.staticflickr.com/7128/7626802714_cfa2ef7728_z.jpg,1,4
amusement,http://farm9.staticflickr.com/8428/7672696556_869be7bb36_z.jpg,5,0
amusement,http://farm6.staticflickr.com/5522/12739279865_967e45fdcc_z.jpg,3,1
amusement,http://farm8.staticflickr.com/7090/7298555082_75cbddb93f_z.jpg,5,0
amusement,http://farm6.staticflickr.com/5346/8752900761_1f65cfed6c_z.jpg,4,1
amusement,http://farm8.staticflickr.com/7363/9336831148_b736ba43f8_z.jpg,4,1
amusement,http://farm4.staticflickr.com/3725/9659442923_3ccfc34b27_z.jpg,1,4
amusement,http://farm6.staticflickr.com/5524/9271545267_f805163ee8_z.jpg,4,1
amusement,http://farm8.staticflickr.com/7017/6706664407_8154fed25f_z.jpg,5,0
amusement,http://farm6.staticflickr.com/5547/9483952677_20dfacd5a9_z.jpg,3,1
amusement,http://farm4.staticflickr.com/3797/9109972515_3a2df77734_z.jpg,1,4
amusement,http://farm9.staticflickr.com/8256/8777936843_16ea1ed1a2_z.jpg,0,5
amusement,http://farm6.staticflickr.com/5328/6932831316_b6503794b4_z.jpg,1,4
amusement,http://farm9.staticflickr.com/8446/8015660603_e89e149715_z.jpg,1,4
amusement,http://farm3.staticflickr.com/2806/9522951849_8161fe6b9d_z.jpg,0,5
amusement,http://farm4.staticflickr.com/3899/14381390598_868cb40e3b_z.jpg,4,1
amusement,http://farm6.staticflickr.com/5478/10588717313_ac6929141c_z.jpg,2,3
amusement,http://farm4.staticflickr.com/3860/14536139846_ec2f25d84d_z.jpg,1,4
amusement,http://farm8.staticflickr.com/7061/6891137243_76fe551fc0_z.jpg,5,0
amusement,http://farm3.staticflickr.com/2935/14203696690_fc82d66758_z.jpg,1,4
amusement,http://farm3.staticflickr.com/2839/9621999172_6a62d41895_z.jpg,0,5
amusement,http://farm8.staticflickr.com/7370/12677539215_667f571bd6_z.jpg,2,3
amusement,http://farm8.staticflickr.com/7060/6885472456_1df25ceac7_z.jpg,0,5
amusement,http://farm8.staticflickr.com/7232/7100646193_300e67a76a_z.jpg,3,2
amusement,http://farm9.staticflickr.com/8574/16091378942_d16583191c_z.jpg,4,1
amusement,http://farm8.staticflickr.com/7326/12707893054_74f9521b64_z.jpg,2,3
amusement,http://farm8.staticflickr.com/7403/11869308635_14cfddfe14_z.jpg,0,5
amusement,http://farm8.staticflickr.com/7109/7741700590_0d814d724c_z.jpg,1,4
amusement,http://farm3.staticflickr.com/2867/10341939366_43e88f8f3e_z.jpg,4,1
amusement,http://farm6.staticflickr.com/5510/10566005225_976d7cacab_z.jpg,3,2
amusement,http://farm9.staticflickr.com/8462/7888216424_f8efb759fd_z.jpg,0,5
amusement,http://farm4.staticflickr.com/3710/12689918373_48ef6e8cce_z.jpg,0,5
amusement,http://farm3.staticflickr.com/2891/9123040880_9b895dc7ac_z.jpg,5,0
amusement,http://farm9.staticflickr.com/8540/8604901498_1b899ccb02_z.jpg,3,2
amusement,http://farm6.staticflickr.com/5514/9491585520_c2f031efd5_z.jpg,0,5
amusement,http://farm3.staticflickr.com/2852/10863546473_5d3f6837b9_z.jpg,4,1
amusement,http://farm9.staticflickr.com/8391/8493480993_1144b3ce92_z.jpg,4,1
amusement,http://farm6.staticflickr.com/5515/10398670195_481d96ff77_z.jpg,1,4
amusement,http://farm8.staticflickr.com/7416/10752957793_8a375d6b57_z.jpg,1,4
amusement,http://farm9.staticflickr.com/8290/7860515408_12c0949ae2_z.jpg,1,4
amusement,http://farm3.staticflickr.com/2870/9637322607_06603ff8b3_z.jpg,1,4
amusement,http://farm9.staticflickr.com/8133/15190532243_c78248fabc_z.jpg,1,3
amusement,http://farm9.staticflickr.com/8350/8283975283_1c64535dbe_z.jpg,3,2
amusement,http://farm4.staticflickr.com/3827/9528450845_14648d06b4_z.jpg,4,1
amusement,http://farm9.staticflickr.com/8327/8081572873_4d93cc3241_z.jpg,5,0
amusement,http://farm8.staticflickr.com/7195/6876210925_4da709e27a_z.jpg,5,0
amusement,http://farm4.staticflickr.com/3710/10761065804_89b2c498d3_z.jpg,0,5
amusement,http://farm6.staticflickr.com/5336/9523691210_c6766fd6c4_z.jpg,1,4
amusement,http://farm6.staticflickr.com/5234/6940270956_5738d1c7d1_z.jpg,5,0
amusement,http://farm9.staticflickr.com/8504/8368392170_722abbb0a2_z.jpg,5,0
amusement,http://farm6.staticflickr.com/5510/12506913453_2ae4796da9_z.jpg,2,3
amusement,http://farm8.staticflickr.com/7128/7792765516_c559969586_z.jpg,5,0
amusement,http://farm3.staticflickr.com/2824/11824164304_a571fe7d6b_z.jpg,2,3
amusement,http://farm8.staticflickr.com/7207/13631864704_3fc70f13b5_z.jpg,3,2
amusement,http://farm9.staticflickr.com/8124/10278926305_9122389313_z.jpg,3,2
amusement,http://farm4.staticflickr.com/3782/12666192264_76629a1800_z.jpg,2,3
amusement,http://farm8.staticflickr.com/7340/8848612507_8bc2e1c88f_z.jpg,3,2
amusement,http://farm9.staticflickr.com/8225/8420480235_52a6b28a9e_z.jpg,3,2
amusement,http://farm3.staticflickr.com/2840/10729004073_9bf247726d_z.jpg,1,4
amusement,http://farm9.staticflickr.com/8070/8256387309_ec0819f620_z.jpg,2,3
amusement,http://farm9.staticflickr.com/8003/7106470233_c458867d63_z.jpg,4,1
amusement,http://farm6.staticflickr.com/5542/9688794779_530b3f231b_z.jpg,0,5
amusement,http://farm9.staticflickr.com/8013/7270551864_e1a7dddbd7_z.jpg,2,3
amusement,http://farm3.staticflickr.com/2808/8749172771_96d2494c3b_z.jpg,1,4
amusement,http://farm4.staticflickr.com/3780/9289790520_069171d394_z.jpg,1,4
amusement,http://farm6.staticflickr.com/5443/9504970535_4c95fb2181_z.jpg,0,5
amusement,http://farm9.staticflickr.com/8233/8510971352_e479690cae_z.jpg,4,1
amusement,http://farm6.staticflickr.com/5112/7194424350_50b304694a_z.jpg,0,5
amusement,http://farm8.staticflickr.com/7444/13668842334_8baae592cf_z.jpg,1,4
amusement,http://farm8.staticflickr.com/7355/10875536595_58af01e516_z.jpg,3,2
amusement,http://farm3.staticflickr.com/2921/14427555116_b11b307108_z.jpg,3,2
amusement,http://farm4.staticflickr.com/3817/9566738802_c093319976_z.jpg,5,0
amusement,http://farm9.staticflickr.com/8256/8666995912_9869499ede_z.jpg,4,1
amusement,http://farm9.staticflickr.com/8350/8206835884_4303ed5133_z.jpg,5,0
amusement,http://farm3.staticflickr.com/2815/9563945466_91acb62e4f_z.jpg,1,4
amusement,http://farm9.staticflickr.com/8035/8072628873_3a4756d3bf_z.jpg,3,1
amusement,http://farm4.staticflickr.com/3668/9370354258_5b4efb745e_z.jpg,3,2
amusement,http://farm4.staticflickr.com/3924/14976696050_01172db0df_z.jpg,5,0
amusement,http://farm8.staticflickr.com/7090/7174295350_78cc1ec883_z.jpg,4,1
amusement,http://farm8.staticflickr.com/7259/7472624040_b176b76799_z.jpg,1,4
amusement,http://farm9.staticflickr.com/8535/8855692728_ee840e9223_z.jpg,2,3
amusement,http://farm6.staticflickr.com/5348/8807201709_60e9e137a1_z.jpg,3,2
amusement,http://farm8.staticflickr.com/7134/8169565788_78efec7d3b_z.jpg,4,1
amusement,http://farm9.staticflickr.com/8335/8438386493_dfc00e3459_z.jpg,2,3
amusement,http://farm9.staticflickr.com/8355/8271007357_e7568a657f_z.jpg,1,4
amusement,http://farm4.staticflickr.com/3689/9983692993_a1019e0919_z.jpg,0,5
amusement,http://farm8.staticflickr.com/7244/7283522824_d53978cd50_z.jpg,0,5
amusement,http://farm8.staticflickr.com/7244/7275593584_31b2d1c7cf_z.jpg,3,2
amusement,http://farm9.staticflickr.com/8011/7664966864_69b9ee5e43_z.jpg,5,0
amusement,http://farm9.staticflickr.com/8145/7504720036_025da5d230_z.jpg,2,3
amusement,http://farm8.staticflickr.com/7081/7170996813_1ea1e23af8_z.jpg,1,4
amusement,http://farm9.staticflickr.com/8525/8570461062_6bc9aae7fb_z.jpg,1,4
amusement,http://farm9.staticflickr.com/8038/7925125192_3063f009a6_z.jpg,0,5
amusement,http://farm8.staticflickr.com/7453/14140104676_bc44caf0a1_z.jpg,4,1
amusement,http://farm3.staticflickr.com/2835/10573143015_aaba3397fd_z.jpg,3,2
amusement,http://farm9.staticflickr.com/8088/8526370207_92507975d5_z.jpg,2,3
amusement,http://farm9.staticflickr.com/8449/8045547828_7f419afd19_z.jpg,4,1
amusement,http://farm8.staticflickr.com/7395/9612510613_79c8d23ea5_z.jpg,4,1
amusement,http://farm9.staticflickr.com/8460/7933108924_6c3eb9f620_z.jpg,4,1
amusement,http://farm9.staticflickr.com/8208/8209833224_4e380ed0ed_z.jpg,4,1
amusement,http://farm6.staticflickr.com/5495/11504103046_7f64782935_z.jpg,3,2
amusement,http://farm9.staticflickr.com/8507/8580855906_4c51946459_z.jpg,2,3
amusement,http://farm4.staticflickr.com/3711/10252257923_8cce87e9a9_z.jpg,4,1
amusement,http://farm8.staticflickr.com/7325/9282315230_ae166af6c9_z.jpg,0,5
amusement,http://farm6.staticflickr.com/5527/9503466049_47b5c55a6e_z.jpg,0,5
amusement,http://farm8.staticflickr.com/7080/7277311080_9dccd943e1_z.jpg,2,3
amusement,http://farm9.staticflickr.com/8528/8601545139_ae7dc183d3_z.jpg,5,0
amusement,http://farm6.staticflickr.com/5545/9339909278_4164ebb046_z.jpg,3,2
amusement,http://farm3.staticflickr.com/2862/12758913755_1f8abfedf1_z.jpg,0,5
amusement,http://farm6.staticflickr.com/5529/9323616922_38af101112_z.jpg,1,4
amusement,http://farm9.staticflickr.com/8173/7992275196_725dbc0b01_z.jpg,4,1
amusement,http://farm9.staticflickr.com/8233/8347880551_fe08699282_z.jpg,0,5
amusement,http://farm8.staticflickr.com/7328/11232990246_0387fddc1c_z.jpg,5,0
amusement,http://farm8.staticflickr.com/7292/11097655065_f54ed33207_z.jpg,5,0
amusement,http://farm9.staticflickr.com/8075/8374812058_48ec4a3ca3_z.jpg,3,2
amusement,http://farm4.staticflickr.com/3818/9690326215_6a99af73df_z.jpg,0,5
amusement,http://farm4.staticflickr.com/3678/10290019183_449e398c7e_z.jpg,1,4
amusement,http://farm4.staticflickr.com/3725/9094211133_d29db91976_z.jpg,3,2
amusement,http://farm9.staticflickr.com/8462/8032994575_589320c203_z.jpg,3,2
amusement,http://farm6.staticflickr.com/5239/14372944574_b45d8b0841_z.jpg,2,3
amusement,http://farm4.staticflickr.com/3688/12464812624_5612d8b92d_z.jpg,2,3
amusement,http://farm9.staticflickr.com/8278/8706628193_74d51dbe43_z.jpg,4,1
amusement,http://farm9.staticflickr.com/8515/8459928314_f0dbea15ff_z.jpg,0,5
amusement,http://farm9.staticflickr.com/8094/8382547112_52afcd436e_z.jpg,4,1
amusement,http://farm8.staticflickr.com/7288/9338129762_37e869e39c_z.jpg,5,0
amusement,http://farm8.staticflickr.com/7399/9587517495_26375e4a8a_z.jpg,1,4
amusement,http://farm4.staticflickr.com/3868/14566265094_8f16ebd559_z.jpg,5,0
amusement,http://farm8.staticflickr.com/7268/7612521048_798a73997e_z.jpg,2,3
amusement,http://farm6.staticflickr.com/5446/9709209739_a24248f376_z.jpg,2,2
amusement,http://farm6.staticflickr.com/5474/11394423313_a38cacedc6_z.jpg,5,0
amusement,http://farm9.staticflickr.com/8159/7623557400_6a43840599_z.jpg,0,5
amusement,http://farm8.staticflickr.com/7372/12452539914_f15c2af6a0_z.jpg,5,0
amusement,http://farm8.staticflickr.com/7378/9739039325_269d1e1306_z.jpg,1,4
amusement,http://farm8.staticflickr.com/7381/13005267995_790c36c0ca_z.jpg,0,5
amusement,http://farm9.staticflickr.com/8343/8271073237_b8efbff4b1_z.jpg,5,0
amusement,http://farm9.staticflickr.com/8124/8955244521_bafd4757bf_z.jpg,2,3
amusement,http://farm8.staticflickr.com/7125/13631705585_d7b9ca62c5_z.jpg,5,0
amusement,http://farm4.staticflickr.com/3691/10844073193_82bd7d84a8_z.jpg,4,1
amusement,http://farm8.staticflickr.com/7395/13668493555_25c40cf63a_z.jpg,3,2
amusement,http://farm8.staticflickr.com/7206/7040624915_346fd1aa4e_z.jpg,1,4
amusement,http://farm6.staticflickr.com/5479/11939090216_3098430023_z.jpg,5,0
amusement,http://farm9.staticflickr.com/8541/8699599039_fbe85b7e2a_z.jpg,1,4
amusement,http://farm9.staticflickr.com/8469/8104228715_48ebac31b6_z.jpg,0,5
amusement,http://farm3.staticflickr.com/2861/9161184053_8befa2f89f_z.jpg,4,1
amusement,http://farm4.staticflickr.com/3787/11060663886_d7844042be_z.jpg,5,0
amusement,http://farm9.staticflickr.com/8189/8382196193_34f55b2761_z.jpg,5,0
amusement,http://farm6.staticflickr.com/5500/9700694622_8258e4c47d_z.jpg,2,3
amusement,http://farm9.staticflickr.com/8158/7171769523_155ae49441_z.jpg,4,1
amusement,http://farm9.staticflickr.com/8325/8075987037_5fdfe13ea2_z.jpg,4,1
amusement,http://farm6.staticflickr.com/5524/9413925149_eac8839c4c_z.jpg,0,5
amusement,http://farm8.staticflickr.com/7316/8732359849_bfe005d710_z.jpg,0,5
amusement,http://farm8.staticflickr.com/7260/7112384087_f6b5cd5ee1_z.jpg,4,0
amusement,http://farm8.staticflickr.com/7160/6773113025_0c54b5ca99_z.jpg,5,0
amusement,http://farm9.staticflickr.com/8444/7945470494_6e84f50ba2_z.jpg,1,4
amusement,http://farm6.staticflickr.com/5497/10238596113_64acdf3271_z.jpg,3,2
amusement,http://farm8.staticflickr.com/7460/13858881624_289697d820_z.jpg,0,5
amusement,http://farm8.staticflickr.com/7113/7823905760_8ac4e5a38c_z.jpg,4,1
amusement,http://farm9.staticflickr.com/8456/8058051628_9f67653a3d_z.jpg,1,3
amusement,http://farm9.staticflickr.com/8104/8533561342_2b72f89f55_z.jpg,5,0
amusement,http://farm4.staticflickr.com/3723/8828083012_0f78657795_z.jpg,4,1
amusement,http://farm3.staticflickr.com/2821/10752707365_a1acac1910_z.jpg,2,3
amusement,http://farm8.staticflickr.com/7194/6836122186_9b5b8bfab3_z.jpg,0,5
amusement,http://farm6.staticflickr.com/5498/10285792346_7ef9b30105_z.jpg,4,1
amusement,http://farm4.staticflickr.com/3825/10217931803_e3f207d4cf_z.jpg,1,4
amusement,http://farm4.staticflickr.com/3828/9779801482_6f5b177771_z.jpg,3,2
amusement,http://farm6.staticflickr.com/5331/9274875603_b51ab3f06a_z.jpg,3,2
amusement,http://farm9.staticflickr.com/8489/8237292419_03b55b4255_z.jpg,5,0
amusement,http://farm9.staticflickr.com/8257/8667156500_76c764922d_z.jpg,5,0
amusement,http://farm8.staticflickr.com/7270/7472097154_e62bcb66ec_z.jpg,0,5
amusement,http://farm8.staticflickr.com/7159/6680474665_7b5a22bbd7_z.jpg,4,1
amusement,http://farm3.staticflickr.com/2820/9678298890_2c32e64cd2_z.jpg,0,5
amusement,http://farm9.staticflickr.com/8446/7983194739_d34cece6bb_z.jpg,5,0
amusement,http://farm9.staticflickr.com/8545/9021733262_5f46c5f888_z.jpg,0,5
amusement,http://farm8.staticflickr.com/7148/6784102263_3e4abf4773_z.jpg,1,4
amusement,http://farm9.staticflickr.com/8241/8463189108_96c217c3f8_z.jpg,3,2
amusement,http://farm6.staticflickr.com/5486/11060760913_e69bac1a33_z.jpg,5,0
amusement,http://farm6.staticflickr.com/5498/12507022273_c642d42312_z.jpg,4,1
amusement,http://farm6.staticflickr.com/5494/9232798917_055d902284_z.jpg,1,4
amusement,http://farm8.staticflickr.com/7214/7362953666_cea8a1e4a2_z.jpg,0,5
amusement,http://farm8.staticflickr.com/7057/6944857143_b294463aa2_z.jpg,3,2
amusement,http://farm6.staticflickr.com/5545/10793258195_71b8c63ca9_z.jpg,5,0
amusement,http://farm9.staticflickr.com/8272/8756471181_9c5354851a_z.jpg,1,4
amusement,http://farm4.staticflickr.com/3798/9154198397_b4c286d7f1_z.jpg,4,0
amusement,http://farm8.staticflickr.com/7316/12262231006_b4dfb4f44b_z.jpg,2,3
amusement,http://farm3.staticflickr.com/2841/9344868232_57086b4244_z.jpg,1,4
amusement,http://farm6.staticflickr.com/5274/14241471331_124b5e1498_z.jpg,4,1
amusement,http://farm8.staticflickr.com/7255/7784291248_21bc46905e_z.jpg,3,2
amusement,http://farm4.staticflickr.com/3807/9182891072_ebdf23ca08_z.jpg,4,1
amusement,http://farm8.staticflickr.com/7257/6931282760_eafdb5c6be_z.jpg,1,4
amusement,http://farm6.staticflickr.com/5234/7077282671_7c752df1b1_z.jpg,2,3
amusement,http://farm9.staticflickr.com/8016/7590671770_361c77f589_z.jpg,5,0
amusement,http://farm8.staticflickr.com/7248/7751279452_de2b321ec4_z.jpg,3,2
amusement,http://farm9.staticflickr.com/8325/8094024998_4e69f3d92b_z.jpg,1,4
amusement,http://farm9.staticflickr.com/8039/7896686114_53608942b8_z.jpg,4,1
amusement,http://farm3.staticflickr.com/2807/10396161195_98accc4b4c_z.jpg,2,3
amusement,http://farm6.staticflickr.com/5323/9617829242_51c43e422e_z.jpg,1,4
amusement,http://farm4.staticflickr.com/3768/9099522965_2ba9d27402_z.jpg,3,2
amusement,http://farm6.staticflickr.com/5505/10352869403_a53532df11_z.jpg,4,1
amusement,http://farm3.staticflickr.com/2890/9591765439_70b30d9d6f_z.jpg,5,0
amusement,http://farm3.staticflickr.com/2820/9070722316_6c9b515467_z.jpg,1,4
amusement,http://farm9.staticflickr.com/8142/7595470078_21bd3d8f1a_z.jpg,5,0
amusement,http://farm4.staticflickr.com/3763/13871989933_fef311a317_z.jpg,5,0
amusement,http://farm9.staticflickr.com/8361/8256350879_a05036fb79_z.jpg,1,4
amusement,http://farm9.staticflickr.com/8307/7821692526_c5cbfa0bd9_z.jpg,4,1
amusement,http://farm6.staticflickr.com/5528/10862576486_acba7292a7_z.jpg,0,5
amusement,http://farm4.staticflickr.com/3920/14929659477_6963bb5416_z.jpg,2,2
amusement,http://farm8.staticflickr.com/7319/9768653651_6fe72da255_z.jpg,5,0
amusement,http://farm9.staticflickr.com/8194/8146888090_2d09c169ee_z.jpg,5,0
amusement,http://farm9.staticflickr.com/8096/8540694078_9d1f7bbe61_z.jpg,4,1
amusement,http://farm9.staticflickr.com/8491/8381578017_7df08a415b_z.jpg,3,2
amusement,http://farm8.staticflickr.com/7288/9452886891_93d4ef6812_z.jpg,5,0
amusement,http://farm6.staticflickr.com/5325/8977889775_8eeda57b38_z.jpg,4,1
amusement,http://farm3.staticflickr.com/2868/11247220305_0884342ec6_z.jpg,5,0
amusement,http://farm6.staticflickr.com/5495/9338305949_e765c0e534_z.jpg,5,0
amusement,http://farm8.staticflickr.com/7352/9590372766_eef0da3528_z.jpg,1,4
amusement,http://farm9.staticflickr.com/8044/8138689374_f3432592c3_z.jpg,4,1
amusement,http://farm6.staticflickr.com/5115/7188740273_2b150803a5_z.jpg,1,4
amusement,http://farm4.staticflickr.com/3831/9519940268_05fb84c11c_z.jpg,0,4
amusement,http://farm8.staticflickr.com/7206/6837510184_b1e4dbbfb6_z.jpg,3,2
amusement,http://farm9.staticflickr.com/8022/7340059782_ea8d7855b6_z.jpg,3,2
amusement,http://farm8.staticflickr.com/7377/13339743693_3ce7b61fca_z.jpg,0,5
amusement,http://farm6.staticflickr.com/5461/9310810340_1bd6b7d5c6_z.jpg,2,3
amusement,http://farm8.staticflickr.com/7092/7286979916_427ac5c4e9_z.jpg,0,5
amusement,http://farm8.staticflickr.com/7089/7358531214_b284b9befc_z.jpg,3,2
amusement,http://farm8.staticflickr.com/7199/13958751332_040b9de551_z.jpg,1,4
amusement,http://farm6.staticflickr.com/5514/10908477645_15d9a2d0a6_z.jpg,5,0
amusement,http://farm3.staticflickr.com/2864/9662312636_39cdfb91eb_z.jpg,0,5
amusement,http://farm8.staticflickr.com/7374/11755437506_c1c65be154_z.jpg,4,0
amusement,http://farm6.staticflickr.com/5517/11726284854_06abf72c77_z.jpg,2,3
amusement,http://farm9.staticflickr.com/8177/7896637694_a28fb33303_z.jpg,0,4
amusement,http://farm9.staticflickr.com/8352/8322965158_5bfaf5383b_z.jpg,1,4
amusement,http://farm8.staticflickr.com/7224/14053282505_51592c692d_z.jpg,1,4
amusement,http://farm8.staticflickr.com/7095/7157670703_5bf9ff7805_z.jpg,2,3
amusement,http://farm4.staticflickr.com/3953/15625866951_da0da27bc4_z.jpg,4,0
amusement,http://farm9.staticflickr.com/8262/8667395434_dcfb59bc0b_z.jpg,4,1
amusement,http://farm9.staticflickr.com/8503/8268768318_7c64f8432e_z.jpg,5,0
amusement,http://farm9.staticflickr.com/8440/7822172528_072d3908d2_z.jpg,3,2
amusement,http://farm9.staticflickr.com/8323/8096440112_95486987c4_z.jpg,4,1
amusement,http://farm8.staticflickr.com/7119/7548783476_203ca9f8ce_z.jpg,3,2
amusement,http://farm4.staticflickr.com/3731/11328299674_30c40f5281_z.jpg,1,4
amusement,http://farm9.staticflickr.com/8141/7487195106_89b1f47c2e_z.jpg,2,3
amusement,http://farm8.staticflickr.com/7346/12740762563_54524eecf8_z.jpg,4,1
amusement,http://farm9.staticflickr.com/8238/8576039161_6189d03b52_z.jpg,4,1
amusement,http://farm4.staticflickr.com/3693/12386912373_e8094b8dc9_z.jpg,4,1
amusement,http://farm4.staticflickr.com/3749/11754731575_e4737f89c4_z.jpg,5,0
amusement,http://farm6.staticflickr.com/5494/11287283876_631959f368_z.jpg,3,2
amusement,http://farm6.staticflickr.com/5534/9566599816_4a05b72827_z.jpg,2,3
amusement,http://farm8.staticflickr.com/7122/7488655298_f3b98724c1_z.jpg,0,5
amusement,http://farm4.staticflickr.com/3767/9118173071_fe1b3a75ca_z.jpg,5,0
amusement,http://farm4.staticflickr.com/3769/9479274851_90ff845c9e_z.jpg,4,1
amusement,http://farm9.staticflickr.com/8435/7936354404_aace83a702_z.jpg,3,2
amusement,http://farm9.staticflickr.com/8104/8655298001_eaa8dab231_z.jpg,0,5
amusement,http://farm9.staticflickr.com/8085/8501018177_deed23e6f1_z.jpg,2,2
amusement,http://farm9.staticflickr.com/8035/8072786794_08df3279d5_z.jpg,0,5
amusement,http://farm8.staticflickr.com/7435/12189111003_8f244dc8fb_z.jpg,4,1
amusement,http://farm8.staticflickr.com/7046/13827986025_b904b438ec_z.jpg,2,3
amusement,http://farm9.staticflickr.com/8296/7900553150_cc8ae80fa3_z.jpg,1,4
amusement,http://farm3.staticflickr.com/2848/12665817153_fa70f9471b_z.jpg,1,4
amusement,http://farm6.staticflickr.com/5443/9164928132_5d51e219fb_z.jpg,3,2
amusement,http://farm9.staticflickr.com/8206/8155133383_f0817cd49e_z.jpg,1,4
amusement,http://farm8.staticflickr.com/7056/6826886246_c59207a284_z.jpg,5,0
amusement,http://farm9.staticflickr.com/8098/8414995723_c966204632_z.jpg,5,0
amusement,http://farm9.staticflickr.com/8156/7674676698_290e590e95_z.jpg,4,1
amusement,http://farm8.staticflickr.com/7329/9491399840_bd1cc03478_z.jpg,4,1
amusement,http://farm4.staticflickr.com/3707/9141490684_6d304371be_z.jpg,0,5
amusement,http://farm6.staticflickr.com/5534/9671665061_8e9bde9b6e_z.jpg,2,3
amusement,http://farm3.staticflickr.com/2912/13891120029_866f65c792_z.jpg,3,2
amusement,http://farm4.staticflickr.com/3811/12030182214_8c04a1d2a1_z.jpg,1,4
amusement,http://farm4.staticflickr.com/3803/9287702037_741f09f1a6_z.jpg,4,1
amusement,http://farm9.staticflickr.com/8168/7583727028_2a042da1c6_z.jpg,4,1
amusement,http://farm6.staticflickr.com/5528/10269467746_3b39f043d5_z.jpg,0,5
amusement,http://farm6.staticflickr.com/5321/7369388848_127b11a410_z.jpg,0,5
amusement,http://farm9.staticflickr.com/8511/8355585147_f0b4780316_z.jpg,0,5
amusement,http://farm9.staticflickr.com/8423/7812805680_e841d463b1_z.jpg,1,4
amusement,http://farm8.staticflickr.com/7354/14178426515_fc31da4cc6_z.jpg,1,4
amusement,http://farm9.staticflickr.com/8398/8695068570_17a4e3eb6e_z.jpg,1,4
amusement,http://farm6.staticflickr.com/5550/12771434674_fb302e2a5d_z.jpg,0,5
amusement,http://farm9.staticflickr.com/8369/8600853895_52296cd937_z.jpg,5,0
amusement,http://farm8.staticflickr.com/7158/6798712685_94eef32718_z.jpg,5,0
amusement,http://farm9.staticflickr.com/8351/8341303543_7beb46afb0_z.jpg,3,2
amusement,http://farm8.staticflickr.com/7109/7472427374_0493fc6876_z.jpg,1,4
amusement,http://farm6.staticflickr.com/5461/9810596725_71d382aa66_z.jpg,1,4
amusement,http://farm4.staticflickr.com/3852/14452378794_9b6e95910e_z.jpg,0,5
amusement,http://farm6.staticflickr.com/5461/8905660390_01ea2e7808_z.jpg,4,1
amusement,http://farm6.staticflickr.com/5446/9282481830_485273b7f8_z.jpg,2,3
amusement,http://farm8.staticflickr.com/7416/11478807353_6f5b47ffe8_z.jpg,5,0
amusement,http://farm9.staticflickr.com/8328/8139402259_0189167038_z.jpg,3,2
amusement,http://farm9.staticflickr.com/8507/8466470006_63cfa15b3a_z.jpg,1,4
amusement,http://farm8.staticflickr.com/7291/9464881374_5d2900b209_z.jpg,1,4
amusement,http://farm8.staticflickr.com/7216/7172827425_0bb51c16a1_z.jpg,2,3
amusement,http://farm8.staticflickr.com/7333/11601170993_a6e53b873e_z.jpg,4,1
amusement,http://farm6.staticflickr.com/5451/7229065164_0456371929_z.jpg,2,3
amusement,http://farm9.staticflickr.com/8179/8030075691_8ed99e231e_z.jpg,1,3
amusement,http://farm9.staticflickr.com/8506/8583279895_e93639a2b5_z.jpg,0,5
amusement,http://farm9.staticflickr.com/8440/8706648397_206c672cb8_z.jpg,3,2
amusement,http://farm8.staticflickr.com/7193/6942207721_fe80dd0994_z.jpg,1,4
amusement,http://farm8.staticflickr.com/7323/11906647226_b231cf259b_z.jpg,5,0
amusement,http://farm9.staticflickr.com/8054/8348991540_0e7fac64b9_z.jpg,4,1
amusement,http://farm8.staticflickr.com/7379/9828956866_afcf5a9ed2_z.jpg,1,4
amusement,http://farm8.staticflickr.com/7209/6895716173_c7a8f43123_z.jpg,2,3
amusement,http://farm8.staticflickr.com/7298/10051150266_5af68b68f9_z.jpg,4,1
amusement,http://farm9.staticflickr.com/8161/7486612028_97e36379c5_z.jpg,0,5
amusement,http://farm8.staticflickr.com/7251/7761450184_e4ff7ee7f3_z.jpg,4,1
amusement,http://farm8.staticflickr.com/7264/8156675606_f4615c7808_z.jpg,0,5
amusement,http://farm4.staticflickr.com/3730/9552330926_b9b5743256_z.jpg,3,1
amusement,http://farm8.staticflickr.com/7197/6827442530_5d75f1e538_z.jpg,5,0
amusement,http://farm3.staticflickr.com/2834/10752844854_02b7c1c58c_z.jpg,0,5
amusement,http://farm3.staticflickr.com/2816/9786200785_f1bf98b479_z.jpg,1,4
amusement,http://farm9.staticflickr.com/8036/7984996878_7ff1de9202_z.jpg,2,3
amusement,http://farm3.staticflickr.com/2825/9102349148_ec04e0f886_z.jpg,4,1
amusement,http://farm9.staticflickr.com/8349/8272215078_696d1ce0b1_z.jpg,5,0
amusement,http://farm9.staticflickr.com/8024/7300830452_338019c380_z.jpg,5,0
