amusement,http://farm4.staticflickr.com/3935/15670302655_78bec2fc97_z.jpg,5,0
amusement,http://farm9.staticflickr.com/8519/8667561987_106bc6a0dd_z.jpg,5,0
amusement,http://farm4.staticflickr.com/3802/9566768469_8664bc574c_z.jpg,0,5
amusement,http://farm9.staticflickr.com/8231/8565444625_4100343e48_z.jpg,3,2
amusement,http://farm4.staticflickr.com/3736/9929371604_1a2c24bf54_z.jpg,2,3
amusement,http://farm6.staticflickr.com/5336/9472957715_2d20ffa62c_z.jpg,1,4
amusement,http://farm9.staticflickr.com/8183/8095358518_be4ae9de86_z.jpg,0,5
amusement,http://farm8.staticflickr.com/7107/7814376988_a082db7043_z.jpg,5,0
amusement,http://farm8.staticflickr.com/7211/7025985527_11c8be8661_z.jpg,3,2
amusement,http://farm8.staticflickr.com/7314/12386606195_ca1638ea68_z.jpg,5,0
amusement,http://farm9.staticflickr.com/8508/8580642223_55af528c4e_z.jpg,3,2
amusement,http://farm6.staticflickr.com/5494/10841361643_7348ee3dd8_z.jpg,1,4
amusement,http://farm8.staticflickr.com/7405/11090017986_16bee0b10a_z.jpg,4,1
amusement,http://farm4.staticflickr.com/3820/10398653436_5e1566f186_z.jpg,2,3
amusement,http://farm8.staticflickr.com/7232/7060658621_0b5a786dd4_z.jpg,4,1
amusement,http://farm8.staticflickr.com/7132/7472625510_464223b7b9_z.jpg,4,1
amusement,http://farm4.staticflickr.com/3745/9564205361_1749f817a2_z.jpg,5,0
amusement,http://farm9.staticflickr.com/8483/8258845697_ac77f9f65c_z.jpg,2,3
amusement,http://farm8.staticflickr.com/7299/8734264735_99189c01c2_z.jpg,0,5
amusement,http://farm8.staticflickr.com/7223/7275711582_1d68d99967_z.jpg,3,2
amusement,http://farm4.staticflickr.com/3910/14236821630_bb96d7ca98_z.jpg,4,1
amusement,http://farm9.staticflickr.com/8003/7007116186_08678216a3_z.jpg,2,3
amusement,http://farm6.staticflickr.com/5275/6934059692_25be125396_z.jpg,5,0
amusement,http://farm8.staticflickr.com/7192/6931596869_5e965f0f06_z.jpg,4,1
amusement,http://farm6.staticflickr.com/5164/14030393584_54bd563fef_z.jpg,4,1
amusement,http://farm8.staticflickr.com/7205/6948126799_c6a6bbbbd7_z.jpg,2,3
amusement,http://farm8.staticflickr.com/7239/6900609352_20e6c9cb72_z.jpg,5,0
amusement,http://farm8.staticflickr.com/7113/7862910412_8ca05bd708_z.jpg,1,4
amusement,http://farm4.staticflickr.com/3804/11789822013_841fecbb96_z.jpg,3,2
amusement,http://farm6.staticflickr.com/5584/14257307525_b4e19f7341_z.jpg,3,2
amusement,http://farm9.staticflickr.com/8258/8633554667_3fe932d594_z.jpg,2,3
amusement,http://farm9.staticflickr.com/8510/8430539243_3fa75091f8_z.jpg,4,1
amusement,http://farm4.staticflickr.com/3770/9109250729_3aa51eb103_z.jpg,4,0
amusement,http://farm9.staticflickr.com/8386/8676935972_c7c4a5b9b9_z.jpg,2,3
amusement,http://farm9.staticflickr.com/8200/8261411007_f504e2213a_z.jpg,3,2
amusement,http://farm8.staticflickr.com/7162/6615923925_86a4f7aeff_z.jpg,4,1
amusement,http://farm3.staticflickr.com/2810/9094297628_0035a00aa3_z.jpg,2,3
amusement,http://farm4.staticflickr.com/3834/9706406337_9ae766f31a_z.jpg,1,4
amusement,http://farm9.staticflickr.com/8161/7473040804_420a86ba9c_z.jpg,1,4
amusement,http://farm8.staticflickr.com/7207/6796042496_984e2a7c54_z.jpg,5,0
amusement,http://farm8.staticflickr.com/7245/13668889184_2191faba75_z.jpg,4,1
amusement,http://farm9.staticflickr.com/8180/7927529936_34b767a748_z.jpg,1,4
amusement,http://farm8.staticflickr.com/7038/6836116150_389a835d10_z.jpg,4,1
amusement,http://farm9.staticflickr.com/8171/8045161780_f19659d387_z.jpg,3,2
amusement,http://farm9.staticflickr.com/8316/8045822455_667f2eb60a_z.jpg,3,2
amusement,http://farm8.staticflickr.com/7370/9064692874_e1ba4c7b83_z.jpg,4,1
amusement,http://farm4.staticflickr.com/3796/12685019684_7e15e4e67b_z.jpg,3,2
amusement,http://farm8.staticflickr.com/7216/7276962492_895102d57a_z.jpg,5,0
amusement,http://farm4.staticflickr.com/3910/14560073434_9547609152_z.jpg,3,2
amusement,http://farm3.staticflickr.com/2869/12451414243_36b19c833b_z.jpg,4,1
amusement,http://farm9.staticflickr.com/8546/8695626893_52a06b490e_z.jpg,1,4
amusement,http://farm9.staticflickr.com/8080/8319582720_71b347b8ae_z.jpg,5,0
amusement,http://farm9.staticflickr.com/8401/8619371146_6a50b685fe_z.jpg,5,0
amusement,http://farm6.staticflickr.com/5515/9224422251_1aa0639208_z.jpg,5,0
amusement,http://farm9.staticflickr.com/8347/8184977497_5f7a696619_z.jpg,3,2
amusement,http://farm9.staticflickr.com/8437/7745068726_86e1edc3b6_z.jpg,3,2
amusement,http://farm8.staticflickr.com/7348/8728375821_f657710695_z.jpg,4,1
amusement,http://farm6.staticflickr.com/5547/9575144720_1703b7cd7d_z.jpg,5,0
amusement,http://farm6.staticflickr.com/5528/9326543230_50c179bb5e_z.jpg,0,5
amusement,http://farm3.staticflickr.com/2858/11727162976_f02f8a9846_z.jpg,2,3
amusement,http://farm9.staticflickr.com/8175/7895669290_e51b895015_z.jpg,4,0
amusement,http://farm8.staticflickr.com/7361/14180845993_c9f2cd8b5d_z.jpg,2,3
amusement,http://farm3.staticflickr.com/2865/9259349994_9e356030d5_z.jpg,2,3
amusement,http://farm8.staticflickr.com/7305/11549796043_043f33b59f_z.jpg,5,0
amusement,http://farm9.staticflickr.com/8449/8015398369_2ec78e9386_z.jpg,1,4
amusement,http://farm6.staticflickr.com/5515/9923614486_4c666b38b7_z.jpg,1,4
amusement,http://farm8.staticflickr.com/7357/9884556535_a95d90eeb3_z.jpg,0,4
amusement,http://farm4.staticflickr.com/3710/9727337791_971828f11d_z.jpg,1,4
amusement,http://farm3.staticflickr.com/2921/14331321040_37397f6896_z.jpg,5,0
amusement,http://farm9.staticflickr.com/8194/8086587787_ba20855652_z.jpg,1,3
amusement,http://farm4.staticflickr.com/3836/14472360232_d91408569d_z.jpg,4,1
amusement,http://farm3.staticflickr.com/2844/9607989475_08a9a06f87_z.jpg,3,2
amusement,http://farm9.staticflickr.com/8155/7158363397_ec6ae44baa_z.jpg,3,2
amusement,http://farm8.staticflickr.com/7331/9163492524_eb451304a7_z.jpg,2,3
amusement,http://farm6.staticflickr.com/5338/8838501992_1f6a1b0116_z.jpg,5,0
amusement,http://farm6.staticflickr.com/5486/9669549533_fdf9d73708_z.jpg,2,3
amusement,http://farm6.staticflickr.com/5533/9373677617_4129f969ae_z.jpg,4,1
amusement,http://farm3.staticflickr.com/2885/12464640274_905907b6ae_z.jpg,4,1
amusement,http://farm9.staticflickr.com/8287/7812487348_5e76880c2d_z.jpg,0,5
amusement,http://farm3.staticflickr.com/2826/9232102230_dfd546194f_z.jpg,2,3
amusement,http://farm3.staticflickr.com/2878/12672999803_10e35413b2_z.jpg,5,0
amusement,http://farm8.staticflickr.com/7425/8930865907_e5e9a9ca4d_z.jpg,5,0
amusement,http://farm9.staticflickr.com/8481/8223149237_1320d4a318_z.jpg,2,3
amusement,http://farm9.staticflickr.com/8304/7864000402_0e8605a821_z.jpg,2,3
amusement,http://farm6.staticflickr.com/5523/9566760564_4a7a759931_z.jpg,5,0
amusement,http://farm8.staticflickr.com/7098/6984322958_5184be6ee3_z.jpg,2,3
amusement,http://farm8.staticflickr.com/7183/6884511782_445f3585fd_z.jpg,0,5
amusement,http://farm4.staticflickr.com/3695/9294904947_3249cb5875_z.jpg,1,4
amusement,http://farm3.staticflickr.com/2869/9224620621_ef6c7b0861_z.jpg,2,3
amusement,http://farm3.staticflickr.com/2850/9767958666_de5b748564_z.jpg,4,1
amusement,http://farm3.staticflickr.com/2883/10670141366_f645c638c5_z.jpg,5,0
amusement,http://farm9.staticflickr.com/8243/8457643946_3c9aee18c3_z.jpg,4,1
amusement,http://farm9.staticflickr.com/8308/7895407082_488578d634_z.jpg,5,0
amusement,http://farm9.staticflickr.com/8291/7760004200_613c9b3ba0_z.jpg,4,1
amusement,http://farm3.staticflickr.com/2830/10957976536_4e69515e23_z.jpg,1,4
amusement,http://farm6.staticflickr.com/5534/14331748312_8801dfeb5a_z.jpg,0,5
amusement,http://farm9.staticflickr.com/8016/7158366427_c5699b0e77_z.jpg,0,5
amusement,http://farm8.staticflickr.com/7130/7472044048_2c58eb5f97_z.jpg,1,4
amusement,http://farm4.staticflickr.com/3874/14923246648_5c743a77ef_z.jpg,2,3
amusement,http://farm4.staticflickr.com/3767/11792068246_07476fa15c_z.jpg,3,2
amusement,http://farm4.staticflickr.com/3830/9623536340_62ac3d82b6_z.jpg,5,0
amusement,http://farm8.staticflickr.com/7290/11264858586_93fa0562b2_z.jpg,1,4
amusement,http://farm9.staticflickr.com/8323/8146886550_65c267b03a_z.jpg,5,0
amusement,http://farm9.staticflickr.com/8378/8461116393_e2421b77bd_z.jpg,3,2
amusement,http://farm9.staticflickr.com/8200/8172903390_0e240dcc28_z.jpg,4,1
amusement,http://farm6.staticflickr.com/5522/12408403214_8287a5a979_z.jpg,1,4
amusement,http://farm4.staticflickr.com/3807/10396761213_36ffde7de7_z.jpg,4,1
amusement,http://farm8.staticflickr.com/7377/12189123523_86d906d5d4_z.jpg,4,1
amusement,http://farm9.staticflickr.com/8393/8604899592_aa094a1f43_z.jpg,2,3
amusement,http://farm9.staticflickr.com/8184/8077286625_2d7475d751_z.jpg,2,3
amusement,http://farm8.staticflickr.com/7136/7069536589_c99b327d0f_z.jpg,1,4
amusement,http://farm4.staticflickr.com/3814/9610829902_485a2e7a97_z.jpg,2,3
amusement,http://farm8.staticflickr.com/7318/11060853846_2e2561e67d_z.jpg,5,0
amusement,http://farm8.staticflickr.com/7431/9733815853_bb1297ba07_z.jpg,5,0
amusement,http://farm3.staticflickr.com/2886/13429889424_232278846c_z.jpg,3,2
amusement,http://farm8.staticflickr.com/7448/13964648909_40450c66f7_z.jpg,5,0
amusement,http://farm4.staticflickr.com/3716/11331981434_5560cb797b_z.jpg,5,0
amusement,http://farm3.staticflickr.com/2004/12972850525_001fe5d8e6_z.jpg,5,0
amusement,http://farm3.staticflickr.com/2879/8989946103_180fd67795_z.jpg,2,3
amusement,http://farm4.staticflickr.com/3909/14776485830_668b89d31c_z.jpg,1,4
amusement,http://farm8.staticflickr.com/7441/8731839152_40905fa31e_z.jpg,4,1
amusement,http://farm4.staticflickr.com/3680/9617941910_9783a2e801_z.jpg,5,0
amusement,http://farm4.staticflickr.com/3763/11831237585_d4a76cc3b6_z.jpg,5,0
amusement,http://farm8.staticflickr.com/7302/11762918934_a1a82ee731_z.jpg,1,4
amusement,http://farm9.staticflickr.com/8440/7974603913_850626aa18_z.jpg,2,3
amusement,http://farm8.staticflickr.com/7297/9679062245_bc9db132b9_z.jpg,0,5
amusement,http://farm9.staticflickr.com/8085/8592807808_e5247c3953_z.jpg,5,0
amusement,http://farm6.staticflickr.com/5449/8816356815_c1a39892eb_z.jpg,1,4
amusement,http://farm8.staticflickr.com/7125/8170564005_279f40695d_z.jpg,1,4
amusement,http://farm6.staticflickr.com/5461/9102683770_cb05439842_z.jpg,3,2
amusement,http://farm3.staticflickr.com/2820/9365909703_bd0edd0d5b_z.jpg,4,1
amusement,http://farm8.staticflickr.com/7225/7332559464_ea0058a999_z.jpg,2,3
amusement,http://farm9.staticflickr.com/8359/8333726915_93f7079044_z.jpg,1,4
amusement,http://farm9.staticflickr.com/8205/8195861030_168f91d694_z.jpg,4,1
amusement,http://farm6.staticflickr.com/5518/9785697173_1cb5358d36_z.jpg,4,1
amusement,http://farm8.staticflickr.com/7171/6615941035_7e75965972_z.jpg,3,2
amusement,http://farm8.staticflickr.com/7328/12066736953_47882e8f37_z.jpg,3,2
amusement,http://farm3.staticflickr.com/2911/14088871462_d87a9e0206_z.jpg,1,4
amusement,http://farm3.staticflickr.com/2849/11098250883_ca0ec9aeb0_z.jpg,5,0
amusement,http://farm9.staticflickr.com/8207/8155071083_478618980d_z.jpg,4,1
amusement,http://farm3.staticflickr.com/2834/8910016196_6a6bd28e05_z.jpg,5,0
amusement,http://farm9.staticflickr.com/8088/8562341891_6460fb14cc_z.jpg,5,0
amusement,http://farm4.staticflickr.com/3838/14266879190_1cbc1a4bcc_z.jpg,0,5
amusement,http://farm6.staticflickr.com/5345/9099540007_e6420d1a2c_z.jpg,5,0
amusement,http://farm4.staticflickr.com/3681/9336040703_6f9b077814_z.jpg,5,0
amusement,http://farm9.staticflickr.com/8375/8527666458_217474ff4f_z.jpg,4,1
amusement,http://farm8.staticflickr.com/7347/9344804820_5cb1dced93_z.jpg,2,3
amusement,http://farm9.staticflickr.com/8367/8446920298_f76524bdf9_z.jpg,3,2
amusement,http://farm8.staticflickr.com/7109/7696216146_32220ea406_z.jpg,3,2
amusement,http://farm9.staticflickr.com/8243/8637491609_a087da2ee4_z.jpg,1,4
amusement,http://farm9.staticflickr.com/8451/7988770684_5ba5629f74_z.jpg,3,2
amusement,http://farm8.staticflickr.com/7232/7272091790_7c401e1801_z.jpg,5,0
amusement,http://farm6.staticflickr.com/5477/9582779780_9c3f865d06_z.jpg,5,0
amusement,http://farm8.staticflickr.com/7071/7287602778_2be1699b2a_z.jpg,5,0
amusement,http://farm9.staticflickr.com/8055/8431624586_c048c1e150_z.jpg,5,0
amusement,http://farm3.staticflickr.com/2836/12049748954_6a7e14fb17_z.jpg,0,5
amusement,http://farm8.staticflickr.com/7432/9739050633_ca3be1498c_z.jpg,3,2
amusement,http://farm8.staticflickr.com/7064/6984330068_1b77bccb87_z.jpg,1,4
amusement,http://farm9.staticflickr.com/8271/8951050854_9061f6a214_z.jpg,4,1
amusement,http://farm8.staticflickr.com/7326/9272739800_b1510d54bd_z.jpg,4,1
amusement,http://farm9.staticflickr.com/8035/7896656100_726de13690_z.jpg,5,0
amusement,http://farm6.staticflickr.com/5450/9296618636_b90683059e_z.jpg,5,0
amusement,http://farm9.staticflickr.com/8017/7596401438_7b0b9249ae_z.jpg,4,1
amusement,http://farm4.staticflickr.com/3732/11259765005_9125734d0e_z.jpg,4,1
amusement,http://farm8.staticflickr.com/7047/6968033511_6249e69353_z.jpg,2,3
amusement,http://farm8.staticflickr.com/7330/11247044336_75160f5da1_z.jpg,5,0
amusement,http://farm8.staticflickr.com/7271/13391447163_d77e90e6ca_z.jpg,2,3
amusement,http://farm8.staticflickr.com/7333/14125204401_979e590c9a_z.jpg,3,2
amusement,http://farm8.staticflickr.com/7140/7595585744_112872d7c5_z.jpg,4,1
amusement,http://farm9.staticflickr.com/8040/8051629573_0b5d0768c9_z.jpg,5,0
amusement,http://farm3.staticflickr.com/2819/10862682724_b84065e44a_z.jpg,1,4
amusement,http://farm8.staticflickr.com/7358/9691506294_e6db1a888d_z.jpg,5,0
amusement,http://farm8.staticflickr.com/7353/10739119866_ce9d37afee_z.jpg,2,3
amusement,http://farm3.staticflickr.com/2916/14273538163_1c131137f4_z.jpg,1,4
amusement,http://farm8.staticflickr.com/7106/7723011776_cd5da64aef_z.jpg,2,3
amusement,http://farm8.staticflickr.com/7161/13281247023_3d132c9d46_z.jpg,4,1
amusement,http://farm9.staticflickr.com/8346/8184976599_5795f2557b_z.jpg,0,5
amusement,http://farm8.staticflickr.com/7371/11788075473_3383276dff_z.jpg,4,1
amusement,http://farm8.staticflickr.com/7297/10752710926_e78a6494ae_z.jpg,1,4
amusement,http://farm8.staticflickr.com/7328/9697354493_aa5a36c040_z.jpg,1,4
amusement,http://farm8.staticflickr.com/7282/9182108918_5ae9eff873_z.jpg,2,3
amusement,http://farm9.staticflickr.com/8168/7486361786_7cf133768e_z.jpg,1,4
amusement,http://farm9.staticflickr.com/8065/8155290774_3f5a885692_z.jpg,0,5
amusement,http://farm9.staticflickr.com/8111/8655380141_bb2de2f7c1_z.jpg,2,3
amusement,http://farm8.staticflickr.com/7269/7439791530_ce7d545f94_z.jpg,4,0
amusement,http://farm8.staticflickr.com/7100/7306200996_438f6b16ce_z.jpg,2,3
amusement,http://farm8.staticflickr.com/7451/11220509625_52d30f60c3_z.jpg,4,1
amusement,http://farm9.staticflickr.com/8662/16621814341_568db3b987_z.jpg,2,3
amusement,http://farm4.staticflickr.com/3675/10803478234_90d7d0b019_z.jpg,3,2
amusement,http://farm8.staticflickr.com/7019/6697008525_02deca46ff_z.jpg,5,0
amusement,http://farm3.staticflickr.com/2826/9274331572_50c3ef0d3b_z.jpg,5,0
amusement,http://farm6.staticflickr.com/5489/11584089904_a88a8d1d65_z.jpg,1,4
amusement,http://farm8.staticflickr.com/7179/6785479792_50ae02d6d8_z.jpg,5,0
amusement,http://farm9.staticflickr.com/8364/8433448749_c5a48d0236_z.jpg,4,1
amusement,http://farm9.staticflickr.com/8103/8569225833_04d2786b2b_z.jpg,3,1
amusement,http://farm9.staticflickr.com/8545/10199834655_9e3c4baa34_z.jpg,0,5
amusement,http://farm8.staticflickr.com/7325/9447324000_b4b6ccc587_z.jpg,0,5
amusement,http://farm6.staticflickr.com/5549/14198407621_53b93ab44d_z.jpg,5,0
amusement,http://farm8.staticflickr.com/7315/9561367269_7590cabd9d_z.jpg,1,4
amusement,http://farm3.staticflickr.com/2879/10561418443_4f1bae5897_z.jpg,3,2
amusement,http://farm3.staticflickr.com/2875/9274133240_8fdc865d83_z.jpg,2,3
amusement,http://farm9.staticflickr.com/8172/8052713148_e32b5eef7b_z.jpg,1,4
amusement,http://farm6.staticflickr.com/5196/13668590715_c43e7a766e_z.jpg,3,2
amusement,http://farm9.staticflickr.com/8027/7668514656_8147b54245_z.jpg,5,0
amusement,http://farm9.staticflickr.com/8036/8067882615_e184716790_z.jpg,1,4
amusement,http://farm3.staticflickr.com/2864/13698666944_bd3f90c16c_z.jpg,4,1
amusement,http://farm3.staticflickr.com/2924/14007633689_8f03257105_z.jpg,4,1
amusement,http://farm8.staticflickr.com/7178/6914384213_c66ae97190_z.jpg,5,0
amusement,http://farm6.staticflickr.com/5443/9297671860_768a94b9cd_z.jpg,1,4
amusement,http://farm3.staticflickr.com/2895/14090067437_b7ab34b2a5_z.jpg,1,4
amusement,http://farm3.staticflickr.com/2864/9289778440_7f54961f93_z.jpg,4,1
amusement,http://farm8.staticflickr.com/7158/14001308642_a0e7bb2ed8_z.jpg,5,0
amusement,http://farm8.staticflickr.com/7349/12417797005_6cea274b09_z.jpg,1,4
amusement,http://farm3.staticflickr.com/2932/14244260981_17918130c5_z.jpg,5,0
amusement,http://farm8.staticflickr.com/7187/6961972963_e5ecb0a11a_z.jpg,3,2
amusement,http://farm6.staticflickr.com/5331/9101771032_2c220de915_z.jpg,1,4
amusement,http://farm3.staticflickr.com/2895/14293454484_780449e363_z.jpg,3,2
amusement,http://farm8.staticflickr.com/7076/6882083464_6560663fcb_z.jpg,2,3
amusement,http://farm6.staticflickr.com/5581/15044833641_4fcc9f28ec_z.jpg,5,0
amusement,http://farm9.staticflickr.com/8016/7548144650_9be4721374_z.jpg,5,0
amusement,http://farm3.staticflickr.com/2923/14261952233_5e3fe83be4_z.jpg,4,1
amusement,http://farm9.staticflickr.com/8312/7945531208_c6492081a5_z.jpg,3,2
amusement,http://farm4.staticflickr.com/3878/14835439312_706a56009c_z.jpg,5,0
amusement,http://farm8.staticflickr.com/7362/12046768655_33b292dd47_z.jpg,1,4
amusement,http://farm8.staticflickr.com/7271/7683315372_e577b8237f_z.jpg,5,0
amusement,http://farm8.staticflickr.com/7367/14016031131_c4376589d2_z.jpg,0,5
amusement,http://farm8.staticflickr.com/7130/7493008228_8e69995555_z.jpg,2,3
amusement,http://farm4.staticflickr.com/3768/9312584317_041a3e8948_z.jpg,1,4
amusement,http://farm6.staticflickr.com/5324/8910003108_a831f0780a_z.jpg,5,0
amusement,http://farm9.staticflickr.com/8421/7747625220_09ba5de65a_z.jpg,1,4
amusement,http://farm3.staticflickr.com/2824/10396572265_c4548db5ac_z.jpg,5,0
amusement,http://farm9.staticflickr.com/8077/8374319465_bcedb23f08_z.jpg,1,4
amusement,http://farm3.staticflickr.com/2839/9227339360_c5bf924c8a_z.jpg,1,4
amusement,http://farm4.staticflickr.com/3870/15354744575_4316113245_z.jpg,1,4
amusement,http://farm9.staticflickr.com/8296/7923591792_f8564e50ea_z.jpg,4,1
amusement,http://farm4.staticflickr.com/3677/9453972603_36d4da652e_z.jpg,0,5
amusement,http://farm4.staticflickr.com/3714/10049724814_6cb7a5f04e_z.jpg,2,3
amusement,http://farm3.staticflickr.com/2892/10205175146_a89ea83048_z.jpg,2,3
amusement,http://farm9.staticflickr.com/8163/7447162024_837d4c353f_z.jpg,2,3
amusement,http://farm8.staticflickr.com/7123/7099693661_81e6e71df4_z.jpg,5,0
amusement,http://farm9.staticflickr.com/8011/7275353688_8ddf391432_z.jpg,3,2
amusement,http://farm9.staticflickr.com/8499/8265177468_26d50c0be2_z.jpg,3,2
amusement,http://farm8.staticflickr.com/7340/9096604804_b6de6d3c82_z.jpg,5,0
amusement,http://farm9.staticflickr.com/8221/8307971895_2518c62d2a_z.jpg,5,0
amusement,http://farm8.staticflickr.com/7356/12943101503_e4c0d3879f_z.jpg,4,1
amusement,http://farm3.staticflickr.com/2834/8754073422_4fc99ccbb6_z.jpg,3,1
amusement,http://farm6.staticflickr.com/5444/8971905660_e49be9a016_z.jpg,5,0
amusement,http://farm6.staticflickr.com/5345/10291946413_d2865ed7ed_z.jpg,5,0
amusement,http://farm9.staticflickr.com/8189/8146536980_08622d10d6_z.jpg,5,0
amusement,http://farm6.staticflickr.com/5508/12741222454_c83ac95789_z.jpg,5,0
amusement,http://farm3.staticflickr.com/2927/14018563317_bd10749fdd_z.jpg,4,1
amusement,http://farm8.staticflickr.com/7460/8726793322_6738be886f_z.jpg,0,5
amusement,http://farm9.staticflickr.com/8480/8203502253_a42df21577_z.jpg,1,4
amusement,http://farm4.staticflickr.com/3779/9438165462_a1434f6554_z.jpg,3,2
amusement,http://farm8.staticflickr.com/7106/6984378908_3fca6a78b9_z.jpg,2,3
amusement,http://farm4.staticflickr.com/3784/9519814562_8b434f2e7d_z.jpg,4,1
amusement,http://farm6.staticflickr.com/5614/15796239581_e363468735_z.jpg,0,4
amusement,http://farm9.staticflickr.com/8167/7559716598_c9fa0b212b_z.jpg,5,0
amusement,http://farm8.staticflickr.com/7263/7504710026_4bd0208bf5_z.jpg,5,0
amusement,http://farm8.staticflickr.com/7196/7060270617_45084795fe_z.jpg,0,5
amusement,http://farm4.staticflickr.com/3797/12839622875_d6c37e00a6_z.jpg,5,0
amusement,http://farm8.staticflickr.com/7434/11376039495_e94fa1a956_z.jpg,4,1
amusement,http://farm9.staticflickr.com/8023/7400024986_a54e049c66_z.jpg,1,4
amusement,http://farm9.staticflickr.com/8362/8295429690_f0b769f670_z.jpg,4,1
amusement,http://farm8.staticflickr.com/7329/11552920165_4a23d0d601_z.jpg,5,0
amusement,http://farm3.staticflickr.com/2857/12736254834_2287d0941c_z.jpg,4,1
amusement,http://farm4.staticflickr.com/3889/14653521658_fbc7baae3a_z.jpg,2,3
amusement,http://farm9.staticflickr.com/8553/8711275994_ed25dbe03a_z.jpg,2,3
amusement,http://farm6.staticflickr.com/5474/12237010926_b17750e8c4_z.jpg,1,4
amusement,http://farm9.staticflickr.com/8432/7763037500_def6c39ac4_z.jpg,5,0
amusement,http://farm9.staticflickr.com/8185/8094705104_2e3afbf08d_z.jpg,3,2
amusement,http://farm8.staticflickr.com/7305/9111979230_25ba3d46a6_z.jpg,5,0
amusement,http://farm6.staticflickr.com/5496/10978447063_fd8dbbc90c_z.jpg,3,2
amusement,http://farm3.staticflickr.com/2809/12737875355_655d2eddfa_z.jpg,2,3
amusement,http://farm8.staticflickr.com/7193/6821519524_3c096b6327_z.jpg,1,4
amusement,http://farm8.staticflickr.com/7413/12489144173_63cfc02d6b_z.jpg,2,3
amusement,http://farm9.staticflickr.com/8424/7599885822_b91540bc3e_z.jpg,5,0
amusement,http://farm8.staticflickr.com/7258/7596443066_952f773f60_z.jpg,2,3
amusement,http://farm4.staticflickr.com/3697/9457155067_a5b1520152_z.jpg,5,0
amusement,http://farm8.staticflickr.com/7198/6859169623_5a4ec885ba_z.jpg,2,3
amusement,http://farm9.staticflickr.com/8144/7497855282_9ac889dc54_z.jpg,5,0
amusement,http://farm8.staticflickr.com/7287/8741980964_82a0ec5b94_z.jpg,4,1
amusement,http://farm8.staticflickr.com/7135/7696177480_0e27e18b61_z.jpg,5,0
amusement,http://farm8.staticflickr.com/7312/13048608884_371f858f87_z.jpg,5,0
amusement,http://farm9.staticflickr.com/8341/8184971599_6c22af4083_z.jpg,2,3
amusement,http://farm6.staticflickr.com/5458/9979883333_984f338d80_z.jpg,2,3
amusement,http://farm8.staticflickr.com/7324/8887253485_8c6baa90f1_z.jpg,5,0
amusement,http://farm8.staticflickr.com/7073/7198271870_22575b701b_z.jpg,3,2
amusement,http://farm8.staticflickr.com/7368/9231082937_138cfc06fe_z.jpg,3,2
amusement,http://farm3.staticflickr.com/2876/9335924986_3087e689c5_z.jpg,5,0
amusement,http://farm9.staticflickr.com/8225/8581022456_50d3398222_z.jpg,4,1
amusement,http://farm9.staticflickr.com/8148/7269311574_e1a36604d9_z.jpg,4,1
amusement,http://farm9.staticflickr.com/8159/7694412184_6b7a73d318_z.jpg,5,0
amusement,http://farm9.staticflickr.com/8507/8567397517_f8a19e405c_z.jpg,4,0
amusement,http://farm8.staticflickr.com/7346/9279323117_99051bb1cb_z.jpg,4,1
amusement,http://farm8.staticflickr.com/7079/7154847183_2997fa4231_z.jpg,3,2
amusement,http://farm9.staticflickr.com/8177/8069253565_abf640a219_z.jpg,0,5
amusement,http://farm9.staticflickr.com/8466/8138859901_d0571a48c7_z.jpg,4,1
amusement,http://farm8.staticflickr.com/7200/6973466193_e2eca0a3fa_z.jpg,3,2
amusement,http://farm4.staticflickr.com/3668/8929478159_5915f8f655_z.jpg,2,3
amusement,http://farm9.staticflickr.com/8088/8473265979_8d92b974e0_z.jpg,4,1
amusement,http://farm9.staticflickr.com/8179/7897968886_94ac50b43a_z.jpg,4,1
amusement,http://farm6.staticflickr.com/5340/9227155284_7ae7c30fef_z.jpg,3,2
amusement,http://farm9.staticflickr.com/8303/7835639188_ccb3fd5163_z.jpg,2,3
amusement,http://farm8.staticflickr.com/7430/8726493101_beb40cda42_z.jpg,5,0
amusement,http://farm8.staticflickr.com/7408/9191935863_9886eed87f_z.jpg,4,1
amusement,http://farm3.staticflickr.com/2865/11247335656_e6f70115cf_z.jpg,5,0
amusement,http://farm4.staticflickr.com/3682/9092730223_e9287e647a_z.jpg,5,0
amusement,http://farm4.staticflickr.com/3791/9135434105_bcaaa1a2cb_z.jpg,0,5
amusement,http://farm9.staticflickr.com/8303/7924309120_5972f0d490_z.jpg,1,4
amusement,http://farm8.staticflickr.com/7061/6785482880_788f8a1805_z.jpg,1,4
amusement,http://farm4.staticflickr.com/3755/9730689274_90782b310a_z.jpg,5,0
amusement,http://farm3.staticflickr.com/2829/10011868916_7032e62e62_z.jpg,2,3
amusement,http://farm9.staticflickr.com/8546/8711831534_7dd1ba2b16_z.jpg,3,2
amusement,http://farm9.staticflickr.com/8482/8212088790_1d7611ba2c_z.jpg,5,0
amusement,http://farm3.staticflickr.com/2931/13996185606_e14324baee_z.jpg,1,4
amusement,http://farm8.staticflickr.com/7333/8721979308_2f42058f83_z.jpg,1,4
amusement,http://farm6.staticflickr.com/5442/10236933226_fbf28222b6_z.jpg,0,5
amusement,http://farm6.staticflickr.com/5334/7228807046_7d0aea633e_z.jpg,2,3
amusement,http://farm8.staticflickr.com/7316/12296495374_8c44f303ec_z.jpg,4,1
amusement,http://farm8.staticflickr.com/7280/7609561206_7b3a2b603a_z.jpg,1,4
amusement,http://farm4.staticflickr.com/3659/5844067174_e2601c5551_z.jpg,2,3
amusement,http://farm9.staticflickr.com/8306/7812828022_e08d3a290c_z.jpg,0,5
amusement,http://farm3.staticflickr.com/2898/14038682227_69de29072d_z.jpg,3,2
amusement,http://farm4.staticflickr.com/3750/11283806973_432e96edf6_z.jpg,5,0
amusement,http://farm4.staticflickr.com/3808/9482996156_f486902789_z.jpg,3,2
amusement,http://farm9.staticflickr.com/8503/8279790501_285b54d833_z.jpg,2,3
amusement,http://farm9.staticflickr.com/8172/8023771161_5e4ed69c55_z.jpg,1,4
amusement,http://farm8.staticflickr.com/7347/11158799416_eae9dbd722_z.jpg,1,4
amusement,http://farm9.staticflickr.com/8144/7515970978_720765d406_z.jpg,0,5
amusement,http://farm9.staticflickr.com/8187/8423688599_5f84d16695_z.jpg,5,0
amusement,http://farm8.staticflickr.com/7560/15821822785_5afc1f0628_z.jpg,4,1
amusement,http://farm6.staticflickr.com/5595/14242003556_cf0ee34891_z.jpg,1,4
amusement,http://farm8.staticflickr.com/7350/9132361824_404dd183cf_z.jpg,3,2
amusement,http://farm9.staticflickr.com/8391/8679690071_091ec6db14_z.jpg,3,2
amusement,http://farm9.staticflickr.com/8099/8481993109_15209b86fc_z.jpg,5,0
amusement,http://farm6.staticflickr.com/5527/9561133273_2b89f744b6_z.jpg,1,4
amusement,http://farm8.staticflickr.com/7398/9570919289_34c2873032_z.jpg,1,4
amusement,http://farm9.staticflickr.com/8492/8374314256_b52e3eda0f_z.jpg,3,2
amusement,http://farm8.staticflickr.com/7076/7405338206_dd6054527d_z.jpg,2,3
amusement,http://farm8.staticflickr.com/7353/12150090794_f2d5846324_z.jpg,3,2
amusement,http://farm8.staticflickr.com/7347/8963029697_2868c20cfb_z.jpg,3,2
amusement,http://farm9.staticflickr.com/8309/8057867240_e724afc290_z.jpg,1,4
amusement,http://farm9.staticflickr.com/8081/8289498429_b61fc88249_z.jpg,5,0
amusement,http://farm4.staticflickr.com/3878/14642622590_f83c166ee4_z.jpg,2,3
amusement,http://farm3.staticflickr.com/2940/13962600358_96920e155a_z.jpg,2,3
amusement,http://farm6.staticflickr.com/5331/9456728492_c88a226833_z.jpg,1,4
amusement,http://farm6.staticflickr.com/5466/9398324868_5a86858567_z.jpg,3,2
amusement,http://farm8.staticflickr.com/7107/7517388964_ae5d43078b_z.jpg,5,0
amusement,http://farm4.staticflickr.com/3678/11791556363_e4af70b44d_z.jpg,2,3
amusement,http://farm3.staticflickr.com/2883/8750066499_a6254109d9_z.jpg,3,2
amusement,http://farm9.staticflickr.com/8147/7491585876_65b7860d67_z.jpg,0,5
amusement,http://farm8.staticflickr.com/7346/8849251564_9f0f7e6d6a_z.jpg,5,0
amusement,http://farm8.staticflickr.com/7188/6865690134_d3f1cc4914_z.jpg,5,0
amusement,http://farm9.staticflickr.com/8477/8245100812_0323492834_z.jpg,5,0
amusement,http://farm9.staticflickr.com/8034/7900613748_162f6b7efc_z.jpg,5,0
amusement,http://farm9.staticflickr.com/8170/8011514182_12ca7e016a_z.jpg,4,1
amusement,http://farm8.staticflickr.com/7329/9017328029_77242af214_z.jpg,0,5
amusement,http://farm8.staticflickr.com/7260/6882389634_3153247357_z.jpg,3,2
amusement,http://farm8.staticflickr.com/7422/8726673958_2b1dd8a1c4_z.jpg,1,4
amusement,http://farm9.staticflickr.com/8024/7502124196_2c1ac61674_z.jpg,5,0
amusement,http://farm9.staticflickr.com/8069/8244255434_c2ba14b670_z.jpg,3,2
amusement,http://farm8.staticflickr.com/7279/6885475424_e88120a47f_z.jpg,0,5
amusement,http://farm4.staticflickr.com/3789/9590248724_1f03d49117_z.jpg,3,2
amusement,http://farm8.staticflickr.com/7335/10832607546_e513ee7164_z.jpg,1,4
amusement,http://farm3.staticflickr.com/2842/9541388287_0650283257_z.jpg,0,5
amusement,http://farm6.staticflickr.com/5468/9213883735_71b18de8f5_z.jpg,2,3
amusement,http://farm8.staticflickr.com/7129/7472273612_c413f0c166_z.jpg,3,2
amusement,http://farm9.staticflickr.com/8441/7886384794_df397976fb_z.jpg,3,2
amusement,http://farm4.staticflickr.com/3753/9224542199_f6cb4c51c2_z.jpg,3,2
amusement,http://farm8.staticflickr.com/7152/6790437863_34b17e28be_z.jpg,3,2
amusement,http://farm4.staticflickr.com/3782/11853433565_ed6a61f7da_z.jpg,5,0
amusement,http://farm9.staticflickr.com/8354/8294909848_f687ace39a_z.jpg,4,1
amusement,http://farm4.staticflickr.com/3757/9325416413_f67caee1e5_z.jpg,3,2
amusement,http://farm9.staticflickr.com/8394/8693542257_e9a762f738_z.jpg,5,0
amusement,http://farm8.staticflickr.com/7381/11060432875_3e6691c859_z.jpg,5,0
amusement,http://farm4.staticflickr.com/3956/15354804308_7a1c261cb4_z.jpg,4,1
amusement,http://farm9.staticflickr.com/8190/8086789259_973e7fcfbd_z.jpg,5,0
amusement,http://farm8.staticflickr.com/7217/7219824002_df8b3d353c_z.jpg,3,2
amusement,http://farm6.staticflickr.com/5540/11061378815_1c15b5d5b6_z.jpg,5,0
amusement,http://farm8.staticflickr.com/7416/9737048736_eb54a6d5fc_z.jpg,1,4
amusement,http://farm9.staticflickr.com/8090/8574570268_fbe875eba4_z.jpg,4,1
amusement,http://farm9.staticflickr.com/8236/8461538790_84d4d35666_z.jpg,5,0
amusement,http://farm8.staticflickr.com/7413/11090018556_d958d4ee5d_z.jpg,5,0
amusement,http://farm9.staticflickr.com/8465/8375390982_c91a079a4e_z.jpg,2,3
amusement,http://farm9.staticflickr.com/8152/7154863577_bf68eb99d9_z.jpg,4,1
amusement,http://farm3.staticflickr.com/2874/12666221334_8e23e4f199_z.jpg,2,2
amusement,http://farm9.staticflickr.com/8333/8126181496_3794718f05_z.jpg,4,1
amusement,http://farm9.staticflickr.com/8076/8393830688_ecbeaf339c_z.jpg,5,0
amusement,http://farm3.staticflickr.com/2835/10011055935_c3e3c944da_z.jpg,0,5
amusement,http://farm3.staticflickr.com/2875/10045364176_a2576f7742_z.jpg,5,0
amusement,http://farm8.staticflickr.com/7305/9618726575_d48c97ae56_z.jpg,1,4
amusement,http://farm9.staticflickr.com/8294/7598732154_728f72048d_z.jpg,2,3
amusement,http://farm6.staticflickr.com/5541/11734252545_0fd4f44c44_z.jpg,5,0
amusement,http://farm6.staticflickr.com/5335/10249009976_09c9af01af_z.jpg,4,1
amusement,http://farm9.staticflickr.com/8282/7836532484_44a31beb1e_z.jpg,2,3
amusement,http://farm6.staticflickr.com/5555/15109317262_f395545ed2_z.jpg,1,4
amusement,http://farm3.staticflickr.com/2843/9297685152_a9c613eeaf_z.jpg,2,3
amusement,http://farm8.staticflickr.com/7231/7207978966_cd9f3cc347_z.jpg,3,2
amusement,http://farm4.staticflickr.com/3828/11460535466_3020b6032a_z.jpg,5,0
amusement,http://farm8.staticflickr.com/7447/12420613155_54b7d6a679_z.jpg,5,0
amusement,http://farm8.staticflickr.com/7325/10873362896_36eeb40aaa_z.jpg,0,5
amusement,http://farm6.staticflickr.com/5467/9641366529_95a06fc117_z.jpg,2,3
amusement,http://farm8.staticflickr.com/7184/13748735614_5c85741b73_z.jpg,4,1
amusement,http://farm9.staticflickr.com/8438/7792641438_5288506c33_z.jpg,1,4
amusement,http://farm8.staticflickr.com/7127/7124949965_2eefc1eafb_z.jpg,0,5
amusement,http://farm4.staticflickr.com/3789/13668796094_93dcaf47dc_z.jpg,3,2
amusement,http://farm9.staticflickr.com/8100/8626386041_63f9005670_z.jpg,0,5
amusement,http://farm6.staticflickr.com/5160/7048949637_660072f007_z.jpg,4,1
amusement,http://farm8.staticflickr.com/7193/6865780610_a85e05d916_z.jpg,5,0
amusement,http://farm8.staticflickr.com/7098/7287604146_0890696969_z.jpg,1,4
amusement,http://farm8.staticflickr.com/7438/8838192660_768f17c89d_z.jpg,1,4
amusement,http://farm8.staticflickr.com/7055/6982236263_221598f534_z.jpg,2,3
amusement,http://farm8.staticflickr.com/7431/12597167944_e84a519f10_z.jpg,5,0
amusement,http://farm9.staticflickr.com/8107/8471943336_7e43e51d74_z.jpg,5,0
amusement,http://farm9.staticflickr.com/8354/8282871428_e4326d8ac4_z.jpg,5,0
amusement,http://farm9.staticflickr.com/8190/8138674942_f844202f9b_z.jpg,4,1
amusement,http://farm8.staticflickr.com/7050/6881961770_0dfbbf71da_z.jpg,2,3
amusement,http://farm8.staticflickr.com/7078/7154473745_0841a52886_z.jpg,1,4
amusement,http://farm8.staticflickr.com/7109/7471988324_2ae6a34ce7_z.jpg,5,0
amusement,http://farm9.staticflickr.com/8251/8469570850_8e43df1d2d_z.jpg,3,2
amusement,http://farm8.staticflickr.com/7436/14161103092_6df0800d01_z.jpg,2,3
amusement,http://farm9.staticflickr.com/8177/8058889063_548e18ba99_z.jpg,2,3
amusement,http://farm9.staticflickr.com/8350/8261906393_1e433b16ec_z.jpg,5,0
amusement,http://farm3.staticflickr.com/2883/9094119158_db4ff6f510_z.jpg,3,2
amusement,http://farm9.staticflickr.com/8179/8045560056_bebceed137_z.jpg,5,0
amusement,http://farm6.staticflickr.com/5502/10238431255_27f8d103a3_z.jpg,4,1
amusement,http://farm8.staticflickr.com/7554/16090172851_cd0b374c06_z.jpg,4,1
amusement,http://farm9.staticflickr.com/8264/8670269579_80b324ccd0_z.jpg,2,3
amusement,http://farm8.staticflickr.com/7097/7282357232_2113953627_z.jpg,5,0
amusement,http://farm9.staticflickr.com/8150/7567274956_6efcf488c1_z.jpg,1,4
amusement,http://farm8.staticflickr.com/7316/9615757917_cb0d4252dd_z.jpg,2,3
amusement,http://farm4.staticflickr.com/3775/12439556544_ce2dc2ed5e_z.jpg,4,1
amusement,http://farm8.staticflickr.com/7133/7472093978_c6e317eb59_z.jpg,1,4
amusement,http://farm9.staticflickr.com/8092/8411550159_ac9f987690_z.jpg,5,0
amusement,http://farm8.staticflickr.com/7038/6991453037_b0a9d903f1_z.jpg,3,2
amusement,http://farm8.staticflickr.com/7258/8152441167_9362373407_z.jpg,5,0
amusement,http://farm8.staticflickr.com/7310/10337141806_208deaaf3b_z.jpg,5,0
amusement,http://farm9.staticflickr.com/8045/8140413871_a5d2faee81_z.jpg,2,3
amusement,http://farm9.staticflickr.com/8172/8039554600_7ac34bfb32_z.jpg,0,5
amusement,http://farm4.staticflickr.com/3695/12082144293_b977157f5c_z.jpg,4,1
amusement,http://farm8.staticflickr.com/7363/12665912223_638e1bacf1_z.jpg,1,4
amusement,http://farm4.staticflickr.com/3718/11956544864_b6687b2501_z.jpg,5,0
amusement,http://farm8.staticflickr.com/7242/7310982812_0d3809c624_z.jpg,1,4
amusement,http://farm4.staticflickr.com/3714/9130565460_5bdec423ab_z.jpg,2,3
amusement,http://farm9.staticflickr.com/8469/8134973654_cee21de322_z.jpg,5,0
amusement,http://farm6.staticflickr.com/5471/10794060973_e08d1d2e28_z.jpg,4,1
amusement,http://farm9.staticflickr.com/8507/8583046733_4351c7362e_z.jpg,1,4
amusement,http://farm9.staticflickr.com/8471/8445091423_baacb072b8_z.jpg,5,0
amusement,http://farm4.staticflickr.com/3714/10758832064_0508305523_z.jpg,0,5
amusement,http://farm8.staticflickr.com/7050/6859124247_bcdca09ea1_z.jpg,5,0
amusement,http://farm9.staticflickr.com/8446/7901166612_c3896ae80f_z.jpg,4,1
amusement,http://farm4.staticflickr.com/3738/10237150176_573c89a2c4_z.jpg,1,4
amusement,http://farm3.staticflickr.com/2920/13682691215_fbc562eef1_z.jpg,4,1
amusement,http://farm6.staticflickr.com/5551/14941848466_eab4b83b08_z.jpg,2,3
amusement,http://farm8.staticflickr.com/7335/9338817872_b18efb9266_z.jpg,3,2
amusement,http://farm8.staticflickr.com/7209/6893351049_b4960c5f9f_z.jpg,3,2
amusement,http://farm8.staticflickr.com/7104/7364037410_f69cc54d41_z.jpg,1,4
amusement,http://farm8.staticflickr.com/7109/7812873962_f1ba316ec1_z.jpg,5,0
amusement,http://farm6.staticflickr.com/5340/9423048418_e4edc725ac_z.jpg,3,2
amusement,http://farm3.staticflickr.com/2815/12084840103_e5728968a9_z.jpg,1,4
amusement,http://farm6.staticflickr.com/5348/9502438518_de6b8ee8b1_z.jpg,5,0
amusement,http://farm8.staticflickr.com/7073/7067282755_b42a2eb46d_z.jpg,5,0
amusement,http://farm6.staticflickr.com/5501/11097108475_8636064f22_z.jpg,5,0
amusement,http://farm9.staticflickr.com/8421/7794964044_58417c9239_z.jpg,2,3
amusement,http://farm4.staticflickr.com/3744/9100395455_2e1a0bf8e5_z.jpg,2,3
amusement,http://farm8.staticflickr.com/7313/9976665435_8fccb40f10_z.jpg,4,1
amusement,http://farm8.staticflickr.com/7358/10116260466_abd998de36_z.jpg,5,0
amusement,http://farm9.staticflickr.com/8028/7162308099_6d20099f8e_z.jpg,2,3
amusement,http://farm8.staticflickr.com/7131/7471799634_be120cc3d0_z.jpg,1,4
amusement,http://farm8.staticflickr.com/7458/10841429364_098679170f_z.jpg,1,4
amusement,http://farm8.staticflickr.com/7030/6800800919_7d5852f16e_z.jpg,1,4
amusement,http://farm4.staticflickr.com/3736/11163900585_c0246a58bc_z.jpg,5,0
amusement,http://farm3.staticflickr.com/2848/12387015144_5cfe058f6c_z.jpg,2,3
amusement,http://farm4.staticflickr.com/3825/10618341635_ccfc4c5534_z.jpg,5,0
amusement,http://farm8.staticflickr.com/7130/7596268332_0c20e4d52d_z.jpg,5,0
amusement,http://farm6.staticflickr.com/5542/9728164107_3f13de1b1d_z.jpg,4,1
amusement,http://farm9.staticflickr.com/8448/7883559954_64513c87d6_z.jpg,5,0
amusement,http://farm9.staticflickr.com/8453/7993558606_09e9a770e0_z.jpg,1,4
amusement,http://farm9.staticflickr.com/8186/8093133873_c73c8e2726_z.jpg,5,0
amusement,http://farm9.staticflickr.com/8288/7720444914_2434eabcaf_z.jpg,2,3
amusement,http://farm9.staticflickr.com/8285/7668504994_e7c1d7399a_z.jpg,5,0
amusement,http://farm3.staticflickr.com/2863/8934582447_aec4a1ba79_z.jpg,3,2
amusement,http://farm8.staticflickr.com/7135/7849469702_c0b0c2953c_z.jpg,5,0
amusement,http://farm8.staticflickr.com/7350/15891916094_d8a78e7778_z.jpg,0,5
amusement,http://farm3.staticflickr.com/2934/14244756405_68fc94b50c_z.jpg,1,4
amusement,http://farm6.staticflickr.com/5511/9342644252_d6185bf936_z.jpg,0,5
amusement,http://farm8.staticflickr.com/7445/10393180013_50b7361689_z.jpg,2,3
amusement,http://farm8.staticflickr.com/7077/7174330315_43e44fc67b_z.jpg,1,4
amusement,http://farm8.staticflickr.com/7052/8687747157_9753795864_z.jpg,1,4
amusement,http://farm6.staticflickr.com/5323/8932121301_1bd85064fe_z.jpg,0,5
amusement,http://farm4.staticflickr.com/3782/9279568171_a99ee75bbe_z.jpg,3,2
amusement,http://farm3.staticflickr.com/2819/12221572833_0012d274f4_z.jpg,4,1
amusement,http://farm8.staticflickr.com/7409/12738750843_b0e8835f08_z.jpg,5,0
amusement,http://farm3.staticflickr.com/2860/9336080089_24f9fe4296_z.jpg,5,0
amusement,http://farm9.staticflickr.com/8150/7612569290_23fec2e551_z.jpg,4,1
amusement,http://farm9.staticflickr.com/8026/7537162784_aa5fdfbd66_z.jpg,3,2
amusement,http://farm8.staticflickr.com/7452/13636206904_550c4ff4ba_z.jpg,5,0
amusement,http://farm6.staticflickr.com/5520/10588330614_27ec21389b_z.jpg,1,4
amusement,http://farm9.staticflickr.com/8359/8306006087_f16122c51f_z.jpg,5,0
amusement,http://farm9.staticflickr.com/8486/8256355057_b5ab0a8b56_z.jpg,3,2
amusement,http://farm4.staticflickr.com/3787/8841230569_39213a2eab_z.jpg,3,2
amusement,http://farm9.staticflickr.com/8186/8075813508_23b266c36e_z.jpg,5,0
amusement,http://farm9.staticflickr.com/8205/8216642546_3198c45a75_z.jpg,2,3
amusement,http://farm9.staticflickr.com/8470/8094703828_f36f0c00cb_z.jpg,3,2
amusement,http://farm9.staticflickr.com/8118/8917412415_8aac11246b_z.jpg,0,5
amusement,http://farm3.staticflickr.com/2812/9960318696_1bc4d105cb_z.jpg,0,5
amusement,http://farm8.staticflickr.com/7082/7360865478_e63a8f602b_z.jpg,3,2
amusement,http://farm9.staticflickr.com/8031/8060393602_f64434620e_z.jpg,1,4
amusement,http://farm3.staticflickr.com/2939/14023545443_db7fc79a8f_z.jpg,3,2
amusement,http://farm8.staticflickr.com/7465/15995362546_7ea314a43b_z.jpg,4,1
amusement,http://farm9.staticflickr.com/8535/8635583088_6b8175592a_z.jpg,2,3
amusement,http://farm3.staticflickr.com/2922/14739304986_9570c0bd1e_z.jpg,3,2
amusement,http://farm8.staticflickr.com/7060/6836114676_ee547297e2_z.jpg,1,4
amusement,http://farm6.staticflickr.com/5513/10339520916_76a7b16788_z.jpg,2,3
amusement,http://farm9.staticflickr.com/8059/8185892461_ae4bfcdb84_z.jpg,0,5
amusement,http://farm6.staticflickr.com/5525/9186047203_c09b375683_z.jpg,1,4
amusement,http://farm6.staticflickr.com/5034/14013370551_92e0fa3105_z.jpg,4,1
amusement,http://farm9.staticflickr.com/8480/8202685341_ea45540dce_z.jpg,5,0
amusement,http://farm8.staticflickr.com/7078/7219879490_a1e988fb6c_z.jpg,2,3
amusement,http://farm8.staticflickr.com/7269/8154799624_cb9bb7bd13_z.jpg,5,0
amusement,http://farm6.staticflickr.com/5505/9196170279_4e9019abe7_z.jpg,2,3
amusement,http://farm4.staticflickr.com/3685/13146772715_7855102780_z.jpg,5,0
amusement,http://farm6.staticflickr.com/5348/8750263516_111b3dbb68_z.jpg,5,0
amusement,http://farm6.staticflickr.com/5312/14322820455_df7cd51e33_z.jpg,4,1
amusement,http://farm8.staticflickr.com/7332/13859052174_1bcf81dae7_z.jpg,0,5
amusement,http://farm8.staticflickr.com/7256/7743374938_47db0beddd_z.jpg,4,1
amusement,http://farm4.staticflickr.com/3804/9333599501_1f2e900e25_z.jpg,4,1
amusement,http://farm9.staticflickr.com/8111/8512333382_2c6d23d3f1_z.jpg,5,0
amusement,http://farm8.staticflickr.com/7325/12665738535_196a5fcd47_z.jpg,0,5
amusement,http://farm9.staticflickr.com/8451/8029209280_a10dde7b2a_z.jpg,0,5
amusement,http://farm4.staticflickr.com/3700/12450521335_2a483c3498_z.jpg,5,0
amusement,http://farm3.staticflickr.com/2828/10010378054_1cb4e883fc_z.jpg,1,4
amusement,http://farm8.staticflickr.com/7094/7160145865_1430bc3831_z.jpg,3,2
amusement,http://farm9.staticflickr.com/8320/8006672871_159461dc52_z.jpg,3,2
amusement,http://farm8.staticflickr.com/7087/7202046746_84b78e6d3f_z.jpg,2,2
amusement,http://farm4.staticflickr.com/3758/10449850214_994543ecbd_z.jpg,5,0
amusement,http://farm9.staticflickr.com/8254/8661601655_b2b1a1799a_z.jpg,4,1
amusement,http://farm8.staticflickr.com/7289/12113479164_277a426ec5_z.jpg,5,0
amusement,http://farm9.staticflickr.com/8425/7621646128_e0a30f3327_z.jpg,3,2
amusement,http://farm9.staticflickr.com/8456/8028364395_7416625b1f_z.jpg,5,0
amusement,http://farm3.staticflickr.com/2899/14199820605_fe03b18fd3_z.jpg,5,0
amusement,http://farm9.staticflickr.com/8310/7981512825_99d79eb879_z.jpg,4,1
amusement,http://farm9.staticflickr.com/8047/8146926447_14506147b9_z.jpg,5,0
amusement,http://farm8.staticflickr.com/7424/12047621126_c5c2220d82_z.jpg,1,4
amusement,http://farm9.staticflickr.com/8521/8601499223_3005c80910_z.jpg,1,4
amusement,http://farm8.staticflickr.com/7439/10562028444_3ea98e41c7_z.jpg,4,1
amusement,http://farm9.staticflickr.com/8007/7473726576_1a6c32f9c3_z.jpg,2,3
amusement,http://farm3.staticflickr.com/2925/14398902155_50af56f613_z.jpg,4,1
amusement,http://farm8.staticflickr.com/7019/6776801169_7f762ab323_z.jpg,3,2
amusement,http://farm4.staticflickr.com/3679/11264913613_ba1d0981fd_z.jpg,5,0
amusement,http://farm8.staticflickr.com/7141/6832440333_9612d1b436_z.jpg,2,3
amusement,http://farm6.staticflickr.com/5530/9279370705_2df8da2311_z.jpg,1,4
amusement,http://farm8.staticflickr.com/7394/9492849763_9c3a91b3a3_z.jpg,4,1
amusement,http://farm3.staticflickr.com/2830/10297142473_0007a40b05_z.jpg,4,0
amusement,http://farm3.staticflickr.com/2870/8755873798_c24e46ff0c_z.jpg,3,2
amusement,http://farm8.staticflickr.com/7388/12492014934_08260fb72b_z.jpg,5,0
amusement,http://farm8.staticflickr.com/7433/8768785157_8c12a4eb5a_z.jpg,0,5
amusement,http://farm4.staticflickr.com/3749/10099978534_4dd5492159_z.jpg,4,1
amusement,http://farm9.staticflickr.com/8303/7808575348_e9182b2a94_z.jpg,0,5
amusement,http://farm8.staticflickr.com/7436/9581038370_7b71919581_z.jpg,5,0
amusement,http://farm3.staticflickr.com/2829/9631453335_7cf7ccc3e5_z.jpg,3,2
amusement,http://farm8.staticflickr.com/7447/10289050654_5bcc0ceace_z.jpg,1,4
amusement,http://farm8.staticflickr.com/7190/13511704084_6a34a20573_z.jpg,1,4
amusement,http://farm8.staticflickr.com/7180/6948151961_aaea7a3b7e_z.jpg,4,1
amusement,http://farm8.staticflickr.com/7034/6798775305_d2e1ff5f35_z.jpg,2,3
amusement,http://farm8.staticflickr.com/7245/7162901725_9fb852d1e3_z.jpg,1,4
amusement,http://farm8.staticflickr.com/7083/7246595968_8bf8c3392b_z.jpg,1,4
amusement,http://farm6.staticflickr.com/5331/9459412227_e6930a798b_z.jpg,2,3
amusement,http://farm4.staticflickr.com/3864/14364000931_398af29c6f_z.jpg,5,0
amusement,http://farm9.staticflickr.com/8011/7143931913_6db906f8d6_z.jpg,0,5
amusement,http://farm8.staticflickr.com/7278/7560133620_3d97537e98_z.jpg,2,3
amusement,http://farm8.staticflickr.com/7427/8724569524_a604d0b797_z.jpg,1,4
amusement,http://farm8.staticflickr.com/7370/14003946390_1e848275d5_z.jpg,3,2
amusement,http://farm6.staticflickr.com/5533/10665276493_9776f105a3_z.jpg,1,3
amusement,http://farm9.staticflickr.com/8009/7537074812_6bc0f55f27_z.jpg,4,1
amusement,http://farm9.staticflickr.com/8351/8360878669_cf9dc23e61_z.jpg,2,3
amusement,http://farm4.staticflickr.com/3852/14459517404_f8dc02e452_z.jpg,1,4
amusement,http://farm9.staticflickr.com/8577/16247117282_205e224f7a_z.jpg,3,2
amusement,http://farm3.staticflickr.com/2843/10957874845_29c82f0ffc_z.jpg,5,0
amusement,http://farm9.staticflickr.com/8143/7595545366_a6ecc6d9c5_z.jpg,2,3
amusement,http://farm9.staticflickr.com/8462/8041198899_1a3e350da7_z.jpg,4,1
amusement,http://farm8.staticflickr.com/7242/13508899154_6a3ba1136d_z.jpg,2,3
amusement,http://farm3.staticflickr.com/2894/9584883864_1615e8d1f7_z.jpg,0,5
amusement,http://farm8.staticflickr.com/7422/8720781007_54876dabfd_z.jpg,0,5
amusement,http://farm8.staticflickr.com/7129/7543598620_fa25aab803_z.jpg,1,4
amusement,http://farm8.staticflickr.com/7221/7170998517_4f2acf1243_z.jpg,4,1
amusement,http://farm9.staticflickr.com/8454/7886370256_9b14c45b00_z.jpg,2,3
amusement,http://farm6.staticflickr.com/5469/10276702336_e493ff0d4d_z.jpg,5,0
amusement,http://farm8.staticflickr.com/7097/7184679936_9f5d32029f_z.jpg,0,4
amusement,http://farm9.staticflickr.com/8135/8750854439_cc60764c53_z.jpg,1,4
amusement,http://farm8.staticflickr.com/7092/7277318414_87aba713b4_z.jpg,0,5
amusement,http://farm6.staticflickr.com/5325/9271218837_94d0b27fb0_z.jpg,5,0
amusement,http://farm8.staticflickr.com/7116/7732246760_ba47e60d52_z.jpg,3,2
amusement,http://farm8.staticflickr.com/7574/15855713140_0e727f963d_z.jpg,4,1
amusement,http://farm8.staticflickr.com/7390/10289799156_f2595006d0_z.jpg,1,4
amusement,http://farm9.staticflickr.com/8367/8574500552_3449ceb939_z.jpg,5,0
amusement,http://farm8.staticflickr.com/7419/8726108161_4104502fcf_z.jpg,5,0
amusement,http://farm6.staticflickr.com/5498/11079821424_3908789f54_z.jpg,5,0
amusement,http://farm8.staticflickr.com/7063/7015882657_422d82a782_z.jpg,5,0
amusement,http://farm6.staticflickr.com/5455/9720762851_78e8cc5c2d_z.jpg,3,2
amusement,http://farm6.staticflickr.com/5509/10285712674_5afa54463c_z.jpg,2,3
amusement,http://farm8.staticflickr.com/7118/7713990334_c979ea1624_z.jpg,0,5
amusement,http://farm8.staticflickr.com/7330/11824430036_8121c77e59_z.jpg,5,0
amusement,http://farm4.staticflickr.com/3820/10175608386_a61a5b0b7a_z.jpg,4,1
amusement,http://farm4.staticflickr.com/3900/14227066497_d4841692ce_z.jpg,0,5
amusement,http://farm9.staticflickr.com/8461/7896948152_bbbe9b6730_z.jpg,2,3
amusement,http://farm8.staticflickr.com/7038/6891539253_84cbc7b4b1_z.jpg,3,2
amusement,http://farm9.staticflickr.com/8118/8656201156_f3bfcec120_z.jpg,3,1
amusement,http://farm8.staticflickr.com/7315/9290805668_10cd159683_z.jpg,4,1
amusement,http://farm4.staticflickr.com/3689/8759925792_c8dd477e2a_z.jpg,5,0
amusement,http://farm9.staticflickr.com/8525/8511260447_205f2fc628_z.jpg,2,3
amusement,http://farm6.staticflickr.com/5456/7184053919_5b9176b708_z.jpg,5,0
amusement,http://farm4.staticflickr.com/3699/13236348903_dcac2ab47d_z.jpg,0,5
amusement,http://farm7.staticflickr.com/6103/7036680909_c0834267b9_z.jpg,5,0
amusement,http://farm9.staticflickr.com/8158/7683185630_b2ebdf4992_z.jpg,5,0
amusement,http://farm8.staticflickr.com/7346/10722612504_7c7f79fc87_z.jpg,5,0
amusement,http://farm9.staticflickr.com/8324/8134882886_e4dfdac815_z.jpg,1,4
amusement,http://farm4.staticflickr.com/3739/11012472993_968af92eda_z.jpg,0,5
amusement,http://farm8.staticflickr.com/7089/7176847019_f577d1fe1a_z.jpg,2,3
amusement,http://farm8.staticflickr.com/7082/13789306155_b7d46a7bb5_z.jpg,0,4
amusement,http://farm8.staticflickr.com/7079/7285123214_cc4c98719b_z.jpg,3,2
amusement,http://farm9.staticflickr.com/8256/8665851439_7fdcd51432_z.jpg,1,4
amusement,http://farm3.staticflickr.com/2895/14070595679_4ff903148c_z.jpg,2,3
amusement,http://farm9.staticflickr.com/8148/7611503692_068041084d_z.jpg,5,0
amusement,http://farm3.staticflickr.com/2928/13539740413_f8548769e2_z.jpg,4,1
amusement,http://farm8.staticflickr.com/7450/16478852545_b3d671b395_z.jpg,0,5
amusement,http://farm8.staticflickr.com/7106/7471846236_c108870b20_z.jpg,1,4
amusement,http://farm8.staticflickr.com/7395/11283353055_66deb7a945_z.jpg,3,2
amusement,http://farm8.staticflickr.com/7299/8746814351_83b6a80df4_z.jpg,2,3
amusement,http://farm9.staticflickr.com/8115/8627342354_cf90669224_z.jpg,5,0
amusement,http://farm8.staticflickr.com/7290/12575313534_2734d9fca7_z.jpg,5,0
amusement,http://farm9.staticflickr.com/8053/8138787331_1ae4a4fb0f_z.jpg,4,1
amusement,http://farm4.staticflickr.com/3786/9620310061_efacca3baf_z.jpg,5,0
amusement,http://farm8.staticflickr.com/7129/7836239000_7528ae412f_z.jpg,1,4
amusement,http://farm9.staticflickr.com/8203/8244251552_855ec6342d_z.jpg,4,1
amusement,http://farm6.staticflickr.com/5534/10378123653_f9ca5c356c_z.jpg,3,2
amusement,http://farm4.staticflickr.com/3744/9192706117_79254b2675_z.jpg,1,4
amusement,http://farm8.staticflickr.com/7440/9588722414_c04534361f_z.jpg,2,3
amusement,http://farm6.staticflickr.com/5517/11843205503_01ed942ae5_z.jpg,5,0
amusement,http://farm6.staticflickr.com/5118/13887204359_4d1051dc6b_z.jpg,5,0
amusement,http://farm9.staticflickr.com/8244/8574621676_eafb0bac96_z.jpg,5,0
amusement,http://farm8.staticflickr.com/7252/7674677878_350a2be6e5_z.jpg,4,1
amusement,http://farm9.staticflickr.com/8425/7767307988_0475a30f0f_z.jpg,0,5
amusement,http://farm3.staticflickr.com/2892/10219080904_e2d1be7450_z.jpg,5,0
amusement,http://farm8.staticflickr.com/7208/6826933010_4a83d82556_z.jpg,1,4
amusement,http://farm8.staticflickr.com/7229/7192452578_11f562d8e1_z.jpg,4,1
amusement,http://farm9.staticflickr.com/8448/7901174022_e7edd0df30_z.jpg,4,1
amusement,http://farm9.staticflickr.com/8117/8650633197_30730d4642_z.jpg,0,5
amusement,http://farm8.staticflickr.com/7360/13040748725_b776cc1ded_z.jpg,4,1
amusement,http://farm9.staticflickr.com/8146/7653494744_6f90577a3b_z.jpg,5,0
amusement,http://farm9.staticflickr.com/8265/8699554891_313360fb6a_z.jpg,1,4
amusement,http://farm9.staticflickr.com/8324/8421642868_da65bb2d03_z.jpg,2,3
amusement,http://farm9.staticflickr.com/8350/8284982462_2ba1bc73db_z.jpg,4,1
amusement,http://farm9.staticflickr.com/8306/7816177348_32d5da7daa_z.jpg,0,5
amusement,http://farm9.staticflickr.com/8454/8029426180_1d05a2d3b7_z.jpg,5,0
amusement,http://farm9.staticflickr.com/8046/8126156127_9e3e017762_z.jpg,4,0
amusement,http://farm4.staticflickr.com/3749/14070525010_54228eb644_z.jpg,5,0
amusement,http://farm6.staticflickr.com/5320/13985542980_aff8fcdbef_z.jpg,4,1
amusement,http://farm8.staticflickr.com/7119/7771721212_823450d8dd_z.jpg,3,2
amusement,http://farm4.staticflickr.com/3824/9232409978_728c8dd595_z.jpg,5,0
amusement,http://farm9.staticflickr.com/8066/8180887414_a793cf12e0_z.jpg,5,0
amusement,http://farm6.staticflickr.com/5512/9990997714_b3d8e2971a_z.jpg,3,2
amusement,http://farm4.staticflickr.com/3717/11913013795_39d6086423_z.jpg,0,5
amusement,http://farm8.staticflickr.com/7132/7849386732_7e1f806ee0_z.jpg,5,0
amusement,http://farm8.staticflickr.com/7265/7833662500_237ae6747f_z.jpg,5,0
amusement,http://farm9.staticflickr.com/8350/8154773223_e0509234a5_z.jpg,4,1
amusement,http://farm4.staticflickr.com/3774/9727398289_25cb94534b_z.jpg,0,5
amusement,http://farm4.staticflickr.com/3685/9100022861_0bb27db827_z.jpg,4,1
amusement,http://farm3.staticflickr.com/2815/8948466488_2b98141f2f_z.jpg,4,1
amusement,http://farm8.staticflickr.com/7139/7498364792_7fbf008fbb_z.jpg,5,0
amusement,http://farm6.staticflickr.com/5509/9150236431_30eb32fcaa_z.jpg,2,3
amusement,http://farm8.staticflickr.com/7260/6871866510_4e758e51ba_z.jpg,4,0
amusement,http://farm6.staticflickr.com/5453/9860450155_590b4f5635_z.jpg,2,3
amusement,http://farm9.staticflickr.com/8235/8480326092_11fd05a6c7_z.jpg,2,3
amusement,http://farm3.staticflickr.com/2896/14000326901_c02d2f4eec_z.jpg,1,4
amusement,http://farm8.staticflickr.com/7040/6882040156_2aaf93f17d_z.jpg,4,1
amusement,http://farm4.staticflickr.com/3669/12386949473_8fa16f3c58_z.jpg,3,2
amusement,http://farm4.staticflickr.com/3792/14087711009_2d5ba19909_z.jpg,3,2
amusement,http://farm9.staticflickr.com/8211/8404481318_12c2a9de97_z.jpg,5,0
amusement,http://farm9.staticflickr.com/8184/8104324044_c7a680b4a4_z.jpg,0,5
amusement,http://farm9.staticflickr.com/8066/8185917878_29e0f89eaf_z.jpg,4,1
amusement,http://farm9.staticflickr.com/8516/8580528511_5e9e80944e_z.jpg,4,1
amusement,http://farm4.staticflickr.com/3794/9111293714_f01911dfe0_z.jpg,5,0
amusement,http://farm6.staticflickr.com/5476/9323620625_982d1e67a5_z.jpg,1,4
amusement,http://farm8.staticflickr.com/7357/12849417154_ed2634b0b9_z.jpg,5,0
amusement,http://farm6.staticflickr.com/5517/10269367544_7c5754e452_z.jpg,1,4
amusement,http://farm9.staticflickr.com/8179/7984996616_6e88b4bcf2_z.jpg,4,1
amusement,http://farm8.staticflickr.com/7240/7184152533_8087279a07_z.jpg,0,5
amusement,http://farm9.staticflickr.com/8118/8661372036_a2839dccc3_z.jpg,2,3
amusement,http://farm9.staticflickr.com/8035/8014683230_b61a36005e_z.jpg,5,0
amusement,http://farm9.staticflickr.com/8012/7699938194_0b2ed73d9d_z.jpg,0,5
amusement,http://farm4.staticflickr.com/3765/11246918276_37334c714b_z.jpg,5,0
amusement,http://farm8.staticflickr.com/7314/10737958145_8e4e17a342_z.jpg,3,2
amusement,http://farm8.staticflickr.com/7091/7313261514_ce59d72f06_z.jpg,4,1
amusement,http://farm6.staticflickr.com/5523/11973706165_9b9613eea8_z.jpg,1,4
amusement,http://farm8.staticflickr.com/7371/9759221303_5285b44f32_z.jpg,1,4
amusement,http://farm4.staticflickr.com/3741/9772911343_fefa5c8cee_z.jpg,1,4
amusement,http://farm9.staticflickr.com/8015/7396086608_1686bb0ff6_z.jpg,4,1
amusement,http://farm9.staticflickr.com/8521/8458633945_499ec1629b_z.jpg,3,2
amusement,http://farm3.staticflickr.com/2890/11319393766_d6e1a94d7a_z.jpg,3,2
amusement,http://farm3.staticflickr.com/2860/9279497919_7b6f3859bb_z.jpg,2,3
amusement,http://farm4.staticflickr.com/3766/10738332644_89d312eb95_z.jpg,5,0
amusement,http://farm3.staticflickr.com/2887/9566722452_8cd29e91c3_z.jpg,4,1
amusement,http://farm9.staticflickr.com/8366/8462889221_14f55740a3_z.jpg,4,1
amusement,http://farm8.staticflickr.com/7112/7745096702_fb7b4cc332_z.jpg,1,4
amusement,http://farm8.staticflickr.com/7225/7066414833_e8741dd218_z.jpg,5,0
amusement,http://farm8.staticflickr.com/7126/7645248144_cfb6eab40e_z.jpg,5,0
amusement,http://farm8.staticflickr.com/7575/15765921609_7653eaf74c_z.jpg,4,1
amusement,http://farm8.staticflickr.com/7410/9111432280_2491ae1822_z.jpg,5,0
amusement,http://farm6.staticflickr.com/5348/9731065266_dd1233e33f_z.jpg,5,0
amusement,http://farm8.staticflickr.com/7126/13973368851_64099f51e2_z.jpg,0,5
amusement,http://farm9.staticflickr.com/8283/7497832990_39cea5e608_z.jpg,5,0
amusement,http://farm8.staticflickr.com/7335/12972654514_f99d3e4b4b_z.jpg,2,3
amusement,http://farm6.staticflickr.com/5447/7228343798_49e68a7390_z.jpg,3,2
amusement,http://farm6.staticflickr.com/5492/12542662813_735407e859_z.jpg,2,3
amusement,http://farm8.staticflickr.com/7224/7349878016_7edf714d70_z.jpg,5,0
amusement,http://farm9.staticflickr.com/8660/15994917481_eae719b0b8_z.jpg,5,0
amusement,http://farm8.staticflickr.com/7103/7378425450_8d2d71ca43_z.jpg,3,2
amusement,http://farm6.staticflickr.com/5487/9232112408_a6b484fe3a_z.jpg,1,4
amusement,http://farm4.staticflickr.com/3725/9582111465_b62fb859c8_z.jpg,1,4
amusement,http://farm8.staticflickr.com/7048/8690468686_279245de80_z.jpg,1,4
amusement,http://farm4.staticflickr.com/3727/12513133713_6f2cc38853_z.jpg,2,3
amusement,http://farm3.staticflickr.com/2924/14333410535_f123afaf65_z.jpg,0,5
amusement,http://farm8.staticflickr.com/7127/13698705714_5bb276f58c_z.jpg,2,3
amusement,http://farm6.staticflickr.com/5349/7098057979_1f90ed2a7a_z.jpg,2,3
amusement,http://farm4.staticflickr.com/3893/14747900729_43176e8925_z.jpg,5,0
amusement,http://farm9.staticflickr.com/8245/8661601575_8d3645678f_z.jpg,5,0
amusement,http://farm8.staticflickr.com/7571/15906047659_7559cb69a2_z.jpg,5,0
amusement,http://farm3.staticflickr.com/2864/10958109153_2833d3aa6a_z.jpg,4,1
amusement,http://farm9.staticflickr.com/8469/8097334323_34b4ffbd80_z.jpg,2,3
amusement,http://farm8.staticflickr.com/7217/7293537168_e58ecf8872_z.jpg,3,2
amusement,http://farm6.staticflickr.com/5080/7194858070_f784c1368d_z.jpg,5,0
amusement,http://farm8.staticflickr.com/7202/6973495259_d6b2458414_z.jpg,5,0
amusement,http://farm8.staticflickr.com/7427/9768294772_5333d3257f_z.jpg,2,3
amusement,http://farm8.staticflickr.com/7459/11266992054_ef030fab95_z.jpg,2,3
amusement,http://farm8.staticflickr.com/7318/9102310306_d00587049d_z.jpg,2,2
amusement,http://farm9.staticflickr.com/8371/8414160522_86798197ee_z.jpg,4,1
amusement,http://farm6.staticflickr.com/5348/9662941922_1d29eda9e2_z.jpg,5,0
amusement,http://farm6.staticflickr.com/5327/9505759437_8b259db636_z.jpg,5,0
amusement,http://farm3.staticflickr.com/2845/8878049136_728ceb8c73_z.jpg,3,2
amusement,http://farm9.staticflickr.com/8067/8244607420_d6730da0af_z.jpg,2,3
amusement,http://farm3.staticflickr.com/2908/14022344144_4c3015a04c_z.jpg,5,0
amusement,http://farm9.staticflickr.com/8021/7449467300_d349e8913d_z.jpg,1,4
amusement,http://farm9.staticflickr.com/8445/7898534860_8a0e12ff6e_z.jpg,5,0
amusement,http://farm8.staticflickr.com/7428/12740143823_24326c8dca_z.jpg,5,0
amusement,http://farm4.staticflickr.com/3752/9260172850_44f2c9dd30_z.jpg,3,2
amusement,http://farm6.staticflickr.com/5535/12543234984_bcde608ea9_z.jpg,3,2
amusement,http://farm3.staticflickr.com/2917/14047480487_c9fca3fd39_z.jpg,1,3
amusement,http://farm3.staticflickr.com/2855/9282117070_c5272875cb_z.jpg,0,5
amusement,http://farm9.staticflickr.com/8168/7154823605_9ede384536_z.jpg,2,2
amusement,http://farm8.staticflickr.com/7199/6836093294_2e0925766e_z.jpg,0,5
amusement,http://farm9.staticflickr.com/8102/8459974104_e5262282ae_z.jpg,2,3
amusement,http://farm9.staticflickr.com/8055/8082146286_c499887905_z.jpg,5,0
amusement,http://farm9.staticflickr.com/8357/8312931498_f27256061a_z.jpg,5,0
amusement,http://farm9.staticflickr.com/8007/7249526200_0f48cc075b_z.jpg,4,0
amusement,http://farm8.staticflickr.com/7112/7548500898_cdcdccaa78_z.jpg,0,5
amusement,http://farm8.staticflickr.com/7110/7472049682_14880a4997_z.jpg,1,4
amusement,http://farm8.staticflickr.com/7018/6752816187_f1e24b06ae_z.jpg,2,3
amusement,http://farm3.staticflickr.com/2899/14290734131_d5162b679c_z.jpg,5,0
amusement,http://farm6.staticflickr.com/5466/9990025254_427574c106_z.jpg,1,4
amusement,http://farm3.staticflickr.com/2880/9361528485_1cf211a840_z.jpg,5,0
amusement,http://farm8.staticflickr.com/7173/13729452855_4445fc0fe5_z.jpg,5,0
amusement,http://farm9.staticflickr.com/8208/8208746691_f7336d1545_z.jpg,5,0
amusement,http://farm9.staticflickr.com/8095/8563641102_f5a8fc5bb0_z.jpg,3,2
amusement,http://farm8.staticflickr.com/7379/10521652354_1802450053_z.jpg,5,0
amusement,http://farm9.staticflickr.com/8387/8481934798_efef73aa26_z.jpg,5,0
amusement,http://farm9.staticflickr.com/8145/7202617012_175fff8f27_z.jpg,5,0
amusement,http://farm6.staticflickr.com/5513/14262468881_0f3863bac1_z.jpg,0,5
amusement,http://farm8.staticflickr.com/7314/11755395326_befd6c6a10_z.jpg,4,1
amusement,http://farm6.staticflickr.com/5485/10858489286_279476e9af_z.jpg,1,4
amusement,http://farm9.staticflickr.com/8029/8066579920_42fecb7df1_z.jpg,1,4
amusement,http://farm8.staticflickr.com/7074/7362089788_880d542db7_z.jpg,1,4
amusement,http://farm4.staticflickr.com/3844/14480559933_a021bedb2e_z.jpg,2,3
amusement,http://farm4.staticflickr.com/3747/12773318584_361b0885d4_z.jpg,4,1
amusement,http://farm8.staticflickr.com/7310/10373872676_e929f6813d_z.jpg,5,0
amusement,http://farm8.staticflickr.com/7440/13994594086_68720ee5a5_z.jpg,5,0
amusement,http://farm9.staticflickr.com/8175/8066581495_4c2c7c434b_z.jpg,0,5
amusement,http://farm9.staticflickr.com/8011/7612535488_bb2b350a5e_z.jpg,2,3
amusement,http://farm3.staticflickr.com/2889/8855507406_1df2446528_z.jpg,4,1
amusement,http://farm8.staticflickr.com/7340/9560535246_b173104675_z.jpg,1,4
amusement,http://farm8.staticflickr.com/7302/9101081326_239a397c8a_z.jpg,3,2
amusement,http://farm3.staticflickr.com/2834/12723444483_86bc2a49a6_z.jpg,5,0
amusement,http://farm8.staticflickr.com/7232/7347809714_8c913feeb1_z.jpg,1,4
amusement,http://farm9.staticflickr.com/8053/8138680636_ea5474d77c_z.jpg,5,0
amusement,http://farm9.staticflickr.com/8154/7176618205_867cd2c303_z.jpg,2,3
amusement,http://farm8.staticflickr.com/7071/7046497691_c020ebb305_z.jpg,0,5
amusement,http://farm8.staticflickr.com/7296/9401872403_98ce40051d_z.jpg,1,4
amusement,http://farm8.staticflickr.com/7256/13748676204_b10aca3bc6_z.jpg,3,2
amusement,http://farm4.staticflickr.com/3724/12209365455_623f2be1d4_z.jpg,2,3
amusement,http://farm8.staticflickr.com/7129/7493048160_c15bc71513_z.jpg,4,1
amusement,http://farm9.staticflickr.com/8111/8472823697_79520492fe_z.jpg,5,0
amusement,http://farm4.staticflickr.com/3695/9137647956_2d5acdc215_z.jpg,0,5
amusement,http://farm9.staticflickr.com/8327/8081528821_757a86d9c7_z.jpg,0,5
amusement,http://farm8.staticflickr.com/7191/6858623479_dc5eee2bf5_z.jpg,5,0
amusement,http://farm6.staticflickr.com/5482/9094368601_7c16af6eaa_z.jpg,4,1
amusement,http://farm6.staticflickr.com/5501/9508907243_c5335a07a1_z.jpg,5,0
amusement,http://farm6.staticflickr.com/5496/11247058086_2f7dcdda5e_z.jpg,5,0
amusement,http://farm9.staticflickr.com/8048/8374323463_7a5d1321e1_z.jpg,1,4
amusement,http://farm3.staticflickr.com/2811/11236839846_7ab681e69f_z.jpg,1,4
amusement,http://farm8.staticflickr.com/7578/15764540938_9b52244cd0_z.jpg,5,0
amusement,http://farm9.staticflickr.com/8391/8594188381_9128f53537_z.jpg,5,0
amusement,http://farm8.staticflickr.com/7362/11394383883_94387e8748_z.jpg,5,0
amusement,http://farm3.staticflickr.com/2816/9218264186_c317d0e5c2_z.jpg,4,1
amusement,http://farm8.staticflickr.com/7019/13668480465_0cf6de16de_z.jpg,4,1
amusement,http://farm9.staticflickr.com/8513/8600856567_e15ffed5b2_z.jpg,5,0
amusement,http://farm3.staticflickr.com/2859/9340394660_d41ecf5b5c_z.jpg,5,0
amusement,http://farm9.staticflickr.com/8012/7495119912_1c4be6e2f0_z.jpg,4,1
amusement,http://farm6.staticflickr.com/5577/15140332476_e58c88fabb_z.jpg,5,0
amusement,http://farm3.staticflickr.com/2860/9336754977_3c9c28ce36_z.jpg,4,1
amusement,http://farm9.staticflickr.com/8501/8290630885_928a1bcf61_z.jpg,1,4
amusement,http://farm4.staticflickr.com/3761/11060298816_440b12bba2_z.jpg,5,0
amusement,http://farm3.staticflickr.com/2236/13121735313_5def9e5855_z.jpg,1,4
amusement,http://farm9.staticflickr.com/8461/7890536624_d028153817_z.jpg,3,2
amusement,http://farm9.staticflickr.com/8208/8185995099_199712e293_z.jpg,3,2
amusement,http://farm4.staticflickr.com/3767/8750261126_2ebdf98f97_z.jpg,2,3
amusement,http://farm8.staticflickr.com/7406/10339481804_de979ba067_z.jpg,5,0
amusement,http://farm3.staticflickr.com/2873/9338305884_176b227c12_z.jpg,5,0
amusement,http://farm8.staticflickr.com/7448/8918925778_c26851dff8_z.jpg,1,4
amusement,http://farm3.staticflickr.com/2841/9370338690_91e0eda2e8_z.jpg,3,2
amusement,http://farm9.staticflickr.com/8010/7475128658_9b9fdb5da4_z.jpg,0,5
amusement,http://farm8.staticflickr.com/7339/9727318709_d629e0359a_z.jpg,4,1
amusement,http://farm8.staticflickr.com/7186/6807911644_4356bbbd31_z.jpg,0,5
amusement,http://farm9.staticflickr.com/8035/7897126744_c058e40081_z.jpg,2,3
amusement,http://farm4.staticflickr.com/3798/10840406734_ae28caa13c_z.jpg,5,0
amusement,http://farm3.staticflickr.com/2866/12736728855_91975f6550_z.jpg,3,2
amusement,http://farm9.staticflickr.com/8020/7472491476_9812ec5fa0_z.jpg,2,3
amusement,http://farm8.staticflickr.com/7238/7277767360_8cf3054529_z.jpg,5,0
amusement,http://farm3.staticflickr.com/2856/12839623815_fa42a753ff_z.jpg,5,0
amusement,http://farm8.staticflickr.com/7460/8726133909_d57d998e08_z.jpg,5,0
amusement,http://farm6.staticflickr.com/5330/7148650391_8c7e6a97a3_z.jpg,3,2
amusement,http://farm8.staticflickr.com/7340/9657220438_882ec83dc6_z.jpg,4,1
amusement,http://farm9.staticflickr.com/8179/8053450747_5cb7ce5b25_z.jpg,5,0
amusement,http://farm8.staticflickr.com/7372/14095766063_9fe2a19963_z.jpg,4,1
amusement,http://farm9.staticflickr.com/8430/7724245062_7c1891c1c3_z.jpg,0,5
amusement,http://farm8.staticflickr.com/7418/10011646213_7c9c2378e1_z.jpg,1,4
amusement,http://farm9.staticflickr.com/8451/7897954298_dcc2057f2b_z.jpg,1,4
amusement,http://farm8.staticflickr.com/7081/7404268720_be70460d6f_z.jpg,2,3
amusement,http://farm8.staticflickr.com/7059/6858472519_061a7c3e25_z.jpg,5,0
amusement,http://farm8.staticflickr.com/7291/11248453086_81dff098c4_z.jpg,5,0
amusement,http://farm4.staticflickr.com/3713/9105327676_0c2cd1172b_z.jpg,3,2
amusement,http://farm3.staticflickr.com/2811/9225061398_10c689dcc6_z.jpg,0,5
amusement,http://farm9.staticflickr.com/8466/8126799030_f3bdb050dd_z.jpg,5,0
amusement,http://farm3.staticflickr.com/2898/13993487996_5cebcb1de8_z.jpg,2,3
amusement,http://farm9.staticflickr.com/8477/8154761373_98ef455c6d_z.jpg,4,0
amusement,http://farm9.staticflickr.com/8197/8243505433_a2c4d0cb5c_z.jpg,2,3
amusement,http://farm9.staticflickr.com/8420/8704355428_35c23e5a47_z.jpg,2,3
amusement,http://farm8.staticflickr.com/7062/6920392364_386e7a1180_z.jpg,3,2
amusement,http://farm6.staticflickr.com/5507/9625130006_724a54be3e_z.jpg,1,4
amusement,http://farm6.staticflickr.com/5544/11158932533_75a5d52b43_z.jpg,1,4
amusement,http://farm4.staticflickr.com/3728/9562207590_ddc4390ea5_z.jpg,0,5
amusement,http://farm9.staticflickr.com/8194/8091627813_da52254876_z.jpg,3,2
amusement,http://farm3.staticflickr.com/2912/14106509768_e460b2598b_z.jpg,2,3
amusement,http://farm4.staticflickr.com/3771/10420135026_7cb4f6d4af_z.jpg,5,0
amusement,http://farm9.staticflickr.com/8168/7286971526_2e776112dd_z.jpg,2,3
amusement,http://farm4.staticflickr.com/3668/9601873653_2e9b8e7cae_z.jpg,1,4
amusement,http://farm8.staticflickr.com/7275/7504717004_6945dde798_z.jpg,4,1
amusement,http://farm4.staticflickr.com/3920/14267048307_833f5f3d48_z.jpg,0,5
amusement,http://farm8.staticflickr.com/7436/8725602459_f7e62e5aa7_z.jpg,1,4
amusement,http://farm9.staticflickr.com/8325/8086812192_e4b8047afe_z.jpg,3,2
amusement,http://farm8.staticflickr.com/7068/6982239107_538b6dee67_z.jpg,1,4
amusement,http://farm3.staticflickr.com/2844/11283394335_b1432e5f37_z.jpg,2,3
amusement,http://farm8.staticflickr.com/7273/6936099106_025a71e030_z.jpg,1,4
amusement,http://farm9.staticflickr.com/8460/7982532591_e8105f7a5a_z.jpg,3,2
amusement,http://farm4.staticflickr.com/3665/11294385644_635a81d3e6_z.jpg,4,1
amusement,http://farm3.staticflickr.com/2814/9068346834_8dbe4226fb_z.jpg,2,3
amusement,http://farm8.staticflickr.com/7359/10086131214_7bd101f55a_z.jpg,0,5
amusement,http://farm8.staticflickr.com/7259/7798777084_ab233885e3_z.jpg,1,4
amusement,http://farm6.staticflickr.com/5501/10841360585_35c21e17aa_z.jpg,1,4
amusement,http://farm8.staticflickr.com/7382/9242825028_29829a8580_z.jpg,0,5
amusement,http://farm8.staticflickr.com/7178/6876462631_eaf28fa910_z.jpg,0,5
amusement,http://farm9.staticflickr.com/8090/8394027861_ca2a2fecc3_z.jpg,3,2
amusement,http://farm8.staticflickr.com/7119/6856455954_e4729431fe_z.jpg,3,2
amusement,http://farm9.staticflickr.com/8028/7560177554_8d49c57629_z.jpg,1,4
amusement,http://farm9.staticflickr.com/8299/7864081000_62541c8170_z.jpg,4,1
amusement,http://farm8.staticflickr.com/7300/8745825730_d9655f70d3_z.jpg,5,0
amusement,http://farm6.staticflickr.com/5529/14626060873_287b06c9fa_z.jpg,5,0
amusement,http://farm9.staticflickr.com/8242/8452340256_5ddcb34f95_z.jpg,4,1
amusement,http://farm8.staticflickr.com/7342/10114395926_78e08d9fc5_z.jpg,5,0
amusement,http://farm8.staticflickr.com/7458/8834928660_d6036e7871_z.jpg,5,0
amusement,http://farm4.staticflickr.com/3794/9452977487_83ac4b0eb1_z.jpg,5,0
amusement,http://farm8.staticflickr.com/7036/6804471752_40c48968df_z.jpg,4,1
amusement,http://farm6.staticflickr.com/5113/14047563777_b8cb5401fa_z.jpg,5,0
amusement,http://farm9.staticflickr.com/8166/7596247062_1cc19dde5e_z.jpg,3,2
amusement,http://farm3.staticflickr.com/2836/12209397985_87ea40e6ee_z.jpg,0,5
amusement,http://farm8.staticflickr.com/7122/7556899454_9e21966292_z.jpg,0,5
amusement,http://farm9.staticflickr.com/8024/7296430732_7423f4cd0c_z.jpg,1,4
amusement,http://farm6.staticflickr.com/5021/14042090723_71bbc3300c_z.jpg,1,4
amusement,http://farm3.staticflickr.com/2811/9227747874_62f5b24a0b_z.jpg,1,4
amusement,http://farm9.staticflickr.com/8223/8312931986_bbacac8da8_z.jpg,3,2
amusement,http://farm8.staticflickr.com/7205/6818601864_1440212220_z.jpg,3,2
amusement,http://farm8.staticflickr.com/7036/7077352447_9141dc7dc8_z.jpg,5,0
amusement,http://farm4.staticflickr.com/3725/12259817883_41801f720c_z.jpg,5,0
amusement,http://farm6.staticflickr.com/5157/14047494109_2fee32b4ee_z.jpg,2,3
amusement,http://farm8.staticflickr.com/7313/12725331993_f22fe20fba_z.jpg,0,5
amusement,http://farm4.staticflickr.com/3954/15535259151_a8d222bd0d_z.jpg,5,0
amusement,http://farm3.staticflickr.com/2861/9584892426_6d203c885e_z.jpg,2,3
amusement,http://farm7.staticflickr.com/6040/6854342164_f384cac91d_z.jpg,3,2
amusement,http://farm8.staticflickr.com/7325/9196179453_11500e6df2_z.jpg,5,0
amusement,http://farm8.staticflickr.com/7280/7864106672_61c62a236c_z.jpg,5,0
amusement,http://farm8.staticflickr.com/7364/9274346092_0a5deefeab_z.jpg,3,2
amusement,http://farm4.staticflickr.com/3798/8951210450_cd1a9ba909_z.jpg,2,2
amusement,http://farm9.staticflickr.com/8287/7822046816_05bd339db8_z.jpg,5,0
amusement,http://farm8.staticflickr.com/7135/7850017688_328280f568_z.jpg,5,0
amusement,http://farm8.staticflickr.com/7007/6846949771_0d000636ca_z.jpg,3,2
amusement,http://farm4.staticflickr.com/3711/10889521035_02dce92602_z.jpg,3,2
amusement,http://farm8.staticflickr.com/7389/9981928185_acace3bc74_z.jpg,5,0
amusement,http://farm8.staticflickr.com/7108/7571653232_34eaa6f9df_z.jpg,5,0
amusement,http://farm9.staticflickr.com/8389/8675848426_1d07d20f7b_z.jpg,4,1
amusement,http://farm6.staticflickr.com/5450/9883358625_4216d806cd_z.jpg,1,4
amusement,http://farm4.staticflickr.com/3682/12061439804_40ae56981f_z.jpg,1,4
amusement,http://farm9.staticflickr.com/8428/7493248884_5c6a3dd72a_z.jpg,4,1
amusement,http://farm8.staticflickr.com/7082/6997224692_15daa12715_z.jpg,2,3
amusement,http://farm9.staticflickr.com/8446/7811643820_fc020a6c35_z.jpg,2,3
amusement,http://farm6.staticflickr.com/5497/10926521766_8a1a4e9e2d_z.jpg,5,0
amusement,http://farm9.staticflickr.com/8009/7472623356_38bf8b482b_z.jpg,1,4
amusement,http://farm9.staticflickr.com/8474/8382709904_6a01878d0a_z.jpg,0,5
amusement,http://farm8.staticflickr.com/7289/9277201377_41fde195f3_z.jpg,1,4
amusement,http://farm9.staticflickr.com/8210/8173514702_948afc1a8a_z.jpg,1,4
amusement,http://farm3.staticflickr.com/2840/9320432928_8bc9af07ea_z.jpg,5,0
amusement,http://farm8.staticflickr.com/7448/10144862343_b75d6b4f6a_z.jpg,2,3
amusement,http://farm9.staticflickr.com/8316/7999634996_a595cd9a0a_z.jpg,5,0
amusement,http://farm9.staticflickr.com/8426/7560178252_d7c28f2309_z.jpg,2,3
amusement,http://farm9.staticflickr.com/8181/7925348850_ddaac28ff2_z.jpg,5,0
amusement,http://farm8.staticflickr.com/7082/7296669556_ed3f6d1f01_z.jpg,5,0
amusement,http://farm3.staticflickr.com/2842/12000314876_1b103d9584_z.jpg,4,0
amusement,http://farm4.staticflickr.com/3776/11241205013_e8e270979a_z.jpg,4,1
amusement,http://farm9.staticflickr.com/8223/8324343714_9273b36e1a_z.jpg,1,4
amusement,http://farm8.staticflickr.com/7379/9409140399_42ba32d661_z.jpg,3,2
amusement,http://farm9.staticflickr.com/8475/8146897991_1641c7e181_z.jpg,4,1
amusement,http://farm8.staticflickr.com/7287/9068946588_84a57291f1_z.jpg,1,4
amusement,http://farm4.staticflickr.com/3823/11754919653_f275b30be0_z.jpg,5,0
amusement,http://farm9.staticflickr.com/8350/8173579515_c004ce3c48_z.jpg,1,4
amusement,http://farm8.staticflickr.com/7269/6910386214_98b55d5dea_z.jpg,4,1
amusement,http://farm8.staticflickr.com/7271/7471916994_339e2946ca_z.jpg,5,0
amusement,http://farm9.staticflickr.com/8062/8154799178_3ba4ca4f61_z.jpg,5,0
amusement,http://farm9.staticflickr.com/8426/7595814366_d69fb8efdd_z.jpg,4,1
amusement,http://farm8.staticflickr.com/7370/9726293564_56d564062f_z.jpg,5,0
amusement,http://farm8.staticflickr.com/7249/7459103498_f253595800_z.jpg,2,3
amusement,http://farm4.staticflickr.com/3919/14824084114_a184a34d64_z.jpg,4,1
amusement,http://farm4.staticflickr.com/3728/11437752973_550187e0d8_z.jpg,5,0
amusement,http://farm9.staticflickr.com/8500/8256371523_a5f46aaf4f_z.jpg,4,0
amusement,http://farm9.staticflickr.com/8097/8512630539_ea25b19976_z.jpg,4,1
amusement,http://farm9.staticflickr.com/8603/16271004198_5fe994f4e1_z.jpg,0,5
amusement,http://farm6.staticflickr.com/5493/9730561678_565264096e_z.jpg,1,4
amusement,http://farm9.staticflickr.com/8053/8110109682_f36dcab3db_z.jpg,5,0
amusement,http://farm8.staticflickr.com/7250/7493318056_bd33e11b4b_z.jpg,1,3
amusement,http://farm9.staticflickr.com/8328/8126197750_ce03a9722b_z.jpg,4,0
amusement,http://farm9.staticflickr.com/8108/8651530497_53a6acb1bd_z.jpg,5,0
amusement,http://farm9.staticflickr.com/8304/7811099400_89994dd4e4_z.jpg,4,1
amusement,http://farm9.staticflickr.com/8333/8144926174_978316e7dc_z.jpg,1,4
amusement,http://farm9.staticflickr.com/8281/7828318288_7e70110136_z.jpg,2,3
amusement,http://farm8.staticflickr.com/7155/6650749157_3f24d7349e_z.jpg,4,1
amusement,http://farm9.staticflickr.com/8452/8025093701_6dcb5a8cd2_z.jpg,4,1
amusement,http://farm9.staticflickr.com/8122/8604539542_16375008e5_z.jpg,0,5
amusement,http://farm8.staticflickr.com/7201/6859100537_89059903b2_z.jpg,5,0
amusement,http://farm9.staticflickr.com/8174/7895264174_1811c1b93a_z.jpg,4,1
amusement,http://farm8.staticflickr.com/7419/10730898064_877c7c95ba_z.jpg,4,1
amusement,http://farm9.staticflickr.com/8484/8173543949_5aee57e8f0_z.jpg,5,0
amusement,http://farm9.staticflickr.com/8121/8745702129_8052064078_z.jpg,1,4
amusement,http://farm8.staticflickr.com/7238/7164748789_61043f33c0_z.jpg,2,3
amusement,http://farm8.staticflickr.com/7344/12444407265_160a87e679_z.jpg,5,0
amusement,http://farm8.staticflickr.com/7335/9111766856_6b143226fe_z.jpg,4,1
amusement,http://farm3.staticflickr.com/2822/12375469443_093d8e2eeb_z.jpg,5,0
amusement,http://farm9.staticflickr.com/8004/7277759924_950525d7b1_z.jpg,2,3
amusement,http://farm4.staticflickr.com/3733/13684171874_cdd757b880_z.jpg,5,0
amusement,http://farm9.staticflickr.com/8188/8083428161_2770769643_z.jpg,2,3
amusement,http://farm6.staticflickr.com/5490/10833728433_fe17250550_z.jpg,2,3
amusement,http://farm8.staticflickr.com/7374/9270118173_9d519eca2e_z.jpg,5,0
amusement,http://farm4.staticflickr.com/3788/11149466055_08b92323e8_z.jpg,5,0
amusement,http://farm8.staticflickr.com/7213/7333260980_5aaf22cdb4_z.jpg,4,1
amusement,http://farm9.staticflickr.com/8169/8027945024_bc316a9ae2_z.jpg,5,0
amusement,http://farm8.staticflickr.com/7374/10106623226_17ff66d260_z.jpg,2,3
amusement,http://farm8.staticflickr.com/7214/7286976122_dce484f8eb_z.jpg,0,5
amusement,http://farm8.staticflickr.com/7296/9100697380_16cf39eb99_z.jpg,5,0
amusement,http://farm3.staticflickr.com/2851/11674837816_7a4026db03_z.jpg,4,1
amusement,http://farm8.staticflickr.com/7410/9739620266_8cfe058e5e_z.jpg,4,1
amusement,http://farm6.staticflickr.com/5461/8791478639_a84d2b2c5c_z.jpg,0,5
amusement,http://farm9.staticflickr.com/8335/8427882490_690a8a4397_z.jpg,2,2
amusement,http://farm6.staticflickr.com/5347/8813076804_d28931bbc6_z.jpg,4,1
amusement,http://farm3.staticflickr.com/2915/14344239496_47aa882224_z.jpg,0,5
amusement,http://farm8.staticflickr.com/7231/7270555288_3a03b52bff_z.jpg,5,0
amusement,http://farm9.staticflickr.com/8317/7924917954_78659e7ff4_z.jpg,1,4
amusement,http://farm9.staticflickr.com/8205/8257430926_f1a7fbc2fe_z.jpg,0,5
amusement,http://farm8.staticflickr.com/7386/11436401405_c8f2dbfcf0_z.jpg,5,0
amusement,http://farm8.staticflickr.com/7182/6931365404_58d5cb0dd9_z.jpg,1,4
amusement,http://farm9.staticflickr.com/8246/8637488215_871d726cea_z.jpg,4,1
amusement,http://farm4.staticflickr.com/3699/9132230996_83867c4437_z.jpg,1,4
amusement,http://farm8.staticflickr.com/7371/9243946011_01b4c933cb_z.jpg,0,5
amusement,http://farm6.staticflickr.com/5549/11648956594_00d05a3ef6_z.jpg,3,2
amusement,http://farm8.staticflickr.com/7187/6927508538_1aaecac12b_z.jpg,5,0
amusement,http://farm4.staticflickr.com/3670/11555585073_0a526a3247_z.jpg,0,5
amusement,http://farm7.staticflickr.com/6106/7022238087_70f5c58063_z.jpg,4,1
amusement,http://farm4.staticflickr.com/3825/14272420902_1b9ff23334_z.jpg,5,0
amusement,http://farm9.staticflickr.com/8084/8420006523_ffe88984de_z.jpg,4,1
amusement,http://farm9.staticflickr.com/8407/8699409835_3362750838_z.jpg,2,3
amusement,http://farm9.staticflickr.com/8065/8250940530_6dcec04804_z.jpg,3,2
amusement,http://farm8.staticflickr.com/7063/6804470580_aaa7aa34c7_z.jpg,3,2
amusement,http://farm9.staticflickr.com/8091/8570084924_92fb07b045_z.jpg,1,4
amusement,http://farm3.staticflickr.com/2811/11457898594_1d305b83b3_z.jpg,5,0
