amusement,http://farm3.staticflickr.com/2871/9271575365_9cced1697a_z.jpg,1,4
amusement,http://farm4.staticflickr.com/3822/10722210585_90dbc02b34_z.jpg,2,3
amusement,http://farm9.staticflickr.com/8154/7130425773_65022d99e7_z.jpg,0,5
amusement,http://farm6.staticflickr.com/5537/9340641832_428e9da45d_z.jpg,3,2
amusement,http://farm8.staticflickr.com/7382/9235244185_99777f61b4_z.jpg,5,0
amusement,http://farm8.staticflickr.com/7413/10761056304_ba82721365_z.jpg,0,5
amusement,http://farm3.staticflickr.com/2871/10010878273_e1486c1f92_z.jpg,2,3
amusement,http://farm3.staticflickr.com/2808/9696577748_5f173d2897_z.jpg,0,5
amusement,http://farm9.staticflickr.com/8105/8574558400_a5eb790bd0_z.jpg,4,1
amusement,http://farm9.staticflickr.com/8011/7507179422_0036387157_z.jpg,0,5
amusement,http://farm8.staticflickr.com/7153/14036139693_62bf611479_z.jpg,5,0
amusement,http://farm6.staticflickr.com/5333/9423047974_cda18c6501_z.jpg,5,0
amusement,http://farm9.staticflickr.com/8069/8245818834_1feca344c1_z.jpg,2,3
amusement,http://farm3.staticflickr.com/2876/11733762495_bdcf9d15df_z.jpg,5,0
amusement,http://farm8.staticflickr.com/7347/11062026834_a3760c6e69_z.jpg,5,0
amusement,http://farm8.staticflickr.com/7014/6650881451_b762138641_z.jpg,1,4
amusement,http://farm3.staticflickr.com/2848/9568142383_ec3cfa6e89_z.jpg,1,4
amusement,http://farm3.staticflickr.com/2933/14328056084_01dfb46962_z.jpg,1,4
amusement,http://farm6.staticflickr.com/5508/10847862835_3eeacf5060_z.jpg,3,2
amusement,http://farm3.staticflickr.com/2827/9336068011_27eeeaf2ea_z.jpg,5,0
amusement,http://farm4.staticflickr.com/3823/9217667230_8f00a1b083_z.jpg,1,4
amusement,http://farm8.staticflickr.com/7406/13722016083_75aa26e727_z.jpg,0,5
amusement,http://farm3.staticflickr.com/2892/10290022416_bdd83dfdf4_z.jpg,0,5
amusement,http://farm8.staticflickr.com/7256/7594995744_4833e5ce23_z.jpg,1,4
amusement,http://farm8.staticflickr.com/7413/13062506934_b94038c790_z.jpg,2,3
amusement,http://farm3.staticflickr.com/2866/10176315536_79bf583370_z.jpg,4,1
amusement,http://farm9.staticflickr.com/8461/8047735467_04bfedfe67_z.jpg,1,4
amusement,http://farm6.staticflickr.com/5516/10378874845_f715d212bb_z.jpg,5,0
amusement,http://farm9.staticflickr.com/8307/7857912276_31f75054c7_z.jpg,4,1
amusement,http://farm9.staticflickr.com/8252/8619419672_bbb3e0c434_z.jpg,2,3
amusement,http://farm4.staticflickr.com/3767/12781420453_42a1a89e22_z.jpg,2,3
amusement,http://farm8.staticflickr.com/7012/6811198121_a4bc90dfa3_z.jpg,2,3
amusement,http://farm8.staticflickr.com/7136/8160425408_21affee342_z.jpg,1,4
amusement,http://farm8.staticflickr.com/7230/7198313832_ec984a0015_z.jpg,3,2
amusement,http://farm9.staticflickr.com/8426/7844313950_c5f1cfc787_z.jpg,5,0
amusement,http://farm6.staticflickr.com/5549/10565065944_ff2fbe7a57_z.jpg,3,2
amusement,http://farm9.staticflickr.com/8455/7924520812_4a4c02807c_z.jpg,4,1
amusement,http://farm4.staticflickr.com/3717/9342735196_5dd0af5934_z.jpg,2,3
amusement,http://farm3.staticflickr.com/2809/10394895345_2cb06a68c1_z.jpg,1,4
amusement,http://farm9.staticflickr.com/8174/8050545722_e1f85ae568_z.jpg,1,4
amusement,http://farm9.staticflickr.com/8076/8259913858_67a4475679_z.jpg,5,0
amusement,http://farm4.staticflickr.com/3763/9361529001_c6118eb361_z.jpg,5,0
amusement,http://farm9.staticflickr.com/8176/8030057059_a5f29506b5_z.jpg,2,3
amusement,http://farm9.staticflickr.com/8501/8320118087_f8e994939c_z.jpg,1,4
amusement,http://farm8.staticflickr.com/7071/7378428970_347ae60233_z.jpg,3,2
amusement,http://farm6.staticflickr.com/5481/11067704943_d8a984b186_z.jpg,5,0
amusement,http://farm8.staticflickr.com/7207/6982224995_f15c7bba4d_z.jpg,1,4
amusement,http://farm3.staticflickr.com/2856/9526773268_bf60bb3ddd_z.jpg,0,5
amusement,http://farm8.staticflickr.com/7425/9735433320_564a99e887_z.jpg,2,3
amusement,http://farm9.staticflickr.com/8233/8596500274_ff4160b0ed_z.jpg,2,3
amusement,http://farm6.staticflickr.com/5570/14364055571_2d3a6360c1_z.jpg,5,0
amusement,http://farm3.staticflickr.com/2853/8755738398_19c8f10d1f_z.jpg,0,5
amusement,http://farm8.staticflickr.com/7200/6906993552_b0d27eede9_z.jpg,3,2
amusement,http://farm8.staticflickr.com/7388/11974075826_7eb69de2cc_z.jpg,3,2
amusement,http://farm6.staticflickr.com/5334/7204563000_1787400714_z.jpg,3,2
amusement,http://farm9.staticflickr.com/8264/8694349365_f7eefe9ac9_z.jpg,5,0
amusement,http://farm9.staticflickr.com/8314/7898359684_58441c777d_z.jpg,0,5
amusement,http://farm6.staticflickr.com/5466/10011082995_928464735d_z.jpg,5,0
amusement,http://farm6.staticflickr.com/5276/14200718986_8673a8abd6_z.jpg,1,4
amusement,http://farm8.staticflickr.com/7053/6964727227_04a15bcbdf_z.jpg,0,5
amusement,http://farm8.staticflickr.com/7112/7414641704_fe2ca351d7_z.jpg,5,0
amusement,http://farm9.staticflickr.com/8321/8020448398_184a4c05b9_z.jpg,0,5
amusement,http://farm6.staticflickr.com/5349/8918458042_74c4bd64a9_z.jpg,2,3
amusement,http://farm4.staticflickr.com/3679/9108059790_d5c34f548a_z.jpg,5,0
amusement,http://farm3.staticflickr.com/2893/9455978270_0e307f5d62_z.jpg,0,5
amusement,http://farm8.staticflickr.com/7218/7263164774_c366e8829b_z.jpg,2,3
amusement,http://farm8.staticflickr.com/7207/14016596731_58b9c0cbee_z.jpg,2,3
amusement,http://farm9.staticflickr.com/8380/8574702749_80650cd87f_z.jpg,5,0
amusement,http://farm3.staticflickr.com/2886/12610163144_260d257172_z.jpg,4,1
amusement,http://farm8.staticflickr.com/7104/7296209792_3ca991a6d0_z.jpg,5,0
amusement,http://farm9.staticflickr.com/8534/8693276539_2907836caf_z.jpg,1,4
amusement,http://farm8.staticflickr.com/7065/6836117576_9ccf73084f_z.jpg,4,1
amusement,http://farm8.staticflickr.com/7215/7292777318_3bbc52d198_z.jpg,0,5
amusement,http://farm3.staticflickr.com/2833/9081084181_eb325257c6_z.jpg,0,5
amusement,http://farm3.staticflickr.com/2890/9224476913_b024673691_z.jpg,0,5
amusement,http://farm9.staticflickr.com/8064/8244988296_cdf828a184_z.jpg,4,1
amusement,http://farm4.staticflickr.com/3905/14964921125_2f6f6987a1_z.jpg,4,1
amusement,http://farm4.staticflickr.com/3738/9451105484_0fa7a7189b_z.jpg,1,4
amusement,http://farm3.staticflickr.com/2841/9398549298_735fef5643_z.jpg,4,1
amusement,http://farm9.staticflickr.com/8485/8242652076_de80ddc7e4_z.jpg,0,5
amusement,http://farm8.staticflickr.com/7380/8756047267_cd33255965_z.jpg,5,0
amusement,http://farm6.staticflickr.com/5472/11060439434_129d179e5d_z.jpg,5,0
amusement,http://farm8.staticflickr.com/7073/7361775578_5f688ae9d3_z.jpg,1,4
amusement,http://farm8.staticflickr.com/7273/7414097738_9fdf43093c_z.jpg,2,3
amusement,http://farm9.staticflickr.com/8288/7504933720_76e0b0c96f_z.jpg,0,5
amusement,http://farm4.staticflickr.com/3822/9371369058_ba97f31af1_z.jpg,2,3
amusement,http://farm3.staticflickr.com/2890/9267910928_6ab10fa5dc_z.jpg,3,2
amusement,http://farm9.staticflickr.com/8218/8420439923_e815376af1_z.jpg,0,5
amusement,http://farm4.staticflickr.com/3782/9001439196_88e1192b82_z.jpg,0,4
amusement,http://farm8.staticflickr.com/7413/10790964786_6702445249_z.jpg,4,1
amusement,http://farm4.staticflickr.com/3704/12450709424_fc07936628_z.jpg,5,0
amusement,http://farm3.staticflickr.com/2822/8849252904_4725fdc522_z.jpg,1,4
amusement,http://farm4.staticflickr.com/3717/8867608166_9fa7aed853_z.jpg,0,5
amusement,http://farm8.staticflickr.com/7201/6826948010_584a43665c_z.jpg,4,0
amusement,http://farm9.staticflickr.com/8058/8185890993_d437e61424_z.jpg,5,0
amusement,http://farm9.staticflickr.com/8192/8104193169_ca1aa2f369_z.jpg,0,5
amusement,http://farm3.staticflickr.com/2805/11870084696_1461b9fc29_z.jpg,3,2
amusement,http://farm3.staticflickr.com/2860/9599708166_47bd3b3149_z.jpg,5,0
amusement,http://farm6.staticflickr.com/5039/14107397469_2561d116b6_z.jpg,2,3
amusement,http://farm6.staticflickr.com/5343/9274765807_568830d5ca_z.jpg,1,4
amusement,http://farm8.staticflickr.com/7398/9979859375_f594683ca0_z.jpg,0,5
amusement,http://farm9.staticflickr.com/8116/8672008764_3427632db7_z.jpg,4,1
amusement,http://farm9.staticflickr.com/8299/7898327564_baaaa3d263_z.jpg,4,1
amusement,http://farm8.staticflickr.com/7296/16378613491_f9e3fee0b9_z.jpg,5,0
amusement,http://farm6.staticflickr.com/5344/9040610768_e5e9b0fe4c_z.jpg,1,4
amusement,http://farm8.staticflickr.com/7206/6970909494_2ccf96c23e_z.jpg,2,3
amusement,http://farm8.staticflickr.com/7082/7312265580_d37c25ffc2_z.jpg,1,4
amusement,http://farm8.staticflickr.com/7366/10958031684_f8d6789d46_z.jpg,1,4
amusement,http://farm9.staticflickr.com/8174/7898245070_8f38eb943c_z.jpg,3,2
amusement,http://farm8.staticflickr.com/7287/9421286254_065faaf4e0_z.jpg,4,1
amusement,http://farm6.staticflickr.com/5032/14175481238_8352d06217_z.jpg,4,1
amusement,http://farm9.staticflickr.com/8210/8153349562_4829f2856e_z.jpg,1,4
amusement,http://farm9.staticflickr.com/8002/7484514462_f31dc736f9_z.jpg,5,0
amusement,http://farm9.staticflickr.com/8056/8146867874_e269753a67_z.jpg,1,4
amusement,http://farm9.staticflickr.com/8310/7886362774_d2aeeab262_z.jpg,1,4
amusement,http://farm3.staticflickr.com/2900/13683585114_90d9d4961f_z.jpg,4,1
amusement,http://farm3.staticflickr.com/2863/10350570845_d043cf6f4f_z.jpg,2,3
amusement,http://farm6.staticflickr.com/5525/11090030064_a17e00c2fb_z.jpg,5,0
amusement,http://farm3.staticflickr.com/2930/14188083205_83de676801_z.jpg,2,3
amusement,http://farm4.staticflickr.com/3739/12704957214_3f562d45e4_z.jpg,4,1
amusement,http://farm9.staticflickr.com/8217/8262253947_12013650cf_z.jpg,0,5
amusement,http://farm6.staticflickr.com/5329/9579081827_acb19fef85_z.jpg,0,5
amusement,http://farm4.staticflickr.com/3717/9565606274_5eca2cd2e8_z.jpg,5,0
amusement,http://farm3.staticflickr.com/2808/9562269397_9fcdf719bc_z.jpg,0,5
amusement,http://farm6.staticflickr.com/5322/9672773310_9b952581fd_z.jpg,0,5
amusement,http://farm8.staticflickr.com/7185/6942141835_3240dfdb3e_z.jpg,5,0
amusement,http://farm8.staticflickr.com/7185/13327842443_671b57e79e_z.jpg,3,2
amusement,http://farm6.staticflickr.com/5239/14225383726_ae10d21560_z.jpg,0,5
amusement,http://farm8.staticflickr.com/7306/8999398632_07b0c8f3eb_z.jpg,4,1
amusement,http://farm8.staticflickr.com/7042/6813542280_8b02e23918_z.jpg,4,1
amusement,http://farm9.staticflickr.com/8317/7897086958_1fbf16cb3e_z.jpg,3,2
amusement,http://farm6.staticflickr.com/5332/7227834082_50ebee6b0e_z.jpg,2,3
amusement,http://farm6.staticflickr.com/5234/14107551757_a902b3416f_z.jpg,3,2
amusement,http://farm8.staticflickr.com/7422/11060447675_d307700eec_z.jpg,4,1
amusement,http://farm9.staticflickr.com/8455/8023793967_99fe19229c_z.jpg,1,4
amusement,http://farm6.staticflickr.com/5551/14981066327_0305654710_z.jpg,3,2
amusement,http://farm9.staticflickr.com/8031/7924404826_8eab741c21_z.jpg,4,1
amusement,http://farm6.staticflickr.com/5446/9084002313_522d3bfedf_z.jpg,1,4
amusement,http://farm8.staticflickr.com/7361/11415487766_49e9d6d99f_z.jpg,5,0
amusement,http://farm9.staticflickr.com/8311/7988132573_2ebff75168_z.jpg,5,0
amusement,http://farm9.staticflickr.com/8145/7263185254_d91e093c22_z.jpg,5,0
amusement,http://farm4.staticflickr.com/3765/11415483774_e94a7863d2_z.jpg,3,2
amusement,http://farm8.staticflickr.com/7432/12701901255_c5730d525e_z.jpg,4,1
amusement,http://farm9.staticflickr.com/8305/7980794448_59f7585faa_z.jpg,5,0
amusement,http://farm9.staticflickr.com/8546/8679678156_f335a68026_z.jpg,4,1
amusement,http://farm8.staticflickr.com/7177/6927455034_7efcf5149b_z.jpg,5,0
amusement,http://farm3.staticflickr.com/2929/14245584495_022b5773eb_z.jpg,1,4
amusement,http://farm8.staticflickr.com/7282/9290793042_144e7786c1_z.jpg,4,1
amusement,http://farm6.staticflickr.com/5191/14264943973_051eae014f_z.jpg,2,3
amusement,http://farm9.staticflickr.com/8023/7558985744_d10746beba_z.jpg,1,4
amusement,http://farm3.staticflickr.com/2912/14183425566_da699ce375_z.jpg,4,1
amusement,http://farm4.staticflickr.com/3717/9727292295_5e97e938b1_z.jpg,1,4
amusement,http://farm8.staticflickr.com/7067/6882339992_48588f2296_z.jpg,3,2
amusement,http://farm3.staticflickr.com/2887/10750931505_48aa6a6002_z.jpg,1,3
amusement,http://farm4.staticflickr.com/3712/9119094668_7d9f55c57f_z.jpg,1,4
amusement,http://farm9.staticflickr.com/8350/8256357317_46f430b486_z.jpg,0,5
amusement,http://farm6.staticflickr.com/5478/14585187874_71a919b329_z.jpg,4,1
amusement,http://farm8.staticflickr.com/7289/9566295776_57f53f20ec_z.jpg,0,5
amusement,http://farm9.staticflickr.com/8241/8478252413_0c784fd588_z.jpg,1,4
amusement,http://farm9.staticflickr.com/8031/7918711728_aaef6c3fbc_z.jpg,0,5
amusement,http://farm9.staticflickr.com/8284/7560173758_00d1ef53c4_z.jpg,3,2
amusement,http://farm8.staticflickr.com/7206/6962758457_900070d2e6_z.jpg,1,4
amusement,http://farm9.staticflickr.com/8145/7497781172_92320c1882_z.jpg,5,0
amusement,http://farm9.staticflickr.com/8326/8139636136_4f7b3bed65_z.jpg,3,2
amusement,http://farm9.staticflickr.com/8153/7472632556_69008be6a2_z.jpg,1,4
amusement,http://farm8.staticflickr.com/7236/7182451522_ef2f7a691c_z.jpg,5,0
amusement,http://farm4.staticflickr.com/3772/11791902046_406c8dd3d0_z.jpg,3,2
amusement,http://farm8.staticflickr.com/7499/15853722712_a9e3abb1b4_z.jpg,0,5
amusement,http://farm8.staticflickr.com/7382/9146900537_cd5467d1a2_z.jpg,5,0
amusement,http://farm4.staticflickr.com/3758/13501107133_957324674d_z.jpg,4,1
amusement,http://farm9.staticflickr.com/8330/8131622212_921df783d7_z.jpg,5,0
amusement,http://farm9.staticflickr.com/8007/7289783564_7a3e70c669_z.jpg,0,5
amusement,http://farm8.staticflickr.com/7557/15614373948_cac818bc55_z.jpg,3,2
amusement,http://farm4.staticflickr.com/3687/9101224067_06c01b30f2_z.jpg,4,1
amusement,http://farm4.staticflickr.com/3825/10378306356_f59b9fccf2_z.jpg,0,5
amusement,http://farm9.staticflickr.com/8298/7745125376_6219b6a2cb_z.jpg,4,1
amusement,http://farm9.staticflickr.com/8531/8563058107_f291da66b4_z.jpg,0,5
amusement,http://farm8.staticflickr.com/7278/7010012847_27c17d849a_z.jpg,0,5
amusement,http://farm8.staticflickr.com/7422/12439904095_e691195201_z.jpg,5,0
amusement,http://farm4.staticflickr.com/3815/8996406497_7c35d0f63f_z.jpg,0,5
amusement,http://farm6.staticflickr.com/5340/8783546560_864d6fd939_z.jpg,5,0
amusement,http://farm4.staticflickr.com/3675/9508333299_cbd0891d13_z.jpg,1,4
amusement,http://farm3.staticflickr.com/2921/14047384678_ccaa1d74b3_z.jpg,1,4
amusement,http://farm8.staticflickr.com/7366/9662717318_5d360dec29_z.jpg,1,4
amusement,http://farm8.staticflickr.com/7173/6691801037_3196ceaeb2_z.jpg,1,4
amusement,http://farm7.staticflickr.com/6222/6856453934_624860140e_z.jpg,4,1
amusement,http://farm8.staticflickr.com/7305/9282333132_be1073333e_z.jpg,1,4
amusement,http://farm9.staticflickr.com/8017/7483452104_71ff34c3e3_z.jpg,1,4
amusement,http://farm8.staticflickr.com/7275/7143716921_90a9054355_z.jpg,0,5
amusement,http://farm6.staticflickr.com/5503/9094420707_a9e5251123_z.jpg,0,5
amusement,http://farm8.staticflickr.com/7303/9337305371_44def41d62_z.jpg,5,0
amusement,http://farm3.staticflickr.com/2912/14019633901_89a25847fb_z.jpg,3,2
amusement,http://farm8.staticflickr.com/7110/7497688480_570e9b4f78_z.jpg,5,0
amusement,http://farm8.staticflickr.com/7055/7080974707_ed79ba9a53_z.jpg,5,0
amusement,http://farm8.staticflickr.com/7445/8918248651_92ba867c14_z.jpg,0,5
amusement,http://farm3.staticflickr.com/2854/10195534916_5117a53a02_z.jpg,5,0
amusement,http://farm9.staticflickr.com/8430/7642770482_26dc94f8cf_z.jpg,4,1
amusement,http://farm8.staticflickr.com/7386/13682512625_226e98bac9_z.jpg,5,0
amusement,http://farm4.staticflickr.com/3698/9561077813_ee21da277e_z.jpg,0,5
amusement,http://farm8.staticflickr.com/7379/8720415136_02dc51433e_z.jpg,1,4
amusement,http://farm9.staticflickr.com/8019/7602258570_7659712a11_z.jpg,4,1
amusement,http://farm8.staticflickr.com/7448/9338479979_b154a36b24_z.jpg,4,1
amusement,http://farm9.staticflickr.com/8450/7897000802_d2b9632e2e_z.jpg,2,3
amusement,http://farm8.staticflickr.com/7436/8726142843_baa5d0784e_z.jpg,5,0
amusement,http://farm3.staticflickr.com/2874/10640393144_3cc604cf1b_z.jpg,1,4
amusement,http://farm9.staticflickr.com/8027/7406339502_71dff22396_z.jpg,4,1
amusement,http://farm9.staticflickr.com/8360/8397489437_860ec50827_z.jpg,2,3
amusement,http://farm8.staticflickr.com/7008/6765456841_7a494a634c_z.jpg,5,0
amusement,http://farm8.staticflickr.com/7213/6936068642_2368ebf87f_z.jpg,2,3
amusement,http://farm9.staticflickr.com/8154/7537168172_b054ff955e_z.jpg,2,3
amusement,http://farm9.staticflickr.com/8502/8302824700_e4b50d546e_z.jpg,0,5
amusement,http://farm4.staticflickr.com/3948/15522624348_dcb18b3fdf_z.jpg,1,4
amusement,http://farm3.staticflickr.com/2892/9323608982_38b69a6869_z.jpg,0,5
amusement,http://farm8.staticflickr.com/7247/7599675642_78235e9a1f_z.jpg,5,0
amusement,http://farm9.staticflickr.com/8437/7754776170_8e00653217_z.jpg,1,4
amusement,http://farm9.staticflickr.com/8297/7864044220_de441ee841_z.jpg,4,1
amusement,http://farm6.staticflickr.com/5534/12573824623_28566b1102_z.jpg,5,0
amusement,http://farm8.staticflickr.com/7376/10733690434_68f69bdfb4_z.jpg,2,3
amusement,http://farm4.staticflickr.com/3699/9198290818_4822ced1df_z.jpg,5,0
amusement,http://farm4.staticflickr.com/3472/13068508274_6e70521ed6_z.jpg,2,3
amusement,http://farm6.staticflickr.com/5528/12666154234_a95d856eea_z.jpg,0,5
amusement,http://farm8.staticflickr.com/7389/10768897485_d46ec38494_z.jpg,5,0
amusement,http://farm8.staticflickr.com/7240/14017861191_cc702f131a_z.jpg,1,4
amusement,http://farm9.staticflickr.com/8179/7994411257_0c77217c5d_z.jpg,0,5
amusement,http://farm8.staticflickr.com/7410/11399982363_dcb0bbb78f_z.jpg,1,4
amusement,http://farm8.staticflickr.com/7314/9780610006_3b767bbcd8_z.jpg,1,4
amusement,http://farm9.staticflickr.com/8155/7598563484_7958c9d0ca_z.jpg,5,0
amusement,http://farm4.staticflickr.com/3763/9277244405_6ea81c19f8_z.jpg,0,5
amusement,http://farm9.staticflickr.com/8142/7171876459_e11fa7bc9e_z.jpg,5,0
amusement,http://farm6.staticflickr.com/5514/10382201754_a14038dc96_z.jpg,0,5
amusement,http://farm4.staticflickr.com/3792/9672972727_2e6840a82a_z.jpg,2,3
amusement,http://farm8.staticflickr.com/7404/9676199895_c353eb0e36_z.jpg,0,5
amusement,http://farm9.staticflickr.com/8452/7899272822_a71100b411_z.jpg,3,2
amusement,http://farm3.staticflickr.com/2850/9532306981_208dc6d222_z.jpg,3,2
amusement,http://farm4.staticflickr.com/3829/9102931469_b5eb694db3_z.jpg,2,3
amusement,http://farm8.staticflickr.com/7086/7263197644_c03195fdd0_z.jpg,1,4
amusement,http://farm8.staticflickr.com/7188/6973514237_2292399c86_z.jpg,5,0
amusement,http://farm6.staticflickr.com/5114/7228538876_9b17950e19_z.jpg,0,4
amusement,http://farm9.staticflickr.com/8170/8029225368_dac149b33c_z.jpg,5,0
amusement,http://farm7.staticflickr.com/6093/7002568787_96888ff1f1_z.jpg,5,0
amusement,http://farm6.staticflickr.com/5583/14906552522_e16f064146_z.jpg,0,5
amusement,http://farm9.staticflickr.com/8517/8349528491_a4fc535036_z.jpg,5,0
amusement,http://farm8.staticflickr.com/7308/13958181835_4b1bb3a29a_z.jpg,4,1
amusement,http://farm3.staticflickr.com/2867/9732580376_a69c427d72_z.jpg,4,1
amusement,http://farm9.staticflickr.com/8304/8005055318_da1dc2ca55_z.jpg,5,0
amusement,http://farm9.staticflickr.com/8434/7865587910_b309e9a18a_z.jpg,2,3
amusement,http://farm9.staticflickr.com/8036/8019057954_6f88b31df4_z.jpg,0,5
amusement,http://farm8.staticflickr.com/7302/12002345664_02cdc01cea_z.jpg,2,3
amusement,http://farm8.staticflickr.com/7013/6750891701_2f542ab402_z.jpg,1,4
amusement,http://farm9.staticflickr.com/8072/8422034394_d04ae209b5_z.jpg,5,0
amusement,http://farm6.staticflickr.com/5240/6935439350_af24d9e737_z.jpg,4,1
amusement,http://farm6.staticflickr.com/5444/9271575767_20e4cc2c87_z.jpg,1,4
amusement,http://farm9.staticflickr.com/8429/7560470012_456d1e7227_z.jpg,2,3
amusement,http://farm9.staticflickr.com/8066/8196829184_a8c5e54c02_z.jpg,5,0
amusement,http://farm6.staticflickr.com/5138/13941628486_25c95d5fe0_z.jpg,1,4
amusement,http://farm6.staticflickr.com/5331/8855520882_35cf276ab4_z.jpg,4,1
amusement,http://farm8.staticflickr.com/7114/7742307020_61c7e25836_z.jpg,4,1
amusement,http://farm8.staticflickr.com/7035/6621955495_af30155282_z.jpg,5,0
amusement,http://farm8.staticflickr.com/7139/6867064352_9f06598689_z.jpg,2,3
amusement,http://farm9.staticflickr.com/8289/7644645910_351c203a1f_z.jpg,3,2
amusement,http://farm8.staticflickr.com/7417/14091995565_de5d6a89fe_z.jpg,3,2
amusement,http://farm8.staticflickr.com/7103/7263230556_bb9672aa31_z.jpg,5,0
amusement,http://farm6.staticflickr.com/5513/11956099135_301985048a_z.jpg,1,4
amusement,http://farm3.staticflickr.com/2817/13701720023_fe815a9e60_z.jpg,5,0
amusement,http://farm6.staticflickr.com/5493/9867788295_b07a67c39b_z.jpg,4,1
amusement,http://farm8.staticflickr.com/7106/7473062428_a408faf866_z.jpg,1,4
amusement,http://farm4.staticflickr.com/3832/11160442374_674e333327_z.jpg,2,3
amusement,http://farm3.staticflickr.com/2895/14026752481_7a8dc0dac5_z.jpg,5,0
amusement,http://farm9.staticflickr.com/8304/7917110126_2ff9b2acc6_z.jpg,1,4
amusement,http://farm4.staticflickr.com/3816/9054105391_c7b28315ed_z.jpg,1,4
amusement,http://farm9.staticflickr.com/8170/8056549499_83c4f662c7_z.jpg,0,5
amusement,http://farm9.staticflickr.com/8425/7863985222_6b2035c8ec_z.jpg,0,5
amusement,http://farm8.staticflickr.com/7359/11408162625_a7e80b7160_z.jpg,3,2
amusement,http://farm4.staticflickr.com/3759/12542502375_aa3ec128cc_z.jpg,0,4
amusement,http://farm9.staticflickr.com/8301/7829477400_038f13aa7e_z.jpg,0,5
amusement,http://farm9.staticflickr.com/8440/8706904382_6b454cef85_z.jpg,1,4
amusement,http://farm9.staticflickr.com/8515/8458596816_01132897c4_z.jpg,5,0
amusement,http://farm4.staticflickr.com/3904/14508972946_014d9e0039_z.jpg,3,2
amusement,http://farm8.staticflickr.com/7077/7309485006_acb9baa592_z.jpg,2,3
amusement,http://farm8.staticflickr.com/7055/6969267243_1ae1e2c316_z.jpg,1,4
amusement,http://farm9.staticflickr.com/8556/8700433790_e9171d3536_z.jpg,1,4
amusement,http://farm9.staticflickr.com/8333/8402236906_f436035ed7_z.jpg,5,0
amusement,http://farm9.staticflickr.com/8530/8535318371_c44aa41dc3_z.jpg,0,5
amusement,http://farm8.staticflickr.com/7078/7126077639_28c5bf2bde_z.jpg,0,5
amusement,http://farm4.staticflickr.com/3751/10839070486_ce8ed52385_z.jpg,4,1
amusement,http://farm6.staticflickr.com/5546/14193051554_0b133a37d3_z.jpg,4,1
amusement,http://farm9.staticflickr.com/8428/7850026302_77ac391434_z.jpg,5,0
amusement,http://farm6.staticflickr.com/5516/11376151583_8f26092728_z.jpg,3,2
amusement,http://farm9.staticflickr.com/8467/8146852503_0f32306c7f_z.jpg,2,3
amusement,http://farm3.staticflickr.com/2898/14207679895_4d0a7fd275_z.jpg,1,4
amusement,http://farm9.staticflickr.com/8150/7345351430_df07c99dff_z.jpg,4,1
amusement,http://farm8.staticflickr.com/7431/12736876643_4c9312a2fc_z.jpg,1,4
amusement,http://farm9.staticflickr.com/8334/8082020504_47edff6c38_z.jpg,1,4
amusement,http://farm8.staticflickr.com/7092/7356972350_770e86c60f_z.jpg,4,1
amusement,http://farm9.staticflickr.com/8088/8507273401_8cd0151c4e_z.jpg,4,1
amusement,http://farm8.staticflickr.com/7101/7306099418_6f7f1d8896_z.jpg,3,2
amusement,http://farm8.staticflickr.com/7190/6847003060_efaa900bfc_z.jpg,1,4
amusement,http://farm4.staticflickr.com/3711/10841595274_5a97f6b03f_z.jpg,0,5
amusement,http://farm8.staticflickr.com/7374/12610140774_b08e120aa2_z.jpg,1,4
amusement,http://farm4.staticflickr.com/3737/14267248561_54c1f2e5aa_z.jpg,1,4
amusement,http://farm9.staticflickr.com/8287/7661175812_3f75e22178_z.jpg,0,5
amusement,http://farm9.staticflickr.com/8204/8185930278_bbe8374b9e_z.jpg,1,4
amusement,http://farm8.staticflickr.com/7343/9096347700_1c1c1e8176_z.jpg,0,5
amusement,http://farm4.staticflickr.com/3700/11097554273_aabb531208_z.jpg,4,1
amusement,http://farm9.staticflickr.com/8231/8573420821_f734d48712_z.jpg,2,3
amusement,http://farm8.staticflickr.com/7404/9323150640_fcf711f6cd_z.jpg,4,1
amusement,http://farm9.staticflickr.com/8487/8218113808_74dfe980a0_z.jpg,0,5
amusement,http://farm9.staticflickr.com/8023/7317709724_b6eef86e25_z.jpg,1,4
amusement,http://farm8.staticflickr.com/7457/13915760060_d01c6c56cd_z.jpg,0,5
amusement,http://farm6.staticflickr.com/5542/12464662804_647765e46e_z.jpg,2,3
amusement,http://farm4.staticflickr.com/3793/11283756354_23cb8028cf_z.jpg,4,1
amusement,http://farm8.staticflickr.com/7279/13785327095_d5ec372fbf_z.jpg,4,1
amusement,http://farm5.staticflickr.com/4121/4889312540_5bbd2ac52c_z.jpg,2,3
amusement,http://farm8.staticflickr.com/7164/6843939575_6a17889193_z.jpg,1,4
amusement,http://farm9.staticflickr.com/8508/8398570893_fd86954771_z.jpg,0,5
amusement,http://farm4.staticflickr.com/3730/10587195213_f967ea89eb_z.jpg,5,0
amusement,http://farm3.staticflickr.com/2939/14058987220_8d4b398174_z.jpg,0,5
amusement,http://farm6.staticflickr.com/5468/6917367794_260219f8c9_z.jpg,2,3
amusement,http://farm4.staticflickr.com/3686/9871272015_dfcf572cd0_z.jpg,5,0
amusement,http://farm9.staticflickr.com/8165/7594996966_ca3d121f6a_z.jpg,2,3
amusement,http://farm6.staticflickr.com/5456/10182987346_38a25575bc_z.jpg,0,5
amusement,http://farm4.staticflickr.com/3777/9102652884_c22196f23f_z.jpg,5,0
amusement,http://farm9.staticflickr.com/8211/8394030795_46c58f9c54_z.jpg,0,5
amusement,http://farm9.staticflickr.com/8370/8551865695_6f9c390fd9_z.jpg,0,5
amusement,http://farm9.staticflickr.com/8310/7896204448_bd52d5a6b0_z.jpg,4,1
amusement,http://farm8.staticflickr.com/7131/8152367585_6eba17d9b8_z.jpg,2,3
amusement,http://farm6.staticflickr.com/5462/9112227539_3205cb4aaf_z.jpg,1,4
amusement,http://farm9.staticflickr.com/8234/8506075266_3a78d38985_z.jpg,2,3
amusement,http://farm3.staticflickr.com/2877/9538495966_a1056837bc_z.jpg,2,3
amusement,http://farm9.staticflickr.com/8338/8180909578_5bc453d6fb_z.jpg,4,1
amusement,http://farm6.staticflickr.com/5470/9878601036_c5a0a12316_z.jpg,5,0
amusement,http://farm8.staticflickr.com/7216/7356213884_cc37f1566c_z.jpg,5,0
amusement,http://farm9.staticflickr.com/8344/8244643030_cb18efb468_z.jpg,1,4
amusement,http://farm9.staticflickr.com/8436/7898530888_7ed163da6e_z.jpg,5,0
amusement,http://farm9.staticflickr.com/8429/7622427396_93de985ee0_z.jpg,2,3
amusement,http://farm8.staticflickr.com/7063/6773940334_a753297227_z.jpg,0,5
amusement,http://farm8.staticflickr.com/7158/6798787523_924af21c46_z.jpg,1,4
amusement,http://farm4.staticflickr.com/3785/12445726213_bdfc4d7bfa_z.jpg,3,2
amusement,http://farm8.staticflickr.com/7105/7123133127_caf2570815_z.jpg,5,0
amusement,http://farm8.staticflickr.com/7378/9109032313_123926a5c8_z.jpg,0,5
amusement,http://farm6.staticflickr.com/5465/8841110297_27df15ce12_z.jpg,2,3
amusement,http://farm8.staticflickr.com/7522/15426917173_2b3ac4f32e_z.jpg,0,5
amusement,http://farm9.staticflickr.com/8190/8104193944_dcbd3dc95d_z.jpg,1,4
amusement,http://farm9.staticflickr.com/8050/8132932945_717abefa3e_z.jpg,5,0
amusement,http://farm8.staticflickr.com/7073/7228326496_fddc0abfb3_z.jpg,3,2
amusement,http://farm6.staticflickr.com/5239/14243392666_d3aa9dede0_z.jpg,5,0
amusement,http://farm9.staticflickr.com/8079/8430539873_3bac0f2b3f_z.jpg,5,0
amusement,http://farm3.staticflickr.com/2860/9436089020_244dcc9fff_z.jpg,1,4
amusement,http://farm3.staticflickr.com/2900/14146952917_9acbc0a6ab_z.jpg,1,4
amusement,http://farm4.staticflickr.com/3753/10858444254_5a5e9d727d_z.jpg,2,3
amusement,http://farm8.staticflickr.com/7243/7061016777_5ebcf95081_z.jpg,5,0
amusement,http://farm8.staticflickr.com/7318/10230662425_002cdbddb7_z.jpg,0,5
amusement,http://farm8.staticflickr.com/7485/15951775445_2d4ee726ec_z.jpg,3,2
amusement,http://farm4.staticflickr.com/3781/11061510653_3dbcee7bc3_z.jpg,5,0
amusement,http://farm8.staticflickr.com/7071/7174285028_092847c7e7_z.jpg,5,0
amusement,http://farm6.staticflickr.com/5527/9842937653_45579ae66c_z.jpg,2,3
amusement,http://farm9.staticflickr.com/8093/8545804863_77b8e6b8e0_z.jpg,5,0
amusement,http://farm9.staticflickr.com/8003/7373972358_fa56048d07_z.jpg,1,4
amusement,http://farm4.staticflickr.com/3759/9762347221_e58491a118_z.jpg,2,3
amusement,http://farm9.staticflickr.com/8019/7472528648_bc9054e994_z.jpg,1,4
amusement,http://farm6.staticflickr.com/5536/10390321053_e040c56926_z.jpg,5,0
amusement,http://farm8.staticflickr.com/7159/13698759584_5fe7b36f79_z.jpg,4,1
amusement,http://farm8.staticflickr.com/7257/7471897490_25f236a0c2_z.jpg,2,3
amusement,http://farm6.staticflickr.com/5479/10115648224_289eddbb33_z.jpg,3,2
amusement,http://farm4.staticflickr.com/3776/9566741916_02d7934155_z.jpg,4,1
amusement,http://farm4.staticflickr.com/3819/9054040739_7e6b9a05d4_z.jpg,0,4
amusement,http://farm3.staticflickr.com/2910/14381271840_b6b558eded_z.jpg,5,0
amusement,http://farm9.staticflickr.com/8531/8455372912_2823d1fd0c_z.jpg,1,4
amusement,http://farm4.staticflickr.com/3765/13397209174_c2f0da40aa_z.jpg,2,3
amusement,http://farm9.staticflickr.com/8474/8361701698_94fea80e71_z.jpg,2,3
amusement,http://farm6.staticflickr.com/5506/11095317516_acac3b8a7a_z.jpg,5,0
amusement,http://farm8.staticflickr.com/7320/12439703324_80c2186cfd_z.jpg,5,0
amusement,http://farm8.staticflickr.com/7383/9334034924_6a2a59c882_z.jpg,4,1
amusement,http://farm9.staticflickr.com/8305/7923792396_b879b59faa_z.jpg,5,0
amusement,http://farm9.staticflickr.com/8228/8553436839_b027f26a05_z.jpg,1,4
amusement,http://farm8.staticflickr.com/7256/7864138096_f055092c57_z.jpg,4,1
amusement,http://farm9.staticflickr.com/8460/7934991944_d8af4fc919_z.jpg,1,4
amusement,http://farm8.staticflickr.com/7439/14180070892_eb68a199cd_z.jpg,0,5
amusement,http://farm8.staticflickr.com/7167/6803495753_48dd524775_z.jpg,4,1
amusement,http://farm9.staticflickr.com/8441/7778611664_b6c3008dc8_z.jpg,1,4
amusement,http://farm6.staticflickr.com/5522/10632148125_91c766d258_z.jpg,2,3
amusement,http://farm6.staticflickr.com/5507/14221607566_6a7026d2dc_z.jpg,0,5
amusement,http://farm9.staticflickr.com/8339/8284086511_492b4595ef_z.jpg,3,2
amusement,http://farm6.staticflickr.com/5546/11926615406_6b13758397_z.jpg,5,0
amusement,http://farm9.staticflickr.com/8227/8511178581_e4b6df045f_z.jpg,4,1
amusement,http://farm9.staticflickr.com/8507/8581102672_f8fbc40f51_z.jpg,3,2
amusement,http://farm4.staticflickr.com/3728/9594547450_9c1b53e332_z.jpg,5,0
amusement,http://farm4.staticflickr.com/3801/12452613124_b2c556d004_z.jpg,2,2
amusement,http://farm9.staticflickr.com/8155/6979727918_e6d2e6def6_z.jpg,4,1
amusement,http://farm4.staticflickr.com/3681/12772831354_e6271eb084_z.jpg,1,4
amusement,http://farm9.staticflickr.com/8266/8663353272_eb32961b12_z.jpg,1,4
amusement,http://farm3.staticflickr.com/2901/14047496010_c836c40a22_z.jpg,1,4
amusement,http://farm4.staticflickr.com/3690/11833999035_25f60da6bb_z.jpg,0,5
amusement,http://farm9.staticflickr.com/8004/7674948246_05af36ba17_z.jpg,3,2
amusement,http://farm8.staticflickr.com/7116/7683293124_216a5d6521_z.jpg,5,0
amusement,http://farm6.staticflickr.com/5490/10291839315_83a14636a4_z.jpg,2,3
amusement,http://farm9.staticflickr.com/8158/7486605892_bc209bfec5_z.jpg,3,2
amusement,http://farm8.staticflickr.com/7116/6984378614_9ebc90f5db_z.jpg,3,2
amusement,http://farm9.staticflickr.com/8160/7472256544_041fc455cb_z.jpg,0,5
amusement,http://farm9.staticflickr.com/8314/7898489678_d33ce227c2_z.jpg,4,1
amusement,http://farm6.staticflickr.com/5496/12042987443_225bd8365f_z.jpg,5,0
amusement,http://farm6.staticflickr.com/5327/10269462696_566cb24ba7_z.jpg,1,4
amusement,http://farm4.staticflickr.com/3673/10202695024_28ba60e841_z.jpg,2,3
amusement,http://farm8.staticflickr.com/7311/9373665401_112aed13fa_z.jpg,0,5
amusement,http://farm9.staticflickr.com/8547/8771321414_192cea84e6_z.jpg,1,4
amusement,http://farm8.staticflickr.com/7091/7185376675_25e91b4289_z.jpg,3,2
amusement,http://farm9.staticflickr.com/8535/8694362872_543f9da255_z.jpg,2,3
amusement,http://farm3.staticflickr.com/2891/9102597672_c8c2e41b62_z.jpg,3,2
amusement,http://farm9.staticflickr.com/8368/8587221869_f63f3efccf_z.jpg,2,3
amusement,http://farm8.staticflickr.com/7241/7230897392_a21c5a8087_z.jpg,2,3
amusement,http://farm8.staticflickr.com/7139/7798828688_f838c31761_z.jpg,3,2
amusement,http://farm4.staticflickr.com/3668/8974600773_6841fbe1de_z.jpg,5,0
amusement,http://farm8.staticflickr.com/7159/6615937361_fb6ecb6f4f_z.jpg,1,4
amusement,http://farm4.staticflickr.com/3727/9104840681_cf4da6243b_z.jpg,3,2
amusement,http://farm9.staticflickr.com/8291/7515973576_57ce255527_z.jpg,0,5
amusement,http://farm8.staticflickr.com/7435/9396158519_3bb2705117_z.jpg,4,1
amusement,http://farm4.staticflickr.com/3679/9546016901_67d1b2f534_z.jpg,4,1
amusement,http://farm6.staticflickr.com/5495/12739311615_ce3f40e486_z.jpg,2,3
amusement,http://farm8.staticflickr.com/7447/13045935723_31818da9f8_z.jpg,2,3
amusement,http://farm8.staticflickr.com/7319/9245666530_77867e014d_z.jpg,2,3
amusement,http://farm8.staticflickr.com/7364/10237868246_89d5ca9421_z.jpg,0,5
amusement,http://farm9.staticflickr.com/8327/8110169816_4b58bfa9f7_z.jpg,5,0
amusement,http://farm9.staticflickr.com/8153/7171541155_038667a291_z.jpg,1,4
amusement,http://farm9.staticflickr.com/8481/8182132827_c8051eb4d1_z.jpg,1,4
amusement,http://farm9.staticflickr.com/8159/7595368158_da4a2d2586_z.jpg,5,0
amusement,http://farm4.staticflickr.com/3790/11282240443_8e09a5e3de_z.jpg,1,4
amusement,http://farm4.staticflickr.com/3667/13103526513_84cf6a35e3_z.jpg,1,4
amusement,http://farm9.staticflickr.com/8293/7571105274_0afa7715b0_z.jpg,5,0
amusement,http://farm9.staticflickr.com/8427/7743401212_63b437cfeb_z.jpg,2,3
amusement,http://farm6.staticflickr.com/5509/11415466626_eaeb6a31f0_z.jpg,4,1
amusement,http://farm6.staticflickr.com/5590/14903919371_9b48f36050_z.jpg,1,4
amusement,http://farm4.staticflickr.com/3785/9334196997_df43557b9b_z.jpg,5,0
amusement,http://farm6.staticflickr.com/5546/9962790855_3252e010cd_z.jpg,4,1
amusement,http://farm4.staticflickr.com/3828/14294020773_0a19fde4d7_z.jpg,0,5
amusement,http://farm8.staticflickr.com/7295/9336466833_0d7461f0f1_z.jpg,5,0
amusement,http://farm6.staticflickr.com/5446/9640051285_a1d9d6fec6_z.jpg,1,4
amusement,http://farm8.staticflickr.com/7202/7034708285_158ba44ce3_z.jpg,5,0
amusement,http://farm9.staticflickr.com/8015/7239504340_ef277d2108_z.jpg,0,5
amusement,http://farm9.staticflickr.com/8333/8140374716_f408d80ffb_z.jpg,3,2
amusement,http://farm9.staticflickr.com/8317/7991656063_0a24ba2e24_z.jpg,1,4
amusement,http://farm8.staticflickr.com/7329/12749502144_da7766fc56_z.jpg,5,0
amusement,http://farm8.staticflickr.com/7182/6826948824_71693d79b5_z.jpg,2,3
amusement,http://farm3.staticflickr.com/2875/9271016253_6de44dfde1_z.jpg,4,1
amusement,http://farm4.staticflickr.com/3950/15079606953_7ff053d5e9_z.jpg,5,0
amusement,http://farm9.staticflickr.com/8468/8414996747_db1a57d970_z.jpg,2,3
amusement,http://farm9.staticflickr.com/8196/8131638448_f6382fd182_z.jpg,1,4
amusement,http://farm8.staticflickr.com/7370/10457781144_15ed5925e1_z.jpg,3,2
amusement,http://farm6.staticflickr.com/5331/9645590247_6cce3bb0d4_z.jpg,1,4
amusement,http://farm3.staticflickr.com/2920/14171277231_13651ace23_z.jpg,5,0
amusement,http://farm9.staticflickr.com/8190/8139752612_67a8522392_z.jpg,0,5
amusement,http://farm9.staticflickr.com/8069/8152474831_1cbbe70218_z.jpg,4,1
amusement,http://farm4.staticflickr.com/3768/10678187596_04128941db_z.jpg,1,4
amusement,http://farm3.staticflickr.com/2903/14151317795_3a0a6b9ce4_z.jpg,3,2
amusement,http://farm4.staticflickr.com/3124/13067106613_6b15943e38_z.jpg,4,1
amusement,http://farm3.staticflickr.com/2861/12739860735_2ace72f4bd_z.jpg,2,3
amusement,http://farm8.staticflickr.com/7396/9224974505_90fc0602ba_z.jpg,0,5
amusement,http://farm4.staticflickr.com/3901/14883803646_e489eb9805_z.jpg,0,5
amusement,http://farm3.staticflickr.com/2950/15231882520_4dec0c91a0_z.jpg,2,3
amusement,http://farm4.staticflickr.com/3815/12575183255_c4f82dd8bb_z.jpg,0,5
amusement,http://farm6.staticflickr.com/5535/9129658184_03fa01617a_z.jpg,1,4
amusement,http://farm4.staticflickr.com/3765/11060840405_e0f3c15583_z.jpg,4,1
amusement,http://farm4.staticflickr.com/3755/11379220866_647f11e3d8_z.jpg,3,2
amusement,http://farm8.staticflickr.com/7205/6860155059_ca0e65fb99_z.jpg,1,4
amusement,http://farm9.staticflickr.com/8440/7890727114_054ff5aa44_z.jpg,0,5
amusement,http://farm9.staticflickr.com/8175/8045153631_f36b814a27_z.jpg,2,3
amusement,http://farm9.staticflickr.com/8079/8257444882_defc4bdbb8_z.jpg,1,4
amusement,http://farm8.staticflickr.com/7288/9702126204_caf35200b9_z.jpg,1,4
amusement,http://farm4.staticflickr.com/3737/12127429206_1fb1e52608_z.jpg,5,0
amusement,http://farm8.staticflickr.com/7320/9048328678_a0928a17e4_z.jpg,5,0
amusement,http://farm8.staticflickr.com/7042/13669049354_d6184b3dff_z.jpg,1,4
amusement,http://farm3.staticflickr.com/2837/9540051374_b79771ba70_z.jpg,1,4
amusement,http://farm4.staticflickr.com/3678/11356589535_8a58433295_z.jpg,5,0
amusement,http://farm8.staticflickr.com/7212/7394176278_cd02f8f6ec_z.jpg,4,1
amusement,http://farm3.staticflickr.com/2861/10383126206_2d877c8b27_z.jpg,4,1
amusement,http://farm8.staticflickr.com/7108/7761145260_4b58ace78b_z.jpg,1,4
amusement,http://farm9.staticflickr.com/8084/8258844655_846e2c4608_z.jpg,3,2
amusement,http://farm6.staticflickr.com/5344/8888727759_e4e5c8a261_z.jpg,3,2
amusement,http://farm9.staticflickr.com/8004/7575747188_2a09cd29e7_z.jpg,3,2
amusement,http://farm8.staticflickr.com/7260/7063415545_8f34b6585f_z.jpg,0,5
amusement,http://farm9.staticflickr.com/8044/8094736292_1344f01e71_z.jpg,3,2
amusement,http://farm8.staticflickr.com/7294/9925080203_5d0d07e330_z.jpg,4,1
amusement,http://farm4.staticflickr.com/3830/11984394774_d41d5d8717_z.jpg,0,5
amusement,http://farm8.staticflickr.com/7407/10896282155_5899060c48_z.jpg,2,3
amusement,http://farm8.staticflickr.com/7251/7472023932_1856d616ce_z.jpg,5,0
amusement,http://farm9.staticflickr.com/8394/8707072332_40f85a8430_z.jpg,0,5
amusement,http://farm6.staticflickr.com/5549/9459637345_03d4316a70_z.jpg,2,3
amusement,http://farm3.staticflickr.com/2904/14275844165_415f560d7d_z.jpg,5,0
amusement,http://farm8.staticflickr.com/7399/11925731325_a860b39b7c_z.jpg,5,0
amusement,http://farm4.staticflickr.com/3728/9351575086_c7627f46b8_z.jpg,1,4
amusement,http://farm9.staticflickr.com/8028/7449699246_aa3ac1e28e_z.jpg,0,5
amusement,http://farm8.staticflickr.com/7153/6679819749_cb6e1c4772_z.jpg,5,0
amusement,http://farm9.staticflickr.com/8059/8211277393_bb3006a805_z.jpg,4,1
amusement,http://farm8.staticflickr.com/7161/13539634625_2c3bf4d488_z.jpg,1,4
amusement,http://farm4.staticflickr.com/3773/10869186725_85a532a85e_z.jpg,4,1
amusement,http://farm3.staticflickr.com/2933/13982876799_bb4c1da3a4_z.jpg,1,4
amusement,http://farm9.staticflickr.com/8395/8693224680_cb56ca9e09_z.jpg,5,0
amusement,http://farm4.staticflickr.com/3732/9429614747_5dc53d87ec_z.jpg,4,1
amusement,http://farm8.staticflickr.com/7334/14217108903_cc8f6d6b96_z.jpg,4,1
amusement,http://farm9.staticflickr.com/8288/7828244594_fef46386ec_z.jpg,4,1
amusement,http://farm9.staticflickr.com/8042/8042984517_4edf63858b_z.jpg,1,4
amusement,http://farm3.staticflickr.com/2805/11060767566_579aaff2aa_z.jpg,5,0
amusement,http://farm8.staticflickr.com/7250/7777007134_40ea07f071_z.jpg,0,5
amusement,http://farm8.staticflickr.com/7428/9100975284_853a39020f_z.jpg,5,0
amusement,http://farm4.staticflickr.com/3759/9310807352_0d109e0b77_z.jpg,3,2
amusement,http://farm9.staticflickr.com/8094/8456087453_5294e1f149_z.jpg,5,0
amusement,http://farm9.staticflickr.com/8579/16409710637_2784edec10_z.jpg,3,2
amusement,http://farm9.staticflickr.com/8173/8072841130_b362dd37ec_z.jpg,1,4
amusement,http://farm6.staticflickr.com/5477/11987464336_70955d59d3_z.jpg,1,4
amusement,http://farm3.staticflickr.com/2812/11926073683_f0b52310ca_z.jpg,2,3
amusement,http://farm4.staticflickr.com/3789/11094398566_0e920e6db0_z.jpg,2,3
amusement,http://farm9.staticflickr.com/8190/8132330080_ba3d6c77b4_z.jpg,4,1
amusement,http://farm8.staticflickr.com/7079/7066430647_bb487ec43e_z.jpg,5,0
amusement,http://farm9.staticflickr.com/8267/8705761937_c0835ec747_z.jpg,4,1
amusement,http://farm9.staticflickr.com/8046/8140518361_23c00b820e_z.jpg,2,3
amusement,http://farm4.staticflickr.com/3820/12093895084_065d1c76c2_z.jpg,2,3
amusement,http://farm9.staticflickr.com/8436/7775575666_894fe5d6a6_z.jpg,0,5
amusement,http://farm4.staticflickr.com/3711/14072573217_799d295984_z.jpg,1,4
amusement,http://farm3.staticflickr.com/2829/10704207616_68bf6f7cd2_z.jpg,4,1
amusement,http://farm8.staticflickr.com/7452/9218263443_147eedcc48_z.jpg,2,3
amusement,http://farm9.staticflickr.com/8228/8376597769_b3554afd2f_z.jpg,1,4
amusement,http://farm6.staticflickr.com/5344/9985869513_8d3ce94d26_z.jpg,1,4
amusement,http://farm4.staticflickr.com/3792/12992754953_d1bfafcdb9_z.jpg,5,0
amusement,http://farm4.staticflickr.com/3909/14660448900_b03f56a60b_z.jpg,1,4
amusement,http://farm8.staticflickr.com/7284/8872319233_13504344a8_z.jpg,5,0
amusement,http://farm8.staticflickr.com/7400/8922295998_38c6fd9334_z.jpg,1,4
amusement,http://farm9.staticflickr.com/8454/8045150951_be014dcd28_z.jpg,3,2
amusement,http://farm6.staticflickr.com/5322/9140373310_2181896e21_z.jpg,2,3
amusement,http://farm9.staticflickr.com/8069/8228989880_18cea3fc88_z.jpg,0,5
amusement,http://farm9.staticflickr.com/8311/8052705892_854c754d50_z.jpg,0,5
amusement,http://farm8.staticflickr.com/7078/7354416806_02de6010e3_z.jpg,0,5
amusement,http://farm8.staticflickr.com/7030/13579429523_85138ac879_z.jpg,4,1
amusement,http://farm8.staticflickr.com/7197/6972998539_86be6428a8_z.jpg,2,3
amusement,http://farm3.staticflickr.com/2893/12268035055_f3d0c0cc15_z.jpg,4,1
amusement,http://farm9.staticflickr.com/8293/7675638800_09f21531df_z.jpg,4,1
amusement,http://farm8.staticflickr.com/7433/8838284380_d6207ee7d8_z.jpg,4,1
amusement,http://farm4.staticflickr.com/3801/9999266744_1c5f455123_z.jpg,0,5
amusement,http://farm4.staticflickr.com/3724/13136794523_f4a7e6370a_z.jpg,3,2
amusement,http://farm3.staticflickr.com/2836/10739324846_9f555b486d_z.jpg,0,5
amusement,http://farm9.staticflickr.com/8516/8533948593_1cca313043_z.jpg,4,1
amusement,http://farm4.staticflickr.com/3945/15488483508_ba42c650f8_z.jpg,5,0
amusement,http://farm8.staticflickr.com/7085/7320197858_26abbac8f7_z.jpg,4,1
amusement,http://farm4.staticflickr.com/3676/12449828134_63bb91201d_z.jpg,4,0
amusement,http://farm9.staticflickr.com/8401/8699456505_684901f21f_z.jpg,3,2
amusement,http://farm9.staticflickr.com/8084/8420599574_4cd9b212f8_z.jpg,5,0
amusement,http://farm8.staticflickr.com/7294/12302719786_6b45e8154d_z.jpg,2,3
amusement,http://farm8.staticflickr.com/7238/7104226851_aabda2cbec_z.jpg,5,0
amusement,http://farm8.staticflickr.com/7397/14160146312_76cb1f82ee_z.jpg,5,0
amusement,http://farm6.staticflickr.com/5536/12513177144_ee20d108cf_z.jpg,4,1
amusement,http://farm9.staticflickr.com/8345/8255044618_de719b7c2e_z.jpg,4,1
amusement,http://farm8.staticflickr.com/7340/9149004726_2a6ec021a6_z.jpg,0,5
amusement,http://farm6.staticflickr.com/5491/9491297308_8362924cd4_z.jpg,2,3
amusement,http://farm9.staticflickr.com/8205/8202702969_bbdc1dff22_z.jpg,5,0
amusement,http://farm6.staticflickr.com/5492/10728792316_e83a299851_z.jpg,3,2
amusement,http://farm4.staticflickr.com/3763/9274842269_27168b1cb8_z.jpg,2,3
amusement,http://farm3.staticflickr.com/2851/12943282414_de3a792e26_z.jpg,5,0
amusement,http://farm6.staticflickr.com/5482/10546227663_53d3c2718c_z.jpg,0,5
amusement,http://farm8.staticflickr.com/7384/10590352055_5ea667c457_z.jpg,3,2
amusement,http://farm8.staticflickr.com/7323/9531299623_70324f5653_z.jpg,1,4
amusement,http://farm6.staticflickr.com/5504/9092627501_c901d8438e_z.jpg,0,4
amusement,http://farm8.staticflickr.com/7438/8932137899_d24be460af_z.jpg,3,2
amusement,http://farm8.staticflickr.com/7165/6734614959_495a4cc5b7_z.jpg,2,3
amusement,http://farm8.staticflickr.com/7343/8720717493_b65e22ffc2_z.jpg,0,5
amusement,http://farm8.staticflickr.com/7128/6882338826_324f34748b_z.jpg,4,1
amusement,http://farm8.staticflickr.com/7337/16488476306_030b7de38f_z.jpg,1,4
amusement,http://farm9.staticflickr.com/8051/8146939726_1032dc50ab_z.jpg,5,0
amusement,http://farm8.staticflickr.com/7322/12918367295_701868eaa7_z.jpg,4,1
amusement,http://farm9.staticflickr.com/8182/8046204770_771191b2fd_z.jpg,5,0
amusement,http://farm6.staticflickr.com/5596/14422300384_65af984957_z.jpg,3,2
amusement,http://farm3.staticflickr.com/2882/9104986213_c877dd2fb2_z.jpg,5,0
amusement,http://farm4.staticflickr.com/3736/10965968526_2e16cda073_z.jpg,0,5
amusement,http://farm8.staticflickr.com/7028/6665586435_24e3345725_z.jpg,4,1
amusement,http://farm9.staticflickr.com/8398/8602648478_4b33a14943_z.jpg,5,0
amusement,http://farm3.staticflickr.com/2880/10752656515_60feaaac83_z.jpg,2,3
amusement,http://farm4.staticflickr.com/3872/14329837398_6a9f74ea04_z.jpg,2,3
amusement,http://farm9.staticflickr.com/8467/8134984122_74169b023c_z.jpg,0,5
amusement,http://farm4.staticflickr.com/3914/14520800664_495d6fca50_z.jpg,5,0
amusement,http://farm8.staticflickr.com/7114/7745090270_a5d2cdc1f1_z.jpg,1,4
amusement,http://farm8.staticflickr.com/7246/8154110771_d2234d8efe_z.jpg,5,0
amusement,http://farm4.staticflickr.com/3685/14322459153_21d0a9e36b_z.jpg,4,0
amusement,http://farm9.staticflickr.com/8038/8029879708_a7d96867d6_z.jpg,5,0
amusement,http://farm8.staticflickr.com/7362/11457898804_f35434b03a_z.jpg,5,0
amusement,http://farm4.staticflickr.com/3830/12506538635_a588818cf7_z.jpg,5,0
amusement,http://farm9.staticflickr.com/8440/7886310138_ba0c43c202_z.jpg,2,3
amusement,http://farm8.staticflickr.com/7293/9102925653_a62908ebe3_z.jpg,4,1
amusement,http://farm9.staticflickr.com/8376/8420604526_479921c88e_z.jpg,1,4
amusement,http://farm8.staticflickr.com/7315/9455694116_b595828d94_z.jpg,3,2
amusement,http://farm3.staticflickr.com/2808/9179939807_9b49bc2718_z.jpg,2,3
amusement,http://farm4.staticflickr.com/3716/12493971234_d03a1cf603_z.jpg,5,0
amusement,http://farm9.staticflickr.com/8091/8552632727_93d338d470_z.jpg,4,1
amusement,http://farm8.staticflickr.com/7237/7341789744_51128066ed_z.jpg,5,0
amusement,http://farm9.staticflickr.com/8192/8139443532_2af68b4b9b_z.jpg,5,0
amusement,http://farm8.staticflickr.com/7090/7237171320_998e2a7a5b_z.jpg,3,2
amusement,http://farm9.staticflickr.com/8423/7613490904_91e7c854b6_z.jpg,1,4
amusement,http://farm9.staticflickr.com/8512/8545217347_1837f6a416_z.jpg,1,4
amusement,http://farm9.staticflickr.com/8311/7895739598_8e4fc57ba9_z.jpg,5,0
amusement,http://farm6.staticflickr.com/5445/9179878837_a35db03bd1_z.jpg,2,3
amusement,http://farm8.staticflickr.com/7458/14188037302_669ac06764_z.jpg,1,4
amusement,http://farm9.staticflickr.com/8114/8654960573_ee3cda1055_z.jpg,2,3
amusement,http://farm8.staticflickr.com/7356/10289756715_883066bb1c_z.jpg,1,4
amusement,http://farm9.staticflickr.com/8423/7864125682_e3ce529ce0_z.jpg,4,1
amusement,http://farm9.staticflickr.com/8267/8705130706_df88c45ebd_z.jpg,4,1
amusement,http://farm8.staticflickr.com/7365/13122688054_eec0e15dbe_z.jpg,5,0
amusement,http://farm3.staticflickr.com/2849/9340137190_477b6cdcf8_z.jpg,5,0
amusement,http://farm9.staticflickr.com/8090/8420499411_bd90a8e2e7_z.jpg,5,0
amusement,http://farm8.staticflickr.com/7177/6848011114_560978950e_z.jpg,4,1
amusement,http://farm8.staticflickr.com/7358/8917587670_964fed757e_z.jpg,4,1
amusement,http://farm4.staticflickr.com/3769/13711295334_5cb055cac6_z.jpg,5,0
amusement,http://farm9.staticflickr.com/8052/8138864814_759fc1e994_z.jpg,5,0
amusement,http://farm6.staticflickr.com/5335/9104818483_2e150eba80_z.jpg,4,1
amusement,http://farm8.staticflickr.com/7199/13682537415_048c727a19_z.jpg,2,3
amusement,http://farm9.staticflickr.com/8591/15880193794_bd2d0f4da7_z.jpg,5,0
amusement,http://farm8.staticflickr.com/7346/9679044749_913e15f2e5_z.jpg,0,5
amusement,http://farm8.staticflickr.com/7338/9741210516_5581e783d7_z.jpg,0,5
amusement,http://farm6.staticflickr.com/5454/9456174064_2c029c5847_z.jpg,3,2
amusement,http://farm3.staticflickr.com/2922/14333327165_c99da74217_z.jpg,0,5
amusement,http://farm9.staticflickr.com/8392/8564676479_e8964ebe75_z.jpg,4,1
amusement,http://farm3.staticflickr.com/2877/10279007996_8608773ff1_z.jpg,5,0
amusement,http://farm3.staticflickr.com/2937/14254308173_30bfbc8eb2_z.jpg,1,4
amusement,http://farm9.staticflickr.com/8259/8665860313_6548ffcd30_z.jpg,1,4
amusement,http://farm9.staticflickr.com/8464/8146875626_d2764c61d8_z.jpg,2,3
amusement,http://farm8.staticflickr.com/7193/6804471884_71f8e1c43d_z.jpg,3,2
amusement,http://farm8.staticflickr.com/7302/12189274543_eecb2b51a7_z.jpg,2,3
amusement,http://farm9.staticflickr.com/8298/7873629350_fc208995e1_z.jpg,0,5
amusement,http://farm9.staticflickr.com/8301/7924924890_aea33a1727_z.jpg,0,5
amusement,http://farm4.staticflickr.com/3817/13668739103_3a93804bbd_z.jpg,2,3
amusement,http://farm6.staticflickr.com/5518/10926455755_f265d4a42b_z.jpg,2,3
amusement,http://farm4.staticflickr.com/3800/9728151057_ef35430790_z.jpg,3,2
amusement,http://farm9.staticflickr.com/8303/7763105494_0a96aff49d_z.jpg,1,4
amusement,http://farm9.staticflickr.com/8066/8244739971_aa7637b745_z.jpg,2,3
amusement,http://farm3.staticflickr.com/2925/14037292907_759f253724_z.jpg,4,1
amusement,http://farm9.staticflickr.com/8170/7911203962_358caa1850_z.jpg,1,4
amusement,http://farm4.staticflickr.com/3666/9231779772_61a76580d2_z.jpg,1,4
amusement,http://farm6.staticflickr.com/5528/9376445104_1095c3dc20_z.jpg,5,0
amusement,http://farm4.staticflickr.com/3784/14082091859_befebbd1df_z.jpg,4,1
amusement,http://farm9.staticflickr.com/8075/8256353791_ca08d68c2a_z.jpg,1,4
amusement,http://farm8.staticflickr.com/7411/13895290469_677dc8665e_z.jpg,1,4
amusement,http://farm4.staticflickr.com/3708/9277426904_e32cf2da5d_z.jpg,3,2
amusement,http://farm8.staticflickr.com/7294/12453378374_fff53ff655_z.jpg,5,0
amusement,http://farm6.staticflickr.com/5511/11507127885_dd1d00eb69_z.jpg,1,4
amusement,http://farm9.staticflickr.com/8366/8496470082_5d42d0cc16_z.jpg,2,3
amusement,http://farm9.staticflickr.com/8380/8579924116_b61de4106d_z.jpg,5,0
amusement,http://farm8.staticflickr.com/7327/9222645401_da64b7c26a_z.jpg,0,5
amusement,http://farm4.staticflickr.com/3802/9584913560_693fd69175_z.jpg,0,5
amusement,http://farm9.staticflickr.com/8307/7939613980_87b98ff7ba_z.jpg,3,2
amusement,http://farm8.staticflickr.com/7387/13989312632_9a371ffc57_z.jpg,0,5
amusement,http://farm8.staticflickr.com/7386/9257416471_e7cddbfe5e_z.jpg,3,2
amusement,http://farm8.staticflickr.com/7043/6925496277_ce869e9bb7_z.jpg,1,4
amusement,http://farm9.staticflickr.com/8073/8318554044_97cb982956_z.jpg,1,4
amusement,http://farm3.staticflickr.com/2817/9229242495_9abe45baf5_z.jpg,2,3
amusement,http://farm9.staticflickr.com/8061/8152376647_9efb1f8bae_z.jpg,4,1
amusement,http://farm9.staticflickr.com/8233/8513729066_9768e24ab3_z.jpg,4,1
amusement,http://farm6.staticflickr.com/5473/9490420438_445f2847e9_z.jpg,0,5
amusement,http://farm9.staticflickr.com/8623/15802477800_8bf104d1fd_z.jpg,4,1
amusement,http://farm8.staticflickr.com/7264/7033804353_cc1e14d58b_z.jpg,0,5
amusement,http://farm4.staticflickr.com/3911/14343886734_6707252858_z.jpg,0,5
amusement,http://farm8.staticflickr.com/7226/7324615902_2a6441f630_z.jpg,1,4
amusement,http://farm4.staticflickr.com/3826/12279741173_3bb7f46773_z.jpg,4,1
amusement,http://farm8.staticflickr.com/7245/7370331158_8e29fe0f96_z.jpg,1,4
amusement,http://farm8.staticflickr.com/7293/10286133873_28991dc168_z.jpg,3,2
amusement,http://farm9.staticflickr.com/8061/8203778734_78231f1727_z.jpg,3,2
amusement,http://farm4.staticflickr.com/3695/9521970277_9bcf10c409_z.jpg,1,4
amusement,http://farm8.staticflickr.com/7112/7637351926_6e108fdde7_z.jpg,2,3
amusement,http://farm9.staticflickr.com/8418/8828108972_05e23bb75d_z.jpg,2,3
amusement,http://farm8.staticflickr.com/7450/8728294649_16c762dcc2_z.jpg,1,4
amusement,http://farm4.staticflickr.com/3756/10218937323_698744a147_z.jpg,2,3
amusement,http://farm8.staticflickr.com/7273/7596552888_d7ea180732_z.jpg,0,5
amusement,http://farm3.staticflickr.com/2865/9985770134_678f68a14c_z.jpg,0,5
amusement,http://farm8.staticflickr.com/7139/7571335492_9ed0b60049_z.jpg,4,1
amusement,http://farm4.staticflickr.com/3775/9587508909_22cf4234d2_z.jpg,1,4
amusement,http://farm4.staticflickr.com/3788/9119115434_edabd268e8_z.jpg,5,0
amusement,http://farm3.staticflickr.com/2935/14020774977_c057fbb7b8_z.jpg,2,3
amusement,http://farm8.staticflickr.com/7221/7284638520_2cabcda53c_z.jpg,1,4
amusement,http://farm8.staticflickr.com/7014/6621997883_51b566ec29_z.jpg,2,3
amusement,http://farm9.staticflickr.com/8193/8081151827_ef4cf6d126_z.jpg,0,5
amusement,http://farm8.staticflickr.com/7325/12452740444_dfd1c6ce9f_z.jpg,4,1
amusement,http://farm9.staticflickr.com/8012/7596008720_a6bc2bb38d_z.jpg,3,2
amusement,http://farm9.staticflickr.com/8007/7190630150_d19dd44ba9_z.jpg,1,4
amusement,http://farm4.staticflickr.com/3821/11379221536_2f91c5e0b7_z.jpg,5,0
amusement,http://farm8.staticflickr.com/7276/7471931900_5640027336_z.jpg,2,3
amusement,http://farm8.staticflickr.com/7139/7811154956_e744ffdc1f_z.jpg,1,4
amusement,http://farm4.staticflickr.com/3756/9690383941_f0bb6d0fdf_z.jpg,3,2
amusement,http://farm4.staticflickr.com/3789/9232715274_d01395a94f_z.jpg,3,2
amusement,http://farm6.staticflickr.com/5348/9236925253_1e3a997a8f_z.jpg,3,2
amusement,http://farm9.staticflickr.com/8146/7514885316_13ba9b0ec6_z.jpg,1,4
amusement,http://farm8.staticflickr.com/7346/8721899618_c037f538b5_z.jpg,1,4
amusement,http://farm9.staticflickr.com/8026/7612526856_d1ef4d37be_z.jpg,2,3
amusement,http://farm3.staticflickr.com/2833/9675066809_31cca816ec_z.jpg,0,5
amusement,http://farm9.staticflickr.com/8083/8414998189_eaf2a06e81_z.jpg,5,0
amusement,http://farm6.staticflickr.com/5534/11061202004_72b2646e7a_z.jpg,5,0
amusement,http://farm3.staticflickr.com/2883/9522950847_ab239eda60_z.jpg,2,3
amusement,http://farm3.staticflickr.com/2819/9464639973_8ee898a493_z.jpg,4,1
amusement,http://farm8.staticflickr.com/7354/11394503235_353ebb1d04_z.jpg,1,4
amusement,http://farm6.staticflickr.com/5535/9277464862_b768355677_z.jpg,3,2
amusement,http://farm4.staticflickr.com/3844/14515173312_57ee2250a6_z.jpg,1,4
amusement,http://farm4.staticflickr.com/3748/9491417102_5bdb8121d0_z.jpg,4,1
amusement,http://farm8.staticflickr.com/7205/6796076920_ac8e7b03f9_z.jpg,2,3
amusement,http://farm6.staticflickr.com/5329/8842493804_36bf6b3e93_z.jpg,2,3
amusement,http://farm4.staticflickr.com/3669/11370461136_10b6a284eb_z.jpg,5,0
amusement,http://farm8.staticflickr.com/7193/6920056797_e90b413b0d_z.jpg,4,1
amusement,http://farm9.staticflickr.com/8236/8467051087_8251ce34d8_z.jpg,5,0
amusement,http://farm4.staticflickr.com/3747/13684192815_7c4cb4590b_z.jpg,3,2
amusement,http://farm8.staticflickr.com/7212/7341968490_3c9b6f4943_z.jpg,3,2
amusement,http://farm9.staticflickr.com/8092/8503827078_34537fbb79_z.jpg,0,5
amusement,http://farm8.staticflickr.com/7437/10744132334_1ddb55054c_z.jpg,0,5
amusement,http://farm6.staticflickr.com/5537/9607864638_c401ab514b_z.jpg,1,4
amusement,http://farm8.staticflickr.com/7319/8765860188_d3c086ddc5_z.jpg,3,2
amusement,http://farm9.staticflickr.com/8027/7492649958_1a951e4f74_z.jpg,1,4
amusement,http://farm9.staticflickr.com/8069/8152607055_9ac1c7777e_z.jpg,3,2
amusement,http://farm8.staticflickr.com/7103/7028470285_f1e9a80433_z.jpg,1,4
amusement,http://farm9.staticflickr.com/8347/8173582844_d85815237e_z.jpg,3,2
amusement,http://farm6.staticflickr.com/5339/9051023034_de2d6304d0_z.jpg,4,1
amusement,http://farm4.staticflickr.com/3665/12543198245_6ca502675f_z.jpg,1,4
amusement,http://farm8.staticflickr.com/7363/9491285134_3b5feedd06_z.jpg,3,2
amusement,http://farm6.staticflickr.com/5468/7392815358_3532ded510_z.jpg,0,5
amusement,http://farm8.staticflickr.com/7127/7134717147_2a65888e38_z.jpg,5,0
amusement,http://farm9.staticflickr.com/8031/8002996646_c4e2f5fd62_z.jpg,3,2
amusement,http://farm3.staticflickr.com/2915/14270522731_d31c8b7a93_z.jpg,5,0
amusement,http://farm8.staticflickr.com/7420/9323731653_835f55971c_z.jpg,5,0
amusement,http://farm6.staticflickr.com/5502/10723212266_9fcf1a3dcb_z.jpg,2,3
amusement,http://farm8.staticflickr.com/7082/7194861688_3349b65f22_z.jpg,4,1
amusement,http://farm9.staticflickr.com/8157/7464467356_b849865ac5_z.jpg,2,3
amusement,http://farm3.staticflickr.com/2855/9336493627_a2cf1ee230_z.jpg,2,3
amusement,http://farm6.staticflickr.com/5521/9728305232_b9937bfa86_z.jpg,5,0
amusement,http://farm8.staticflickr.com/7304/14017661122_d8e7da57b4_z.jpg,5,0
amusement,http://farm4.staticflickr.com/3765/8849317858_1464f02cf0_z.jpg,5,0
amusement,http://farm4.staticflickr.com/3702/11150204224_985ccbd5f6_z.jpg,1,4
amusement,http://farm4.staticflickr.com/3736/11282164325_a005cbbb3b_z.jpg,3,2
amusement,http://farm8.staticflickr.com/7390/9810536994_3b73163fea_z.jpg,0,5
amusement,http://farm4.staticflickr.com/3711/14292090682_1b4b53c136_z.jpg,5,0
amusement,http://farm4.staticflickr.com/3875/14622394239_12dd87ac35_z.jpg,0,5
amusement,http://farm8.staticflickr.com/7578/15908708835_cbb4aa3303_z.jpg,1,4
amusement,http://farm9.staticflickr.com/8257/8693616495_231660e38f_z.jpg,3,2
amusement,http://farm9.staticflickr.com/8295/7811156252_a4382d1ebc_z.jpg,1,4
amusement,http://farm4.staticflickr.com/3745/10390686986_84042cefc3_z.jpg,1,4
amusement,http://farm8.staticflickr.com/7291/8743748546_372ba78d55_z.jpg,5,0
amusement,http://farm8.staticflickr.com/7326/11061711813_e2faca0cbc_z.jpg,5,0
amusement,http://farm6.staticflickr.com/5556/15106567501_f2b567dacc_z.jpg,0,5
amusement,http://farm8.staticflickr.com/7107/7430115798_da78086252_z.jpg,0,5
amusement,http://farm9.staticflickr.com/8013/7596423636_1d80f7c9a1_z.jpg,5,0
amusement,http://farm8.staticflickr.com/7437/10121306315_9934b915ae_z.jpg,0,5
amusement,http://farm8.staticflickr.com/7189/6831577458_16f26899bb_z.jpg,5,0
amusement,http://farm8.staticflickr.com/7136/7864030152_c1cd405a76_z.jpg,4,1
amusement,http://farm8.staticflickr.com/7453/14026717802_a56d564020_z.jpg,0,5
amusement,http://farm9.staticflickr.com/8089/8591691088_e1358fea74_z.jpg,1,4
amusement,http://farm8.staticflickr.com/7295/8728301431_70254b4fdc_z.jpg,5,0
amusement,http://farm3.staticflickr.com/2939/14058103078_a6b6bb3384_z.jpg,0,5
amusement,http://farm6.staticflickr.com/5463/9308539988_7e4150ab0d_z.jpg,0,5
amusement,http://farm4.staticflickr.com/3845/14415850095_c068ec0f0f_z.jpg,1,4
amusement,http://farm4.staticflickr.com/3759/9467419238_2662a5e3f7_z.jpg,5,0
amusement,http://farm9.staticflickr.com/8259/8686214245_0ecba51643_z.jpg,0,5
amusement,http://farm6.staticflickr.com/5468/9563969995_3742d0e436_z.jpg,4,1
amusement,http://farm8.staticflickr.com/7446/10671454806_d31a02c201_z.jpg,0,5
amusement,http://farm3.staticflickr.com/2931/14274128954_9de9a7f492_z.jpg,3,2
amusement,http://farm8.staticflickr.com/7229/6920327526_3ac610eaf5_z.jpg,3,2
amusement,http://farm8.staticflickr.com/7376/9455760332_698c42bc90_z.jpg,5,0
amusement,http://farm8.staticflickr.com/7454/16326669048_defbf0df58_z.jpg,1,4
amusement,http://farm8.staticflickr.com/7239/6920324818_7b145040ef_z.jpg,5,0
amusement,http://farm9.staticflickr.com/8515/8492172958_4c3c9219f7_z.jpg,3,2
amusement,http://farm8.staticflickr.com/7488/15324189263_b95baa11dd_z.jpg,2,3
amusement,http://farm6.staticflickr.com/5520/10492652264_04b60c3ca2_z.jpg,2,3
amusement,http://farm8.staticflickr.com/7374/11459095486_01248ede88_z.jpg,2,3
amusement,http://farm8.staticflickr.com/7460/8729417392_b2de375599_z.jpg,5,0
amusement,http://farm3.staticflickr.com/2891/9282269190_4ab977d06a_z.jpg,1,4
amusement,http://farm6.staticflickr.com/5496/9277524152_eff9a983d4_z.jpg,1,4
amusement,http://farm8.staticflickr.com/7036/6978086619_57ea5151ac_z.jpg,5,0
amusement,http://farm9.staticflickr.com/8215/8355500095_d1c85b486a_z.jpg,0,5
amusement,http://farm8.staticflickr.com/7193/14013856694_d3e76c55c7_z.jpg,5,0
amusement,http://farm6.staticflickr.com/5532/10587870175_8d6aa7a8f8_z.jpg,1,4
amusement,http://farm8.staticflickr.com/7390/8717823917_2a3bb1260a_z.jpg,3,2
amusement,http://farm9.staticflickr.com/8431/7595444476_94802ba0eb_z.jpg,4,1
amusement,http://farm6.staticflickr.com/5501/9274783949_1dd7013669_z.jpg,3,2
amusement,http://farm8.staticflickr.com/7253/7876644658_c375a7f8f7_z.jpg,2,3
amusement,http://farm9.staticflickr.com/8326/8113191604_747d4eafc7_z.jpg,0,5
amusement,http://farm4.staticflickr.com/3734/8849596740_fcb67d0cbe_z.jpg,1,4
amusement,http://farm8.staticflickr.com/7223/7228782642_a79c4302c4_z.jpg,2,3
amusement,http://farm9.staticflickr.com/8234/8364457208_3512459a91_z.jpg,4,1
amusement,http://farm4.staticflickr.com/3691/14294610713_a6be17a326_z.jpg,5,0
amusement,http://farm4.staticflickr.com/3796/10843806196_813956fc28_z.jpg,3,2
amusement,http://farm8.staticflickr.com/7158/6662068335_a674bc0491_z.jpg,4,1
amusement,http://farm9.staticflickr.com/8423/7570858388_2c69b35ca4_z.jpg,1,4
amusement,http://farm9.staticflickr.com/8067/8247428762_6c8085bf37_z.jpg,2,3
amusement,http://farm9.staticflickr.com/8505/8429451624_ac7b90b832_z.jpg,5,0
amusement,http://farm9.staticflickr.com/8111/8601577257_0289aa8a41_z.jpg,5,0
amusement,http://farm8.staticflickr.com/7346/11387939954_793029f535_z.jpg,5,0
amusement,http://farm9.staticflickr.com/8445/7884124328_4d0e6a8781_z.jpg,0,5
amusement,http://farm4.staticflickr.com/3839/14355237359_8570a0d109_z.jpg,1,4
amusement,http://farm4.staticflickr.com/3755/9298925454_4386abb4ae_z.jpg,0,5
amusement,http://farm9.staticflickr.com/8431/7754694282_153d0bc403_z.jpg,4,1
amusement,http://farm4.staticflickr.com/3681/9433892986_40a435733b_z.jpg,1,4
amusement,http://farm8.staticflickr.com/7079/7347282170_a00e11fcb7_z.jpg,0,5
amusement,http://farm8.staticflickr.com/7197/6827403320_a8fe212383_z.jpg,2,3
amusement,http://farm4.staticflickr.com/3800/11096732405_ee7c445fc7_z.jpg,4,1
amusement,http://farm9.staticflickr.com/8274/10252260134_4600075ddf_z.jpg,5,0
amusement,http://farm8.staticflickr.com/7052/6827455386_91f1b81cb3_z.jpg,1,4
amusement,http://farm4.staticflickr.com/3690/9521013051_0ef65d20e3_z.jpg,5,0
amusement,http://farm6.staticflickr.com/5486/11060984186_e4f77da7a4_z.jpg,5,0
amusement,http://farm9.staticflickr.com/8285/7720466772_c78225996c_z.jpg,1,4
amusement,http://farm8.staticflickr.com/7326/10056259093_c431ce0396_z.jpg,5,0
amusement,http://farm8.staticflickr.com/7114/7005374454_2fecd1e0bf_z.jpg,0,5
amusement,http://farm9.staticflickr.com/8165/7351243230_dc29a1721e_z.jpg,4,1
amusement,http://farm8.staticflickr.com/7265/7810210948_b62bdf4f9e_z.jpg,1,4
amusement,http://farm4.staticflickr.com/3805/9186826261_765a074995_z.jpg,2,3
amusement,http://farm8.staticflickr.com/7397/12789152223_a475edd021_z.jpg,1,4
amusement,http://farm8.staticflickr.com/7270/7066402707_ed1ca67256_z.jpg,4,1
amusement,http://farm9.staticflickr.com/8309/8017606112_6f6391592f_z.jpg,1,4
amusement,http://farm8.staticflickr.com/7331/9762887132_4c51313c9c_z.jpg,5,0
amusement,http://farm6.staticflickr.com/5460/9682407198_7dc4ca180a_z.jpg,5,0
amusement,http://farm4.staticflickr.com/3919/14191936998_74a9b65feb_z.jpg,2,3
amusement,http://farm8.staticflickr.com/7154/6696531097_f1bc19568d_z.jpg,1,4
amusement,http://farm4.staticflickr.com/3823/9506100955_3fdb1d83be_z.jpg,2,3
amusement,http://farm4.staticflickr.com/3758/10289673984_28d7f7a8c8_z.jpg,0,5
amusement,http://farm4.staticflickr.com/3740/9503385404_3da9828571_z.jpg,0,5
amusement,http://farm6.staticflickr.com/5513/11061963743_402e6a327a_z.jpg,5,0
amusement,http://farm4.staticflickr.com/3733/12813818683_a1d68b6292_z.jpg,2,3
amusement,http://farm8.staticflickr.com/7056/6903366061_dc64488468_z.jpg,3,2
amusement,http://farm4.staticflickr.com/3789/9231023741_4e5f08d32f_z.jpg,1,4
amusement,http://farm9.staticflickr.com/8432/7879381208_1775095cf5_z.jpg,4,1
amusement,http://farm9.staticflickr.com/8336/8138990523_ab3cf0c8e6_z.jpg,2,3
amusement,http://farm4.staticflickr.com/3724/11247819276_a269cfb07b_z.jpg,5,0
amusement,http://farm8.staticflickr.com/7091/7228509854_61c29c77b1_z.jpg,0,5
amusement,http://farm6.staticflickr.com/5442/6908738516_1b4db360e6_z.jpg,1,4
amusement,http://farm4.staticflickr.com/3716/9105265196_d0757db8c5_z.jpg,0,5
amusement,http://farm3.staticflickr.com/2833/10351709414_af071ac27a_z.jpg,1,4
amusement,http://farm6.staticflickr.com/5509/13934168106_6bf3a6c695_z.jpg,2,3
amusement,http://farm9.staticflickr.com/8031/8007085391_ab2a0c0b10_z.jpg,1,4
amusement,http://farm9.staticflickr.com/8286/7877519360_0158877236_z.jpg,5,0
amusement,http://farm8.staticflickr.com/7293/11282252546_40807e2284_z.jpg,5,0
amusement,http://farm8.staticflickr.com/7406/9098884601_d7f31a6918_z.jpg,3,2
amusement,http://farm3.staticflickr.com/2920/14021039155_4149167f7f_z.jpg,2,3
amusement,http://farm4.staticflickr.com/3802/9232012200_119589c1d3_z.jpg,3,2
amusement,http://farm3.staticflickr.com/2919/14367929522_edba9a6f15_z.jpg,5,0
amusement,http://farm8.staticflickr.com/7036/13359775914_666a5fbc71_z.jpg,1,4
amusement,http://farm8.staticflickr.com/7243/7200386734_ccd6bcd141_z.jpg,0,5
amusement,http://farm8.staticflickr.com/7150/6680495391_82b6904d3d_z.jpg,4,1
amusement,http://farm6.staticflickr.com/5505/9109068205_aa345fcb69_z.jpg,2,3
amusement,http://farm3.staticflickr.com/2816/11491416605_851a0bb26b_z.jpg,0,5
amusement,http://farm8.staticflickr.com/7372/11706887054_5c31f03ee3_z.jpg,0,5
amusement,http://farm3.staticflickr.com/2862/9940798604_3621e002ab_z.jpg,5,0
amusement,http://farm4.staticflickr.com/3716/10744329655_fa4d38b2ea_z.jpg,1,4
amusement,http://farm3.staticflickr.com/2837/9872220246_3fc93fd2e4_z.jpg,4,1
amusement,http://farm6.staticflickr.com/5485/9274349278_f8e6713080_z.jpg,3,2
amusement,http://farm9.staticflickr.com/8143/7152876815_e797d7a2b6_z.jpg,2,3
amusement,http://farm8.staticflickr.com/7108/6891942122_05dc6d1728_z.jpg,2,3
amusement,http://farm3.staticflickr.com/2937/13987842162_6dae118646_z.jpg,4,0
amusement,http://farm9.staticflickr.com/8152/7176810569_6047fe940c_z.jpg,5,0
amusement,http://farm6.staticflickr.com/5510/11549807913_1cbacfba81_z.jpg,0,5
amusement,http://farm6.staticflickr.com/5327/9334148517_21d1ca3902_z.jpg,4,1
amusement,http://farm3.staticflickr.com/2875/12625291303_36f1889fef_z.jpg,2,3
amusement,http://farm8.staticflickr.com/7220/7345357936_d7097c4aa3_z.jpg,1,4
amusement,http://farm9.staticflickr.com/8314/8005066615_226e2328d5_z.jpg,1,4
amusement,http://farm6.staticflickr.com/5486/9985812806_ae119e08bb_z.jpg,1,4
amusement,http://farm4.staticflickr.com/3722/12356732304_d6c7cbfb61_z.jpg,5,0
amusement,http://farm8.staticflickr.com/7344/9105107674_dbce19d830_z.jpg,4,1
amusement,http://farm8.staticflickr.com/7399/13510788244_377b4168a4_z.jpg,4,1
amusement,http://farm6.staticflickr.com/5455/10055110996_71a2ef1319_z.jpg,4,1
amusement,http://farm9.staticflickr.com/8081/8256913238_26b3ce4cf5_z.jpg,5,0
amusement,http://farm3.staticflickr.com/2821/10197532465_003183e1a9_z.jpg,5,0
amusement,http://farm8.staticflickr.com/7429/9343855387_95dee62b61_z.jpg,4,1
amusement,http://farm9.staticflickr.com/8077/8336853998_a07ab51e71_z.jpg,3,2
amusement,http://farm9.staticflickr.com/8150/7453290358_648e34e162_z.jpg,5,0
amusement,http://farm9.staticflickr.com/8110/8670381706_a0c1ac418a_z.jpg,5,0
amusement,http://farm4.staticflickr.com/3811/11445806323_52a1c2c3bf_z.jpg,5,0
amusement,http://farm9.staticflickr.com/8168/7277173636_32753b6df1_z.jpg,4,1
amusement,http://farm4.staticflickr.com/3777/8978658525_455a7afebc_z.jpg,5,0
amusement,http://farm3.staticflickr.com/2809/9101751426_31a6f63c3f_z.jpg,5,0
amusement,http://farm8.staticflickr.com/7133/6856456254_370c878a05_z.jpg,2,3
amusement,http://farm3.staticflickr.com/2904/13991769117_36848e4967_z.jpg,5,0
amusement,http://farm8.staticflickr.com/7276/6981105084_f94cd58552_z.jpg,5,0
amusement,http://farm8.staticflickr.com/7239/7028439407_4770aa945c_z.jpg,2,3
amusement,http://farm8.staticflickr.com/7030/6724773095_01091e8962_z.jpg,5,0
amusement,http://farm9.staticflickr.com/8469/8364456640_3c02496cb5_z.jpg,0,5
amusement,http://farm9.staticflickr.com/8423/7720120132_4ddac24d47_z.jpg,2,3
amusement,http://farm9.staticflickr.com/8037/8070677070_9feeefa669_z.jpg,1,4
amusement,http://farm8.staticflickr.com/7318/10099284713_11d836a774_z.jpg,4,1
amusement,http://farm9.staticflickr.com/8026/7565232104_0e9e6270b7_z.jpg,3,2
amusement,http://farm8.staticflickr.com/7011/6698473145_0b935c1fd3_z.jpg,1,4
amusement,http://farm9.staticflickr.com/8108/8518270964_3e1da49954_z.jpg,2,3
amusement,http://farm9.staticflickr.com/8019/7618043198_9a53e02609_z.jpg,5,0
amusement,http://farm6.staticflickr.com/5477/13669052304_0708eaf99f_z.jpg,0,5
amusement,http://farm8.staticflickr.com/7250/7865609850_a69e9dc38e_z.jpg,1,4
amusement,http://farm4.staticflickr.com/3728/9128621061_4029205cd0_z.jpg,2,3
amusement,http://farm4.staticflickr.com/3759/9334137065_007b2d62e5_z.jpg,5,0
amusement,http://farm9.staticflickr.com/8340/8230710148_7221e8af9e_z.jpg,5,0
amusement,http://farm6.staticflickr.com/5451/8978700357_ace69ccb04_z.jpg,2,3
amusement,http://farm9.staticflickr.com/8444/7983227081_4d5c65106c_z.jpg,4,1
amusement,http://farm8.staticflickr.com/7110/7761429488_51be148d8b_z.jpg,5,0
amusement,http://farm8.staticflickr.com/7116/7857890476_be80570340_z.jpg,1,4
amusement,http://farm9.staticflickr.com/8226/8382528296_f4ae2c5320_z.jpg,0,5
amusement,http://farm6.staticflickr.com/5517/9763981541_6d23425a9d_z.jpg,1,4
amusement,http://farm8.staticflickr.com/7307/10398565455_36cbfa8565_z.jpg,2,3
amusement,http://farm8.staticflickr.com/7408/9340504777_82eb901d63_z.jpg,0,5
amusement,http://farm4.staticflickr.com/3945/15287338087_e21faaa895_z.jpg,2,3
amusement,http://farm9.staticflickr.com/8167/7362157276_49342feec2_z.jpg,2,3
amusement,http://farm6.staticflickr.com/5495/10044987964_bb0ec313e2_z.jpg,0,5
amusement,http://farm9.staticflickr.com/8318/8044815699_b4eb463efd_z.jpg,5,0
amusement,http://farm9.staticflickr.com/8455/7979190444_cebda11321_z.jpg,0,5
amusement,http://farm3.staticflickr.com/2877/9138434573_689a313356_z.jpg,3,2
amusement,http://farm3.staticflickr.com/2860/10537105604_cc5f745d9a_z.jpg,4,1
amusement,http://farm9.staticflickr.com/8283/7624449156_145e195022_z.jpg,2,3
amusement,http://farm9.staticflickr.com/8424/7749996672_1b084806a8_z.jpg,0,5
amusement,http://farm9.staticflickr.com/8090/8558510652_50f0840898_z.jpg,5,0
amusement,http://farm8.staticflickr.com/7217/7385125582_6c30f465dd_z.jpg,4,1
amusement,http://farm8.staticflickr.com/7070/7082160075_a9f29b0d77_z.jpg,2,3
amusement,http://farm4.staticflickr.com/3684/10160811156_a13cc6b996_z.jpg,1,4
amusement,http://farm9.staticflickr.com/8342/8261543958_05e22814f6_z.jpg,4,1
amusement,http://farm8.staticflickr.com/7098/7271741732_c9b1aba87b_z.jpg,2,3
amusement,http://farm4.staticflickr.com/3726/12895410535_2a6d8ccece_z.jpg,0,5
amusement,http://farm9.staticflickr.com/8066/8255852511_13503aae9b_z.jpg,4,1
amusement,http://farm9.staticflickr.com/8028/7486667134_471e3650d0_z.jpg,0,5
amusement,http://farm3.staticflickr.com/2853/9277566232_c97960dcff_z.jpg,0,5
amusement,http://farm9.staticflickr.com/8280/10276151606_4e459a9cbf_z.jpg,3,2
amusement,http://farm8.staticflickr.com/7132/7595611112_98957076f2_z.jpg,1,4
amusement,http://farm6.staticflickr.com/5517/11247545113_dc55e1f6e6_z.jpg,5,0
amusement,http://farm4.staticflickr.com/3760/9366651705_2a9c63b4d6_z.jpg,5,0
amusement,http://farm9.staticflickr.com/8345/8152353616_3bc846d8f0_z.jpg,2,3
amusement,http://farm8.staticflickr.com/7336/8908311888_9a329aee60_z.jpg,0,5
amusement,http://farm3.staticflickr.com/2914/14244479825_ef3d9557e5_z.jpg,1,4
amusement,http://farm9.staticflickr.com/8017/7228805500_a5e488ce66_z.jpg,4,1
amusement,http://farm8.staticflickr.com/7183/6921970471_569ee9812c_z.jpg,2,3
amusement,http://farm8.staticflickr.com/7077/7241597226_92f5d69603_z.jpg,3,2
amusement,http://farm9.staticflickr.com/8043/8113206269_935b9a6329_z.jpg,2,3
amusement,http://farm8.staticflickr.com/7448/12061947666_d90399d56c_z.jpg,0,5
amusement,http://farm4.staticflickr.com/3780/9277863487_0dc84a2174_z.jpg,3,1
amusement,http://farm8.staticflickr.com/7325/8867763707_6f38602c11_z.jpg,0,5
amusement,http://farm4.staticflickr.com/3821/9679068229_898cee1ce8_z.jpg,1,4
amusement,http://farm9.staticflickr.com/8423/7864088918_eb313bcd91_z.jpg,5,0
amusement,http://farm6.staticflickr.com/5467/8755031062_9ae1eac51f_z.jpg,0,5
amusement,http://farm4.staticflickr.com/3796/8981347533_4e9dfa259e_z.jpg,4,1
amusement,http://farm3.staticflickr.com/2939/14568149295_78149901bf_z.jpg,5,0
amusement,http://farm4.staticflickr.com/3751/9316309694_48c5e2d8e1_z.jpg,0,5
amusement,http://farm3.staticflickr.com/2817/9452974689_587670085d_z.jpg,5,0
amusement,http://farm8.staticflickr.com/7182/6806605100_3474d32066_z.jpg,1,4
amusement,http://farm8.staticflickr.com/7287/8745131846_8cdb29cc03_z.jpg,1,4
amusement,http://farm9.staticflickr.com/8285/7576545982_b3b014d65c_z.jpg,0,5
amusement,http://farm9.staticflickr.com/8368/8422885628_6a107474e4_z.jpg,3,2
amusement,http://farm3.staticflickr.com/2874/11408179744_248287cc1a_z.jpg,0,5
amusement,http://farm9.staticflickr.com/8353/8264394580_6326a64010_z.jpg,5,0
amusement,http://farm9.staticflickr.com/8526/8459966882_7f3241f61f_z.jpg,2,3
amusement,http://farm9.staticflickr.com/8507/8538037936_8333d64551_z.jpg,1,4
amusement,http://farm8.staticflickr.com/7436/9661342906_00620613ff_z.jpg,1,4
amusement,http://farm9.staticflickr.com/8145/7622424486_6b4c406249_z.jpg,2,3
amusement,http://farm9.staticflickr.com/8010/7557040968_75c9df54f5_z.jpg,2,3
amusement,http://farm3.staticflickr.com/2814/10350506544_6f4f5f9d6b_z.jpg,0,5
amusement,http://farm8.staticflickr.com/7205/6903801287_2d97a47780_z.jpg,5,0
amusement,http://farm4.staticflickr.com/3796/8918805890_34d4abd08d_z.jpg,3,2
amusement,http://farm9.staticflickr.com/8104/8611587350_a77df2cd24_z.jpg,3,2
amusement,http://farm8.staticflickr.com/7346/13160562343_92ffea1e8f_z.jpg,0,5
amusement,http://farm4.staticflickr.com/3729/11986204344_82df69173f_z.jpg,1,4
amusement,http://farm9.staticflickr.com/8374/8518269508_2428723e83_z.jpg,1,4
amusement,http://farm9.staticflickr.com/8152/7693362724_0d4f3f79ab_z.jpg,4,1
amusement,http://farm9.staticflickr.com/8427/7492550262_c759ddab83_z.jpg,5,0
amusement,http://farm3.staticflickr.com/2920/14266881940_059bd28c00_z.jpg,0,5
amusement,http://farm8.staticflickr.com/7139/7740055650_d6c6f67d75_z.jpg,2,3
amusement,http://farm9.staticflickr.com/8168/7270544318_fafa944399_z.jpg,1,4
amusement,http://farm9.staticflickr.com/8053/8138954600_2519ed6cec_z.jpg,4,1
amusement,http://farm6.staticflickr.com/5329/8850265438_79fdd56709_z.jpg,2,3
amusement,http://farm9.staticflickr.com/8306/7981393680_cc789c4950_z.jpg,0,5
amusement,http://farm3.staticflickr.com/2834/10921056975_734e06e2f4_z.jpg,4,1
amusement,http://farm9.staticflickr.com/8380/8599893232_e45e9ae286_z.jpg,1,4
amusement,http://farm6.staticflickr.com/5513/14058253737_fb869635b7_z.jpg,0,5
amusement,http://farm8.staticflickr.com/7404/9614024233_70464dd5f6_z.jpg,3,2
amusement,http://farm9.staticflickr.com/8451/7917224068_30cf65d0c1_z.jpg,1,4
amusement,http://farm9.staticflickr.com/8524/8479361471_63688d7f1f_z.jpg,5,0
amusement,http://farm3.staticflickr.com/2870/9337196750_b199c030b8_z.jpg,5,0
amusement,http://farm4.staticflickr.com/3691/9533117251_d25ebba42e_z.jpg,1,4
amusement,http://farm3.staticflickr.com/2814/10395503746_62b425bb52_z.jpg,2,3
amusement,http://farm3.staticflickr.com/2840/10537319446_0270a5d8e0_z.jpg,2,3
amusement,http://farm9.staticflickr.com/8018/7472262454_be5dc7a500_z.jpg,4,1
amusement,http://farm8.staticflickr.com/7461/15741207768_aaba9c1efe_z.jpg,4,1
amusement,http://farm9.staticflickr.com/8262/8699013393_95b2f1c310_z.jpg,1,4
amusement,http://farm8.staticflickr.com/7344/9588704892_9dd7d4cc80_z.jpg,2,3
amusement,http://farm4.staticflickr.com/3685/9623534542_97b365b029_z.jpg,3,2
amusement,http://farm9.staticflickr.com/8257/8664281977_ab774e93d2_z.jpg,4,1
amusement,http://farm8.staticflickr.com/7367/12002003545_788d796407_z.jpg,0,5
amusement,http://farm9.staticflickr.com/8445/7927522376_52b6622c14_z.jpg,0,5
amusement,http://farm6.staticflickr.com/5513/11061514644_02bc9c994c_z.jpg,5,0
amusement,http://farm3.staticflickr.com/2935/13985871259_a3f2d5c6e3_z.jpg,2,3
amusement,http://farm6.staticflickr.com/5577/14906585672_4d11e36b90_z.jpg,0,5
amusement,http://farm9.staticflickr.com/8107/8616225828_4a9ff17d10_z.jpg,5,0
amusement,http://farm8.staticflickr.com/7389/12172111774_a683ca346f_z.jpg,5,0
amusement,http://farm9.staticflickr.com/8019/7571033642_9ce43da2b6_z.jpg,5,0
amusement,http://farm3.staticflickr.com/2853/13668866384_4955412b88_z.jpg,0,5
amusement,http://farm9.staticflickr.com/8469/8139846017_ceb980717e_z.jpg,0,5
amusement,http://farm9.staticflickr.com/8317/8035533064_10b226e448_z.jpg,1,4
amusement,http://farm8.staticflickr.com/7123/6856454472_e07434e036_z.jpg,3,2
amusement,http://farm8.staticflickr.com/7109/8152418710_a2417cb8a4_z.jpg,5,0
amusement,http://farm8.staticflickr.com/7431/11988877236_fd60e22766_z.jpg,0,5
amusement,http://farm3.staticflickr.com/2918/14218541697_cb33249ac0_z.jpg,5,0
amusement,http://farm9.staticflickr.com/8402/10278459696_0f2b0363b6_z.jpg,0,5
amusement,http://farm6.staticflickr.com/5516/9195543067_21238cb41c_z.jpg,2,3
amusement,http://farm8.staticflickr.com/7167/6734598731_1082cb63d3_z.jpg,1,4
amusement,http://farm8.staticflickr.com/7265/7683246590_38e59e4c8f_z.jpg,4,1
amusement,http://farm9.staticflickr.com/8009/7595626080_dc57c2e329_z.jpg,4,1
amusement,http://farm6.staticflickr.com/5461/9589865250_9e08db34ec_z.jpg,5,0
amusement,http://farm4.staticflickr.com/3816/9431219446_f320f0c9fa_z.jpg,1,4
amusement,http://farm8.staticflickr.com/7359/8872315469_d192cb49cb_z.jpg,0,5
amusement,http://farm9.staticflickr.com/8211/8295660388_8cfb9cb590_z.jpg,0,5
amusement,http://farm9.staticflickr.com/8454/8070818647_9c224986a3_z.jpg,0,5
amusement,http://farm6.staticflickr.com/5061/14018197974_0c97503bcc_z.jpg,5,0
amusement,http://farm4.staticflickr.com/3731/12493666043_f9cdbbefe8_z.jpg,5,0
