anger,http://farm4.staticflickr.com/3859/14485687718_37e382cc57_z.jpg,4,1
anger,http://farm4.staticflickr.com/3567/3283638391_0eb551cdf8_z.jpg,5,0
anger,http://farm4.staticflickr.com/3561/3611193520_a640a8ec9f_z.jpg,4,1
anger,http://farm4.staticflickr.com/3731/13846844044_063a7f24d4_z.jpg,5,0
anger,http://farm8.staticflickr.com/7386/12506304975_a9aba69b4c_z.jpg,5,0
anger,http://farm8.staticflickr.com/7123/7614448756_b6d547e6d7_z.jpg,4,1
anger,http://farm8.staticflickr.com/7042/6945917056_1f002c28cd_z.jpg,5,0
anger,http://farm3.staticflickr.com/2848/9680463215_331c14be9f_z.jpg,5,0
anger,http://farm3.staticflickr.com/2185/2242948722_3c3c72ed01_z.jpg,5,0
anger,http://farm6.staticflickr.com/5099/5525325135_2a17f55fd2_z.jpg,5,0
anger,http://farm6.staticflickr.com/5475/14004025847_39340b6a5a_z.jpg,5,0
anger,http://farm3.staticflickr.com/2526/4010345769_7c794f9f2d_z.jpg,5,0
anger,http://farm4.staticflickr.com/3138/2441166874_d42dcdfe62_z.jpg,5,0
anger,http://farm2.staticflickr.com/1235/918249213_8abb909f50_z.jpg,5,0
anger,http://farm3.staticflickr.com/2940/14359663508_cb942e9aec_z.jpg,5,0
anger,http://farm3.staticflickr.com/2892/11673635296_a8a355b737_z.jpg,5,0
anger,http://farm4.staticflickr.com/3053/2597731611_5bdde315b9_z.jpg,5,0
anger,http://farm6.staticflickr.com/5517/9366943062_6a7b1a2583_z.jpg,5,0
anger,http://farm5.staticflickr.com/4057/4356079907_25994d3081_z.jpg,4,1
anger,http://farm5.staticflickr.com/4104/4989219978_0622c85796_z.jpg,0,5
anger,http://farm5.staticflickr.com/4128/5170662874_cdb0192f3f_z.jpg,4,1
anger,http://farm7.staticflickr.com/6093/6287463801_6be988923f_z.jpg,5,0
anger,http://farm7.staticflickr.com/6039/6296630620_d34597c656_z.jpg,5,0
anger,http://farm3.staticflickr.com/2339/12965551895_6e37362c43_z.jpg,5,0
anger,http://farm9.staticflickr.com/8400/10249046955_f4977cd4eb_z.jpg,4,1
anger,http://farm4.staticflickr.com/3216/3086026871_1f1d223ccc_z.jpg,5,0
anger,http://farm6.staticflickr.com/5079/14353200106_6865274d61_z.jpg,5,0
anger,http://farm8.staticflickr.com/7059/6951196730_e751a3f1e0_z.jpg,5,0
anger,http://farm5.staticflickr.com/4044/4308850068_9c24e37023_z.jpg,4,1
anger,http://farm1.staticflickr.com/164/426665217_986aad8b18_z.jpg,5,0
anger,http://farm4.staticflickr.com/3257/2904389568_8127623c18_z.jpg,4,1
anger,http://farm8.staticflickr.com/7060/6874446192_358d23c46e_z.jpg,5,0
anger,http://farm6.staticflickr.com/5589/15010667945_0d920755b1_z.jpg,5,0
anger,http://farm7.staticflickr.com/6033/6336473678_e06cbdf33e_z.jpg,5,0
anger,http://farm4.staticflickr.com/3319/5731606414_d8d6c6a40b_z.jpg,5,0
anger,http://farm7.staticflickr.com/6202/6080653613_4f62ced739_z.jpg,2,3
anger,http://farm8.staticflickr.com/7145/6413081885_f728247cf0_z.jpg,5,0
anger,http://farm7.staticflickr.com/6006/5932701943_43b24488f3_z.jpg,5,0
anger,http://farm9.staticflickr.com/8296/7962661778_2842e10e90_z.jpg,5,0
anger,http://farm5.staticflickr.com/4081/4884251954_e3e566a24e_z.jpg,1,4
anger,http://farm8.staticflickr.com/7343/12127386305_1f6f0f6019_z.jpg,5,0
anger,http://farm9.staticflickr.com/8434/7858295122_4ff703ed31_z.jpg,4,1
anger,http://farm6.staticflickr.com/5591/15071817890_fc7c05d08b_z.jpg,5,0
anger,http://farm3.staticflickr.com/2940/14600929501_e059ac8073_z.jpg,5,0
anger,http://farm6.staticflickr.com/5121/5234930809_6a4e107862_z.jpg,5,0
anger,http://farm6.staticflickr.com/5293/5428086662_ed7916d6fc_z.jpg,3,2
anger,http://farm4.staticflickr.com/3632/3318985401_036a29afda_z.jpg,5,0
anger,http://farm5.staticflickr.com/4075/4882089746_b1be79f5f5_z.jpg,5,0
anger,http://farm6.staticflickr.com/5258/5534630723_58d89e11b1_z.jpg,5,0
anger,http://farm3.staticflickr.com/2914/14750027301_409797b1c5_z.jpg,0,5
anger,http://farm4.staticflickr.com/3823/11859762815_3308545f30_z.jpg,5,0
anger,http://farm7.staticflickr.com/6143/5959165487_5f4537b33b_z.jpg,5,0
anger,http://farm5.staticflickr.com/4105/5011008781_1d520d08c5_z.jpg,5,0
anger,http://farm4.staticflickr.com/3228/2731763568_0804307ca1_z.jpg,5,0
anger,http://farm3.staticflickr.com/2579/3903901629_0cda1ab564_z.jpg,4,1
anger,http://farm5.staticflickr.com/4130/4951086618_259ba4568e_z.jpg,5,0
anger,http://farm4.staticflickr.com/3574/3465452220_97567baa7c_z.jpg,5,0
anger,http://farm4.staticflickr.com/3239/3152755278_151bf6fdf0_z.jpg,5,0
anger,http://farm4.staticflickr.com/3360/3326203387_0dfc406145_z.jpg,3,2
anger,http://farm5.staticflickr.com/4100/4745606449_3ee201d56b_z.jpg,0,5
anger,http://farm9.staticflickr.com/8068/8198623563_19bfe38b7d_z.jpg,5,0
anger,http://farm3.staticflickr.com/2197/12967165534_aaf8f73ddf_z.jpg,5,0
anger,http://farm5.staticflickr.com/4023/4707260127_e9d84c3df1_z.jpg,0,5
anger,http://farm6.staticflickr.com/5091/5455785714_0922a5a4f2_z.jpg,5,0
anger,http://farm8.staticflickr.com/7047/6883393801_02095466d0_z.jpg,2,3
anger,http://farm6.staticflickr.com/5011/5448755973_da5d9d0960_z.jpg,5,0
anger,http://farm8.staticflickr.com/7417/10059892413_dbf6f53108_z.jpg,5,0
anger,http://farm8.staticflickr.com/7428/12955793664_b54564005b_z.jpg,3,2
anger,http://farm3.staticflickr.com/2464/3773120462_3772b55b67_z.jpg,4,1
anger,http://farm6.staticflickr.com/5598/14981366764_682ae83459_z.jpg,5,0
anger,http://farm8.staticflickr.com/7032/13243523704_7e5fe68395_z.jpg,1,4
anger,http://farm5.staticflickr.com/4112/5206637100_ac47209217_z.jpg,4,1
anger,http://farm4.staticflickr.com/3084/2604341845_8676dac592_z.jpg,3,2
anger,http://farm3.staticflickr.com/2826/9447711793_e28e75e23a_z.jpg,5,0
anger,http://farm3.staticflickr.com/2563/3959665598_0c17713fdb_z.jpg,5,0
anger,http://farm4.staticflickr.com/3395/3563584429_2bd7322a47_z.jpg,5,0
anger,http://farm4.staticflickr.com/3843/14802652743_ae806e4472_z.jpg,4,1
anger,http://farm8.staticflickr.com/7391/9550337668_ef2f2c2022_z.jpg,5,0
anger,http://farm9.staticflickr.com/8412/8699424548_836524e63d_z.jpg,3,2
anger,http://farm4.staticflickr.com/3863/14807969333_bd626a028e_z.jpg,4,1
anger,http://farm4.staticflickr.com/3073/2894283521_6d7dbe9672_z.jpg,5,0
anger,http://farm8.staticflickr.com/7159/6394694371_cb24c60ab1_z.jpg,3,2
anger,http://farm7.staticflickr.com/6142/5986814585_4b55c3ccdd_z.jpg,4,1
anger,http://farm3.staticflickr.com/2946/15476944581_10b2104534_z.jpg,5,0
anger,http://farm4.staticflickr.com/3049/2866545320_0279061760_z.jpg,3,2
anger,http://farm9.staticflickr.com/8221/8297976952_a567418918_z.jpg,1,4
anger,http://farm8.staticflickr.com/7487/16042505926_6de59eafb8_z.jpg,5,0
anger,http://farm6.staticflickr.com/5116/14054220609_58261c1f15_z.jpg,5,0
anger,http://farm4.staticflickr.com/3824/10059369144_dd359c3ff3_z.jpg,5,0
anger,http://farm8.staticflickr.com/7025/6677327793_0fd944ae73_z.jpg,2,3
anger,http://farm7.staticflickr.com/6048/6296306950_3b17fbfebf_z.jpg,5,0
anger,http://farm4.staticflickr.com/3851/14591983340_821a2c6f7b_z.jpg,5,0
anger,http://farm6.staticflickr.com/5565/14668133227_5bd110e70d_z.jpg,5,0
anger,http://farm6.staticflickr.com/5063/5654148519_53dc8deaab_z.jpg,3,2
anger,http://farm8.staticflickr.com/7511/15405931973_a6804aea52_z.jpg,5,0
anger,http://farm9.staticflickr.com/8319/7989033635_93d2b2cff6_z.jpg,4,1
anger,http://farm9.staticflickr.com/8377/8531087561_5e897b7c13_z.jpg,5,0
anger,http://farm4.staticflickr.com/3911/14713546187_151eb9da67_z.jpg,5,0
anger,http://farm3.staticflickr.com/2143/5698074684_807ea681e6_z.jpg,5,0
anger,http://farm9.staticflickr.com/8596/15830175209_329d657018_z.jpg,4,1
anger,http://farm4.staticflickr.com/3241/2957682670_e67cecb374_z.jpg,3,2
anger,http://farm9.staticflickr.com/8059/8254172499_0df9b02eed_z.jpg,5,0
anger,http://farm9.staticflickr.com/8075/8262843880_cfc9f80cd3_z.jpg,5,0
anger,http://farm8.staticflickr.com/7461/16014214241_3a0f942501_z.jpg,0,5
anger,http://farm4.staticflickr.com/3230/2738943473_d9921e7631_z.jpg,3,2
anger,http://farm4.staticflickr.com/3738/9963922054_03b5f67629_z.jpg,5,0
anger,http://farm6.staticflickr.com/5053/5525490575_5c33abdcb1_z.jpg,5,0
anger,http://farm6.staticflickr.com/5543/11328056804_976da6535c_z.jpg,4,1
anger,http://farm4.staticflickr.com/3729/13120905475_19ab0a290c_z.jpg,5,0
anger,http://farm9.staticflickr.com/8526/8632365883_22ed5a2e3a_z.jpg,5,0
anger,http://farm8.staticflickr.com/7518/15688318590_dd570b9c14_z.jpg,5,0
anger,http://farm5.staticflickr.com/4104/5063654879_6e88fe5f43_z.jpg,4,1
anger,http://farm8.staticflickr.com/7257/7601105002_250ebc9d23_z.jpg,0,5
anger,http://farm3.staticflickr.com/2864/9632299992_42f446aab7_z.jpg,5,0
anger,http://farm6.staticflickr.com/5121/5263167819_f47b77f12d_z.jpg,5,0
anger,http://farm5.staticflickr.com/4133/5214184702_a3cf5e3c6e_z.jpg,1,4
anger,http://farm3.staticflickr.com/2229/2538325615_669fddc76e_z.jpg,4,1
anger,http://farm6.staticflickr.com/5162/5374001017_425e68e2df_z.jpg,2,3
anger,http://farm8.staticflickr.com/7496/16096708896_e74f4c4e03_z.jpg,0,5
anger,http://farm3.staticflickr.com/2188/5790444653_6045c45e22_z.jpg,4,1
anger,http://farm3.staticflickr.com/2919/14561946387_46b6a372ae_z.jpg,5,0
anger,http://farm4.staticflickr.com/3695/10780166765_20f107ec52_z.jpg,5,0
anger,http://farm5.staticflickr.com/4048/4478081457_489a8ca492_z.jpg,5,0
anger,http://farm2.staticflickr.com/1347/1458361132_c76ab93f0c_z.jpg,5,0
anger,http://farm7.staticflickr.com/6131/5964680310_ea0f288a75_z.jpg,3,2
anger,http://farm9.staticflickr.com/8539/8646581414_30d5157a9c_z.jpg,2,3
anger,http://farm6.staticflickr.com/5295/5502738019_fcf477e8d1_z.jpg,4,1
anger,http://farm5.staticflickr.com/4060/4421979841_01bfbe3692_z.jpg,4,1
anger,http://farm3.staticflickr.com/2447/4022062384_2b24ef66c2_z.jpg,4,1
anger,http://farm8.staticflickr.com/7316/13949933962_22754d4af8_z.jpg,5,0
anger,http://farm4.staticflickr.com/3274/5713329063_e50a74ebae_z.jpg,5,0
anger,http://farm9.staticflickr.com/8423/7518448772_9cd8272fb6_z.jpg,5,0
anger,http://farm4.staticflickr.com/3208/3107387948_792f1e1079_z.jpg,3,2
anger,http://farm8.staticflickr.com/7149/6771443011_c2fbbea463_z.jpg,0,5
anger,http://farm8.staticflickr.com/7471/15880636178_8e1b5232e0_z.jpg,5,0
anger,http://farm6.staticflickr.com/5596/14786049783_f2da619000_z.jpg,5,0
anger,http://farm6.staticflickr.com/5555/14327279614_2d935b1f12_z.jpg,3,2
anger,http://farm4.staticflickr.com/3445/3755661537_63bc805633_z.jpg,5,0
anger,http://farm9.staticflickr.com/8524/8648925229_a8059c868f_z.jpg,5,0
anger,http://farm9.staticflickr.com/8342/8196884014_5e51397b80_z.jpg,5,0
anger,http://farm4.staticflickr.com/3251/2647830042_ce276f47cd_z.jpg,0,5
anger,http://farm4.staticflickr.com/3623/3371976269_87e7e64a38_z.jpg,0,5
anger,http://farm8.staticflickr.com/7168/6567827649_52f7dc5954_z.jpg,5,0
anger,http://farm3.staticflickr.com/2939/14596325349_eeb9a9a355_z.jpg,4,1
anger,http://farm4.staticflickr.com/3063/2585255696_14f3f45384_z.jpg,4,1
anger,http://farm4.staticflickr.com/3261/3133955947_da30e7427f_z.jpg,5,0
anger,http://farm3.staticflickr.com/2927/14105047885_431ccc5f2b_z.jpg,5,0
anger,http://farm2.staticflickr.com/1107/777776032_04e55d53af_z.jpg,3,2
anger,http://farm6.staticflickr.com/5581/14748756397_7d88d98157_z.jpg,5,0
anger,http://farm3.staticflickr.com/2575/3918530369_7033bc9814_z.jpg,5,0
anger,http://farm8.staticflickr.com/7006/6397919523_4995cee292_z.jpg,5,0
anger,http://farm3.staticflickr.com/2299/1533902468_13b0c1b98c_z.jpg,5,0
anger,http://farm8.staticflickr.com/7324/10509273776_4a3a3fd590_z.jpg,0,5
anger,http://farm8.staticflickr.com/7192/7119965851_ee86a648b1_z.jpg,4,1
anger,http://farm5.staticflickr.com/4015/4659528585_096496fa78_z.jpg,1,4
anger,http://farm6.staticflickr.com/5235/6933937402_1d84102e09_z.jpg,0,5
anger,http://farm9.staticflickr.com/8603/16075522495_d820ffc5c8_z.jpg,5,0
anger,http://farm1.staticflickr.com/193/524084755_de5c94def9_z.jpg,4,1
anger,http://farm3.staticflickr.com/2464/3918648691_95a8012759_z.jpg,5,0
anger,http://farm7.staticflickr.com/6212/7002060015_dc8a754307_z.jpg,2,3
anger,http://farm7.staticflickr.com/6208/6152937028_7c423dae69_z.jpg,4,1
anger,http://farm7.staticflickr.com/6100/6384913107_b9a71e543d_z.jpg,3,2
anger,http://farm3.staticflickr.com/2357/2443735603_4e6e224a59_z.jpg,5,0
anger,http://farm3.staticflickr.com/2902/14370554095_a77f603ee7_z.jpg,5,0
anger,http://farm4.staticflickr.com/3073/2640638697_1082793f7c_z.jpg,0,5
anger,http://farm4.staticflickr.com/3823/10779100245_b0c6670430_z.jpg,5,0
anger,http://farm8.staticflickr.com/7231/7272216034_283249be98_z.jpg,4,1
anger,http://farm6.staticflickr.com/5584/14649347326_e791d13483_z.jpg,4,1
anger,http://farm9.staticflickr.com/8450/8010990384_3b23396089_z.jpg,4,1
anger,http://farm9.staticflickr.com/8625/15868563698_f411560173_z.jpg,5,0
anger,http://farm6.staticflickr.com/5282/5312917238_d4fa19cf65_z.jpg,5,0
anger,http://farm6.staticflickr.com/5009/5199363311_221c00546d_z.jpg,4,1
anger,http://farm7.staticflickr.com/6103/6316170162_c4d8ac4933_z.jpg,5,0
anger,http://farm7.staticflickr.com/6147/6192612054_9636e722ac_z.jpg,4,1
anger,http://farm3.staticflickr.com/2340/2056231855_524acecdbc_z.jpg,4,1
anger,http://farm5.staticflickr.com/4049/4719844344_bc3df0e9b5_z.jpg,2,3
anger,http://farm6.staticflickr.com/5012/5422134293_c753abed5c_z.jpg,3,2
anger,http://farm7.staticflickr.com/6081/6103404932_93643878bf_z.jpg,4,1
anger,http://farm4.staticflickr.com/3374/3217353793_e2469bf54b_z.jpg,0,5
anger,http://farm9.staticflickr.com/8006/7345795288_3698c0e65f_z.jpg,4,1
anger,http://farm4.staticflickr.com/3748/9549217894_aa2bc80ec4_z.jpg,2,3
anger,http://farm6.staticflickr.com/5600/15344166048_9f3ca8641b_z.jpg,5,0
anger,http://farm9.staticflickr.com/8175/8032068666_6bd4cff660_z.jpg,5,0
anger,http://farm6.staticflickr.com/5594/14071260237_7df316971f_z.jpg,5,0
anger,http://farm3.staticflickr.com/2879/9859847783_08dd2e5bbc_z.jpg,5,0
anger,http://farm8.staticflickr.com/7235/7331138028_7d3db536aa_z.jpg,5,0
anger,http://farm4.staticflickr.com/3942/15746422935_5a02e1f6c3_z.jpg,5,0
anger,http://farm7.staticflickr.com/6019/6341616423_cf398cc981_z.jpg,4,1
anger,http://farm4.staticflickr.com/3120/2836203956_d01b304ba2_z.jpg,5,0
anger,http://farm3.staticflickr.com/2176/2190055664_d124d74cd8_z.jpg,4,1
anger,http://farm3.staticflickr.com/2212/13129030984_ee8c210798_z.jpg,1,4
anger,http://farm6.staticflickr.com/5261/5615421229_cfbab20f0c_z.jpg,4,1
anger,http://farm9.staticflickr.com/8287/7774498776_ca1b855410_z.jpg,4,1
anger,http://farm6.staticflickr.com/5350/7112724111_1d1ecbf74c_z.jpg,3,2
anger,http://farm4.staticflickr.com/3345/3238950551_2e133de7f2_z.jpg,4,1
anger,http://farm3.staticflickr.com/2563/3963195446_9faf019d46_z.jpg,5,0
anger,http://farm8.staticflickr.com/7193/7146068093_411c435a41_z.jpg,5,0
anger,http://farm6.staticflickr.com/5597/15262497208_1ec72c31f7_z.jpg,5,0
anger,http://farm6.staticflickr.com/5175/5517911406_9910788ae7_z.jpg,5,0
anger,http://farm6.staticflickr.com/5082/5196392093_92b3bebaff_z.jpg,4,1
anger,http://farm6.staticflickr.com/5131/5423142365_8d898f19b8_z.jpg,4,1
anger,http://farm9.staticflickr.com/8149/7397161982_270b25de57_z.jpg,4,1
anger,http://farm3.staticflickr.com/2431/3548695545_55887feb0a_z.jpg,0,5
anger,http://farm8.staticflickr.com/7146/6499864469_48f28607f6_z.jpg,5,0
anger,http://farm3.staticflickr.com/2481/3552017794_1f0eccc165_z.jpg,5,0
anger,http://farm6.staticflickr.com/5045/5330075595_cec801be0f_z.jpg,0,5
anger,http://farm6.staticflickr.com/5455/9712888673_349a806030_z.jpg,5,0
anger,http://farm2.staticflickr.com/1161/4724986557_741d9042a7_z.jpg,4,1
anger,http://farm2.staticflickr.com/1295/4705772450_c3c6849e0c_z.jpg,4,1
anger,http://farm9.staticflickr.com/8570/15996366266_11c57c56bb_z.jpg,4,1
anger,http://farm4.staticflickr.com/3348/3414114988_8fdc6544c5_z.jpg,5,0
anger,http://farm4.staticflickr.com/3655/3404259567_b4faa2ceed_z.jpg,5,0
anger,http://farm6.staticflickr.com/5503/14655436395_5c996bfbfe_z.jpg,5,0
anger,http://farm8.staticflickr.com/7485/16050779496_624852b4a4_z.jpg,5,0
anger,http://farm2.staticflickr.com/1080/5139947537_863d0436d6_z.jpg,5,0
anger,http://farm5.staticflickr.com/4073/4888681058_ee8b5ec666_z.jpg,5,0
anger,http://farm3.staticflickr.com/2924/14331296959_4fa4309274_z.jpg,5,0
anger,http://farm5.staticflickr.com/4139/4758255296_1b6446890b_z.jpg,2,3
anger,http://farm4.staticflickr.com/3863/15023695312_c8d364cae3_z.jpg,5,0
anger,http://farm7.staticflickr.com/6140/5984749017_039cfb8c93_z.jpg,5,0
anger,http://farm3.staticflickr.com/2908/14192484773_79d1f1bafa_z.jpg,0,5
anger,http://farm4.staticflickr.com/3869/15383579522_059c0db64b_z.jpg,5,0
anger,http://farm7.staticflickr.com/6149/5957702188_9c12e64e38_z.jpg,5,0
anger,http://farm3.staticflickr.com/2607/4020491170_3660b6c430_z.jpg,5,0
anger,http://farm9.staticflickr.com/8176/8050195446_207d0a5e0a_z.jpg,5,0
anger,http://farm9.staticflickr.com/8211/8421876644_c495965f2d_z.jpg,0,5
anger,http://farm6.staticflickr.com/5295/5390380715_3b8682e93c_z.jpg,3,2
anger,http://farm9.staticflickr.com/8192/8139323587_a70da5afed_z.jpg,2,3
anger,http://farm7.staticflickr.com/6034/7030004923_7bedd2422c_z.jpg,5,0
anger,http://farm8.staticflickr.com/7432/8725421293_bd8c5b2abf_z.jpg,5,0
anger,http://farm5.staticflickr.com/4148/5197172869_994e921402_z.jpg,3,2
anger,http://farm6.staticflickr.com/5348/8857087928_ae68ab29cb_z.jpg,5,0
anger,http://farm6.staticflickr.com/5045/5352819096_96b42c922d_z.jpg,1,4
anger,http://farm8.staticflickr.com/7350/10086550955_44464b1599_z.jpg,5,0
anger,http://farm6.staticflickr.com/5527/12521475163_1d1e8a3e46_z.jpg,5,0
anger,http://farm8.staticflickr.com/7082/7047564829_eeb0c11bb7_z.jpg,5,0
anger,http://farm5.staticflickr.com/4112/5038312179_bbd0f506d6_z.jpg,5,0
anger,http://farm2.staticflickr.com/1081/1284101907_d8eb794cf9_z.jpg,5,0
anger,http://farm4.staticflickr.com/3016/2547756753_479df0bcbd_z.jpg,5,0
anger,http://farm3.staticflickr.com/2648/3919025718_691426d252_z.jpg,4,0
anger,http://farm4.staticflickr.com/3245/3119840640_40b6211d28_z.jpg,3,2
anger,http://farm8.staticflickr.com/7155/6549455657_1566c3d986_z.jpg,5,0
anger,http://farm9.staticflickr.com/8490/8288352606_14780b1a0a_z.jpg,0,5
anger,http://farm7.staticflickr.com/6151/6267102502_3f9aeccd50_z.jpg,5,0
anger,http://farm4.staticflickr.com/3842/14334824470_55ed74d50f_z.jpg,4,1
anger,http://farm4.staticflickr.com/3102/3121591728_e3b108f161_z.jpg,5,0
anger,http://farm3.staticflickr.com/2855/8857785801_2daeb548ee_z.jpg,5,0
anger,http://farm4.staticflickr.com/3129/5825633206_61e960b398_z.jpg,2,3
anger,http://farm5.staticflickr.com/4122/4943437801_6326e2c158_z.jpg,2,3
anger,http://farm5.staticflickr.com/4084/5071215263_b4c2668df8_z.jpg,5,0
anger,http://farm4.staticflickr.com/3793/11116203453_eec38877ae_z.jpg,2,3
anger,http://farm4.staticflickr.com/3198/3151360709_786b5b7bbe_z.jpg,5,0
anger,http://farm6.staticflickr.com/5100/5526588945_85275e70f6_z.jpg,5,0
anger,http://farm5.staticflickr.com/4002/4356800422_d0b47fcce2_z.jpg,5,0
anger,http://farm5.staticflickr.com/4102/4871636814_1ccbbf9ddb_z.jpg,5,0
anger,http://farm6.staticflickr.com/5530/10909108086_e810958a55_z.jpg,5,0
anger,http://farm8.staticflickr.com/7285/8733136648_12299db6ae_z.jpg,5,0
anger,http://farm4.staticflickr.com/3452/3926819792_5d1f46e63c_z.jpg,4,1
anger,http://farm8.staticflickr.com/7252/7875414506_dc79e4210c_z.jpg,5,0
anger,http://farm8.staticflickr.com/7039/7025999509_be6565aaa7_z.jpg,3,2
anger,http://farm4.staticflickr.com/3674/9049275907_61777fc4d7_z.jpg,5,0
anger,http://farm5.staticflickr.com/4042/4353113593_0ac675a689_z.jpg,2,3
anger,http://farm3.staticflickr.com/2237/1527166944_6a7aae3b64_z.jpg,5,0
anger,http://farm4.staticflickr.com/3463/3355359579_99882977c9_z.jpg,5,0
anger,http://farm5.staticflickr.com/4070/4686745025_d177f23b1d_z.jpg,4,1
anger,http://farm4.staticflickr.com/3354/4574849254_de5d37e0f6_z.jpg,5,0
anger,http://farm4.staticflickr.com/3245/2705297635_cbd41d90d3_z.jpg,5,0
anger,http://farm3.staticflickr.com/2901/14833694062_22ce03640b_z.jpg,5,0
anger,http://farm5.staticflickr.com/4148/4958202685_5910dfd991_z.jpg,4,1
anger,http://farm3.staticflickr.com/2424/5848379266_82ff739ffd_z.jpg,5,0
anger,http://farm4.staticflickr.com/3594/3622970740_87a2f59ddb_z.jpg,3,2
anger,http://farm5.staticflickr.com/4022/4698600646_d6a164b516_z.jpg,0,5
anger,http://farm4.staticflickr.com/3250/3030858572_8bb5941e64_z.jpg,0,5
anger,http://farm6.staticflickr.com/5313/14180673856_3110d53bfa_z.jpg,5,0
anger,http://farm5.staticflickr.com/4014/4714155601_1ff3e21eda_z.jpg,5,0
anger,http://farm4.staticflickr.com/3423/3732807848_41039d787b_z.jpg,3,2
anger,http://farm3.staticflickr.com/2051/1744079894_bbb3b1e2d2_z.jpg,5,0
anger,http://farm4.staticflickr.com/3895/14759486686_ed755dd5ea_z.jpg,4,1
anger,http://farm4.staticflickr.com/3938/15690908655_817bc8496b_z.jpg,5,0
anger,http://farm4.staticflickr.com/3653/3375237988_3488b5de73_z.jpg,5,0
anger,http://farm3.staticflickr.com/2938/14747973631_cd8793f78e_z.jpg,5,0
anger,http://farm9.staticflickr.com/8049/8099905847_20fff58a3c_z.jpg,5,0
anger,http://farm6.staticflickr.com/5323/6941802352_c39c67d0d6_z.jpg,5,0
anger,http://farm4.staticflickr.com/3131/5721344815_e145b6f245_z.jpg,5,0
anger,http://farm3.staticflickr.com/2379/2193701160_76c1b79c29_z.jpg,3,2
anger,http://farm6.staticflickr.com/5260/5432263108_fbd370d640_z.jpg,5,0
anger,http://farm4.staticflickr.com/3596/3404767835_93aa0fb68b_z.jpg,5,0
anger,http://farm6.staticflickr.com/5332/9067568732_e4f608c421_z.jpg,5,0
anger,http://farm6.staticflickr.com/5563/14935531680_f1a4102c4e_z.jpg,5,0
anger,http://farm6.staticflickr.com/5176/5441209662_a05200e71e_z.jpg,5,0
anger,http://farm6.staticflickr.com/5252/5433693098_3552e3c45d_z.jpg,5,0
anger,http://farm5.staticflickr.com/4139/4866107062_a21b5a59d1_z.jpg,5,0
anger,http://farm9.staticflickr.com/8634/16075415575_d6e5a1a45e_z.jpg,5,0
anger,http://farm6.staticflickr.com/5001/5371143356_5e0158d9b8_z.jpg,2,3
anger,http://farm4.staticflickr.com/3648/3566952009_a36f2fc210_z.jpg,5,0
anger,http://farm3.staticflickr.com/2934/14152068713_acdece791b_z.jpg,4,1
anger,http://farm3.staticflickr.com/2863/11414509114_ccf11fbac7_z.jpg,2,3
anger,http://farm4.staticflickr.com/3207/3042761262_fcfb6f59a4_z.jpg,4,1
anger,http://farm9.staticflickr.com/8357/8389751725_2986d647b1_z.jpg,2,3
anger,http://farm9.staticflickr.com/8007/7189833710_25d6db2f10_z.jpg,5,0
anger,http://farm9.staticflickr.com/8011/7445291264_1d9465a9d9_z.jpg,5,0
anger,http://farm6.staticflickr.com/5596/14839261443_9488515aae_z.jpg,5,0
anger,http://farm4.staticflickr.com/3741/12778863034_70037d3abc_z.jpg,5,0
anger,http://farm9.staticflickr.com/8036/8063422787_86049670ec_z.jpg,5,0
anger,http://farm3.staticflickr.com/2920/14264970464_d60b5bd098_z.jpg,2,3
anger,http://farm3.staticflickr.com/2854/12202833834_bb9ce4da65_z.jpg,5,0
anger,http://farm5.staticflickr.com/4145/5176172492_4e0d74c39f_z.jpg,4,1
anger,http://farm7.staticflickr.com/6019/6294622981_ee1f24e2af_z.jpg,5,0
anger,http://farm9.staticflickr.com/8346/8174301350_4ea39251ae_z.jpg,5,0
anger,http://farm8.staticflickr.com/7376/8968502094_df5d58b2c8_z.jpg,5,0
anger,http://farm6.staticflickr.com/5241/5337177076_2f3605a533_z.jpg,5,0
anger,http://farm6.staticflickr.com/5014/5565292088_bb97e21eea_z.jpg,5,0
anger,http://farm9.staticflickr.com/8341/8197251902_65ec4a3570_z.jpg,4,1
anger,http://farm3.staticflickr.com/2573/12965590685_1834770b53_z.jpg,5,0
anger,http://farm5.staticflickr.com/4091/5213578991_f77c38228c_z.jpg,0,5
anger,http://farm6.staticflickr.com/5016/5522705912_052d285dd1_z.jpg,4,1
anger,http://farm3.staticflickr.com/2441/3718738805_e62481531f_z.jpg,5,0
anger,http://farm9.staticflickr.com/8281/7833671848_d9eb053423_z.jpg,4,1
anger,http://farm4.staticflickr.com/3137/2910965813_3b8b432801_z.jpg,0,5
anger,http://farm2.staticflickr.com/1094/1411628144_40a2cb990d_z.jpg,5,0
anger,http://farm8.staticflickr.com/7532/16025161961_283ffd841a_z.jpg,4,1
anger,http://farm8.staticflickr.com/7480/15897576911_a29d6c2ac2_z.jpg,5,0
anger,http://farm6.staticflickr.com/5252/5496081898_18deeddeba_z.jpg,5,0
anger,http://farm3.staticflickr.com/2664/3766259476_fb6bc3d86a_z.jpg,3,2
anger,http://farm9.staticflickr.com/8225/8378511449_6a1ef8ae07_z.jpg,3,2
anger,http://farm7.staticflickr.com/6027/5906916461_9cac2d7070_z.jpg,2,3
anger,http://farm6.staticflickr.com/5493/14352676472_921aa7ebcb_z.jpg,5,0
anger,http://farm8.staticflickr.com/7359/10570382754_7f51e4cf93_z.jpg,5,0
anger,http://farm6.staticflickr.com/5590/14578722149_a6bbcedb84_z.jpg,0,5
anger,http://farm6.staticflickr.com/5303/5589124998_25dcbb4a77_z.jpg,5,0
anger,http://farm9.staticflickr.com/8342/8283830691_f8a5242f5b_z.jpg,5,0
anger,http://farm9.staticflickr.com/8180/7935594470_9bbb80e0e0_z.jpg,4,1
anger,http://farm4.staticflickr.com/3575/3529094486_2bec395d9a_z.jpg,5,0
anger,http://farm9.staticflickr.com/8402/8700981649_4d0010e7dd_z.jpg,5,0
anger,http://farm4.staticflickr.com/3007/5829115161_17c67552d6_z.jpg,5,0
anger,http://farm7.staticflickr.com/6122/5979144592_5abd142800_z.jpg,3,2
anger,http://farm9.staticflickr.com/8467/8402203520_739782110a_z.jpg,5,0
anger,http://farm2.staticflickr.com/1303/561309845_5309a3a287_z.jpg,2,3
anger,http://farm9.staticflickr.com/8051/8143352770_c15f49f603_z.jpg,3,2
anger,http://farm7.staticflickr.com/6201/6098768491_b67feea468_z.jpg,4,1
anger,http://farm2.staticflickr.com/1348/3353378318_3d1013c54b_z.jpg,5,0
anger,http://farm9.staticflickr.com/8126/8645673833_2df0a177e0_z.jpg,4,1
anger,http://farm6.staticflickr.com/5562/14953748191_5510223ce1_z.jpg,5,0
anger,http://farm3.staticflickr.com/2235/2225269055_a16114ee25_z.jpg,5,0
anger,http://farm5.staticflickr.com/4054/4493631933_51e96b7c64_z.jpg,5,0
anger,http://farm3.staticflickr.com/2411/2403992761_421813f70d_z.jpg,1,4
anger,http://farm9.staticflickr.com/8019/7331089290_e4eb1e5624_z.jpg,5,0
anger,http://farm8.staticflickr.com/7303/11483723163_82c36389c5_z.jpg,5,0
anger,http://farm4.staticflickr.com/3890/15020666890_6fc6af6254_z.jpg,5,0
anger,http://farm3.staticflickr.com/2141/2538557734_96fb65bfae_z.jpg,0,5
anger,http://farm4.staticflickr.com/3123/2433162689_27d05c9d8b_z.jpg,2,3
anger,http://farm5.staticflickr.com/4150/4980043927_d42146d53b_z.jpg,5,0
anger,http://farm4.staticflickr.com/3681/10871449055_31d23c5fd1_z.jpg,5,0
anger,http://farm4.staticflickr.com/3690/9241181394_7e39c78978_z.jpg,5,0
anger,http://farm8.staticflickr.com/7254/7663049698_419124106d_z.jpg,5,0
anger,http://farm5.staticflickr.com/4121/4857045546_4dcfded10a_z.jpg,5,0
anger,http://farm4.staticflickr.com/3822/12395162774_fa54a452d6_z.jpg,3,2
anger,http://farm4.staticflickr.com/3368/5756105269_6c5c075a55_z.jpg,5,0
anger,http://farm5.staticflickr.com/4073/4890601508_c5b477f96f_z.jpg,5,0
anger,http://farm7.staticflickr.com/6050/6304281326_6b8dc8608c_z.jpg,5,0
anger,http://farm7.staticflickr.com/6101/6382952837_26d4fac0cf_z.jpg,3,2
anger,http://farm2.staticflickr.com/1003/1184575503_bef3ef1a18_z.jpg,5,0
anger,http://farm5.staticflickr.com/4075/4751602720_8d5c354472_z.jpg,1,4
anger,http://farm9.staticflickr.com/8204/8249045725_3819006d38_z.jpg,0,5
anger,http://farm4.staticflickr.com/3942/15467226018_fd0b386121_z.jpg,4,1
anger,http://farm6.staticflickr.com/5105/5783018100_4995806b9b_z.jpg,4,1
anger,http://farm9.staticflickr.com/8307/7750704838_449a060287_z.jpg,5,0
anger,http://farm5.staticflickr.com/4101/4867121822_f20ea7fd01_z.jpg,5,0
anger,http://farm5.staticflickr.com/4148/5095493869_4433c0a851_z.jpg,5,0
anger,http://farm8.staticflickr.com/7103/7205228814_5138187514_z.jpg,5,0
anger,http://farm8.staticflickr.com/7378/9030452589_b408247080_z.jpg,4,1
anger,http://farm6.staticflickr.com/5253/5413276790_95ffbe1e6f_z.jpg,5,0
anger,http://farm4.staticflickr.com/3622/3674073164_bfb5050b52_z.jpg,4,1
anger,http://farm8.staticflickr.com/7124/7011544497_133679fefe_z.jpg,0,5
anger,http://farm5.staticflickr.com/4101/4888387984_0e848250bd_z.jpg,5,0
anger,http://farm6.staticflickr.com/5591/14219275562_79e35fbe6f_z.jpg,4,1
anger,http://farm6.staticflickr.com/5295/5511570959_a949753927_z.jpg,4,1
anger,http://farm9.staticflickr.com/8122/8685531344_2143370c71_z.jpg,5,0
anger,http://farm4.staticflickr.com/3916/14747385811_900ae70847_z.jpg,1,4
anger,http://farm3.staticflickr.com/2745/4325199521_13fee421eb_z.jpg,1,4
anger,http://farm4.staticflickr.com/3203/2841904419_de42145c0c_z.jpg,5,0
anger,http://farm4.staticflickr.com/3533/3265964418_26ef7b4a7d_z.jpg,1,4
anger,http://farm6.staticflickr.com/5581/14579720958_e5c765bea7_z.jpg,5,0
anger,http://farm4.staticflickr.com/3838/14765564605_f1a43383b0_z.jpg,5,0
anger,http://farm9.staticflickr.com/8384/8483924540_41803a731a_z.jpg,4,1
anger,http://farm6.staticflickr.com/5132/5584748374_9aee59a866_z.jpg,5,0
anger,http://farm9.staticflickr.com/8238/8583513400_6ced4ae989_z.jpg,5,0
anger,http://farm8.staticflickr.com/7552/15038691423_47de8f2e59_z.jpg,4,1
anger,http://farm4.staticflickr.com/3543/3496419138_08f1436b81_z.jpg,3,2
anger,http://farm4.staticflickr.com/3040/2860970776_e85d33141b_z.jpg,5,0
anger,http://farm3.staticflickr.com/2447/3638655646_c732559c18_z.jpg,1,4
anger,http://farm8.staticflickr.com/7442/10774912556_505dbd0d8d_z.jpg,5,0
anger,http://farm4.staticflickr.com/3112/3170709303_567d47ba73_z.jpg,5,0
anger,http://farm6.staticflickr.com/5054/5424030371_a88b92d748_z.jpg,2,3
anger,http://farm4.staticflickr.com/3086/5712788435_5182b40194_z.jpg,0,5
anger,http://farm4.staticflickr.com/3938/15421849810_80c6b775f5_z.jpg,4,1
anger,http://farm8.staticflickr.com/7029/6619668831_d5047aeb1e_z.jpg,5,0
anger,http://farm4.staticflickr.com/3873/14781304547_8cc6933912_z.jpg,5,0
anger,http://farm6.staticflickr.com/5478/9774027173_fa9568de65_z.jpg,5,0
anger,http://farm9.staticflickr.com/8037/8062250412_0f8d267807_z.jpg,0,5
anger,http://farm6.staticflickr.com/5010/5209127443_1ba9c21cbe_z.jpg,5,0
anger,http://farm4.staticflickr.com/3428/3792377795_e4aee139e7_z.jpg,5,0
anger,http://farm4.staticflickr.com/3920/14524827401_0a68380528_z.jpg,5,0
anger,http://farm8.staticflickr.com/7520/15100786844_d6c546df1f_z.jpg,4,1
anger,http://farm1.staticflickr.com/214/473407689_8507840b34_z.jpg,5,0
anger,http://farm5.staticflickr.com/4006/4495844245_91fde7c1cd_z.jpg,5,0
anger,http://farm4.staticflickr.com/3844/14773783665_fd9c50042f_z.jpg,5,0
anger,http://farm6.staticflickr.com/5486/12249169386_ca25a0e07a_z.jpg,4,1
anger,http://farm3.staticflickr.com/2487/3818865005_8a94ef9967_z.jpg,4,1
anger,http://farm3.staticflickr.com/2784/4518587001_6cae9b63f3_z.jpg,5,0
anger,http://farm9.staticflickr.com/8644/15891046787_443f1f1a08_z.jpg,5,0
anger,http://farm5.staticflickr.com/4126/5004685020_256a0a5cef_z.jpg,3,2
anger,http://farm3.staticflickr.com/2412/2483210103_7e590fa3c7_z.jpg,5,0
anger,http://farm7.staticflickr.com/6122/5960792013_ecd6dcac76_z.jpg,2,3
anger,http://farm5.staticflickr.com/4064/4348154918_22487efe5e_z.jpg,4,1
anger,http://farm9.staticflickr.com/8309/7944292946_bcdb2425e6_z.jpg,5,0
anger,http://farm3.staticflickr.com/2505/3927175882_b011a703cc_z.jpg,5,0
anger,http://farm5.staticflickr.com/4006/4294751276_03a9f2d088_z.jpg,5,0
anger,http://farm6.staticflickr.com/5180/5438866152_aa01c6ea73_z.jpg,4,1
anger,http://farm6.staticflickr.com/5338/7091496075_9e91befbce_z.jpg,5,0
anger,http://farm6.staticflickr.com/5235/7389015828_e6e469a268_z.jpg,2,3
anger,http://farm3.staticflickr.com/2942/15340001795_4e73d84486_z.jpg,5,0
anger,http://farm2.staticflickr.com/1212/5130746939_18bedfccd7_z.jpg,3,2
anger,http://farm3.staticflickr.com/2893/13409325123_61481c43fb_z.jpg,4,1
anger,http://farm7.staticflickr.com/6025/5951678003_e7caf1d33b_z.jpg,5,0
anger,http://farm8.staticflickr.com/7550/15153204444_9899df857b_z.jpg,2,3
anger,http://farm6.staticflickr.com/5569/14154122018_5b3f25028a_z.jpg,5,0
anger,http://farm5.staticflickr.com/4075/4828487484_630969491a_z.jpg,0,5
anger,http://farm6.staticflickr.com/5186/5676732038_d8cdc3cf3f_z.jpg,5,0
anger,http://farm8.staticflickr.com/7470/16024894762_59a682cf5b_z.jpg,5,0
anger,http://farm4.staticflickr.com/3427/3993157078_e31b724d78_z.jpg,4,1
anger,http://farm2.staticflickr.com/1332/5125104248_778fa34d01_z.jpg,3,2
anger,http://farm9.staticflickr.com/8562/15737023000_d7dcf758fc_z.jpg,4,1
anger,http://farm4.staticflickr.com/3373/3605245818_403eaec99a_z.jpg,0,5
anger,http://farm9.staticflickr.com/8203/8172748907_6881e60c2a_z.jpg,5,0
anger,http://farm9.staticflickr.com/8346/8183130589_01a0e93e68_z.jpg,5,0
anger,http://farm6.staticflickr.com/5203/5373055370_9cc7be030b_z.jpg,5,0
anger,http://farm9.staticflickr.com/8604/15629477744_efc207cf39_z.jpg,5,0
anger,http://farm4.staticflickr.com/3079/2625192242_c0d2cdb43b_z.jpg,5,0
anger,http://farm6.staticflickr.com/5304/5899396948_3953a91b7e_z.jpg,5,0
anger,http://farm2.staticflickr.com/1341/3164369062_c42a328d9d_z.jpg,5,0
anger,http://farm8.staticflickr.com/7110/6995918386_58dccc4b58_z.jpg,5,0
anger,http://farm6.staticflickr.com/5288/5205500841_12f00b57ee_z.jpg,4,1
anger,http://farm8.staticflickr.com/7525/15747576909_806df1875b_z.jpg,4,1
anger,http://farm3.staticflickr.com/2064/2471775370_5cd4873ffe_z.jpg,5,0
anger,http://farm4.staticflickr.com/3728/12272542195_1587be702d_z.jpg,5,0
anger,http://farm8.staticflickr.com/7087/7282544012_d7490ce866_z.jpg,5,0
anger,http://farm8.staticflickr.com/7022/6430975279_672ac8560c_z.jpg,3,2
anger,http://farm3.staticflickr.com/2643/4092296024_ae76d7988c_z.jpg,5,0
anger,http://farm3.staticflickr.com/2866/10779177576_31dd76abda_z.jpg,4,1
anger,http://farm9.staticflickr.com/8469/8084236589_9c0077a308_z.jpg,5,0
anger,http://farm8.staticflickr.com/7224/6907263992_148b3f7b69_z.jpg,5,0
anger,http://farm8.staticflickr.com/7015/6507326349_e7a3b28707_z.jpg,1,4
anger,http://farm4.staticflickr.com/3384/3202221254_2e1f5d7773_z.jpg,4,1
anger,http://farm3.staticflickr.com/2614/4104724717_b0824bd20b_z.jpg,5,0
anger,http://farm4.staticflickr.com/3916/14337116171_8f7cc61279_z.jpg,5,0
anger,http://farm8.staticflickr.com/7087/6865281972_f28300cf32_z.jpg,1,4
anger,http://farm6.staticflickr.com/5537/12349758134_883a716c34_z.jpg,5,0
anger,http://farm4.staticflickr.com/3271/3040571799_e00bb2bc8d_z.jpg,5,0
anger,http://farm4.staticflickr.com/3898/14666443727_929413a960_z.jpg,4,1
anger,http://farm3.staticflickr.com/2848/9576161501_097706c4e9_z.jpg,3,2
anger,http://farm5.staticflickr.com/4009/4533394453_21ae7032fe_z.jpg,0,5
anger,http://farm4.staticflickr.com/3551/3374074794_1edc2d671f_z.jpg,5,0
anger,http://farm5.staticflickr.com/4112/4957843202_8ebd42e12b_z.jpg,5,0
anger,http://farm6.staticflickr.com/5241/5377416797_72f12f6be8_z.jpg,5,0
anger,http://farm3.staticflickr.com/2232/5715622110_d237d35d0f_z.jpg,5,0
anger,http://farm6.staticflickr.com/5060/5512387737_a313595791_z.jpg,5,0
anger,http://farm6.staticflickr.com/5503/14167681328_ecaf1a543c_z.jpg,5,0
anger,http://farm9.staticflickr.com/8020/7304183414_5dbfa4079b_z.jpg,5,0
anger,http://farm4.staticflickr.com/3856/14596305439_706b7b70db_z.jpg,4,1
anger,http://farm4.staticflickr.com/3895/15135033351_17603e2b09_z.jpg,2,3
anger,http://farm6.staticflickr.com/5480/9776287911_2de8b9bd96_z.jpg,4,1
anger,http://farm4.staticflickr.com/3290/3058976365_db49fb6a16_z.jpg,5,0
anger,http://farm9.staticflickr.com/8316/7944346342_23f061a2d3_z.jpg,5,0
anger,http://farm7.staticflickr.com/6122/5932586445_3bf489e44a_z.jpg,5,0
anger,http://farm1.staticflickr.com/197/503419051_3f66dc3712_z.jpg,3,2
anger,http://farm3.staticflickr.com/2875/13567633724_90f023d219_z.jpg,5,0
anger,http://farm9.staticflickr.com/8320/7962657056_1c8af2a814_z.jpg,5,0
anger,http://farm6.staticflickr.com/5172/5526744479_789c498d8a_z.jpg,5,0
anger,http://farm4.staticflickr.com/3626/3452425701_b42b3039f5_z.jpg,0,5
anger,http://farm4.staticflickr.com/3072/5804267900_7143d2a935_z.jpg,3,2
anger,http://farm6.staticflickr.com/5348/10135882714_bb83227e1f_z.jpg,4,1
anger,http://farm7.staticflickr.com/6239/6239676757_c00b56928d_z.jpg,5,0
anger,http://farm4.staticflickr.com/3523/3256286088_e0b3cea285_z.jpg,5,0
anger,http://farm5.staticflickr.com/4002/4630319746_b49fec409d_z.jpg,5,0
anger,http://farm5.staticflickr.com/4049/4496286827_1bb06d05bd_z.jpg,4,1
anger,http://farm4.staticflickr.com/3127/3152822292_6bce92ed84_z.jpg,5,0
anger,http://farm1.staticflickr.com/122/381886598_0dde27bbcf_z.jpg,3,2
anger,http://farm8.staticflickr.com/7308/12150342545_7ab05a54d7_z.jpg,4,1
anger,http://farm6.staticflickr.com/5498/10909217756_581fafe36d_z.jpg,5,0
anger,http://farm9.staticflickr.com/8242/8483155650_384e49b4b9_z.jpg,5,0
anger,http://farm6.staticflickr.com/5044/5382644018_edfef1acf3_z.jpg,5,0
anger,http://farm4.staticflickr.com/3276/3004535214_16a66b37a4_z.jpg,2,3
anger,http://farm9.staticflickr.com/8289/7715623306_a452a59fd4_z.jpg,5,0
anger,http://farm5.staticflickr.com/4119/5396718098_2879efb17c_z.jpg,5,0
anger,http://farm3.staticflickr.com/2772/4169369427_ef4ff897ac_z.jpg,4,1
anger,http://farm4.staticflickr.com/3707/13120910675_3f498a9b5a_z.jpg,3,2
anger,http://farm6.staticflickr.com/5016/5473473836_24c6d890c9_z.jpg,5,0
anger,http://farm8.staticflickr.com/7176/6964067571_e29a9717a2_z.jpg,4,1
anger,http://farm5.staticflickr.com/4031/4496921206_cdb0139757_z.jpg,5,0
anger,http://farm4.staticflickr.com/3193/2926997863_68c5c725cc_z.jpg,5,0
anger,http://farm2.staticflickr.com/1421/5111363837_46a49ce40d_z.jpg,0,5
anger,http://farm3.staticflickr.com/2442/3614556817_d478dda60d_z.jpg,4,1
anger,http://farm6.staticflickr.com/5106/5602947199_7cd23407fe_z.jpg,5,0
anger,http://farm3.staticflickr.com/2358/2217553504_b9cdc70283_z.jpg,5,0
anger,http://farm6.staticflickr.com/5565/14203215410_4c4546ec28_z.jpg,5,0
anger,http://farm9.staticflickr.com/8283/7734446528_801db42845_z.jpg,5,0
anger,http://farm4.staticflickr.com/3286/2653529669_e7de8b359d_z.jpg,0,5
anger,http://farm8.staticflickr.com/7057/6798883764_ab3f17f9a6_z.jpg,5,0
anger,http://farm3.staticflickr.com/2922/14417514338_bae556c8d2_z.jpg,5,0
anger,http://farm7.staticflickr.com/6096/6291064761_01c46dfd44_z.jpg,5,0
anger,http://farm4.staticflickr.com/3819/13243171155_b98699ddfe_z.jpg,3,2
anger,http://farm6.staticflickr.com/5170/5377139494_d2515aa744_z.jpg,4,1
anger,http://farm8.staticflickr.com/7579/16295178781_8db42b6d19_z.jpg,0,5
anger,http://farm4.staticflickr.com/3322/4603370605_60b8c6b549_z.jpg,0,5
anger,http://farm7.staticflickr.com/6050/6251421654_c38de28309_z.jpg,1,4
anger,http://farm9.staticflickr.com/8099/8620346113_de39353267_z.jpg,5,0
anger,http://farm8.staticflickr.com/7551/15467111919_9da47220d4_z.jpg,5,0
anger,http://farm4.staticflickr.com/3371/3199599590_dcb3a2e261_z.jpg,1,4
anger,http://farm5.staticflickr.com/4121/4757622081_c35acbb537_z.jpg,5,0
anger,http://farm4.staticflickr.com/3721/11269957284_6b5eed300d_z.jpg,3,2
anger,http://farm3.staticflickr.com/2512/3772309399_b98972570e_z.jpg,5,0
anger,http://farm8.staticflickr.com/7539/16226601996_a5135858af_z.jpg,4,1
anger,http://farm8.staticflickr.com/7195/6804205760_ddfb386a1e_z.jpg,5,0
anger,http://farm8.staticflickr.com/7315/9566668520_5f2b2d4675_z.jpg,5,0
anger,http://farm9.staticflickr.com/8232/8499828819_ce786fcbbe_z.jpg,5,0
anger,http://farm6.staticflickr.com/5057/5517920089_e3046a616d_z.jpg,1,4
anger,http://farm6.staticflickr.com/5480/11354154435_5a6aed2463_z.jpg,5,0
anger,http://farm4.staticflickr.com/3147/3017032209_da7e2035d8_z.jpg,4,1
anger,http://farm3.staticflickr.com/2659/3791874016_ba5fb5a403_z.jpg,5,0
anger,http://farm5.staticflickr.com/4026/4275502629_3c17ce6894_z.jpg,5,0
anger,http://farm4.staticflickr.com/3326/3342897639_e0f05c811b_z.jpg,5,0
anger,http://farm6.staticflickr.com/5518/12389242244_826ecc5fb9_z.jpg,2,2
anger,http://farm9.staticflickr.com/8075/8301401345_407a4194bb_z.jpg,5,0
anger,http://farm3.staticflickr.com/2863/11606908704_0bdd6bb759_z.jpg,5,0
anger,http://farm4.staticflickr.com/3717/9858302945_50df0b765a_z.jpg,5,0
anger,http://farm6.staticflickr.com/5162/5307834765_2ac423a29d_z.jpg,4,1
anger,http://farm4.staticflickr.com/3502/3785724549_c42ffa61bb_z.jpg,5,0
anger,http://farm7.staticflickr.com/6215/6245133878_ea5f699b58_z.jpg,4,1
anger,http://farm1.staticflickr.com/200/471100023_10d59a9a08_z.jpg,5,0
anger,http://farm4.staticflickr.com/3042/2892344552_e69f0d9212_z.jpg,5,0
anger,http://farm7.staticflickr.com/6151/6135161099_6dfa910836_z.jpg,2,3
anger,http://farm9.staticflickr.com/8300/7920346230_4f11376446_z.jpg,4,1
anger,http://farm4.staticflickr.com/3947/15467231718_36a679274b_z.jpg,5,0
anger,http://farm6.staticflickr.com/5052/5496616158_9f37154b43_z.jpg,5,0
anger,http://farm3.staticflickr.com/2558/3789390493_486bc8700b_z.jpg,5,0
anger,http://farm4.staticflickr.com/3135/3078492387_dcd0bbee0c_z.jpg,5,0
anger,http://farm5.staticflickr.com/4070/4540813136_aa61441a7e_z.jpg,5,0
anger,http://farm9.staticflickr.com/8383/8670813315_d8f361c15f_z.jpg,3,2
anger,http://farm6.staticflickr.com/5152/6998786736_615ed2090c_z.jpg,5,0
anger,http://farm5.staticflickr.com/4112/4976312100_6e862f8bf1_z.jpg,5,0
anger,http://farm6.staticflickr.com/5256/5490059344_0f4bbfbedf_z.jpg,1,4
anger,http://farm5.staticflickr.com/4072/4387326532_ba5ac73605_z.jpg,5,0
anger,http://farm7.staticflickr.com/6044/6281746394_2dfd6aa470_z.jpg,5,0
anger,http://farm9.staticflickr.com/8460/8073470486_a4dceeb11a_z.jpg,5,0
anger,http://farm6.staticflickr.com/5562/14777366504_77827f1a37_z.jpg,5,0
anger,http://farm6.staticflickr.com/5008/5374789657_b8eab61369_z.jpg,2,3
anger,http://farm8.staticflickr.com/7578/15407478943_9999d91e59_z.jpg,2,3
anger,http://farm3.staticflickr.com/2525/3817442731_c62171c8e9_z.jpg,5,0
anger,http://farm5.staticflickr.com/4078/4952289218_86ec654084_z.jpg,5,0
anger,http://farm5.staticflickr.com/4029/4685089866_3d9d19bfe1_z.jpg,5,0
anger,http://farm8.staticflickr.com/7245/7304189008_00c49e9425_z.jpg,4,1
anger,http://farm4.staticflickr.com/3630/3701286164_93ae51867c_z.jpg,3,2
anger,http://farm5.staticflickr.com/4053/4648608347_3928ca547a_z.jpg,1,4
anger,http://farm9.staticflickr.com/8025/7592451540_69c254d70c_z.jpg,5,0
anger,http://farm4.staticflickr.com/3468/3183948296_433f5c9564_z.jpg,4,1
anger,http://farm4.staticflickr.com/3916/14802941423_da3fa31b22_z.jpg,5,0
anger,http://farm9.staticflickr.com/8607/16132719645_e8327c2e20_z.jpg,4,1
anger,http://farm9.staticflickr.com/8119/8613313686_b42c130f77_z.jpg,4,1
anger,http://farm8.staticflickr.com/7196/6841101900_5d407815de_z.jpg,5,0
anger,http://farm6.staticflickr.com/5255/5404547044_72b5f9d964_z.jpg,0,5
anger,http://farm4.staticflickr.com/3096/3211210533_04fc31f8d4_z.jpg,4,1
anger,http://farm9.staticflickr.com/8103/8619257158_6046bcd104_z.jpg,5,0
anger,http://farm6.staticflickr.com/5219/5527042800_f4ca80d190_z.jpg,5,0
anger,http://farm8.staticflickr.com/7205/6920758563_d5ebbe6f43_z.jpg,5,0
anger,http://farm5.staticflickr.com/4039/4660107292_5147ae9fec_z.jpg,5,0
anger,http://farm6.staticflickr.com/5458/7180892010_ffda01aa57_z.jpg,5,0
anger,http://farm4.staticflickr.com/3928/15448752412_ff20ff90a8_z.jpg,5,0
anger,http://farm4.staticflickr.com/3485/3300439448_8d44c466bb_z.jpg,4,1
anger,http://farm4.staticflickr.com/3816/10180214123_e556ff5023_z.jpg,3,2
anger,http://farm6.staticflickr.com/5064/5628078225_36efa36d26_z.jpg,3,2
anger,http://farm2.staticflickr.com/1082/3167866159_9ed59e0d80_z.jpg,5,0
anger,http://farm3.staticflickr.com/2536/4003995083_fb58a96508_z.jpg,1,4
anger,http://farm7.staticflickr.com/6017/5952237822_8d06944a34_z.jpg,5,0
anger,http://farm7.staticflickr.com/6038/6264289610_e3fefbb146_z.jpg,5,0
anger,http://farm4.staticflickr.com/3121/3131816046_bc97082449_z.jpg,5,0
anger,http://farm6.staticflickr.com/5205/5248646401_f9af70d91b_z.jpg,5,0
anger,http://farm3.staticflickr.com/2272/1511519161_ef44763fa5_z.jpg,3,2
anger,http://farm8.staticflickr.com/7366/8952522352_63d574c7b0_z.jpg,5,0
anger,http://farm6.staticflickr.com/5474/10908951065_3108429566_z.jpg,5,0
anger,http://farm4.staticflickr.com/3697/10034445185_6af3c03da1_z.jpg,5,0
anger,http://farm2.staticflickr.com/1421/5140665690_32fdb233ef_z.jpg,3,2
anger,http://farm3.staticflickr.com/2844/9217011086_fb9c20600e_z.jpg,0,5
anger,http://farm6.staticflickr.com/5546/9177717265_c4ccbc6681_z.jpg,5,0
anger,http://farm4.staticflickr.com/3740/11015420833_00edbea77f_z.jpg,4,1
anger,http://farm6.staticflickr.com/5611/15421530750_27d74df88a_z.jpg,4,1
anger,http://farm3.staticflickr.com/2309/2115794907_4d1aee0567_z.jpg,3,2
anger,http://farm4.staticflickr.com/3526/3977159467_2ae0747cc0_z.jpg,3,2
anger,http://farm6.staticflickr.com/5572/14853595033_91d482b6a2_z.jpg,5,0
anger,http://farm8.staticflickr.com/7524/15882242019_79b43b601c_z.jpg,5,0
anger,http://farm6.staticflickr.com/5077/14054214299_5a71b46949_z.jpg,5,0
anger,http://farm6.staticflickr.com/5088/5336472927_174fe7bb56_z.jpg,5,0
anger,http://farm4.staticflickr.com/3853/14780042195_7f05d3f3e2_z.jpg,5,0
anger,http://farm2.staticflickr.com/1139/3163477313_ee9c0bd262_z.jpg,5,0
anger,http://farm5.staticflickr.com/4091/4986331826_ab08273cc2_z.jpg,5,0
anger,http://farm5.staticflickr.com/4047/4518927974_70c03cae68_z.jpg,5,0
anger,http://farm8.staticflickr.com/7044/6885085919_8c7f8f3fda_z.jpg,5,0
anger,http://farm8.staticflickr.com/7038/6926187737_27de0a0198_z.jpg,5,0
anger,http://farm6.staticflickr.com/5160/5809604089_ea5c98fa0a_z.jpg,5,0
anger,http://farm8.staticflickr.com/7072/7344804722_d141373e5e_z.jpg,5,0
anger,http://farm8.staticflickr.com/7404/9735352595_269921b747_z.jpg,5,0
anger,http://farm8.staticflickr.com/7480/16028531628_2697732e88_z.jpg,4,1
anger,http://farm7.staticflickr.com/6159/6161674493_91590a4017_z.jpg,5,0
anger,http://farm6.staticflickr.com/5053/5390371979_26acb5ea06_z.jpg,4,1
anger,http://farm8.staticflickr.com/7020/6770161479_43c93c15e0_z.jpg,5,0
anger,http://farm9.staticflickr.com/8276/8747804034_1152851209_z.jpg,5,0
anger,http://farm8.staticflickr.com/7022/6778899247_44be2ef998_z.jpg,5,0
anger,http://farm8.staticflickr.com/7466/16034628421_b69c7251ba_z.jpg,2,3
anger,http://farm6.staticflickr.com/5497/14263551680_80813b8af5_z.jpg,5,0
anger,http://farm6.staticflickr.com/5127/5231042722_21e6a3eb50_z.jpg,5,0
anger,http://farm4.staticflickr.com/3877/14417420174_7024097603_z.jpg,1,4
anger,http://farm5.staticflickr.com/4014/4209763531_12286eea44_z.jpg,4,1
anger,http://farm3.staticflickr.com/2919/14782233844_20435350e6_z.jpg,5,0
anger,http://farm4.staticflickr.com/3703/8999629207_d0d8d67e28_z.jpg,5,0
anger,http://farm4.staticflickr.com/3671/11377267764_bc598f0d0e_z.jpg,3,2
anger,http://farm5.staticflickr.com/4082/4801477436_45abeba3c0_z.jpg,5,0
anger,http://farm3.staticflickr.com/2831/10213138433_3fccda99c5_z.jpg,5,0
anger,http://farm5.staticflickr.com/4030/4550006929_f3b502c2b1_z.jpg,5,0
anger,http://farm4.staticflickr.com/3800/10159692884_7359455678_z.jpg,5,0
anger,http://farm6.staticflickr.com/5561/14653033564_732b8fed50_z.jpg,5,0
anger,http://farm9.staticflickr.com/8610/15896152007_ceb1fb9f03_z.jpg,5,0
anger,http://farm4.staticflickr.com/3012/3114528352_8e879185e5_z.jpg,2,3
anger,http://farm4.staticflickr.com/3844/14578207728_a51d681489_z.jpg,5,0
anger,http://farm8.staticflickr.com/7418/8967861190_5d8c37e829_z.jpg,3,2
anger,http://farm4.staticflickr.com/3200/2321368006_261372b420_z.jpg,3,2
anger,http://farm6.staticflickr.com/5235/14423412021_0be52470ff_z.jpg,5,0
anger,http://farm3.staticflickr.com/2065/2121732319_21e2227ca6_z.jpg,4,1
anger,http://farm7.staticflickr.com/6224/6242294064_b87819d25b_z.jpg,5,0
anger,http://farm8.staticflickr.com/7331/13525134385_a4b90bbe03_z.jpg,5,0
anger,http://farm6.staticflickr.com/5092/5573829850_7ae3ab365f_z.jpg,5,0
anger,http://farm9.staticflickr.com/8209/8260773747_4325afe56b_z.jpg,5,0
anger,http://farm4.staticflickr.com/3748/12819212455_097a11f7d0_z.jpg,2,3
anger,http://farm6.staticflickr.com/5450/9014679449_cfc0abb8a6_z.jpg,5,0
anger,http://farm6.staticflickr.com/5290/5213886343_c1ae99b888_z.jpg,5,0
anger,http://farm4.staticflickr.com/3224/2431562235_29884a3100_z.jpg,5,0
anger,http://farm9.staticflickr.com/8170/7962692918_a6812e10ab_z.jpg,5,0
anger,http://farm8.staticflickr.com/7415/13363713555_2ea6e01755_z.jpg,5,0
anger,http://farm5.staticflickr.com/4093/4762925100_daedf0e5d7_z.jpg,3,2
anger,http://farm9.staticflickr.com/8154/7307710656_c723128dab_z.jpg,5,0
anger,http://farm6.staticflickr.com/5121/5361007775_6c48dfba34_z.jpg,5,0
anger,http://farm6.staticflickr.com/5200/13744951893_a59c1472ff_z.jpg,4,1
anger,http://farm6.staticflickr.com/5596/14760911664_c215d10d1e_z.jpg,5,0
anger,http://farm4.staticflickr.com/3059/2796988413_0603f13967_z.jpg,5,0
anger,http://farm1.staticflickr.com/127/370310285_e2b679061f_z.jpg,4,1
anger,http://farm4.staticflickr.com/3817/12366401364_f3283fba9c_z.jpg,5,0
anger,http://farm3.staticflickr.com/2670/3752216986_4034f81c21_z.jpg,5,0
anger,http://farm3.staticflickr.com/2814/8915004727_ce07f347ed_z.jpg,5,0
anger,http://farm1.staticflickr.com/104/369218869_f2a84895b0_z.jpg,1,4
anger,http://farm6.staticflickr.com/5220/5386841719_743386da64_z.jpg,5,0
anger,http://farm9.staticflickr.com/8433/7774494602_c8b97e1e98_z.jpg,5,0
anger,http://farm3.staticflickr.com/2552/3837997446_77231cf2b5_z.jpg,5,0
anger,http://farm4.staticflickr.com/3569/3507272118_c2e7f81990_z.jpg,3,2
anger,http://farm8.staticflickr.com/7025/6802135161_9f70ff37fc_z.jpg,5,0
anger,http://farm4.staticflickr.com/3068/2704346655_0c9836b37c_z.jpg,5,0
anger,http://farm8.staticflickr.com/7394/8725025073_1d73833858_z.jpg,5,0
anger,http://farm6.staticflickr.com/5106/5668401056_853c3ed215_z.jpg,3,2
anger,http://farm4.staticflickr.com/3078/3200504365_cde05d19ef_z.jpg,4,1
anger,http://farm4.staticflickr.com/3449/3370104948_f0fb601778_z.jpg,5,0
anger,http://farm3.staticflickr.com/2416/5713885364_53d31da98a_z.jpg,5,0
anger,http://farm4.staticflickr.com/3747/12210166243_7626c0143b_z.jpg,5,0
anger,http://farm3.staticflickr.com/2432/5843096541_fbdb2810d0_z.jpg,0,5
anger,http://farm3.staticflickr.com/2764/4540004433_0bb59e49cb_z.jpg,3,2
anger,http://farm4.staticflickr.com/3882/15137668742_7ac2f8249e_z.jpg,2,3
anger,http://farm7.staticflickr.com/6106/6321521273_8476fba78a_z.jpg,5,0
anger,http://farm6.staticflickr.com/5484/9077874247_4aaccc365a_z.jpg,5,0
anger,http://farm4.staticflickr.com/3062/2357761589_4f649f2d97_z.jpg,5,0
anger,http://farm9.staticflickr.com/8356/8424069230_ee186b5e59_z.jpg,5,0
anger,http://farm7.staticflickr.com/6035/6266843818_ce07635c77_z.jpg,5,0
anger,http://farm9.staticflickr.com/8524/8644756671_e89a57a750_z.jpg,1,4
anger,http://farm6.staticflickr.com/5135/5496638802_2b62eebe7b_z.jpg,4,1
anger,http://farm9.staticflickr.com/8317/7943127618_a2b3091d18_z.jpg,5,0
anger,http://farm1.staticflickr.com/136/356332517_c9b24283f2_z.jpg,5,0
anger,http://farm9.staticflickr.com/8200/8209756434_44fff88784_z.jpg,5,0
anger,http://farm6.staticflickr.com/5255/5512151097_7e811768b6_z.jpg,5,0
anger,http://farm4.staticflickr.com/3199/2962577246_b488fd7613_z.jpg,5,0
anger,http://farm9.staticflickr.com/8443/7902526010_22ea63a6dd_z.jpg,5,0
anger,http://farm3.staticflickr.com/2882/9909267973_1d966abe91_z.jpg,1,4
anger,http://farm7.staticflickr.com/6112/6343796743_659bec6304_z.jpg,3,2
anger,http://farm5.staticflickr.com/4088/5000688131_19e66d3e3c_z.jpg,5,0
anger,http://farm5.staticflickr.com/4064/4621955521_db6986b7b2_z.jpg,5,0
anger,http://farm9.staticflickr.com/8165/7458312580_dc5fd4eb9a_z.jpg,4,1
anger,http://farm6.staticflickr.com/5551/14749518647_4595d7d87d_z.jpg,5,0
anger,http://farm4.staticflickr.com/3777/8936285565_9f7be740e2_z.jpg,5,0
anger,http://farm6.staticflickr.com/5212/5386889441_eedc87da45_z.jpg,5,0
anger,http://farm8.staticflickr.com/7112/6987644912_f954e56c61_z.jpg,3,2
anger,http://farm3.staticflickr.com/2408/3537766115_d1656863b1_z.jpg,5,0
anger,http://farm5.staticflickr.com/4130/5211585604_0eb38b636a_z.jpg,4,1
anger,http://farm3.staticflickr.com/2456/3792383991_b7f6f1099b_z.jpg,5,0
anger,http://farm9.staticflickr.com/8538/8685506762_9d5da31d16_z.jpg,5,0
anger,http://farm8.staticflickr.com/7072/7350373284_e344ddef34_z.jpg,4,1
anger,http://farm9.staticflickr.com/8228/8387259564_95c83319ba_z.jpg,4,1
anger,http://farm2.staticflickr.com/1328/612235245_3f0ecdebfc_z.jpg,5,0
anger,http://farm4.staticflickr.com/3937/15583457716_0e3b260019_z.jpg,5,0
anger,http://farm4.staticflickr.com/3909/14176299118_422448b603_z.jpg,5,0
anger,http://farm7.staticflickr.com/6058/7022154981_71271d1ce7_z.jpg,2,3
anger,http://farm9.staticflickr.com/8665/15828746788_c366de9f37_z.jpg,1,4
anger,http://farm8.staticflickr.com/7074/7323506394_4052173f92_z.jpg,4,1
anger,http://farm9.staticflickr.com/8361/8263864903_ce45e209e1_z.jpg,5,0
anger,http://farm8.staticflickr.com/7215/7263993120_bf13188e91_z.jpg,5,0
anger,http://farm7.staticflickr.com/6119/6248513927_5a7ef47e10_z.jpg,5,0
anger,http://farm9.staticflickr.com/8322/8071801789_f6c541ab82_z.jpg,4,1
anger,http://farm4.staticflickr.com/3282/2957125651_0d6153ec72_z.jpg,5,0
anger,http://farm8.staticflickr.com/7047/6780112000_8b34304f61_z.jpg,5,0
anger,http://farm6.staticflickr.com/5524/12152271063_45b044af17_z.jpg,5,0
anger,http://farm8.staticflickr.com/7545/15482001128_43d6dcc53a_z.jpg,2,3
anger,http://farm8.staticflickr.com/7123/7493038764_053bbc25e0_z.jpg,4,1
anger,http://farm3.staticflickr.com/2872/10509752855_43222aae4b_z.jpg,5,0
anger,http://farm5.staticflickr.com/4110/5057284507_2c38c07bbd_z.jpg,5,0
anger,http://farm9.staticflickr.com/8168/7183359320_16744060cb_z.jpg,5,0
anger,http://farm4.staticflickr.com/3282/2998440829_6e47b6c080_z.jpg,5,0
anger,http://farm5.staticflickr.com/4148/5089307165_21df1a6f9d_z.jpg,5,0
anger,http://farm8.staticflickr.com/7541/15505000339_91e1fb63d2_z.jpg,5,0
anger,http://farm3.staticflickr.com/2433/3648027957_f6d92556cd_z.jpg,4,1
anger,http://farm6.staticflickr.com/5291/5566889680_a36a7ed706_z.jpg,2,3
anger,http://farm8.staticflickr.com/7392/14167836652_d0859e92e2_z.jpg,5,0
anger,http://farm3.staticflickr.com/2900/14193757052_39a3dda654_z.jpg,5,0
anger,http://farm4.staticflickr.com/3625/3529200560_d136ffabae_z.jpg,5,0
anger,http://farm9.staticflickr.com/8343/8221426183_561881b6ac_z.jpg,5,0
anger,http://farm9.staticflickr.com/8258/8685509882_ff869e40dd_z.jpg,5,0
anger,http://farm9.staticflickr.com/8338/8193737183_f9777c0f26_z.jpg,1,4
anger,http://farm5.staticflickr.com/4151/4956632201_a796d1a4c5_z.jpg,5,0
anger,http://farm6.staticflickr.com/5306/5690836239_b894a883cc_z.jpg,5,0
anger,http://farm8.staticflickr.com/7406/13473001264_66d171bf01_z.jpg,5,0
anger,http://farm6.staticflickr.com/5001/5350263907_42364d8d75_z.jpg,5,0
anger,http://farm8.staticflickr.com/7324/9677935980_8e32fdb9d4_z.jpg,4,1
anger,http://farm4.staticflickr.com/3215/3115023507_5be5d5bc2f_z.jpg,5,0
anger,http://farm4.staticflickr.com/3725/10043875745_8714169350_z.jpg,0,5
anger,http://farm9.staticflickr.com/8226/8474928693_b847210695_z.jpg,4,1
anger,http://farm7.staticflickr.com/6038/6244512289_2b7edcf70a_z.jpg,4,1
anger,http://farm7.staticflickr.com/6199/6064562696_0708231c43_z.jpg,5,0
anger,http://farm6.staticflickr.com/5242/5366908012_514fb56a7d_z.jpg,1,4
anger,http://farm8.staticflickr.com/7149/13162830263_a6ca894888_z.jpg,1,4
anger,http://farm6.staticflickr.com/5288/5362195474_29d7332c66_z.jpg,5,0
anger,http://farm4.staticflickr.com/3361/3243950678_12db1f2a99_z.jpg,5,0
anger,http://farm8.staticflickr.com/7137/7821677152_8488d326ab_z.jpg,5,0
anger,http://farm9.staticflickr.com/8309/8004985307_d1b32285e4_z.jpg,5,0
anger,http://farm8.staticflickr.com/7008/6481212217_d73fab3931_z.jpg,5,0
anger,http://farm8.staticflickr.com/7147/6436201035_d6e14482c2_z.jpg,4,1
anger,http://farm8.staticflickr.com/7521/15568933373_9863868992_z.jpg,4,1
anger,http://farm8.staticflickr.com/7093/6901463672_9413a5f891_z.jpg,5,0
anger,http://farm7.staticflickr.com/6192/6149290885_494edfd2a4_z.jpg,5,0
anger,http://farm9.staticflickr.com/8246/8454784286_5f433166ba_z.jpg,4,1
anger,http://farm3.staticflickr.com/2910/14034871628_dff3ff48c3_z.jpg,5,0
anger,http://farm4.staticflickr.com/3228/3106554051_986e73e488_z.jpg,1,4
anger,http://farm3.staticflickr.com/2896/14770985264_668ac78e30_z.jpg,5,0
anger,http://farm2.staticflickr.com/1416/5112274229_e40def7483_z.jpg,5,0
anger,http://farm3.staticflickr.com/2617/3904366690_1f0c8e0859_z.jpg,1,4
anger,http://farm9.staticflickr.com/8189/8403841825_c342f943db_z.jpg,5,0
anger,http://farm8.staticflickr.com/7018/6494936633_c80dddb001_z.jpg,4,1
anger,http://farm9.staticflickr.com/8623/16076450965_edc24c8dd5_z.jpg,5,0
anger,http://farm7.staticflickr.com/6178/6247373511_ec17bba734_z.jpg,1,4
anger,http://farm4.staticflickr.com/3274/2946904107_9449c64245_z.jpg,5,0
anger,http://farm2.staticflickr.com/1142/5102422857_8619b293b6_z.jpg,5,0
anger,http://farm9.staticflickr.com/8383/8512622144_97c853643b_z.jpg,3,2
anger,http://farm4.staticflickr.com/3348/3338170113_76c0e84705_z.jpg,5,0
anger,http://farm9.staticflickr.com/8245/8533926842_678737f940_z.jpg,5,0
anger,http://farm3.staticflickr.com/2929/14577615190_c49990eb61_z.jpg,5,0
anger,http://farm5.staticflickr.com/4024/4713329289_ffb0a1019f_z.jpg,3,2
anger,http://farm2.staticflickr.com/1211/1232148203_d4bcf1dfc0_z.jpg,3,2
anger,http://farm7.staticflickr.com/6123/6038725041_02e004f172_z.jpg,4,1
anger,http://farm9.staticflickr.com/8457/7944299496_7d711c8ed5_z.jpg,3,2
anger,http://farm5.staticflickr.com/4108/5044467060_56325fb746_z.jpg,5,0
anger,http://farm8.staticflickr.com/7476/15457597583_1a6b401dd2_z.jpg,5,0
anger,http://farm6.staticflickr.com/5015/5416565687_afe32273e2_z.jpg,1,4
anger,http://farm6.staticflickr.com/5576/14769405772_a1512d2eae_z.jpg,5,0
anger,http://farm4.staticflickr.com/3890/14507947253_4896040731_z.jpg,5,0
anger,http://farm4.staticflickr.com/3736/9489918528_3eb87078c8_z.jpg,3,2
anger,http://farm7.staticflickr.com/6095/6295285844_b44c1ac262_z.jpg,5,0
anger,http://farm5.staticflickr.com/4024/4368904564_8540151b03_z.jpg,3,2
anger,http://farm6.staticflickr.com/5215/5474510345_02575da5c7_z.jpg,5,0
anger,http://farm8.staticflickr.com/7033/6689286815_76179646ee_z.jpg,3,2
anger,http://farm2.staticflickr.com/1346/829388447_7511249242_z.jpg,3,2
anger,http://farm6.staticflickr.com/5226/5599607098_9cf28ec157_z.jpg,5,0
anger,http://farm7.staticflickr.com/6128/6039077457_a3a687003a_z.jpg,5,0
anger,http://farm4.staticflickr.com/3051/2956260916_36cbd8799b_z.jpg,5,0
anger,http://farm4.staticflickr.com/3428/3919291706_149f674d13_z.jpg,5,0
anger,http://farm3.staticflickr.com/2468/3723414145_863cd9f2c1_z.jpg,5,0
anger,http://farm9.staticflickr.com/8454/7961290192_2c9e836058_z.jpg,5,0
anger,http://farm4.staticflickr.com/3234/2987320973_aae32a46a9_z.jpg,4,1
anger,http://farm8.staticflickr.com/7176/6977748680_4e846aab0b_z.jpg,5,0
anger,http://farm4.staticflickr.com/3648/3637605117_574fa7bd1c_z.jpg,4,1
anger,http://farm6.staticflickr.com/5028/5669032947_18d3100990_z.jpg,5,0
anger,http://farm7.staticflickr.com/6101/6305054473_5eb40183e4_z.jpg,5,0
anger,http://farm8.staticflickr.com/7153/6778679023_7ae32df913_z.jpg,4,1
anger,http://farm9.staticflickr.com/8299/7810527070_862d087b12_z.jpg,5,0
anger,http://farm6.staticflickr.com/5176/5484672545_396a4d6c24_z.jpg,5,0
anger,http://farm9.staticflickr.com/8428/7775950394_e1132285b7_z.jpg,5,0
anger,http://farm4.staticflickr.com/3309/5823155819_c574094ccc_z.jpg,4,1
anger,http://farm4.staticflickr.com/3710/11821934914_dbf3d0c9e4_z.jpg,5,0
anger,http://farm9.staticflickr.com/8386/8477166425_bd887e13ec_z.jpg,0,5
anger,http://farm5.staticflickr.com/4005/4266734320_14db9a6c4d_z.jpg,5,0
anger,http://farm5.staticflickr.com/4001/4356031019_ebf229c2f2_z.jpg,2,3
anger,http://farm4.staticflickr.com/3804/12778889073_2928ca210b_z.jpg,3,2
anger,http://farm3.staticflickr.com/2460/3758497433_6c3cdf53a2_z.jpg,4,1
anger,http://farm3.staticflickr.com/2841/9348833495_37c131bceb_z.jpg,5,0
anger,http://farm8.staticflickr.com/7149/13973384935_2550f17702_z.jpg,3,2
anger,http://farm4.staticflickr.com/3205/3062082543_e160fdb7e3_z.jpg,3,2
anger,http://farm6.staticflickr.com/5566/14004585675_aac3d8d9e7_z.jpg,4,1
anger,http://farm3.staticflickr.com/2574/3892828921_9e12864915_z.jpg,0,5
anger,http://farm8.staticflickr.com/7358/9494108319_837cf0537c_z.jpg,1,4
anger,http://farm5.staticflickr.com/4080/4931993576_0e8c042a8e_z.jpg,5,0
anger,http://farm3.staticflickr.com/2907/14081467248_11dcd16cc0_z.jpg,5,0
anger,http://farm9.staticflickr.com/8163/7258617696_085992e2bc_z.jpg,3,2
anger,http://farm4.staticflickr.com/3185/3026037879_ae84e7c1f4_z.jpg,5,0
anger,http://farm4.staticflickr.com/3620/3404781815_1b8f4c5170_z.jpg,4,1
anger,http://farm7.staticflickr.com/6206/6144268819_ce7c5fa73f_z.jpg,5,0
anger,http://farm9.staticflickr.com/8637/16026417892_b9c014360b_z.jpg,5,0
anger,http://farm5.staticflickr.com/4135/5410305422_0f61d02be5_z.jpg,5,0
anger,http://farm4.staticflickr.com/3862/14578358658_33eb9e5d22_z.jpg,5,0
anger,http://farm3.staticflickr.com/2332/2346536358_0f3b5a8a33_z.jpg,2,3
anger,http://farm5.staticflickr.com/4046/4577658654_9c3f580677_z.jpg,1,4
anger,http://farm8.staticflickr.com/7030/6807106173_463e24e923_z.jpg,5,0
anger,http://farm6.staticflickr.com/5124/5318207653_9d69113710_z.jpg,2,3
anger,http://farm2.staticflickr.com/1229/5119151099_ff1b78e939_z.jpg,4,1
anger,http://farm4.staticflickr.com/3938/15396398039_bda9abd181_z.jpg,5,0
anger,http://farm6.staticflickr.com/5564/15020788948_e37784835d_z.jpg,5,0
anger,http://farm5.staticflickr.com/4092/4989981365_a959bd9f1b_z.jpg,5,0
anger,http://farm9.staticflickr.com/8088/8532159849_12bba8a484_z.jpg,5,0
anger,http://farm7.staticflickr.com/6027/5981952629_00793bc29d_z.jpg,5,0
anger,http://farm3.staticflickr.com/2551/4174429147_a8d9a53769_z.jpg,5,0
anger,http://farm4.staticflickr.com/3344/3451868509_fe8f190137_z.jpg,4,1
anger,http://farm6.staticflickr.com/5100/5546573136_aaf3862cb8_z.jpg,5,0
anger,http://farm7.staticflickr.com/6116/6252109337_47706843bc_z.jpg,0,5
anger,http://farm8.staticflickr.com/7493/15725249290_d4d2d69e19_z.jpg,5,0
anger,http://farm8.staticflickr.com/7356/10086965846_2af9068192_z.jpg,5,0
anger,http://farm3.staticflickr.com/2736/4274854562_357ed99739_z.jpg,5,0
anger,http://farm6.staticflickr.com/5303/5665105238_ff1e221bf2_z.jpg,2,3
anger,http://farm6.staticflickr.com/5473/11999347215_f1abf66cce_z.jpg,4,1
anger,http://farm5.staticflickr.com/4065/4712967766_e4aa0d772c_z.jpg,5,0
anger,http://farm4.staticflickr.com/3388/3634769138_93f672668e_z.jpg,4,1
anger,http://farm3.staticflickr.com/2862/9327251348_28e429063c_z.jpg,5,0
anger,http://farm5.staticflickr.com/4112/5182372372_fe34cd45bb_z.jpg,5,0
anger,http://farm4.staticflickr.com/3897/14658817772_1c6f8a55be_z.jpg,5,0
anger,http://farm3.staticflickr.com/2822/9893597115_eabf58e04f_z.jpg,5,0
anger,http://farm8.staticflickr.com/7559/15171330744_539a88f52a_z.jpg,4,1
anger,http://farm9.staticflickr.com/8427/7873798670_9c529823fb_z.jpg,4,1
anger,http://farm5.staticflickr.com/4152/5057285663_26a2d70ddd_z.jpg,5,0
anger,http://farm8.staticflickr.com/7501/15960032921_f8b4817a15_z.jpg,5,0
anger,http://farm3.staticflickr.com/2940/14848621743_b1fbd2e8f2_z.jpg,5,0
anger,http://farm3.staticflickr.com/2634/4016979567_6bedc0f295_z.jpg,5,0
anger,http://farm5.staticflickr.com/4010/4660343650_aea49cd982_z.jpg,5,0
anger,http://farm7.staticflickr.com/6222/6283875676_372662e2f2_z.jpg,5,0
anger,http://farm5.staticflickr.com/4020/5121180647_5b581261a1_z.jpg,3,2
anger,http://farm8.staticflickr.com/7374/9310297004_1d8e681bbb_z.jpg,5,0
anger,http://farm8.staticflickr.com/7174/6638086205_cfd2d3a3a7_z.jpg,4,1
anger,http://farm6.staticflickr.com/5607/15467642918_77aab2f47c_z.jpg,5,0
anger,http://farm4.staticflickr.com/3144/2282061999_1858f4a45b_z.jpg,5,0
anger,http://farm5.staticflickr.com/4013/4498998772_aa630863c9_z.jpg,1,4
anger,http://farm8.staticflickr.com/7361/12170327066_c58ea3154a_z.jpg,5,0
anger,http://farm4.staticflickr.com/3701/13490792175_922066e4c9_z.jpg,5,0
anger,http://farm8.staticflickr.com/7194/13233118253_5200475014_z.jpg,0,5
anger,http://farm4.staticflickr.com/3211/3095036329_3dea997cf9_z.jpg,5,0
anger,http://farm3.staticflickr.com/2427/3614853309_2d9903f3f8_z.jpg,5,0
anger,http://farm6.staticflickr.com/5205/5262053050_8654824332_z.jpg,3,2
anger,http://farm6.staticflickr.com/5555/14596717239_b33711bb87_z.jpg,5,0
anger,http://farm3.staticflickr.com/2219/1525497145_d25613a0a4_z.jpg,5,0
anger,http://farm8.staticflickr.com/7068/6780061650_30dbcfdc32_z.jpg,5,0
anger,http://farm3.staticflickr.com/2938/14743068046_cb78a2afa7_z.jpg,5,0
anger,http://farm9.staticflickr.com/8197/8253445228_f1374c3607_z.jpg,4,1
anger,http://farm9.staticflickr.com/8436/7859199152_24f14688f2_z.jpg,3,2
anger,http://farm4.staticflickr.com/3293/3468091721_676203ed30_z.jpg,5,0
anger,http://farm6.staticflickr.com/5070/5805132671_7bd8e60fa7_z.jpg,5,0
anger,http://farm4.staticflickr.com/3146/2788911193_13e5e4252d_z.jpg,2,3
anger,http://farm9.staticflickr.com/8436/7879193804_ce2e31f709_z.jpg,5,0
anger,http://farm2.staticflickr.com/1264/4552380271_8e8b1f6b1c_z.jpg,5,0
anger,http://farm8.staticflickr.com/7150/6799853807_656d24b40c_z.jpg,2,3
anger,http://farm8.staticflickr.com/7053/6963032787_1bb221bfb0_z.jpg,1,4
anger,http://farm8.staticflickr.com/7305/10122830755_4a06f9606b_z.jpg,5,0
anger,http://farm5.staticflickr.com/4146/5023235501_4bd245931d_z.jpg,2,3
anger,http://farm5.staticflickr.com/4043/4651040394_1204738657_z.jpg,5,0
anger,http://farm6.staticflickr.com/5050/5234663641_379bc94dc9_z.jpg,0,5
anger,http://farm3.staticflickr.com/2414/1496829647_726f3bf6cf_z.jpg,5,0
anger,http://farm9.staticflickr.com/8189/8130616353_78ee8c3af1_z.jpg,4,1
anger,http://farm4.staticflickr.com/3713/13147577174_22d4899dfe_z.jpg,5,0
anger,http://farm7.staticflickr.com/6221/6325895701_702abc2063_z.jpg,4,1
anger,http://farm9.staticflickr.com/8372/8507892802_70d6231013_z.jpg,1,4
anger,http://farm5.staticflickr.com/4086/5410119240_cf3d952388_z.jpg,5,0
anger,http://farm5.staticflickr.com/4014/4288903874_058140bf9d_z.jpg,4,1
anger,http://farm7.staticflickr.com/6037/6346861605_6590fc7a88_z.jpg,5,0
anger,http://farm8.staticflickr.com/7487/15981041125_dc1db5a03f_z.jpg,5,0
anger,http://farm9.staticflickr.com/8050/8144570047_891bb3be9b_z.jpg,5,0
anger,http://farm7.staticflickr.com/6051/6279944076_1bb1e04f70_z.jpg,5,0
anger,http://farm7.staticflickr.com/6200/6024900540_c36d4d5db0_z.jpg,4,1
anger,http://farm2.staticflickr.com/1272/1242977314_b8537578e1_z.jpg,5,0
anger,http://farm3.staticflickr.com/2697/4058399363_e0c36aa8d4_z.jpg,5,0
anger,http://farm4.staticflickr.com/3051/2636889425_f73e79925a_z.jpg,5,0
anger,http://farm5.staticflickr.com/4049/4452890196_e569de07df_z.jpg,5,0
anger,http://farm3.staticflickr.com/2159/2219325598_0c2668e9d0_z.jpg,5,0
anger,http://farm8.staticflickr.com/7555/16001336386_f1b9cb7cae_z.jpg,2,3
anger,http://farm5.staticflickr.com/4137/4929001913_3f647cc590_z.jpg,5,0
anger,http://farm3.staticflickr.com/2285/2126393703_832330438c_z.jpg,3,2
anger,http://farm5.staticflickr.com/4080/4873295501_8c7c0e6ec3_z.jpg,4,1
anger,http://farm5.staticflickr.com/4014/4564840421_e4a63bd0da_z.jpg,5,0
anger,http://farm5.staticflickr.com/4091/4986351950_946111d28f_z.jpg,5,0
anger,http://farm3.staticflickr.com/2522/3790297931_82fc2db8d3_z.jpg,5,0
anger,http://farm9.staticflickr.com/8103/8520290855_27136c4c1d_z.jpg,5,0
anger,http://farm4.staticflickr.com/3789/10908230103_687dac831a_z.jpg,5,0
anger,http://farm7.staticflickr.com/6217/6344054551_5b495cf6dd_z.jpg,4,1
anger,http://farm4.staticflickr.com/3426/3998481022_85619c5706_z.jpg,5,0
anger,http://farm6.staticflickr.com/5328/9241125928_d7217241a6_z.jpg,5,0
anger,http://farm6.staticflickr.com/5061/5752667454_63ceeb755c_z.jpg,5,0
anger,http://farm5.staticflickr.com/4053/4478469195_c1867662e8_z.jpg,0,5
anger,http://farm4.staticflickr.com/3189/3095864525_5eac979dcb_z.jpg,5,0
anger,http://farm5.staticflickr.com/4069/4497017202_4615b7414b_z.jpg,3,2
anger,http://farm7.staticflickr.com/6095/6292321359_7d1a6f633e_z.jpg,5,0
anger,http://farm3.staticflickr.com/2902/14576517939_08aea397ae_z.jpg,4,1
anger,http://farm4.staticflickr.com/3332/3218074210_b5eeeeeb51_z.jpg,5,0
anger,http://farm5.staticflickr.com/4149/5409329091_69790ca5f0_z.jpg,5,0
anger,http://farm4.staticflickr.com/3341/3244594800_edc2f740ed_z.jpg,5,0
anger,http://farm4.staticflickr.com/3065/3091073125_ac30155673_z.jpg,3,2
anger,http://farm3.staticflickr.com/2928/14593874040_dd92c7763d_z.jpg,5,0
anger,http://farm9.staticflickr.com/8683/16277982676_207d18feed_z.jpg,5,0
anger,http://farm8.staticflickr.com/7225/13473268874_c84b3ee13d_z.jpg,3,2
anger,http://farm4.staticflickr.com/3380/3553850616_ae66b33e75_z.jpg,5,0
anger,http://farm3.staticflickr.com/2498/3927374502_4b52865896_z.jpg,5,0
anger,http://farm4.staticflickr.com/3690/13373957555_12631c16d0_z.jpg,5,0
anger,http://farm3.staticflickr.com/2912/14559075890_92892061ee_z.jpg,5,0
anger,http://farm1.staticflickr.com/190/446632182_08e6589009_z.jpg,5,0
anger,http://farm7.staticflickr.com/6220/6314586174_96c92c82d2_z.jpg,5,0
anger,http://farm4.staticflickr.com/3074/2833274139_5038e3c93d_z.jpg,5,0
anger,http://farm9.staticflickr.com/8455/7944396646_d842235257_z.jpg,5,0
anger,http://farm5.staticflickr.com/4101/5395320281_b25ae81663_z.jpg,1,4
anger,http://farm5.staticflickr.com/4114/4757604817_1064ec049a_z.jpg,5,0
anger,http://farm6.staticflickr.com/5457/9953882136_a663960848_z.jpg,5,0
anger,http://farm6.staticflickr.com/5088/5255358241_57e69d6bf5_z.jpg,4,1
anger,http://farm9.staticflickr.com/8158/7157840205_9b0282a391_z.jpg,4,1
anger,http://farm3.staticflickr.com/2901/14005248647_af6f8ebe25_z.jpg,5,0
anger,http://farm9.staticflickr.com/8209/8222846275_c9a9333b42_z.jpg,5,0
anger,http://farm8.staticflickr.com/7025/6709660055_8ca17cfc83_z.jpg,3,2
anger,http://farm6.staticflickr.com/5053/5525321995_4cc79669d8_z.jpg,5,0
anger,http://farm6.staticflickr.com/5174/5401323005_2ff1973841_z.jpg,5,0
anger,http://farm2.staticflickr.com/1397/612974220_d04a647ea2_z.jpg,5,0
anger,http://farm9.staticflickr.com/8579/15881247039_a0c83c0b2e_z.jpg,4,1
anger,http://farm8.staticflickr.com/7509/15722290442_96a06dd16d_z.jpg,5,0
anger,http://farm7.staticflickr.com/6190/6137872475_a5c2c97068_z.jpg,5,0
anger,http://farm4.staticflickr.com/3953/15426619450_86268e450b_z.jpg,1,4
anger,http://farm8.staticflickr.com/7034/6467498235_c36ceb2d14_z.jpg,5,0
anger,http://farm8.staticflickr.com/7028/6653875857_6ebc3d74a2_z.jpg,1,4
anger,http://farm6.staticflickr.com/5235/7091478685_79dbbfa480_z.jpg,5,0
anger,http://farm8.staticflickr.com/7088/7211730284_6bf9f042f7_z.jpg,3,2
anger,http://farm6.staticflickr.com/5311/14242101283_c840e8a238_z.jpg,5,0
anger,http://farm9.staticflickr.com/8477/8245922419_0285eb8c4b_z.jpg,5,0
anger,http://farm4.staticflickr.com/3943/15327864289_7e1fa508ce_z.jpg,5,0
anger,http://farm8.staticflickr.com/7027/6783739279_d04f5aef00_z.jpg,3,2
anger,http://farm4.staticflickr.com/3228/5826767088_ee34ccfff8_z.jpg,3,2
anger,http://farm5.staticflickr.com/4109/4986497620_6d2c381df8_z.jpg,5,0
anger,http://farm8.staticflickr.com/7038/6848526405_05639e834e_z.jpg,5,0
anger,http://farm9.staticflickr.com/8185/8139063278_3f413f0f27_z.jpg,4,1
anger,http://farm4.staticflickr.com/3431/4570835688_04683b176c_z.jpg,5,0
anger,http://farm8.staticflickr.com/7342/11841109925_cafdf5a3c7_z.jpg,1,4
anger,http://farm3.staticflickr.com/2595/3769077891_618a230c4a_z.jpg,5,0
anger,http://farm9.staticflickr.com/8310/7895524218_171d3aa334_z.jpg,5,0
anger,http://farm4.staticflickr.com/3535/3457570400_f7d7678625_z.jpg,5,0
anger,http://farm4.staticflickr.com/3955/15472244167_25e98f5b88_z.jpg,4,1
anger,http://farm5.staticflickr.com/4065/4356102317_f68e13a2e7_z.jpg,5,0
anger,http://farm4.staticflickr.com/3866/14154088348_7b7496217b_z.jpg,5,0
anger,http://farm9.staticflickr.com/8225/8448182170_29cc8eeede_z.jpg,5,0
anger,http://farm8.staticflickr.com/7070/7047563729_cb11bc3fc7_z.jpg,5,0
anger,http://farm3.staticflickr.com/2435/3578181070_aba1b80b04_z.jpg,5,0
anger,http://farm8.staticflickr.com/7578/15851146696_ce9175ec5d_z.jpg,3,2
anger,http://farm4.staticflickr.com/3802/9716126396_821b207bb9_z.jpg,5,0
anger,http://farm9.staticflickr.com/8356/8365962494_b92804dc68_z.jpg,5,0
anger,http://farm9.staticflickr.com/8312/7944393102_99644c3422_z.jpg,3,2
anger,http://farm3.staticflickr.com/2896/13942493894_6940a8579f_z.jpg,5,0
anger,http://farm5.staticflickr.com/4047/4204094888_a86d7d19a1_z.jpg,1,4
anger,http://farm9.staticflickr.com/8343/8243346144_f59b64f7af_z.jpg,0,5
anger,http://farm9.staticflickr.com/8225/8384510611_3b4eae28fa_z.jpg,4,1
anger,http://farm7.staticflickr.com/6173/6185398757_f977f386a5_z.jpg,4,1
anger,http://farm9.staticflickr.com/8631/16113394712_07b19644f7_z.jpg,5,0
anger,http://farm9.staticflickr.com/8466/8098846131_75be09e9b0_z.jpg,1,4
anger,http://farm5.staticflickr.com/4110/5094147357_835679e9dc_z.jpg,2,3
anger,http://farm3.staticflickr.com/2208/3530687880_90d9bb8905_z.jpg,5,0
anger,http://farm2.staticflickr.com/1073/1015260464_321996fcb4_z.jpg,4,1
anger,http://farm3.staticflickr.com/2800/4341210873_2602e0081b_z.jpg,5,0
anger,http://farm8.staticflickr.com/7429/14199003544_ca0afb31b8_z.jpg,1,4
anger,http://farm8.staticflickr.com/7157/6779033123_c0eb84454a_z.jpg,5,0
anger,http://farm9.staticflickr.com/8369/8460132222_bb0b828e41_z.jpg,5,0
anger,http://farm4.staticflickr.com/3393/3571806508_df5a10a38a_z.jpg,5,0
anger,http://farm3.staticflickr.com/2923/14221095548_a54e8ceb1d_z.jpg,4,1
anger,http://farm9.staticflickr.com/8096/8451451659_cc61510797_z.jpg,5,0
anger,http://farm4.staticflickr.com/3950/15704080525_5556771f5e_z.jpg,1,4
anger,http://farm8.staticflickr.com/7317/10160850215_08b98c930c_z.jpg,5,0
anger,http://farm4.staticflickr.com/3493/4072885177_055e075f49_z.jpg,5,0
anger,http://farm9.staticflickr.com/8143/7335580390_e54a582bb9_z.jpg,5,0
anger,http://farm2.staticflickr.com/1243/612179519_6756a0f5b6_z.jpg,5,0
anger,http://farm8.staticflickr.com/7335/8994611037_3a3da7dff1_z.jpg,4,1
anger,http://farm7.staticflickr.com/6094/6286058671_c9b34913d8_z.jpg,5,0
anger,http://farm5.staticflickr.com/4040/4678437579_3de29ef438_z.jpg,5,0
anger,http://farm8.staticflickr.com/7168/6802129115_f217b24335_z.jpg,5,0
anger,http://farm2.staticflickr.com/1150/3164384056_dd0bccefcd_z.jpg,5,0
