anger,http://farm9.staticflickr.com/8180/8071789960_73805c4c6c_z.jpg,2,3
anger,http://farm3.staticflickr.com/2035/2491146989_75090eac4d_z.jpg,5,0
anger,http://farm4.staticflickr.com/3309/3526919586_4732a8c824_z.jpg,5,0
anger,http://farm6.staticflickr.com/5510/9779193974_790d7f8bd7_z.jpg,4,1
anger,http://farm8.staticflickr.com/7245/7307032650_b8d90d79bc_z.jpg,4,1
anger,http://farm7.staticflickr.com/6193/6081452967_b4e4d14ec4_z.jpg,5,0
anger,http://farm6.staticflickr.com/5043/5319896418_415693c8e4_z.jpg,5,0
anger,http://farm4.staticflickr.com/3334/3412138370_38e6e6b06d_z.jpg,5,0
anger,http://farm4.staticflickr.com/3945/15632718456_f08d6a715e_z.jpg,5,0
anger,http://farm8.staticflickr.com/7161/6772662901_0f65393f18_z.jpg,4,1
anger,http://farm5.staticflickr.com/4016/4496939540_0f5c6a7d70_z.jpg,5,0
anger,http://farm8.staticflickr.com/7541/16074939201_0e2f94ecc5_z.jpg,5,0
anger,http://farm4.staticflickr.com/3470/3934882249_ff0a00a320_z.jpg,4,1
anger,http://farm6.staticflickr.com/5575/14761273556_28b8570933_z.jpg,5,0
anger,http://farm5.staticflickr.com/4129/5073059719_33de34685b_z.jpg,1,4
anger,http://farm4.staticflickr.com/3859/14760023156_d8c197b254_z.jpg,5,0
anger,http://farm7.staticflickr.com/6016/5989228990_24c0f6c116_z.jpg,5,0
anger,http://farm4.staticflickr.com/3638/3407731623_a9fb7bcc0a_z.jpg,5,0
anger,http://farm7.staticflickr.com/6113/6378171099_b05fde4605_z.jpg,1,4
anger,http://farm4.staticflickr.com/3682/12812071824_6ceca37be6_z.jpg,5,0
anger,http://farm6.staticflickr.com/5446/7181054609_e295673c3e_z.jpg,5,0
anger,http://farm5.staticflickr.com/4133/4986354686_b32ef25b65_z.jpg,5,0
anger,http://farm8.staticflickr.com/7171/6783020775_001eded1d9_z.jpg,5,0
anger,http://farm8.staticflickr.com/7313/9051516284_8d0fdd5dcb_z.jpg,5,0
anger,http://farm8.staticflickr.com/7172/6462227079_7d11deb3b4_z.jpg,3,2
anger,http://farm4.staticflickr.com/3627/3409428749_01c601f1f3_z.jpg,5,0
anger,http://farm7.staticflickr.com/6176/6230648882_4ba965e1bb_z.jpg,2,3
anger,http://farm6.staticflickr.com/5559/14168167538_9ffbddbfca_z.jpg,5,0
anger,http://farm4.staticflickr.com/3167/2899568351_dbed745dd0_z.jpg,5,0
anger,http://farm6.staticflickr.com/5457/8873867905_46c17cd55c_z.jpg,5,0
anger,http://farm8.staticflickr.com/7566/15828956450_066991b9de_z.jpg,3,2
anger,http://farm4.staticflickr.com/3869/14593071057_2dd1cabc23_z.jpg,5,0
anger,http://farm6.staticflickr.com/5176/5424171145_0b9c5e2a61_z.jpg,5,0
anger,http://farm8.staticflickr.com/7395/9971759994_27e22376ec_z.jpg,5,0
anger,http://farm9.staticflickr.com/8344/8165028718_544b291100_z.jpg,5,0
anger,http://farm4.staticflickr.com/3155/2908381488_04f4cfbe46_z.jpg,5,0
anger,http://farm6.staticflickr.com/5613/15623275641_850e092036_z.jpg,5,0
anger,http://farm9.staticflickr.com/8537/8648403232_c4e9217d77_z.jpg,4,1
anger,http://farm3.staticflickr.com/2813/12111801456_b131fa4df6_z.jpg,4,1
anger,http://farm3.staticflickr.com/2865/9936556295_84db9916df_z.jpg,5,0
anger,http://farm8.staticflickr.com/7399/12778672244_791c43a19f_z.jpg,4,1
anger,http://farm4.staticflickr.com/3456/3307118651_de48ae333a_z.jpg,5,0
anger,http://farm6.staticflickr.com/5466/7419719918_61dc2a8547_z.jpg,5,0
anger,http://farm6.staticflickr.com/5047/5315650098_e7d1cf21bc_z.jpg,5,0
anger,http://farm7.staticflickr.com/6127/5980129331_033612f753_z.jpg,3,2
anger,http://farm6.staticflickr.com/5178/5423381821_cb3b9547cf_z.jpg,5,0
anger,http://farm3.staticflickr.com/2549/3793205232_fe8a505779_z.jpg,5,0
anger,http://farm9.staticflickr.com/8080/8448136007_0a81568b04_z.jpg,4,1
anger,http://farm3.staticflickr.com/2867/9521592833_82f021e882_z.jpg,5,0
anger,http://farm6.staticflickr.com/5174/5589042556_63e0d5f9f5_z.jpg,2,3
anger,http://farm3.staticflickr.com/2325/2254830276_e6e1c3d99b_z.jpg,4,1
anger,http://farm6.staticflickr.com/5584/14967803165_2ba74f6270_z.jpg,5,0
anger,http://farm4.staticflickr.com/3839/14620901883_e7b65620b0_z.jpg,1,4
anger,http://farm8.staticflickr.com/7424/9272107794_64578d7822_z.jpg,5,0
anger,http://farm7.staticflickr.com/6021/5932583335_1fd2362c44_z.jpg,5,0
anger,http://farm3.staticflickr.com/2157/3535427399_46bc4b39ac_z.jpg,5,0
anger,http://farm8.staticflickr.com/7359/11305430236_9e21d7bfd8_z.jpg,5,0
anger,http://farm9.staticflickr.com/8108/8478652748_3b3d809255_z.jpg,5,0
anger,http://farm7.staticflickr.com/6139/6013492613_904e26d5d9_z.jpg,5,0
anger,http://farm4.staticflickr.com/3844/14539642460_db421d248d_z.jpg,4,1
anger,http://farm4.staticflickr.com/3625/3357446832_84f3850600_z.jpg,5,0
anger,http://farm4.staticflickr.com/3894/14417572300_54f717262d_z.jpg,5,0
anger,http://farm8.staticflickr.com/7154/6465236049_912257c475_z.jpg,5,0
anger,http://farm7.staticflickr.com/6124/5933147932_2372c9dbc3_z.jpg,5,0
anger,http://farm8.staticflickr.com/7396/13927193845_f790f5dc3d_z.jpg,5,0
anger,http://farm4.staticflickr.com/3669/8980802465_7615ac486b_z.jpg,5,0
anger,http://farm5.staticflickr.com/4031/4298885436_d0ab107a99_z.jpg,5,0
anger,http://farm4.staticflickr.com/3601/3413140739_63ce264998_z.jpg,5,0
anger,http://farm5.staticflickr.com/4008/4356772086_8d9401b2a0_z.jpg,5,0
anger,http://farm2.staticflickr.com/1343/5165598054_8987fea1c8_z.jpg,3,2
anger,http://farm4.staticflickr.com/3547/3544850196_699296b41b_z.jpg,2,3
anger,http://farm4.staticflickr.com/3481/3695181651_4c12226043_z.jpg,5,0
anger,http://farm3.staticflickr.com/2652/5738273418_94853f3f20_z.jpg,4,0
anger,http://farm4.staticflickr.com/3887/15084785972_df26fcdcfa_z.jpg,5,0
anger,http://farm9.staticflickr.com/8164/6977361376_ba7af67347_z.jpg,4,1
anger,http://farm8.staticflickr.com/7461/15468159080_34f1a90e0e_z.jpg,5,0
anger,http://farm8.staticflickr.com/7013/6849539355_433d6ff923_z.jpg,5,0
anger,http://farm4.staticflickr.com/3040/2619486191_7928645903_z.jpg,4,0
anger,http://farm4.staticflickr.com/3056/3066767641_2a9d31f515_z.jpg,4,1
anger,http://farm6.staticflickr.com/5504/10909241013_6370e15341_z.jpg,5,0
anger,http://farm6.staticflickr.com/5247/5362902745_21bb84c4ef_z.jpg,5,0
anger,http://farm7.staticflickr.com/6154/6165795323_e0582defdd_z.jpg,4,1
anger,http://farm4.staticflickr.com/3872/14801823353_108d94137a_z.jpg,4,0
anger,http://farm9.staticflickr.com/8465/8442783688_d5709af01a_z.jpg,5,0
anger,http://farm5.staticflickr.com/4128/4951135958_c40b7f6da0_z.jpg,0,5
anger,http://farm8.staticflickr.com/7477/15581825820_20835745ce_z.jpg,5,0
anger,http://farm4.staticflickr.com/3564/3369298223_48438f78bb_z.jpg,5,0
anger,http://farm7.staticflickr.com/6232/6396815373_86d64da71f_z.jpg,1,4
anger,http://farm8.staticflickr.com/7133/7084354637_ae18ec47a8_z.jpg,5,0
anger,http://farm7.staticflickr.com/6101/6291302685_9c30e37bb8_z.jpg,5,0
anger,http://farm3.staticflickr.com/2783/4325564977_8a82c7fabc_z.jpg,5,0
anger,http://farm8.staticflickr.com/7014/6849372825_ee187a3a66_z.jpg,5,0
anger,http://farm3.staticflickr.com/2900/14309145701_fba30a10a4_z.jpg,5,0
anger,http://farm9.staticflickr.com/8263/8653741600_3d9cba38db_z.jpg,2,3
anger,http://farm6.staticflickr.com/5188/5643621158_ce998c2ee2_z.jpg,1,4
anger,http://farm4.staticflickr.com/3188/2820440207_0bfe4d09c6_z.jpg,5,0
anger,http://farm3.staticflickr.com/2915/14188563541_f94af3fa53_z.jpg,1,4
anger,http://farm8.staticflickr.com/7164/6597360879_6ffee446a6_z.jpg,4,1
anger,http://farm6.staticflickr.com/5090/5363514096_1fc1152b7b_z.jpg,4,0
anger,http://farm3.staticflickr.com/2860/10509372754_b5c3dea4a8_z.jpg,4,1
anger,http://farm9.staticflickr.com/8170/8021642751_8592a854fc_z.jpg,5,0
anger,http://farm6.staticflickr.com/5051/5424045255_8bda06362b_z.jpg,5,0
anger,http://farm7.staticflickr.com/6161/6135714594_60c6bbebef_z.jpg,4,1
anger,http://farm9.staticflickr.com/8332/8139096167_9c61e8cd7e_z.jpg,4,0
anger,http://farm4.staticflickr.com/3791/9940836903_db2f83ea1b_z.jpg,5,0
anger,http://farm4.staticflickr.com/3874/15003327661_397a5bafe0_z.jpg,1,4
anger,http://farm9.staticflickr.com/8434/7846655814_1bb2b70251_z.jpg,5,0
anger,http://farm5.staticflickr.com/4002/4686256349_326fbb1f2b_z.jpg,5,0
anger,http://farm5.staticflickr.com/4051/4265996019_0453d49ea5_z.jpg,5,0
anger,http://farm3.staticflickr.com/2805/12162442685_850208e8c3_z.jpg,4,1
anger,http://farm8.staticflickr.com/7136/7508565746_ebbefbf919_z.jpg,5,0
anger,http://farm8.staticflickr.com/7019/6557308455_913930940a_z.jpg,3,2
anger,http://farm3.staticflickr.com/2751/4515599675_15830757b0_z.jpg,1,4
anger,http://farm9.staticflickr.com/8247/8588223041_c19d0c4985_z.jpg,5,0
anger,http://farm4.staticflickr.com/3865/14552067335_705126ce60_z.jpg,5,0
anger,http://farm3.staticflickr.com/2862/11670069315_74171be9c8_z.jpg,5,0
anger,http://farm6.staticflickr.com/5561/14902828713_107594c627_z.jpg,5,0
anger,http://farm5.staticflickr.com/4074/4866110740_4d0a40824d_z.jpg,5,0
anger,http://farm4.staticflickr.com/3035/2793831012_013e52b5dd_z.jpg,5,0
anger,http://farm9.staticflickr.com/8095/8541357861_2422e7c389_z.jpg,5,0
anger,http://farm3.staticflickr.com/2400/1560417390_dda003af65_z.jpg,4,1
anger,http://farm7.staticflickr.com/6127/6191619464_960c064d4e_z.jpg,5,0
anger,http://farm4.staticflickr.com/3542/3375053927_86ffc66f89_z.jpg,5,0
anger,http://farm8.staticflickr.com/7200/6959338193_66f1cffc36_z.jpg,5,0
anger,http://farm8.staticflickr.com/7462/16017810411_16465b408a_z.jpg,3,2
anger,http://farm9.staticflickr.com/8606/15990386516_ffacf9e69f_z.jpg,5,0
anger,http://farm6.staticflickr.com/5074/14362929095_c2fb2b2e6d_z.jpg,5,0
anger,http://farm4.staticflickr.com/3467/3919461206_878c757f2b_z.jpg,4,1
anger,http://farm6.staticflickr.com/5211/5529529018_0b569584e8_z.jpg,5,0
anger,http://farm7.staticflickr.com/6216/6219731110_cba2008f7b_z.jpg,5,0
anger,http://farm5.staticflickr.com/4045/4624578722_7f44d1bb11_z.jpg,5,0
anger,http://farm3.staticflickr.com/2498/5705927559_c0e88e2947_z.jpg,5,0
anger,http://farm8.staticflickr.com/7221/7361851112_989dc8e81a_z.jpg,5,0
anger,http://farm3.staticflickr.com/2670/4098666816_c1668d0c88_z.jpg,5,0
anger,http://farm3.staticflickr.com/2784/4477474390_9fe8d05653_z.jpg,5,0
anger,http://farm9.staticflickr.com/8109/8626078915_877e8d9594_z.jpg,5,0
anger,http://farm5.staticflickr.com/4010/4435315696_82ef71ed6f_z.jpg,4,1
anger,http://farm5.staticflickr.com/4024/4475019912_aaaffbf354_z.jpg,4,0
anger,http://farm8.staticflickr.com/7117/13218319753_b370137c47_z.jpg,5,0
anger,http://farm8.staticflickr.com/7579/16042422546_52ceafab3c_z.jpg,4,1
anger,http://farm9.staticflickr.com/8391/8616281668_e3b9787d64_z.jpg,5,0
anger,http://farm3.staticflickr.com/2592/4104717215_96d3e757df_z.jpg,5,0
anger,http://farm9.staticflickr.com/8225/8468290156_e082614343_z.jpg,4,0
anger,http://farm3.staticflickr.com/2314/5704199175_6161445423_z.jpg,4,1
anger,http://farm8.staticflickr.com/7439/8935523691_43ef99639e_z.jpg,5,0
anger,http://farm8.staticflickr.com/7371/9391202426_ceb2d0bab8_z.jpg,1,4
anger,http://farm4.staticflickr.com/3579/3366694223_4deea01231_z.jpg,5,0
anger,http://farm9.staticflickr.com/8241/8587806378_11b9009ee0_z.jpg,5,0
anger,http://farm8.staticflickr.com/7411/10562270884_832f4d83d8_z.jpg,4,1
anger,http://farm3.staticflickr.com/2903/14221570605_a7d7998b53_z.jpg,5,0
anger,http://farm4.staticflickr.com/3055/5732808679_8a6df89aa1_z.jpg,5,0
anger,http://farm4.staticflickr.com/3238/2821587716_cd823e20a7_z.jpg,5,0
anger,http://farm7.staticflickr.com/6114/6382778677_bd8a4d8cfa_z.jpg,3,1
anger,http://farm8.staticflickr.com/7459/11873520426_aaf3d05ca3_z.jpg,5,0
anger,http://farm8.staticflickr.com/7509/15904168642_2c5eda86fa_z.jpg,3,2
anger,http://farm1.staticflickr.com/210/494759407_66a7bed4a6_z.jpg,5,0
anger,http://farm3.staticflickr.com/2605/3902945602_d5b8bf3194_z.jpg,0,5
anger,http://farm4.staticflickr.com/3605/3452181361_3c1f34474a_z.jpg,4,1
anger,http://farm2.staticflickr.com/1394/968771576_227edef539_z.jpg,5,0
anger,http://farm4.staticflickr.com/3518/3279033946_aeab5a6006_z.jpg,5,0
anger,http://farm3.staticflickr.com/2289/2443874928_83c1f47aa5_z.jpg,5,0
anger,http://farm6.staticflickr.com/5020/5423353905_eb888a3a75_z.jpg,5,0
anger,http://farm8.staticflickr.com/7211/6901465744_60b515bbe3_z.jpg,5,0
anger,http://farm6.staticflickr.com/5051/5512733816_a86c8c2528_z.jpg,5,0
anger,http://farm6.staticflickr.com/5222/5611487119_ef09c9acc5_z.jpg,5,0
anger,http://farm8.staticflickr.com/7271/7636906714_219564074c_z.jpg,4,1
anger,http://farm8.staticflickr.com/7398/9374963424_49615f408e_z.jpg,5,0
anger,http://farm8.staticflickr.com/7448/12834893993_b13f8d66b9_z.jpg,5,0
anger,http://farm2.staticflickr.com/1264/1322882612_46570e6c33_z.jpg,3,2
anger,http://farm5.staticflickr.com/4038/4703919820_b8581d0a50_z.jpg,4,1
anger,http://farm9.staticflickr.com/8228/8425540561_9a75607015_z.jpg,4,1
anger,http://farm7.staticflickr.com/6016/5925935631_891a306c79_z.jpg,5,0
anger,http://farm6.staticflickr.com/5262/5612696835_aeac0b6bfd_z.jpg,5,0
anger,http://farm6.staticflickr.com/5006/5270196258_0dfed31fde_z.jpg,5,0
anger,http://farm5.staticflickr.com/4028/4585649847_b7c91e084a_z.jpg,4,0
anger,http://farm9.staticflickr.com/8336/8443768026_6c84cd3c3c_z.jpg,2,3
anger,http://farm7.staticflickr.com/6218/7028802203_5cb51a5fe1_z.jpg,5,0
anger,http://farm4.staticflickr.com/3720/12599339334_36db04641d_z.jpg,5,0
anger,http://farm8.staticflickr.com/7146/6438083183_3ed043bfe5_z.jpg,5,0
anger,http://farm4.staticflickr.com/3887/14974227521_833e072c02_z.jpg,5,0
anger,http://farm5.staticflickr.com/4058/4711760386_00d15f82eb_z.jpg,3,2
anger,http://farm8.staticflickr.com/7027/6730624573_9cc2152d2d_z.jpg,4,0
anger,http://farm6.staticflickr.com/5082/5336394245_8139e504c1_z.jpg,4,0
anger,http://farm3.staticflickr.com/2429/4059161216_7550ee432f_z.jpg,5,0
anger,http://farm5.staticflickr.com/4074/4758225604_4d5c636398_z.jpg,5,0
anger,http://farm8.staticflickr.com/7073/6944265386_38320947cb_z.jpg,4,1
anger,http://farm9.staticflickr.com/8197/8237138699_fac15c4b8c_z.jpg,5,0
anger,http://farm1.staticflickr.com/175/456638472_db5aa8cb85_z.jpg,1,4
anger,http://farm4.staticflickr.com/3740/13688655184_b9477d7d27_z.jpg,5,0
anger,http://farm8.staticflickr.com/7388/12476806665_33d022fd40_z.jpg,5,0
anger,http://farm4.staticflickr.com/3818/9049272233_f1135aa4c1_z.jpg,2,3
anger,http://farm8.staticflickr.com/7007/6815312261_fcdb390ce0_z.jpg,5,0
anger,http://farm6.staticflickr.com/5483/14639924641_a2ced19d72_z.jpg,5,0
anger,http://farm6.staticflickr.com/5255/5495952785_e624a0bd66_z.jpg,5,0
anger,http://farm5.staticflickr.com/4029/4507050491_c55a609b8f_z.jpg,5,0
anger,http://farm7.staticflickr.com/6128/6004030992_606a1a26c7_z.jpg,5,0
anger,http://farm3.staticflickr.com/2840/12788879323_169203f033_z.jpg,3,2
anger,http://farm4.staticflickr.com/3081/2516791127_e096226038_z.jpg,4,1
anger,http://farm5.staticflickr.com/4084/4982232938_d2b75c5c1d_z.jpg,5,0
anger,http://farm9.staticflickr.com/8031/8035099131_4e067f7386_z.jpg,4,1
anger,http://farm4.staticflickr.com/3630/3686147303_d06ac41034_z.jpg,4,0
anger,http://farm9.staticflickr.com/8002/7228266654_433a52fdc1_z.jpg,5,0
anger,http://farm3.staticflickr.com/2933/14281993141_5e31659588_z.jpg,5,0
anger,http://farm8.staticflickr.com/7150/6679202881_f3d49f3976_z.jpg,5,0
anger,http://farm2.staticflickr.com/1001/526583356_28bc87ca01_z.jpg,5,0
anger,http://farm3.staticflickr.com/2121/2260088781_5f6447d3c4_z.jpg,4,1
anger,http://farm6.staticflickr.com/5077/5875377186_7e71b7d611_z.jpg,5,0
anger,http://farm8.staticflickr.com/7067/6926119267_7d836d6d45_z.jpg,5,0
anger,http://farm4.staticflickr.com/3729/12860412753_9ca35d9deb_z.jpg,5,0
anger,http://farm5.staticflickr.com/4123/4791215948_e4bc94aa2e_z.jpg,5,0
anger,http://farm4.staticflickr.com/3111/3212010023_68cc61ded2_z.jpg,3,2
anger,http://farm3.staticflickr.com/2768/4028829258_3024837bea_z.jpg,5,0
anger,http://farm8.staticflickr.com/7317/10563140986_6a4ae3783d_z.jpg,5,0
anger,http://farm8.staticflickr.com/7468/15829021570_6435e32b58_z.jpg,5,0
anger,http://farm5.staticflickr.com/4138/4890644626_61aa79111d_z.jpg,5,0
anger,http://farm9.staticflickr.com/8474/8140953587_cd383379d5_z.jpg,4,1
anger,http://farm6.staticflickr.com/5597/15013889604_9c1d732d34_z.jpg,5,0
anger,http://farm8.staticflickr.com/7195/6827884282_87e59c7420_z.jpg,5,0
anger,http://farm4.staticflickr.com/3315/3328415311_aa03dd5ae3_z.jpg,5,0
anger,http://farm3.staticflickr.com/2529/3919396018_b0d1b53893_z.jpg,5,0
anger,http://farm4.staticflickr.com/3323/5790969699_a947a05a22_z.jpg,5,0
anger,http://farm9.staticflickr.com/8282/7601174316_e2426079e2_z.jpg,4,1
anger,http://farm3.staticflickr.com/2908/14578300270_8ae265ecc8_z.jpg,3,2
anger,http://farm5.staticflickr.com/4083/5213584639_c9dff42fe4_z.jpg,1,4
anger,http://farm7.staticflickr.com/6028/5885342022_9b819777a4_z.jpg,1,4
anger,http://farm6.staticflickr.com/5310/5586388925_ab9a798a9f_z.jpg,5,0
anger,http://farm6.staticflickr.com/5127/5248952871_d05944f228_z.jpg,4,1
anger,http://farm7.staticflickr.com/6200/6135729920_4f43e1246e_z.jpg,5,0
anger,http://farm3.staticflickr.com/2610/4058424199_a34591647f_z.jpg,4,1
anger,http://farm6.staticflickr.com/5538/11816928224_8a520d8afa_z.jpg,5,0
anger,http://farm4.staticflickr.com/3228/2428526441_b979302e2a_z.jpg,1,4
anger,http://farm7.staticflickr.com/6083/6104210593_a8ef14129e_z.jpg,1,3
anger,http://farm9.staticflickr.com/8085/8460120616_c0e52becd1_z.jpg,5,0
anger,http://farm8.staticflickr.com/7001/6627818103_06b4c3a0b7_z.jpg,2,3
anger,http://farm5.staticflickr.com/4116/4851299184_d3d46f31b9_z.jpg,5,0
anger,http://farm4.staticflickr.com/3726/10775275276_def6d5bfcb_z.jpg,5,0
anger,http://farm4.staticflickr.com/3122/3146629941_809d8f9d13_z.jpg,4,1
anger,http://farm5.staticflickr.com/4130/5038718621_0797bc097f_z.jpg,4,1
anger,http://farm3.staticflickr.com/2028/2344833555_5aaae16a08_z.jpg,2,3
anger,http://farm1.staticflickr.com/216/486852726_b9379ea696_z.jpg,4,0
anger,http://farm6.staticflickr.com/5149/5884700719_9d4b72868f_z.jpg,5,0
anger,http://farm2.staticflickr.com/1375/5165558449_69b61024b4_z.jpg,5,0
anger,http://farm9.staticflickr.com/8322/7999291798_70363a180b_z.jpg,5,0
anger,http://farm8.staticflickr.com/7051/6823723772_00cc4f1e0c_z.jpg,5,0
anger,http://farm3.staticflickr.com/2945/15332917257_1505105dc5_z.jpg,4,1
anger,http://farm4.staticflickr.com/3705/10888485454_31d480de67_z.jpg,4,1
anger,http://farm8.staticflickr.com/7288/9739906881_b9d78c705d_z.jpg,4,1
anger,http://farm9.staticflickr.com/8631/16069988896_496257d3f1_z.jpg,5,0
anger,http://farm8.staticflickr.com/7061/6964064005_1524331f7c_z.jpg,5,0
anger,http://farm4.staticflickr.com/3511/5695342156_7d3d74f655_z.jpg,4,1
anger,http://farm4.staticflickr.com/3855/14898305100_c5958262a2_z.jpg,5,0
anger,http://farm5.staticflickr.com/4013/4478738807_2160598828_z.jpg,5,0
anger,http://farm3.staticflickr.com/2745/4322044142_647fdf6a75_z.jpg,5,0
anger,http://farm4.staticflickr.com/3594/3405097596_bd8ca1179e_z.jpg,5,0
anger,http://farm6.staticflickr.com/5037/14670007144_a6033c59e6_z.jpg,4,1
anger,http://farm9.staticflickr.com/8198/8180446695_ff965e78e9_z.jpg,3,2
anger,http://farm4.staticflickr.com/3452/3274321689_978489ac7f_z.jpg,5,0
anger,http://farm7.staticflickr.com/6066/6124981830_11933e3086_z.jpg,5,0
anger,http://farm7.staticflickr.com/6102/6241121673_82deaeb66a_z.jpg,4,1
anger,http://farm4.staticflickr.com/3855/14570414098_ab9c380dcb_z.jpg,5,0
anger,http://farm6.staticflickr.com/5297/5534640791_738ca20678_z.jpg,5,0
anger,http://farm9.staticflickr.com/8314/7987682617_661869fd11_z.jpg,1,4
anger,http://farm6.staticflickr.com/5518/9288515101_c15da543f7_z.jpg,5,0
anger,http://farm8.staticflickr.com/7109/7791431744_6c34f056b0_z.jpg,5,0
anger,http://farm3.staticflickr.com/2874/9166626428_b8c27046ce_z.jpg,4,1
anger,http://farm4.staticflickr.com/3423/3955582169_8778b14e02_z.jpg,5,0
anger,http://farm5.staticflickr.com/4014/4579424522_33cd5f6fea_z.jpg,5,0
anger,http://farm9.staticflickr.com/8241/8460125136_30d71bfe9d_z.jpg,5,0
anger,http://farm3.staticflickr.com/2942/15360909701_a20b0e75cb_z.jpg,5,0
anger,http://farm9.staticflickr.com/8309/7944363346_31cb962ba2_z.jpg,5,0
anger,http://farm4.staticflickr.com/3183/3012476468_8922b86e83_z.jpg,2,3
anger,http://farm4.staticflickr.com/3783/11805433145_8f2b88caf6_z.jpg,5,0
anger,http://farm5.staticflickr.com/4089/5001104532_f6f64ca314_z.jpg,4,1
anger,http://farm4.staticflickr.com/3018/2961007346_0de3d1bf98_z.jpg,5,0
anger,http://farm8.staticflickr.com/7419/14153782214_e417f88a82_z.jpg,2,3
anger,http://farm9.staticflickr.com/8106/8525091487_af0a67c24a_z.jpg,5,0
anger,http://farm3.staticflickr.com/2924/14573442767_dfb7d8353d_z.jpg,5,0
anger,http://farm8.staticflickr.com/7110/7493032184_233160608b_z.jpg,5,0
anger,http://farm6.staticflickr.com/5178/5390377133_df57a1263d_z.jpg,3,2
anger,http://farm6.staticflickr.com/5067/5582412838_76451e237c_z.jpg,5,0
anger,http://farm4.staticflickr.com/3543/3369013305_e57552a9c7_z.jpg,5,0
anger,http://farm4.staticflickr.com/3886/14417763380_2fe162dea8_z.jpg,5,0
anger,http://farm8.staticflickr.com/7453/13943707028_353e615d31_z.jpg,4,0
anger,http://farm7.staticflickr.com/6050/6372133489_e515f05dc5_z.jpg,5,0
anger,http://farm9.staticflickr.com/8012/7581051214_76d889665d_z.jpg,5,0
anger,http://farm7.staticflickr.com/6117/6291371040_f57e4cc405_z.jpg,4,1
anger,http://farm7.staticflickr.com/6004/5961232106_0fb26f0ea0_z.jpg,5,0
anger,http://farm8.staticflickr.com/7414/10604916343_207bcf8600_z.jpg,5,0
anger,http://farm4.staticflickr.com/3746/8839214502_93e0cabd8d_z.jpg,5,0
anger,http://farm8.staticflickr.com/7395/9619189496_2ca9217b67_z.jpg,5,0
anger,http://farm3.staticflickr.com/2580/4061060956_008a4dd786_z.jpg,5,0
anger,http://farm3.staticflickr.com/2685/4310561629_917e4ac95a_z.jpg,5,0
anger,http://farm3.staticflickr.com/2781/4059236286_e6193b8344_z.jpg,2,3
anger,http://farm4.staticflickr.com/3774/14126894808_39ff19fddd_z.jpg,5,0
anger,http://farm8.staticflickr.com/7340/9312354501_c8b84f23b1_z.jpg,4,1
anger,http://farm8.staticflickr.com/7294/9475406630_a1c4a265d3_z.jpg,4,0
anger,http://farm3.staticflickr.com/2855/11966178896_877bc239af_z.jpg,5,0
anger,http://farm8.staticflickr.com/7144/6771178849_8f0b0b1d73_z.jpg,3,2
anger,http://farm3.staticflickr.com/2918/14592387457_b01de4d912_z.jpg,5,0
anger,http://farm4.staticflickr.com/3609/3338257619_14127b4efe_z.jpg,4,1
anger,http://farm9.staticflickr.com/8533/8683655173_8f0d622561_z.jpg,5,0
anger,http://farm3.staticflickr.com/2268/2235033904_545018280c_z.jpg,5,0
anger,http://farm6.staticflickr.com/5250/5298922108_d953a62d16_z.jpg,4,0
anger,http://farm3.staticflickr.com/2426/4064602884_e0cb6ed92a_z.jpg,5,0
anger,http://farm4.staticflickr.com/3282/3080885908_fa3df5832d_z.jpg,5,0
anger,http://farm4.staticflickr.com/3472/5774386377_fa827cc90c_z.jpg,5,0
anger,http://farm6.staticflickr.com/5296/5527351398_29772e9896_z.jpg,5,0
anger,http://farm5.staticflickr.com/4145/4980623545_5d65c10952_z.jpg,4,1
anger,http://farm2.staticflickr.com/1038/635722614_353b7bdbf9_z.jpg,4,1
anger,http://farm9.staticflickr.com/8098/8549450833_4301157bf7_z.jpg,3,2
anger,http://farm3.staticflickr.com/2473/4075708129_05018c1252_z.jpg,5,0
anger,http://farm5.staticflickr.com/4051/4552363927_7d14fd5b4f_z.jpg,4,1
anger,http://farm4.staticflickr.com/3147/3103162505_ee7d5ac8b9_z.jpg,5,0
anger,http://farm3.staticflickr.com/2477/3592583694_4e6cd7b0b9_z.jpg,5,0
anger,http://farm3.staticflickr.com/2596/3926579687_7263f142d9_z.jpg,5,0
anger,http://farm4.staticflickr.com/3787/11238901275_eb0106da26_z.jpg,2,3
anger,http://farm9.staticflickr.com/8519/8684397921_4703d991f3_z.jpg,4,0
anger,http://farm3.staticflickr.com/2829/8877408417_efb59c227f_z.jpg,4,1
anger,http://farm4.staticflickr.com/3243/2538408917_3b924ed303_z.jpg,5,0
anger,http://farm3.staticflickr.com/2806/10093315553_53291c740b_z.jpg,5,0
anger,http://farm7.staticflickr.com/6203/6089548996_53f4f53d3e_z.jpg,5,0
anger,http://farm6.staticflickr.com/5264/5666649795_bcda77f764_z.jpg,4,1
anger,http://farm8.staticflickr.com/7026/6468685051_c930de4ac8_z.jpg,5,0
anger,http://farm9.staticflickr.com/8485/8282833023_8ab35e1b13_z.jpg,5,0
anger,http://farm5.staticflickr.com/4041/4339068146_2142245575_z.jpg,5,0
anger,http://farm8.staticflickr.com/7034/6498189061_0dd4fa4f2c_z.jpg,4,1
anger,http://farm6.staticflickr.com/5212/5532063406_6b892cac6f_z.jpg,5,0
anger,http://farm9.staticflickr.com/8144/7177803867_12fe3a0703_z.jpg,5,0
anger,http://farm9.staticflickr.com/8514/8588221497_6bfbdd734c_z.jpg,5,0
anger,http://farm6.staticflickr.com/5556/14596775540_7540482361_z.jpg,5,0
anger,http://farm8.staticflickr.com/7143/6737363523_8d4994da2c_z.jpg,3,2
anger,http://farm8.staticflickr.com/7015/6681053903_5b9d3a39b2_z.jpg,5,0
anger,http://farm3.staticflickr.com/2856/9419494396_e201b3b6b3_z.jpg,2,3
anger,http://farm8.staticflickr.com/7464/15178304054_109a083349_z.jpg,4,1
anger,http://farm4.staticflickr.com/3087/2508009081_37dd022e53_z.jpg,4,1
anger,http://farm3.staticflickr.com/2339/1800552826_c6bf72f7fb_z.jpg,1,4
anger,http://farm5.staticflickr.com/4098/4864995641_d8505b721c_z.jpg,5,0
anger,http://farm4.staticflickr.com/3939/15430559890_f04e846cc3_z.jpg,4,1
anger,http://farm9.staticflickr.com/8249/8588824930_7ab887b3f8_z.jpg,4,1
anger,http://farm9.staticflickr.com/8627/15731287150_d2bce5e03f_z.jpg,5,0
anger,http://farm8.staticflickr.com/7211/13711006843_94f9754b7e_z.jpg,5,0
anger,http://farm6.staticflickr.com/5508/12599242154_775572a214_z.jpg,5,0
anger,http://farm4.staticflickr.com/3664/3306661342_a06ecfc1da_z.jpg,5,0
anger,http://farm3.staticflickr.com/2793/4020411768_8bbc7af0a8_z.jpg,4,1
anger,http://farm6.staticflickr.com/5005/5373838622_23b68ea7c2_z.jpg,1,4
anger,http://farm9.staticflickr.com/8081/8306856322_14d5d51d32_z.jpg,3,2
anger,http://farm2.staticflickr.com/1204/5110275958_455362879f_z.jpg,4,1
anger,http://farm1.staticflickr.com/151/359257544_68765beb0d_z.jpg,5,0
anger,http://farm8.staticflickr.com/7256/7535605866_4a3ed65681_z.jpg,5,0
anger,http://farm9.staticflickr.com/8179/8053276432_671a92c43b_z.jpg,4,1
anger,http://farm4.staticflickr.com/3081/2697459110_29b787e54b_z.jpg,3,2
anger,http://farm6.staticflickr.com/5204/5256783485_5d82cf2f66_z.jpg,5,0
anger,http://farm5.staticflickr.com/4046/4546416076_fa55a15074_z.jpg,0,5
anger,http://farm7.staticflickr.com/6150/5961187508_54c2586ccd_z.jpg,5,0
anger,http://farm8.staticflickr.com/7025/6396677887_2834743597_z.jpg,2,3
anger,http://farm5.staticflickr.com/4064/4626597358_459bf3ceda_z.jpg,5,0
anger,http://farm9.staticflickr.com/8537/8672561570_35a865a454_z.jpg,5,0
anger,http://farm4.staticflickr.com/3011/2539206760_7f42ce5cee_z.jpg,5,0
anger,http://farm4.staticflickr.com/3301/3579466838_3327d3bbc9_z.jpg,4,1
anger,http://farm2.staticflickr.com/1364/559411616_123eb1d43e_z.jpg,4,1
anger,http://farm9.staticflickr.com/8045/8135816627_7334eb2759_z.jpg,2,2
anger,http://farm9.staticflickr.com/8012/7272264256_6309d1866d_z.jpg,5,0
anger,http://farm5.staticflickr.com/4031/4452136495_468d1e4dbc_z.jpg,5,0
anger,http://farm4.staticflickr.com/3044/2760012202_8b2a692a5f_z.jpg,4,1
anger,http://farm1.staticflickr.com/197/464919844_b6b6a17e7b_z.jpg,5,0
anger,http://farm6.staticflickr.com/5046/5380964834_7c986bbf3b_z.jpg,5,0
anger,http://farm4.staticflickr.com/3897/14188206477_22cfe7c8d0_z.jpg,4,1
anger,http://farm4.staticflickr.com/3765/13482187954_75e7a36dfd_z.jpg,4,1
anger,http://farm8.staticflickr.com/7345/14001569140_e1089c63c4_z.jpg,1,4
anger,http://farm4.staticflickr.com/3954/15739106141_da63572d6c_z.jpg,5,0
anger,http://farm9.staticflickr.com/8155/7179850919_cc008383a5_z.jpg,4,0
anger,http://farm9.staticflickr.com/8631/15895466137_82ced96b7c_z.jpg,5,0
anger,http://farm7.staticflickr.com/6179/6204531946_b370113a5c_z.jpg,5,0
anger,http://farm8.staticflickr.com/7105/7223701796_5497ecb32c_z.jpg,5,0
anger,http://farm1.staticflickr.com/188/4552967712_5d75f0b594_z.jpg,5,0
anger,http://farm4.staticflickr.com/3072/5714876768_d467b40367_z.jpg,1,4
anger,http://farm4.staticflickr.com/3218/2726507108_a9728b4c84_z.jpg,5,0
anger,http://farm3.staticflickr.com/2927/14328048390_c5e6c830b8_z.jpg,3,2
anger,http://farm4.staticflickr.com/3085/3135419638_2736144074_z.jpg,4,1
anger,http://farm5.staticflickr.com/4005/4351187583_231c604711_z.jpg,4,0
anger,http://farm7.staticflickr.com/6159/6235105464_8c273e88ae_z.jpg,5,0
anger,http://farm3.staticflickr.com/2884/10779239353_2448ff4387_z.jpg,5,0
anger,http://farm9.staticflickr.com/8492/8315733125_21205fce59_z.jpg,5,0
anger,http://farm4.staticflickr.com/3101/3134585187_42d73de931_z.jpg,5,0
anger,http://farm6.staticflickr.com/5092/5563672885_b40ae399cf_z.jpg,4,1
anger,http://farm9.staticflickr.com/8489/8231423649_18d157af5e_z.jpg,5,0
anger,http://farm3.staticflickr.com/2484/3822880962_c1d9ca6e23_z.jpg,4,1
anger,http://farm4.staticflickr.com/3622/3339197502_a57cfd8515_z.jpg,5,0
anger,http://farm6.staticflickr.com/5523/11633807996_6232d99764_z.jpg,2,3
anger,http://farm3.staticflickr.com/2472/3972505488_d4be2e56d1_z.jpg,5,0
anger,http://farm8.staticflickr.com/7215/7096544129_8168692a7b_z.jpg,5,0
anger,http://farm4.staticflickr.com/3192/2718070389_97aa0af78b_z.jpg,5,0
anger,http://farm7.staticflickr.com/6009/5904639004_a967872e37_z.jpg,5,0
anger,http://farm4.staticflickr.com/3524/3782045999_858b4d870b_z.jpg,5,0
anger,http://farm4.staticflickr.com/3040/2561627057_2259c9f67b_z.jpg,5,0
anger,http://farm9.staticflickr.com/8604/15919397668_457a00fd89_z.jpg,4,1
anger,http://farm8.staticflickr.com/7500/15528616310_59f18aab4e_z.jpg,4,1
anger,http://farm8.staticflickr.com/7185/7087902793_c0c3b2f6b8_z.jpg,4,0
anger,http://farm3.staticflickr.com/2424/3718716659_3a19650482_z.jpg,5,0
anger,http://farm4.staticflickr.com/3700/13425488244_f36f378060_z.jpg,5,0
anger,http://farm3.staticflickr.com/2882/10908128356_afc826e653_z.jpg,2,3
anger,http://farm9.staticflickr.com/8571/15706235697_184c7e8bac_z.jpg,2,2
anger,http://farm7.staticflickr.com/6108/6249032194_e1df56edc9_z.jpg,4,1
anger,http://farm5.staticflickr.com/4088/5202290733_c526700718_z.jpg,5,0
anger,http://farm4.staticflickr.com/3853/14417824418_2104a18cee_z.jpg,5,0
anger,http://farm3.staticflickr.com/2909/13987686526_ce948e6371_z.jpg,5,0
anger,http://farm4.staticflickr.com/3864/14189848197_62e45a41b4_z.jpg,5,0
anger,http://farm3.staticflickr.com/2444/5726361082_cb0f3600c4_z.jpg,5,0
anger,http://farm7.staticflickr.com/6127/6038729709_1104b21a95_z.jpg,4,0
anger,http://farm6.staticflickr.com/5507/12066671913_af977461d8_z.jpg,5,0
anger,http://farm9.staticflickr.com/8511/8593769655_420af5e130_z.jpg,4,1
anger,http://farm4.staticflickr.com/3697/13599427474_6154789069_z.jpg,0,5
anger,http://farm8.staticflickr.com/7413/14194056985_56f0ca6ab1_z.jpg,5,0
anger,http://farm4.staticflickr.com/3224/3148942816_a0be39b99a_z.jpg,4,1
anger,http://farm6.staticflickr.com/5299/5510505990_2532603d86_z.jpg,3,2
anger,http://farm6.staticflickr.com/5089/5245604908_5ddecee9ba_z.jpg,4,1
anger,http://farm4.staticflickr.com/3785/11011671944_a13fdbfbbd_z.jpg,5,0
anger,http://farm8.staticflickr.com/7216/7047564967_da51cff3fc_z.jpg,5,0
anger,http://farm5.staticflickr.com/4028/4479738812_e7f039d914_z.jpg,5,0
anger,http://farm4.staticflickr.com/3633/3446887396_0f448745ca_z.jpg,2,3
anger,http://farm3.staticflickr.com/2395/1556058117_572908cb37_z.jpg,5,0
anger,http://farm4.staticflickr.com/3940/15639968822_20371e945f_z.jpg,5,0
anger,http://farm4.staticflickr.com/3501/3922748855_2e40558051_z.jpg,5,0
anger,http://farm4.staticflickr.com/3668/13904083322_30579d6684_z.jpg,5,0
anger,http://farm6.staticflickr.com/5298/5424447632_8f781e4b0e_z.jpg,4,1
anger,http://farm9.staticflickr.com/8317/7976737464_83ceeeed48_z.jpg,3,2
anger,http://farm4.staticflickr.com/3908/14747479436_92d92c1a72_z.jpg,5,0
anger,http://farm7.staticflickr.com/6083/6088888104_5ba4678b3e_z.jpg,3,2
anger,http://farm4.staticflickr.com/3518/3753130282_4f9cc84e7b_z.jpg,5,0
anger,http://farm4.staticflickr.com/3521/3793143354_b512f8bdbf_z.jpg,5,0
anger,http://farm4.staticflickr.com/3788/9077274684_1f466c791f_z.jpg,4,1
anger,http://farm9.staticflickr.com/8341/8154672068_c3fb0d812e_z.jpg,5,0
anger,http://farm7.staticflickr.com/6056/6336478516_07926cdd44_z.jpg,4,1
anger,http://farm6.staticflickr.com/5565/14803633153_4c4b594325_z.jpg,5,0
anger,http://farm5.staticflickr.com/4030/4356825188_28021c9d71_z.jpg,5,0
anger,http://farm9.staticflickr.com/8175/8023803560_f7be6a9921_z.jpg,5,0
anger,http://farm8.staticflickr.com/7075/7205244880_55e196b414_z.jpg,5,0
anger,http://farm7.staticflickr.com/6036/6245117328_1c403c5199_z.jpg,5,0
anger,http://farm9.staticflickr.com/8198/8204520957_bb7e1e887d_z.jpg,5,0
anger,http://farm8.staticflickr.com/7503/15038696593_4a0999bbe2_z.jpg,4,1
anger,http://farm8.staticflickr.com/7427/9738988733_c028c6df0e_z.jpg,5,0
anger,http://farm8.staticflickr.com/7309/10908185764_1130d85a2a_z.jpg,5,0
anger,http://farm6.staticflickr.com/5206/5244975890_e544e1b20a_z.jpg,5,0
anger,http://farm8.staticflickr.com/7173/6771861703_c72390efe4_z.jpg,5,0
anger,http://farm4.staticflickr.com/3434/4570835684_cd72810c53_z.jpg,5,0
anger,http://farm9.staticflickr.com/8457/8021091406_8b032c663a_z.jpg,5,0
anger,http://farm9.staticflickr.com/8045/8107758409_83323bc934_z.jpg,5,0
anger,http://farm8.staticflickr.com/7209/6964067573_e13de12e87_z.jpg,5,0
anger,http://farm9.staticflickr.com/8516/8455661682_535b2721f3_z.jpg,5,0
anger,http://farm7.staticflickr.com/6045/5907206484_3437794256_z.jpg,5,0
anger,http://farm8.staticflickr.com/7045/6926291571_9a34b01e74_z.jpg,5,0
anger,http://farm7.staticflickr.com/6161/6162140242_b0f5ded126_z.jpg,4,1
anger,http://farm2.staticflickr.com/1243/1411576124_c1ec11b11c_z.jpg,5,0
anger,http://farm5.staticflickr.com/4141/4783966932_40144f9f6a_z.jpg,4,1
anger,http://farm6.staticflickr.com/5174/5462614172_739c8cfd66_z.jpg,4,0
anger,http://farm3.staticflickr.com/2724/4452942136_e792bb86a8_z.jpg,5,0
anger,http://farm4.staticflickr.com/3366/3275100944_7e8c209509_z.jpg,2,3
anger,http://farm5.staticflickr.com/4091/4954733395_2473f4f05b_z.jpg,5,0
anger,http://farm7.staticflickr.com/6179/6146493918_7d6a417472_z.jpg,5,0
anger,http://farm4.staticflickr.com/3246/2734512104_0f2b8d22ff_z.jpg,5,0
anger,http://farm6.staticflickr.com/5601/15533918756_e6032ce44f_z.jpg,2,3
anger,http://farm9.staticflickr.com/8658/15830535751_63a5b0c882_z.jpg,5,0
anger,http://farm5.staticflickr.com/4073/4758250696_5540e355ca_z.jpg,5,0
anger,http://farm4.staticflickr.com/3701/12812083184_2eb4799251_z.jpg,5,0
anger,http://farm3.staticflickr.com/2882/12269549683_7aba9645de_z.jpg,5,0
anger,http://farm6.staticflickr.com/5187/5588442145_9d1db8f487_z.jpg,5,0
anger,http://farm3.staticflickr.com/2872/9667444464_0468dac3b0_z.jpg,5,0
anger,http://farm8.staticflickr.com/7347/10083529943_0aa731445c_z.jpg,5,0
anger,http://farm8.staticflickr.com/7181/6830350310_c3fdcdfd6e_z.jpg,3,2
anger,http://farm8.staticflickr.com/7011/6490805471_0ea5ea2fbd_z.jpg,4,1
anger,http://farm3.staticflickr.com/2351/1507275470_e8f6e59cee_z.jpg,5,0
anger,http://farm5.staticflickr.com/4033/4477465186_d75e0f8d79_z.jpg,5,0
anger,http://farm4.staticflickr.com/3275/2753167048_8dae5849b9_z.jpg,4,1
anger,http://farm5.staticflickr.com/4135/5416092110_1bb1a50d05_z.jpg,1,4
anger,http://farm5.staticflickr.com/4039/5160576766_a81099aacb_z.jpg,5,0
anger,http://farm5.staticflickr.com/4035/4546391695_9fe5b37a7c_z.jpg,5,0
anger,http://farm5.staticflickr.com/4089/5068642356_c883cc2235_z.jpg,5,0
anger,http://farm5.staticflickr.com/4084/4985872403_5b673ea52f_z.jpg,4,1
anger,http://farm8.staticflickr.com/7575/16077276085_ea3087289e_z.jpg,5,0
anger,http://farm5.staticflickr.com/4086/5004184843_874131888f_z.jpg,5,0
anger,http://farm3.staticflickr.com/2008/2206179508_19482658e5_z.jpg,5,0
anger,http://farm3.staticflickr.com/2944/15261510839_eef64cf2ee_z.jpg,2,3
anger,http://farm8.staticflickr.com/7076/7177803235_297cde3185_z.jpg,5,0
anger,http://farm4.staticflickr.com/3925/14844820974_3915135dae_z.jpg,4,1
anger,http://farm9.staticflickr.com/8375/8500731344_d60f8be941_z.jpg,5,0
anger,http://farm8.staticflickr.com/7349/11257750363_d16ef7870f_z.jpg,2,3
anger,http://farm3.staticflickr.com/2887/9774132136_ac9f526fb8_z.jpg,5,0
anger,http://farm5.staticflickr.com/4036/4453145260_c08877d96b_z.jpg,5,0
anger,http://farm5.staticflickr.com/4037/5163242425_b857324698_z.jpg,4,0
anger,http://farm9.staticflickr.com/8469/8141478627_94bab24f5e_z.jpg,4,0
anger,http://farm3.staticflickr.com/2930/14600058054_7a110f07ed_z.jpg,4,0
anger,http://farm7.staticflickr.com/6208/6076778872_3dde9c764a_z.jpg,5,0
anger,http://farm5.staticflickr.com/4058/5166409405_23e109ecc4_z.jpg,3,2
anger,http://farm9.staticflickr.com/8291/7836039652_4795b77393_z.jpg,5,0
anger,http://farm9.staticflickr.com/8496/8255989314_c44cb27985_z.jpg,5,0
anger,http://farm9.staticflickr.com/8489/8264609768_fd1f21602f_z.jpg,3,2
anger,http://farm3.staticflickr.com/2735/4420021617_8c5bf5e6ca_z.jpg,0,5
anger,http://farm4.staticflickr.com/3199/2539176834_87be269321_z.jpg,5,0
anger,http://farm4.staticflickr.com/3870/14598045398_f48b1ffdd6_z.jpg,2,2
anger,http://farm9.staticflickr.com/8403/8838519345_eb407b675b_z.jpg,5,0
anger,http://farm9.staticflickr.com/8369/8406408487_09070fd622_z.jpg,4,1
anger,http://farm6.staticflickr.com/5472/12182312616_57de665fb0_z.jpg,3,1
anger,http://farm8.staticflickr.com/7310/8769066806_2aa7246ea7_z.jpg,5,0
anger,http://farm8.staticflickr.com/7259/6925655802_720a3b0e94_z.jpg,5,0
anger,http://farm3.staticflickr.com/2894/9014673331_1243b86468_z.jpg,5,0
anger,http://farm9.staticflickr.com/8402/8643949660_7dfdef1a9f_z.jpg,5,0
anger,http://farm5.staticflickr.com/4104/4955343952_2057fc6a3a_z.jpg,5,0
anger,http://farm6.staticflickr.com/5060/5423050790_9bdf09c81f_z.jpg,5,0
anger,http://farm2.staticflickr.com/1083/3165081234_78e50e574b_z.jpg,5,0
anger,http://farm8.staticflickr.com/7143/6486756113_e900853cb3_z.jpg,5,0
anger,http://farm8.staticflickr.com/7226/7299199060_cb428921ae_z.jpg,5,0
anger,http://farm8.staticflickr.com/7438/12162155114_b82edec6d5_z.jpg,5,0
anger,http://farm5.staticflickr.com/4140/4891406232_3ae6b860e6_z.jpg,5,0
anger,http://farm9.staticflickr.com/8057/8193933466_10ca247224_z.jpg,5,0
anger,http://farm3.staticflickr.com/2500/4016859377_14ddac8aca_z.jpg,5,0
anger,http://farm7.staticflickr.com/6041/6345165311_e9a395907a_z.jpg,5,0
anger,http://farm3.staticflickr.com/2264/2084538551_7e5d89cc10_z.jpg,5,0
anger,http://farm6.staticflickr.com/5016/5424107125_c23c9323dd_z.jpg,5,0
anger,http://farm9.staticflickr.com/8517/8488214410_5048d2e9fd_z.jpg,3,2
anger,http://farm8.staticflickr.com/7378/12720047443_6c2b5bfc5b_z.jpg,5,0
anger,http://farm4.staticflickr.com/3897/14834701721_e3ffb83d62_z.jpg,3,2
anger,http://farm5.staticflickr.com/4073/4889905643_f9a7d0bc87_z.jpg,5,0
anger,http://farm4.staticflickr.com/3674/11956951384_3588ffd59e_z.jpg,5,0
anger,http://farm9.staticflickr.com/8026/7256311302_89f7bdeefd_z.jpg,2,3
anger,http://farm3.staticflickr.com/2947/15479236202_ba52830c76_z.jpg,5,0
anger,http://farm8.staticflickr.com/7155/6606331859_78fd1b2725_z.jpg,5,0
anger,http://farm8.staticflickr.com/7014/6445310691_5786551f60_z.jpg,3,2
anger,http://farm8.staticflickr.com/7075/7255915474_ae52009299_z.jpg,5,0
anger,http://farm8.staticflickr.com/7184/6857865597_05ce0be6b9_z.jpg,5,0
anger,http://farm3.staticflickr.com/2911/14441632941_b871c30d35_z.jpg,5,0
anger,http://farm5.staticflickr.com/4085/4990138767_20361c50a0_z.jpg,5,0
anger,http://farm9.staticflickr.com/8249/8645732086_dd1d07df8a_z.jpg,3,2
anger,http://farm4.staticflickr.com/3862/15232094766_529af2e7d0_z.jpg,5,0
anger,http://farm7.staticflickr.com/6045/6249644744_4e74c5e121_z.jpg,5,0
anger,http://farm6.staticflickr.com/5147/5612108618_70c65936e2_z.jpg,4,0
anger,http://farm6.staticflickr.com/5216/5404208770_9227986c05_z.jpg,2,3
anger,http://farm6.staticflickr.com/5138/5515483419_212c2c8799_z.jpg,5,0
anger,http://farm7.staticflickr.com/6063/6083292567_a95f6ffbee_z.jpg,5,0
anger,http://farm3.staticflickr.com/2825/12232387453_b3b8ec1399_z.jpg,4,1
anger,http://farm3.staticflickr.com/2564/4199794625_bccc21156b_z.jpg,5,0
anger,http://farm5.staticflickr.com/4102/4810084795_9bcb1c0ca6_z.jpg,4,1
anger,http://farm4.staticflickr.com/3630/3505334655_36d4b4b704_z.jpg,3,2
anger,http://farm9.staticflickr.com/8655/16509388995_857b95da78_z.jpg,5,0
anger,http://farm9.staticflickr.com/8328/8407443355_97c95d841d_z.jpg,5,0
anger,http://farm6.staticflickr.com/5219/5386058174_1a595f1d1e_z.jpg,5,0
anger,http://farm5.staticflickr.com/4066/4525424526_b488035830_z.jpg,5,0
anger,http://farm6.staticflickr.com/5106/5675427799_1023060020_z.jpg,5,0
anger,http://farm4.staticflickr.com/3174/3048419751_b5c3debece_z.jpg,5,0
anger,http://farm2.staticflickr.com/1085/5107672296_25a1346161_z.jpg,4,1
anger,http://farm8.staticflickr.com/7499/15841062839_3e4716e632_z.jpg,3,2
anger,http://farm9.staticflickr.com/8041/7974765654_dacc5906e8_z.jpg,0,5
anger,http://farm3.staticflickr.com/2910/14244892902_265dbc794a_z.jpg,5,0
anger,http://farm6.staticflickr.com/5054/5521898054_b4d17668e3_z.jpg,5,0
anger,http://farm5.staticflickr.com/4061/4716486914_645f0a20f6_z.jpg,5,0
anger,http://farm5.staticflickr.com/4047/4263572595_420a3176be_z.jpg,1,4
anger,http://farm3.staticflickr.com/2793/4060304117_5220cba6fa_z.jpg,5,0
anger,http://farm8.staticflickr.com/7162/6811776593_da9de17701_z.jpg,5,0
anger,http://farm8.staticflickr.com/7234/7235811524_ba6f7def4e_z.jpg,5,0
anger,http://farm4.staticflickr.com/3058/3114457830_913192b9b5_z.jpg,3,2
anger,http://farm4.staticflickr.com/3516/3200137412_be621d3ab4_z.jpg,1,4
anger,http://farm5.staticflickr.com/4151/4951038065_8dde74da87_z.jpg,5,0
anger,http://farm4.staticflickr.com/3872/14273427349_16045c132f_z.jpg,3,2
anger,http://farm5.staticflickr.com/4092/4969916297_9b575d6fa5_z.jpg,0,5
anger,http://farm8.staticflickr.com/7513/16081237035_4b70bb6fa3_z.jpg,5,0
anger,http://farm8.staticflickr.com/7518/16009834587_c35d862d72_z.jpg,3,2
anger,http://farm3.staticflickr.com/2279/2292835119_7857a3e8d5_z.jpg,1,4
anger,http://farm6.staticflickr.com/5206/5341009244_04fb52e51e_z.jpg,2,3
anger,http://farm8.staticflickr.com/7100/7167460441_64c0f10cab_z.jpg,4,1
anger,http://farm8.staticflickr.com/7194/6868217499_92bc9bf8be_z.jpg,1,4
anger,http://farm6.staticflickr.com/5048/5221221606_6e489e0aa1_z.jpg,5,0
anger,http://farm8.staticflickr.com/7408/10909037154_d3884e8b77_z.jpg,5,0
anger,http://farm8.staticflickr.com/7451/11388618623_98bb7f0ccc_z.jpg,5,0
anger,http://farm3.staticflickr.com/2443/4059244084_809d882c8a_z.jpg,3,2
anger,http://farm6.staticflickr.com/5211/5387141549_9e9a4a5345_z.jpg,5,0
anger,http://farm3.staticflickr.com/2813/12187890746_82b9ec8d1a_z.jpg,5,0
anger,http://farm9.staticflickr.com/8318/8069939821_4a9fb25532_z.jpg,5,0
anger,http://farm5.staticflickr.com/4120/5395840401_d3586c85c8_z.jpg,5,0
anger,http://farm8.staticflickr.com/7037/6775475550_e33b6df4d8_z.jpg,5,0
anger,http://farm3.staticflickr.com/2190/2351910225_cedb51ab81_z.jpg,5,0
anger,http://farm4.staticflickr.com/3506/3777136838_48d37c7824_z.jpg,5,0
anger,http://farm7.staticflickr.com/6050/6253883942_43241e26c4_z.jpg,2,3
anger,http://farm4.staticflickr.com/3721/12678139475_b865f8b2cb_z.jpg,5,0
anger,http://farm5.staticflickr.com/4031/4452113273_5ea8854ef2_z.jpg,5,0
anger,http://farm8.staticflickr.com/7529/16156168772_1f4dd4ab25_z.jpg,5,0
anger,http://farm4.staticflickr.com/3023/3042006353_52cac81dba_z.jpg,5,0
anger,http://farm4.staticflickr.com/3169/3087807326_4e3011a016_z.jpg,4,1
anger,http://farm5.staticflickr.com/4054/5080575161_ec1a80f52c_z.jpg,4,1
anger,http://farm9.staticflickr.com/8597/15988686866_c792af63db_z.jpg,4,1
anger,http://farm7.staticflickr.com/6211/6359924663_db7c2004e2_z.jpg,4,1
anger,http://farm8.staticflickr.com/7422/10786780853_d6a3ed56cb_z.jpg,4,1
anger,http://farm4.staticflickr.com/3375/3265685961_9d780b7a99_z.jpg,4,1
anger,http://farm1.staticflickr.com/214/497501936_43fb8c7f56_z.jpg,5,0
anger,http://farm6.staticflickr.com/5533/9464437379_c506debb4e_z.jpg,5,0
anger,http://farm6.staticflickr.com/5558/14761500026_92664d3d79_z.jpg,5,0
anger,http://farm6.staticflickr.com/5298/5503336930_5f5ffd756d_z.jpg,5,0
anger,http://farm8.staticflickr.com/7296/8934397311_1366595783_z.jpg,5,0
anger,http://farm3.staticflickr.com/2845/12104449504_10fa0c08e5_z.jpg,5,0
anger,http://farm5.staticflickr.com/4121/4919622683_57a4308499_z.jpg,5,0
anger,http://farm4.staticflickr.com/3766/10509758975_5467414e2f_z.jpg,5,0
anger,http://farm5.staticflickr.com/4006/4364193095_d68ffe6463_z.jpg,5,0
anger,http://farm3.staticflickr.com/2268/2112907116_da6a203ed0_z.jpg,5,0
anger,http://farm9.staticflickr.com/8112/8501715340_45d3f10156_z.jpg,5,0
anger,http://farm6.staticflickr.com/5273/14200368131_91edc7ab65_z.jpg,4,0
anger,http://farm6.staticflickr.com/5513/14133109470_afe50dff84_z.jpg,4,1
anger,http://farm3.staticflickr.com/2475/3713654931_7472b55334_z.jpg,3,2
anger,http://farm8.staticflickr.com/7116/7663653970_21988e5223_z.jpg,5,0
anger,http://farm4.staticflickr.com/3942/15503753079_18e2d8d6c0_z.jpg,5,0
anger,http://farm8.staticflickr.com/7081/7179841051_ab198733cf_z.jpg,3,2
anger,http://farm8.staticflickr.com/7451/12819130823_b3668a6ec9_z.jpg,5,0
anger,http://farm8.staticflickr.com/7437/11916740853_8ae7074885_z.jpg,5,0
anger,http://farm3.staticflickr.com/2405/2285864290_29eae762af_z.jpg,4,1
anger,http://farm9.staticflickr.com/8348/8238797203_05ee88b0e4_z.jpg,5,0
anger,http://farm7.staticflickr.com/6024/5916123425_5c55e4d615_z.jpg,4,1
anger,http://farm4.staticflickr.com/3748/9893944646_a6a1eab5ee_z.jpg,4,1
anger,http://farm8.staticflickr.com/7452/13063582884_097b5e5f05_z.jpg,5,0
anger,http://farm3.staticflickr.com/2870/13243420565_72fab1ef51_z.jpg,4,1
anger,http://farm4.staticflickr.com/3489/3810795824_418985a5de_z.jpg,3,2
anger,http://farm7.staticflickr.com/6079/6093169259_54d3f0a940_z.jpg,3,2
anger,http://farm7.staticflickr.com/6031/6256682610_d48b510a08_z.jpg,5,0
anger,http://farm7.staticflickr.com/6082/6031921875_a984df8f98_z.jpg,3,2
anger,http://farm8.staticflickr.com/7171/6703867495_ef214de0d0_z.jpg,5,0
anger,http://farm4.staticflickr.com/3737/12416921524_293f732d42_z.jpg,5,0
anger,http://farm3.staticflickr.com/2728/5765941306_81384270c6_z.jpg,5,0
anger,http://farm7.staticflickr.com/6197/6135153361_880f8013b3_z.jpg,5,0
anger,http://farm8.staticflickr.com/7138/7624905938_371afaaee2_z.jpg,5,0
anger,http://farm2.staticflickr.com/1248/1272522194_6a4ed18562_z.jpg,3,2
anger,http://farm6.staticflickr.com/5136/5566315315_e4c86c53d2_z.jpg,1,4
anger,http://farm7.staticflickr.com/6077/6039594856_02fbab13f4_z.jpg,5,0
anger,http://farm6.staticflickr.com/5263/14036122523_b4099b3d43_z.jpg,5,0
anger,http://farm8.staticflickr.com/7433/9194315600_c4635f4539_z.jpg,2,3
anger,http://farm3.staticflickr.com/2360/2498900125_b25a84289c_z.jpg,5,0
anger,http://farm7.staticflickr.com/6112/6334932647_3563022a26_z.jpg,0,5
anger,http://farm3.staticflickr.com/2902/14692087213_1cc9459672_z.jpg,4,0
anger,http://farm3.staticflickr.com/2346/2423233667_7771be1f92_z.jpg,5,0
anger,http://farm3.staticflickr.com/2817/9116065015_0dcb97aca2_z.jpg,4,1
anger,http://farm6.staticflickr.com/5133/5420722206_d912f4b753_z.jpg,5,0
anger,http://farm4.staticflickr.com/3869/14424940319_01b381d63b_z.jpg,3,2
anger,http://farm9.staticflickr.com/8181/8056482551_4c185800a2_z.jpg,4,1
anger,http://farm9.staticflickr.com/8151/7699122334_0f4dbee94e_z.jpg,3,2
anger,http://farm8.staticflickr.com/7489/15986628936_b5063766b4_z.jpg,5,0
anger,http://farm7.staticflickr.com/6041/6356618341_a953e88100_z.jpg,5,0
anger,http://farm4.staticflickr.com/3668/11138837885_1c4256bf77_z.jpg,5,0
anger,http://farm3.staticflickr.com/2697/4453177546_70ce33b8fe_z.jpg,5,0
anger,http://farm4.staticflickr.com/3904/15134263778_3f90095153_z.jpg,4,1
anger,http://farm9.staticflickr.com/8227/8558446169_1529c7254d_z.jpg,5,0
anger,http://farm7.staticflickr.com/6204/6135169459_6374a97b40_z.jpg,3,2
anger,http://farm9.staticflickr.com/8626/16077095615_eefc512dce_z.jpg,5,0
anger,http://farm5.staticflickr.com/4039/4496918688_444cf94d68_z.jpg,3,2
anger,http://farm8.staticflickr.com/7535/15694901769_4a3b0030f7_z.jpg,5,0
anger,http://farm9.staticflickr.com/8102/8645130816_65bdcfc00b_z.jpg,4,1
anger,http://farm4.staticflickr.com/3043/2896959946_22996ac8c8_z.jpg,2,3
anger,http://farm2.staticflickr.com/1342/610804221_3857952d9b_z.jpg,5,0
anger,http://farm4.staticflickr.com/3117/3254432545_13d741e133_z.jpg,5,0
anger,http://farm7.staticflickr.com/6044/6395363137_f1b20ce5a7_z.jpg,5,0
anger,http://farm9.staticflickr.com/8032/8035366773_dc330f380c_z.jpg,4,1
anger,http://farm4.staticflickr.com/3416/3262401410_3c6d8e1544_z.jpg,5,0
anger,http://farm8.staticflickr.com/7262/6893717976_b77dae1949_z.jpg,5,0
anger,http://farm8.staticflickr.com/7528/15889280488_f69240d576_z.jpg,5,0
anger,http://farm4.staticflickr.com/3406/3642720021_3f0773d1b4_z.jpg,4,1
anger,http://farm5.staticflickr.com/4093/4923967567_91e38b1fae_z.jpg,5,0
anger,http://farm6.staticflickr.com/5225/5684567845_b1e597b4fb_z.jpg,5,0
anger,http://farm6.staticflickr.com/5175/5415861183_731fd5f888_z.jpg,5,0
anger,http://farm7.staticflickr.com/6146/5998749005_8dee3b1ca1_z.jpg,5,0
anger,http://farm5.staticflickr.com/4124/5112296631_67ab2f127d_z.jpg,4,1
anger,http://farm8.staticflickr.com/7015/6771174509_59b9ac268c_z.jpg,0,4
anger,http://farm8.staticflickr.com/7134/7774509684_9b00d2c654_z.jpg,4,0
anger,http://farm4.staticflickr.com/3822/9009208978_10706e12ed_z.jpg,5,0
anger,http://farm6.staticflickr.com/5214/5526165293_353017c6f0_z.jpg,5,0
anger,http://farm6.staticflickr.com/5511/14417960637_05aa983919_z.jpg,5,0
anger,http://farm5.staticflickr.com/4081/4757616229_27de58656c_z.jpg,5,0
anger,http://farm8.staticflickr.com/7059/6994378427_318aabaa69_z.jpg,5,0
anger,http://farm9.staticflickr.com/8516/8473620739_f4002fc73f_z.jpg,4,0
anger,http://farm8.staticflickr.com/7542/15701272018_6156714a5c_z.jpg,5,0
anger,http://farm3.staticflickr.com/2937/13958876181_e8e685a247_z.jpg,4,1
anger,http://farm1.staticflickr.com/124/395724209_71e85e5322_z.jpg,4,1
anger,http://farm3.staticflickr.com/2639/3738815219_f9bced8c52_z.jpg,5,0
anger,http://farm9.staticflickr.com/8074/8407406210_a8e41dd6f9_z.jpg,5,0
anger,http://farm2.staticflickr.com/1155/636073250_4c8bfe265b_z.jpg,5,0
anger,http://farm5.staticflickr.com/4130/4996372544_bb32856286_z.jpg,5,0
anger,http://farm4.staticflickr.com/3715/10249063166_13ba86b757_z.jpg,4,1
anger,http://farm3.staticflickr.com/2516/3792966626_46a0284e0e_z.jpg,5,0
anger,http://farm4.staticflickr.com/3724/12382329394_2a054ae72e_z.jpg,3,2
anger,http://farm5.staticflickr.com/4046/4382767016_e67c8615d8_z.jpg,3,2
anger,http://farm5.staticflickr.com/4019/5165287058_4989373126_z.jpg,2,3
anger,http://farm6.staticflickr.com/5241/5351916149_6a98fd856a_z.jpg,5,0
anger,http://farm8.staticflickr.com/7002/6777910265_a6339f5f6b_z.jpg,5,0
anger,http://farm4.staticflickr.com/3196/2710391528_99b96a4bf7_z.jpg,5,0
anger,http://farm9.staticflickr.com/8209/8239071760_0b9c86db62_z.jpg,5,0
anger,http://farm8.staticflickr.com/7171/6565733205_e9e62639b3_z.jpg,5,0
anger,http://farm4.staticflickr.com/3081/3160394447_d262e279b5_z.jpg,5,0
anger,http://farm3.staticflickr.com/2723/4171559761_de57561f22_z.jpg,5,0
anger,http://farm7.staticflickr.com/6147/5937089022_46decf67bd_z.jpg,5,0
anger,http://farm8.staticflickr.com/7209/6778114496_0b00b1b435_z.jpg,5,0
anger,http://farm8.staticflickr.com/7407/11932158803_62423220ce_z.jpg,5,0
anger,http://farm5.staticflickr.com/4002/4438349321_3f4c3bbcc3_z.jpg,5,0
anger,http://farm4.staticflickr.com/3883/14435436687_250b1e0a93_z.jpg,5,0
anger,http://farm4.staticflickr.com/3919/14749640207_034442b2ec_z.jpg,4,0
anger,http://farm5.staticflickr.com/4105/5023837614_22651914cf_z.jpg,3,2
anger,http://farm7.staticflickr.com/6220/6366459489_be1b8f309e_z.jpg,4,0
anger,http://farm4.staticflickr.com/3656/3544600283_bea8a3ea6c_z.jpg,1,4
anger,http://farm6.staticflickr.com/5567/14802621323_8966d66ba7_z.jpg,5,0
anger,http://farm4.staticflickr.com/3304/3263812218_67042d502f_z.jpg,5,0
anger,http://farm4.staticflickr.com/3051/3032358363_b5141b7c00_z.jpg,5,0
anger,http://farm7.staticflickr.com/6041/6294225357_c32d23b7c2_z.jpg,5,0
anger,http://farm9.staticflickr.com/8365/8406417453_bc9d2951da_z.jpg,5,0
anger,http://farm3.staticflickr.com/2920/14493011969_7f1c704464_z.jpg,5,0
anger,http://farm6.staticflickr.com/5288/5214484290_fd18772269_z.jpg,5,0
anger,http://farm8.staticflickr.com/7524/15120917604_8900a4ac12_z.jpg,5,0
anger,http://farm8.staticflickr.com/7500/15747543277_a64a968476_z.jpg,5,0
anger,http://farm7.staticflickr.com/6156/6132600428_c97107de12_z.jpg,5,0
anger,http://farm9.staticflickr.com/8300/7745514424_1deca75114_z.jpg,2,3
anger,http://farm4.staticflickr.com/3356/4553123402_822254b6c4_z.jpg,5,0
anger,http://farm1.staticflickr.com/192/486624025_18e09ef5ce_z.jpg,5,0
anger,http://farm6.staticflickr.com/5109/5637159649_4bd5d4004a_z.jpg,5,0
anger,http://farm5.staticflickr.com/4035/4451995619_f3c2a93c34_z.jpg,4,0
anger,http://farm5.staticflickr.com/4072/4529773788_6040900739_z.jpg,4,1
anger,http://farm9.staticflickr.com/8162/7444197708_7ccabe7565_z.jpg,5,0
anger,http://farm9.staticflickr.com/8184/8105572541_cfdea800dd_z.jpg,5,0
anger,http://farm6.staticflickr.com/5092/5522106973_f229fbf9c7_z.jpg,5,0
anger,http://farm4.staticflickr.com/3630/3341296267_c2c6374edc_z.jpg,5,0
anger,http://farm9.staticflickr.com/8510/8487714594_1abaf82d11_z.jpg,2,3
anger,http://farm8.staticflickr.com/7026/6573995627_a01d67bdc9_z.jpg,3,2
anger,http://farm6.staticflickr.com/5141/5637677870_fb8fe31680_z.jpg,4,1
anger,http://farm7.staticflickr.com/6072/6135707048_7d3a771b6e_z.jpg,3,2
anger,http://farm9.staticflickr.com/8463/8129902486_dcf1b2eee0_z.jpg,3,2
anger,http://farm8.staticflickr.com/7026/6549851569_996b1be50c_z.jpg,1,4
anger,http://farm4.staticflickr.com/3895/14876053170_e4935b4ed5_z.jpg,4,1
anger,http://farm8.staticflickr.com/7512/16075862682_71bcdf21d9_z.jpg,5,0
anger,http://farm8.staticflickr.com/7226/7216597800_3d29fa9d6b_z.jpg,3,2
anger,http://farm4.staticflickr.com/3122/5863685966_2b3b295233_z.jpg,4,1
anger,http://farm4.staticflickr.com/3768/10828923525_a0f19b596c_z.jpg,2,3
anger,http://farm4.staticflickr.com/3936/15536837511_02d980e7ec_z.jpg,5,0
anger,http://farm6.staticflickr.com/5098/5423911156_79d86b9677_z.jpg,5,0
anger,http://farm8.staticflickr.com/7405/8936119837_0e343ac625_z.jpg,5,0
anger,http://farm8.staticflickr.com/7301/12181702544_2ed82646f6_z.jpg,4,1
anger,http://farm7.staticflickr.com/6178/6192334829_b2bd9aaf8d_z.jpg,5,0
anger,http://farm3.staticflickr.com/2556/3919833194_a3f8232f39_z.jpg,5,0
anger,http://farm3.staticflickr.com/2908/14181203989_3308f40a0a_z.jpg,4,1
anger,http://farm6.staticflickr.com/5166/5214852062_2248e7ec03_z.jpg,5,0
anger,http://farm9.staticflickr.com/8603/16066402682_c4b6975735_z.jpg,4,0
anger,http://farm2.staticflickr.com/1051/1019724487_c2bde29963_z.jpg,2,3
anger,http://farm8.staticflickr.com/7141/6434289255_0045ee4f91_z.jpg,4,0
anger,http://farm5.staticflickr.com/4111/5156734544_7cc39de84c_z.jpg,2,3
anger,http://farm9.staticflickr.com/8465/8107776902_ca58d09df7_z.jpg,4,1
anger,http://farm5.staticflickr.com/4084/5073087659_f4197f36ee_z.jpg,2,3
anger,http://farm9.staticflickr.com/8463/8105412138_3bd438f8c4_z.jpg,5,0
anger,http://farm2.staticflickr.com/1317/1444737759_9f226fdd2e_z.jpg,2,3
anger,http://farm7.staticflickr.com/6159/6162178964_8a4ef61e67_z.jpg,4,1
anger,http://farm8.staticflickr.com/7247/6863170652_0ec3a2e4ce_z.jpg,1,4
anger,http://farm3.staticflickr.com/2092/2022900956_db17243947_z.jpg,5,0
anger,http://farm9.staticflickr.com/8458/8024926532_3e5319bc65_z.jpg,1,4
anger,http://farm5.staticflickr.com/4053/4348042917_83f81a5682_z.jpg,5,0
anger,http://farm8.staticflickr.com/7351/9788551616_9b95e26c9f_z.jpg,5,0
anger,http://farm2.staticflickr.com/1366/5112890748_4a8bb3f9f9_z.jpg,4,1
anger,http://farm3.staticflickr.com/2373/1556780133_a6762ab3a1_z.jpg,5,0
anger,http://farm8.staticflickr.com/7199/6778200304_1f0b02e50b_z.jpg,5,0
anger,http://farm9.staticflickr.com/8254/8685795134_e0abb191ed_z.jpg,5,0
anger,http://farm3.staticflickr.com/2096/2218959157_bd7de82ecc_z.jpg,5,0
anger,http://farm2.staticflickr.com/1261/5164822898_45f176357e_z.jpg,2,3
anger,http://farm7.staticflickr.com/6059/6366461571_9d83ebe642_z.jpg,5,0
anger,http://farm9.staticflickr.com/8460/8069263747_d26f500374_z.jpg,5,0
anger,http://farm4.staticflickr.com/3012/2827852079_ace5872fe9_z.jpg,5,0
anger,http://farm9.staticflickr.com/8532/8500729300_a2617a447c_z.jpg,5,0
anger,http://farm8.staticflickr.com/7509/16075295501_c5e8b543c2_z.jpg,5,0
anger,http://farm4.staticflickr.com/3878/14771360300_2e4e4b4f3f_z.jpg,5,0
anger,http://farm8.staticflickr.com/7033/6794405981_7532aa275c_z.jpg,4,1
anger,http://farm8.staticflickr.com/7013/6447992445_c8da2cc411_z.jpg,3,2
anger,http://farm4.staticflickr.com/3679/8839134443_3e1e71ddf4_z.jpg,4,1
anger,http://farm2.staticflickr.com/1016/1239907136_a6d7d6f715_z.jpg,5,0
anger,http://farm8.staticflickr.com/7355/12184818706_4a955a66ac_z.jpg,4,1
anger,http://farm8.staticflickr.com/7096/7345022866_752884f440_z.jpg,5,0
anger,http://farm7.staticflickr.com/6109/6292681897_90865f2182_z.jpg,4,1
anger,http://farm5.staticflickr.com/4003/4298170503_4130daa03d_z.jpg,5,0
anger,http://farm4.staticflickr.com/3910/14188211697_3b0fc1fe2e_z.jpg,5,0
anger,http://farm4.staticflickr.com/3871/15068714388_651299e558_z.jpg,5,0
anger,http://farm7.staticflickr.com/6041/6294886291_e5b97db475_z.jpg,4,0
anger,http://farm4.staticflickr.com/3276/3588682617_8774b55084_z.jpg,4,1
anger,http://farm4.staticflickr.com/3215/2349216676_a401bc1e7b_z.jpg,5,0
anger,http://farm9.staticflickr.com/8067/8245507327_b5cea68759_z.jpg,1,4
anger,http://farm1.staticflickr.com/181/460005467_f35e926e78_z.jpg,5,0
anger,http://farm7.staticflickr.com/6186/6127734768_5dc4cdde5f_z.jpg,4,0
anger,http://farm6.staticflickr.com/5483/12598931965_339f43cec8_z.jpg,5,0
anger,http://farm8.staticflickr.com/7042/6899544341_a0a600c17b_z.jpg,4,1
anger,http://farm3.staticflickr.com/2234/2109347455_257cf602db_z.jpg,2,3
anger,http://farm9.staticflickr.com/8526/8523225921_4f6c54f2f1_z.jpg,5,0
anger,http://farm3.staticflickr.com/2090/3529099450_744fc7afc7_z.jpg,4,1
anger,http://farm6.staticflickr.com/5334/7439258538_10c663d5a3_z.jpg,5,0
anger,http://farm8.staticflickr.com/7301/8732529381_8ecc797cd6_z.jpg,5,0
anger,http://farm4.staticflickr.com/3272/2673881993_5004105f4c_z.jpg,4,1
anger,http://farm4.staticflickr.com/3725/9413265909_4894c7916b_z.jpg,0,5
anger,http://farm6.staticflickr.com/5560/14375045843_67c417617f_z.jpg,5,0
anger,http://farm4.staticflickr.com/3552/3395675436_83eb234e39_z.jpg,2,3
anger,http://farm9.staticflickr.com/8351/8335187668_f3dca6ef9e_z.jpg,4,0
anger,http://farm3.staticflickr.com/2857/11337994654_d4c6d97057_z.jpg,5,0
anger,http://farm8.staticflickr.com/7479/15342047783_5beda5bf4b_z.jpg,3,2
anger,http://farm4.staticflickr.com/3546/3786517194_80902cd680_z.jpg,5,0
anger,http://farm4.staticflickr.com/3661/3384968096_0d3acf4f90_z.jpg,5,0
anger,http://farm5.staticflickr.com/4067/4230355079_9713e1486a_z.jpg,5,0
anger,http://farm6.staticflickr.com/5031/6902621838_3bffbc1728_z.jpg,5,0
anger,http://farm6.staticflickr.com/5517/10909136905_e647eff2ca_z.jpg,4,1
anger,http://farm9.staticflickr.com/8506/8461571454_15e0412469_z.jpg,5,0
anger,http://farm4.staticflickr.com/3043/3412847457_ba107b4c21_z.jpg,5,0
anger,http://farm4.staticflickr.com/3142/2701862431_582b98fe99_z.jpg,5,0
anger,http://farm9.staticflickr.com/8168/7157009618_8d2b523779_z.jpg,4,1
anger,http://farm7.staticflickr.com/6186/6152330308_3410b48949_z.jpg,5,0
anger,http://farm9.staticflickr.com/8321/8010848568_8b71b07c7d_z.jpg,5,0
anger,http://farm9.staticflickr.com/8346/8201488983_d79548fa9a_z.jpg,5,0
anger,http://farm8.staticflickr.com/7500/15734837189_34de6dfd5b_z.jpg,2,3
anger,http://farm8.staticflickr.com/7258/7678927310_1c1283cd8b_z.jpg,1,4
anger,http://farm4.staticflickr.com/3558/5713891614_f45a11c1bd_z.jpg,5,0
anger,http://farm1.staticflickr.com/188/374741404_b0b26acba1_z.jpg,4,0
anger,http://farm4.staticflickr.com/3470/5790313665_42b8139e4b_z.jpg,5,0
anger,http://farm7.staticflickr.com/6111/6372176033_7d4e3dedb6_z.jpg,5,0
anger,http://farm4.staticflickr.com/3441/3837235079_50cca631ed_z.jpg,5,0
anger,http://farm3.staticflickr.com/2934/14591268809_c9a6d09094_z.jpg,5,0
anger,http://farm9.staticflickr.com/8282/7879129170_43b989edea_z.jpg,5,0
anger,http://farm9.staticflickr.com/8167/7443274684_2306a3677c_z.jpg,5,0
anger,http://farm3.staticflickr.com/2138/2258217529_87fd2a071c_z.jpg,4,1
anger,http://farm6.staticflickr.com/5094/5556653725_4bf8702b02_z.jpg,5,0
anger,http://farm4.staticflickr.com/3748/9893878533_f9527deb15_z.jpg,5,0
anger,http://farm4.staticflickr.com/3920/14485551149_70ec8f53cf_z.jpg,4,1
anger,http://farm8.staticflickr.com/7014/6799900325_85a1f6cea0_z.jpg,4,1
anger,http://farm5.staticflickr.com/4147/4995426946_38b88930fc_z.jpg,3,2
anger,http://farm9.staticflickr.com/8466/8132460427_34d63b1875_z.jpg,5,0
anger,http://farm4.staticflickr.com/3253/2946085629_ac66b11293_z.jpg,3,2
anger,http://farm4.staticflickr.com/3340/3208911975_bbd465beb4_z.jpg,2,3
anger,http://farm3.staticflickr.com/2471/3652144654_42576e7b7b_z.jpg,5,0
anger,http://farm8.staticflickr.com/7177/13585290124_09157e6415_z.jpg,4,1
anger,http://farm4.staticflickr.com/3946/15627244502_1a2e0bcf24_z.jpg,2,3
anger,http://farm4.staticflickr.com/3865/14258349619_8aa60d401f_z.jpg,5,0
anger,http://farm8.staticflickr.com/7175/6653991395_07ba7b8a26_z.jpg,5,0
anger,http://farm9.staticflickr.com/8050/8406981535_69fde609b8_z.jpg,3,2
anger,http://farm4.staticflickr.com/3169/3062078717_8eeec8a301_z.jpg,4,1
anger,http://farm4.staticflickr.com/3589/3369945204_712f42acef_z.jpg,5,0
anger,http://farm3.staticflickr.com/2890/10133439634_a98f30805d_z.jpg,5,0
anger,http://farm9.staticflickr.com/8019/7235827038_381b2bc214_z.jpg,5,0
anger,http://farm8.staticflickr.com/7152/6777796937_0106410de5_z.jpg,5,0
anger,http://farm9.staticflickr.com/8360/8331923314_fe2e0cf88c_z.jpg,5,0
anger,http://farm7.staticflickr.com/6003/5973988598_9037fed0ee_z.jpg,2,3
anger,http://farm9.staticflickr.com/8228/8584387844_99176651df_z.jpg,4,1
anger,http://farm3.staticflickr.com/2774/4432607534_fd2ae1bbb8_z.jpg,2,3
anger,http://farm9.staticflickr.com/8380/8545354909_91da08340a_z.jpg,5,0
anger,http://farm5.staticflickr.com/4116/4755855913_4f49df9110_z.jpg,4,1
anger,http://farm4.staticflickr.com/3956/15535608396_200860956a_z.jpg,5,0
anger,http://farm4.staticflickr.com/3404/3303725064_4dc09f80d1_z.jpg,3,2
anger,http://farm9.staticflickr.com/8491/8386136789_6f1be2cd86_z.jpg,2,2
anger,http://farm8.staticflickr.com/7213/7189872422_61bac4d5ae_z.jpg,5,0
anger,http://farm3.staticflickr.com/2031/5694390369_fdb3aa5001_z.jpg,5,0
anger,http://farm6.staticflickr.com/5525/10956756034_b13af24fec_z.jpg,5,0
anger,http://farm4.staticflickr.com/3180/2636889117_7272eb0ced_z.jpg,5,0
anger,http://farm8.staticflickr.com/7255/6985789196_64b0d3a108_z.jpg,3,2
anger,http://farm3.staticflickr.com/2932/14723232996_472633dcaf_z.jpg,5,0
anger,http://farm7.staticflickr.com/6073/6087978274_7fb08c2fe2_z.jpg,5,0
anger,http://farm2.staticflickr.com/1272/5185555121_e9687aea02_z.jpg,5,0
anger,http://farm5.staticflickr.com/4005/4453134878_a14e84eb9d_z.jpg,5,0
anger,http://farm6.staticflickr.com/5052/5544371871_f45be0daa7_z.jpg,5,0
anger,http://farm6.staticflickr.com/5081/5307520495_52e0b88fb3_z.jpg,0,5
anger,http://farm1.staticflickr.com/180/418823780_2b20c11bf4_z.jpg,2,3
anger,http://farm9.staticflickr.com/8252/8589323968_0d0c01a21e_z.jpg,5,0
anger,http://farm9.staticflickr.com/8166/7449478654_fae59e79b0_z.jpg,4,1
anger,http://farm4.staticflickr.com/3923/14600299332_9510d2b42a_z.jpg,1,4
anger,http://farm8.staticflickr.com/7219/7220330036_54fbc83718_z.jpg,5,0
anger,http://farm7.staticflickr.com/6224/6280848549_82de4cc9eb_z.jpg,4,1
anger,http://farm6.staticflickr.com/5077/5909853612_71c9ac4ecd_z.jpg,5,0
anger,http://farm4.staticflickr.com/3751/13741903594_e3f2500943_z.jpg,5,0
anger,http://farm5.staticflickr.com/4137/4763541843_3e39136f0e_z.jpg,2,3
anger,http://farm8.staticflickr.com/7078/7180898390_25e97f4a77_z.jpg,5,0
anger,http://farm6.staticflickr.com/5298/5526458233_0c637cbdf0_z.jpg,5,0
anger,http://farm4.staticflickr.com/3745/14257460184_53e8cfd75f_z.jpg,5,0
anger,http://farm4.staticflickr.com/3914/14780004685_770d1f66b6_z.jpg,4,1
anger,http://farm9.staticflickr.com/8172/7980264407_a779b1d560_z.jpg,5,0
anger,http://farm6.staticflickr.com/5092/5562088371_443377cde0_z.jpg,0,4
anger,http://farm4.staticflickr.com/3906/14786912190_a4df8c3657_z.jpg,4,1
anger,http://farm4.staticflickr.com/3915/14763398402_8641032c33_z.jpg,4,1
anger,http://farm6.staticflickr.com/5138/5526084778_586806688b_z.jpg,5,0
anger,http://farm4.staticflickr.com/3282/2514842349_0079b7b814_z.jpg,5,0
anger,http://farm6.staticflickr.com/5221/5650664100_00373f9d61_z.jpg,5,0
anger,http://farm4.staticflickr.com/3537/4012401032_2aefce6df4_z.jpg,5,0
anger,http://farm6.staticflickr.com/5115/5907121276_3d236808aa_z.jpg,4,1
anger,http://farm9.staticflickr.com/8659/16066129771_92c623eef1_z.jpg,5,0
anger,http://farm8.staticflickr.com/7041/6903486145_123df00066_z.jpg,5,0
anger,http://farm9.staticflickr.com/8101/8653859683_d6c15fd136_z.jpg,5,0
anger,http://farm9.staticflickr.com/8610/15839851480_b52d3880b1_z.jpg,4,1
anger,http://farm8.staticflickr.com/7026/6679989519_c8d3188fcf_z.jpg,3,2
anger,http://farm4.staticflickr.com/3765/13225045493_b8f70e0d12_z.jpg,5,0
anger,http://farm9.staticflickr.com/8443/7845441256_9b3ee543f9_z.jpg,5,0
anger,http://farm2.staticflickr.com/1005/1288956303_b9a0ae5476_z.jpg,5,0
anger,http://farm8.staticflickr.com/7021/6820320557_98d2d611d1_z.jpg,5,0
anger,http://farm8.staticflickr.com/7012/6751354121_70f4cf5b4a_z.jpg,5,0
anger,http://farm6.staticflickr.com/5265/5694338758_ebb6af306d_z.jpg,4,1
anger,http://farm3.staticflickr.com/2602/3919461640_560cd91ed3_z.jpg,5,0
anger,http://farm2.staticflickr.com/1266/4711071651_284462b662_z.jpg,5,0
anger,http://farm8.staticflickr.com/7064/7048590205_50bb8996ba_z.jpg,4,1
anger,http://farm6.staticflickr.com/5024/5643535886_d2ae3aacac_z.jpg,5,0
anger,http://farm9.staticflickr.com/8248/8524698478_112383e924_z.jpg,5,0
anger,http://farm4.staticflickr.com/3375/3411640740_0512095fa0_z.jpg,3,2
anger,http://farm2.staticflickr.com/1100/1411620662_3ec5b3a076_z.jpg,5,0
anger,http://farm8.staticflickr.com/7359/12545977585_4cf40af8b5_z.jpg,2,3
anger,http://farm9.staticflickr.com/8176/7930324134_3467f3becb_z.jpg,5,0
anger,http://farm6.staticflickr.com/5610/15761801055_139b868110_z.jpg,5,0
anger,http://farm8.staticflickr.com/7204/6878002171_144f837532_z.jpg,5,0
anger,http://farm4.staticflickr.com/3663/3557445640_1d013eebe7_z.jpg,5,0
anger,http://farm9.staticflickr.com/8014/7579949144_bb35e9c2e8_z.jpg,5,0
anger,http://farm9.staticflickr.com/8042/8050209799_44018729c6_z.jpg,4,0
anger,http://farm5.staticflickr.com/4070/4519130874_89d33dc1d7_z.jpg,5,0
anger,http://farm6.staticflickr.com/5603/14946330863_73a7b8d3cb_z.jpg,5,0
anger,http://farm4.staticflickr.com/3810/9638121467_551d69d874_z.jpg,4,1
anger,http://farm9.staticflickr.com/8363/8317471823_7e6bcb98b1_z.jpg,5,0
anger,http://farm4.staticflickr.com/3924/14782934652_25459b407a_z.jpg,5,0
anger,http://farm4.staticflickr.com/3567/3339058980_7015681929_z.jpg,5,0
anger,http://farm4.staticflickr.com/3486/4048626731_3f0f1de459_z.jpg,1,4
anger,http://farm6.staticflickr.com/5213/5386867115_e55ab0d3a9_z.jpg,5,0
anger,http://farm2.staticflickr.com/1078/5160935433_a8f815fbbb_z.jpg,5,0
anger,http://farm4.staticflickr.com/3493/3749449977_3a6f86d841_z.jpg,5,0
anger,http://farm8.staticflickr.com/7168/6808439985_e473259074_z.jpg,2,3
anger,http://farm9.staticflickr.com/8262/8700961444_d766e1e752_z.jpg,5,0
anger,http://farm7.staticflickr.com/6086/6065907438_7545ea9d51_z.jpg,2,3
anger,http://farm2.staticflickr.com/1023/1076662126_84e6860a07_z.jpg,5,0
anger,http://farm4.staticflickr.com/3741/9241128952_9656885407_z.jpg,5,0
anger,http://farm5.staticflickr.com/4149/5205248798_d931fc3348_z.jpg,1,4
anger,http://farm7.staticflickr.com/6183/6103938849_3dcd32165b_z.jpg,2,2
anger,http://farm3.staticflickr.com/2301/5759652429_38ba0e8db8_z.jpg,4,1
anger,http://farm8.staticflickr.com/7307/8734363530_90b554c61c_z.jpg,4,1
anger,http://farm8.staticflickr.com/7376/12612715193_6831e3de97_z.jpg,5,0
anger,http://farm6.staticflickr.com/5282/5313047030_bb459c7d92_z.jpg,3,2
anger,http://farm5.staticflickr.com/4067/4496935100_876cb56cee_z.jpg,5,0
anger,http://farm4.staticflickr.com/3908/14541277180_098a7a9baa_z.jpg,4,1
anger,http://farm6.staticflickr.com/5137/5418881399_4a5150dcd6_z.jpg,2,3
anger,http://farm5.staticflickr.com/4149/5206123498_7a6de867a6_z.jpg,3,2
anger,http://farm3.staticflickr.com/2612/4115509759_b0a29a6377_z.jpg,4,1
anger,http://farm9.staticflickr.com/8321/8060771794_3210625f96_z.jpg,4,1
anger,http://farm3.staticflickr.com/2725/4287194394_45b04a0af2_z.jpg,5,0
anger,http://farm6.staticflickr.com/5240/5894323978_af9b4e853a_z.jpg,2,3
anger,http://farm7.staticflickr.com/6081/6135716172_7cee74b468_z.jpg,4,1
anger,http://farm4.staticflickr.com/3279/2824850139_755095d908_z.jpg,5,0
anger,http://farm2.staticflickr.com/1076/5110764580_c3cf633f20_z.jpg,5,0
anger,http://farm8.staticflickr.com/7441/13461697234_0debb20536_z.jpg,4,1
anger,http://farm9.staticflickr.com/8519/8487799692_2b72ec55fe_z.jpg,4,1
anger,http://farm3.staticflickr.com/2689/4356081475_ce56a961ef_z.jpg,5,0
anger,http://farm6.staticflickr.com/5563/14703554659_b43b08eef9_z.jpg,3,2
anger,http://farm4.staticflickr.com/3179/2752519298_55d7e9984b_z.jpg,5,0
anger,http://farm4.staticflickr.com/3153/2295693017_a20ed1c946_z.jpg,5,0
anger,http://farm6.staticflickr.com/5255/5423399831_5e937e784e_z.jpg,3,2
anger,http://farm4.staticflickr.com/3757/12718860394_f8e25f287d_z.jpg,5,0
anger,http://farm3.staticflickr.com/2730/4388954508_b1e4104dbf_z.jpg,3,2
anger,http://farm3.staticflickr.com/2534/3793334974_5aef24407b_z.jpg,5,0
anger,http://farm8.staticflickr.com/7228/7155743787_15187c9bfa_z.jpg,3,2
anger,http://farm6.staticflickr.com/5508/14419226660_e52793da13_z.jpg,3,2
anger,http://farm3.staticflickr.com/2419/2259011287_c06dcde4c9_z.jpg,0,5
anger,http://farm3.staticflickr.com/2762/4134732641_c6438fb209_z.jpg,4,1
anger,http://farm6.staticflickr.com/5019/5409331387_70fe730966_z.jpg,5,0
anger,http://farm6.staticflickr.com/5165/5279940440_3bd5c05d55_z.jpg,5,0
anger,http://farm4.staticflickr.com/3082/2742679723_0b2cd492ef_z.jpg,5,0
anger,http://farm5.staticflickr.com/4004/4208982919_ded8cd720c_z.jpg,5,0
anger,http://farm8.staticflickr.com/7310/8748228336_a9475e24dc_z.jpg,3,2
anger,http://farm6.staticflickr.com/5109/5600407359_225e08b1eb_z.jpg,3,2
anger,http://farm8.staticflickr.com/7123/7585815510_108b7f6be2_z.jpg,4,1
anger,http://farm9.staticflickr.com/8667/15891216189_a6d46f8868_z.jpg,4,0
anger,http://farm5.staticflickr.com/4131/4988615641_1c34e51cff_z.jpg,3,2
anger,http://farm4.staticflickr.com/3779/9761659951_1079aac59e_z.jpg,5,0
anger,http://farm3.staticflickr.com/2364/2159425446_36e69e93b8_z.jpg,4,1
anger,http://farm5.staticflickr.com/4098/4789012976_736639f34e_z.jpg,3,2
anger,http://farm6.staticflickr.com/5449/7174942396_5294c58f29_z.jpg,3,1
anger,http://farm9.staticflickr.com/8570/16270310881_9289fb6884_z.jpg,3,2
anger,http://farm5.staticflickr.com/4023/4497022380_0077734d10_z.jpg,4,0
anger,http://farm9.staticflickr.com/8147/7175547683_806421292c_z.jpg,5,0
anger,http://farm7.staticflickr.com/6161/6210943803_e6532ae5f3_z.jpg,5,0
anger,http://farm3.staticflickr.com/2479/4073013937_3ff1f03338_z.jpg,4,1
anger,http://farm3.staticflickr.com/2408/1677157858_a7f11c683f_z.jpg,3,2
anger,http://farm9.staticflickr.com/8178/7941243236_8ca7ea0fe2_z.jpg,5,0
anger,http://farm4.staticflickr.com/3956/15472078309_e026dcfb18_z.jpg,5,0
anger,http://farm2.staticflickr.com/1012/634976629_8c3c6985fa_z.jpg,5,0
anger,http://farm7.staticflickr.com/6223/6291902095_13e925d45f_z.jpg,4,1
anger,http://farm3.staticflickr.com/2902/13973265770_3e8e04b162_z.jpg,1,4
anger,http://farm4.staticflickr.com/3286/2950401296_10b224a402_z.jpg,3,2
anger,http://farm4.staticflickr.com/3907/14927657670_f5c45ace0d_z.jpg,1,4
anger,http://farm4.staticflickr.com/3818/13448253313_65fa730fc8_z.jpg,4,1
anger,http://farm6.staticflickr.com/5545/11805474345_cc30e6eb69_z.jpg,5,0
anger,http://farm4.staticflickr.com/3910/14203792998_14ac4d389f_z.jpg,3,2
anger,http://farm7.staticflickr.com/6152/6258836013_83f9465fe8_z.jpg,3,2
anger,http://farm2.staticflickr.com/1048/3163489743_3dd9912e47_z.jpg,4,0
anger,http://farm7.staticflickr.com/6001/5997684874_8bf130f5a4_z.jpg,5,0
anger,http://farm6.staticflickr.com/5286/5205520703_6d431a21a0_z.jpg,5,0
anger,http://farm4.staticflickr.com/3041/3056248827_141b48d6e2_z.jpg,5,0
anger,http://farm4.staticflickr.com/3332/3476870440_b56f487d79_z.jpg,5,0
anger,http://farm4.staticflickr.com/3709/10251042586_5c28fd8c3b_z.jpg,5,0
anger,http://farm1.staticflickr.com/170/481078953_e8175c93aa_z.jpg,4,1
anger,http://farm5.staticflickr.com/4061/5076754790_bbcd801ebb_z.jpg,5,0
anger,http://farm3.staticflickr.com/2925/14469175009_e674880be7_z.jpg,4,1
anger,http://farm6.staticflickr.com/5012/5517690332_ba030a62dc_z.jpg,5,0
anger,http://farm4.staticflickr.com/3154/5709516224_8195f7e342_z.jpg,5,0
anger,http://farm4.staticflickr.com/3098/3211985074_a2728ffbe4_z.jpg,5,0
anger,http://farm8.staticflickr.com/7321/11278145506_c4ae35e60f_z.jpg,4,1
anger,http://farm3.staticflickr.com/2132/2440957092_1f20cc1fe1_z.jpg,3,2
anger,http://farm7.staticflickr.com/6070/6072685465_dce5b5b179_z.jpg,5,0
anger,http://farm4.staticflickr.com/3913/14595797947_f87625c164_z.jpg,2,3
anger,http://farm6.staticflickr.com/5260/5424043791_c9cdcb56c2_z.jpg,5,0
anger,http://farm4.staticflickr.com/3324/3339199404_c00c98bf71_z.jpg,4,1
anger,http://farm4.staticflickr.com/3075/4562892031_c896770dd6_z.jpg,5,0
anger,http://farm6.staticflickr.com/5189/5690207152_ddc676e670_z.jpg,4,1
