anger,http://farm3.staticflickr.com/2826/9294409450_a13129a751_z.jpg,5,0
anger,http://farm7.staticflickr.com/6080/6028773186_306b2a3209_z.jpg,5,0
anger,http://farm3.staticflickr.com/2781/4169371067_35c7c697e7_z.jpg,5,0
anger,http://farm8.staticflickr.com/7449/9088103809_195d7388fe_z.jpg,5,0
anger,http://farm3.staticflickr.com/2422/3904449375_afa16c73af_z.jpg,3,2
anger,http://farm5.staticflickr.com/4036/4328281953_094210013f_z.jpg,2,3
anger,http://farm7.staticflickr.com/6187/6154132558_a4fc572796_z.jpg,5,0
anger,http://farm9.staticflickr.com/8648/16066270042_f266fc2650_z.jpg,5,0
anger,http://farm9.staticflickr.com/8145/7420823312_43d75bd797_z.jpg,5,0
anger,http://farm8.staticflickr.com/7294/10794697946_5c19eff029_z.jpg,4,1
anger,http://farm6.staticflickr.com/5326/9290441236_57ba80d443_z.jpg,1,4
anger,http://farm6.staticflickr.com/5491/9502577075_c3c14d5a0e_z.jpg,4,1
anger,http://farm9.staticflickr.com/8017/7117996109_81032f8c21_z.jpg,5,0
anger,http://farm2.staticflickr.com/1143/845597982_5c4d5aaf14_z.jpg,5,0
anger,http://farm8.staticflickr.com/7160/6841434239_c373f698e6_z.jpg,5,0
anger,http://farm4.staticflickr.com/3726/12209531014_fc081f0ae5_z.jpg,5,0
anger,http://farm9.staticflickr.com/8295/8021103893_9634b94dac_z.jpg,5,0
anger,http://farm9.staticflickr.com/8455/7912098488_c7d5613266_z.jpg,5,0
anger,http://farm9.staticflickr.com/8361/8396392338_d716f4e80b_z.jpg,5,0
anger,http://farm6.staticflickr.com/5178/5512745540_a3a50c8c42_z.jpg,5,0
anger,http://farm6.staticflickr.com/5174/5526788504_74823562ca_z.jpg,5,0
anger,http://farm4.staticflickr.com/3801/9510775845_205c282d98_z.jpg,5,0
anger,http://farm8.staticflickr.com/7034/6708027895_617928b446_z.jpg,1,4
anger,http://farm3.staticflickr.com/2589/4225905287_03085e6791_z.jpg,0,5
anger,http://farm3.staticflickr.com/2775/4030398434_99633ccbe5_z.jpg,5,0
anger,http://farm5.staticflickr.com/4136/4899498200_41d38d0ec6_z.jpg,5,0
anger,http://farm4.staticflickr.com/3771/8791849156_f04ce9b717_z.jpg,4,1
anger,http://farm6.staticflickr.com/5098/5468871878_413e7a6be1_z.jpg,4,1
anger,http://farm4.staticflickr.com/3901/14935674032_ff3e96c0aa_z.jpg,5,0
anger,http://farm6.staticflickr.com/5032/14189645989_162a4f45d3_z.jpg,5,0
anger,http://farm5.staticflickr.com/4055/4257825669_dbe4250149_z.jpg,5,0
anger,http://farm4.staticflickr.com/3867/14366301635_daa40e5324_z.jpg,5,0
anger,http://farm3.staticflickr.com/2457/3837215103_00de0b610f_z.jpg,5,0
anger,http://farm5.staticflickr.com/4015/4477587614_e25eea186e_z.jpg,5,0
anger,http://farm9.staticflickr.com/8169/7950019474_eb32445a2a_z.jpg,5,0
anger,http://farm9.staticflickr.com/8017/7545951554_456fc691f8_z.jpg,0,5
anger,http://farm3.staticflickr.com/2823/13448401165_8fdb6b3e4d_z.jpg,5,0
anger,http://farm3.staticflickr.com/2799/4530965467_4bffb4a68a_z.jpg,5,0
anger,http://farm3.staticflickr.com/2913/14425144957_6d5b7bd786_z.jpg,3,2
anger,http://farm4.staticflickr.com/3762/11201079716_b493be67d2_z.jpg,1,4
anger,http://farm6.staticflickr.com/5122/5223415254_62d3fbc12c_z.jpg,4,1
anger,http://farm4.staticflickr.com/3561/3356318486_93eb3aebee_z.jpg,4,1
anger,http://farm6.staticflickr.com/5553/15099907787_9e3eb60030_z.jpg,5,0
anger,http://farm6.staticflickr.com/5026/5736011007_e074081154_z.jpg,4,1
anger,http://farm4.staticflickr.com/3761/13243765204_242d036ed6_z.jpg,3,2
anger,http://farm5.staticflickr.com/4110/4957839770_7a3a193208_z.jpg,5,0
anger,http://farm4.staticflickr.com/3753/9482601589_b28aa0e544_z.jpg,5,0
anger,http://farm3.staticflickr.com/2941/15103868117_da19341dfa_z.jpg,5,0
anger,http://farm6.staticflickr.com/5259/5417153110_0c61b60725_z.jpg,5,0
anger,http://farm6.staticflickr.com/5175/5539985668_4de0993ba4_z.jpg,5,0
anger,http://farm4.staticflickr.com/3688/9761893854_2aee44518a_z.jpg,5,0
anger,http://farm9.staticflickr.com/8548/8768958798_368bb7fd85_z.jpg,5,0
anger,http://farm5.staticflickr.com/4092/5038937014_62270ed7fc_z.jpg,5,0
anger,http://farm4.staticflickr.com/3786/9682683599_c5a3afcd35_z.jpg,5,0
anger,http://farm9.staticflickr.com/8123/8685789106_1547bd010f_z.jpg,5,0
anger,http://farm9.staticflickr.com/8002/7470620382_8423f980fb_z.jpg,5,0
anger,http://farm8.staticflickr.com/7151/6772477335_0e541fcc3a_z.jpg,3,2
anger,http://farm9.staticflickr.com/8657/16015495852_48ba8a520f_z.jpg,2,3
anger,http://farm7.staticflickr.com/6017/5894400951_f1ce2fa8b9_z.jpg,4,1
anger,http://farm8.staticflickr.com/7092/13664319464_e3278a6258_z.jpg,5,0
anger,http://farm6.staticflickr.com/5133/5522726320_f7289517a2_z.jpg,5,0
anger,http://farm8.staticflickr.com/7143/6778730293_9239808669_z.jpg,5,0
anger,http://farm5.staticflickr.com/4097/5440728646_b566139a6b_z.jpg,4,1
anger,http://farm4.staticflickr.com/3042/2743523732_716aeefcf6_z.jpg,5,0
anger,http://farm4.staticflickr.com/3896/14649219726_a316f60c9c_z.jpg,5,0
anger,http://farm8.staticflickr.com/7148/6621936645_0b421261a4_z.jpg,5,0
anger,http://farm4.staticflickr.com/3787/12952098613_a2394500d3_z.jpg,0,5
anger,http://farm6.staticflickr.com/5544/14425176637_1e54f92351_z.jpg,2,3
anger,http://farm5.staticflickr.com/4095/4867968887_4be3581780_z.jpg,4,1
anger,http://farm4.staticflickr.com/3446/3793255210_859603a4af_z.jpg,5,0
anger,http://farm1.staticflickr.com/158/429366035_6ac0dee937_z.jpg,5,0
anger,http://farm3.staticflickr.com/2878/10180660593_428b7644a7_z.jpg,0,5
anger,http://farm8.staticflickr.com/7389/8730668044_249d316337_z.jpg,5,0
anger,http://farm9.staticflickr.com/8112/8552164340_4d0db91e6a_z.jpg,5,0
anger,http://farm8.staticflickr.com/7220/13328904753_0615583d2a_z.jpg,0,5
anger,http://farm6.staticflickr.com/5460/9761829394_9cce410edb_z.jpg,5,0
anger,http://farm2.staticflickr.com/1256/5131312034_e75b975ab5_z.jpg,5,0
anger,http://farm7.staticflickr.com/6090/6064631081_56248c64d1_z.jpg,5,0
anger,http://farm4.staticflickr.com/3174/2289786009_0423629581_z.jpg,5,0
anger,http://farm5.staticflickr.com/4113/5014190362_a63e00438a_z.jpg,5,0
anger,http://farm9.staticflickr.com/8300/7787104722_cd91391e98_z.jpg,5,0
anger,http://farm9.staticflickr.com/8362/8264598411_ffacf86d3b_z.jpg,5,0
anger,http://farm3.staticflickr.com/2567/4205960225_1bba29723a_z.jpg,5,0
anger,http://farm5.staticflickr.com/4143/4780794344_f76076afa2_z.jpg,1,4
anger,http://farm7.staticflickr.com/6193/6135704766_00a3b5631c_z.jpg,2,3
anger,http://farm3.staticflickr.com/2857/9412432838_7610d75a20_z.jpg,5,0
anger,http://farm8.staticflickr.com/7281/8735860017_d70a0431cc_z.jpg,5,0
anger,http://farm5.staticflickr.com/4074/4866977318_5f57b2db0e_z.jpg,4,1
anger,http://farm4.staticflickr.com/3509/3461714258_5df4ee7396_z.jpg,5,0
anger,http://farm6.staticflickr.com/5024/5759732276_87bd24c07f_z.jpg,5,0
anger,http://farm6.staticflickr.com/5210/5250863305_9fbf73b4f3_z.jpg,5,0
anger,http://farm6.staticflickr.com/5035/7383202620_a45722a38c_z.jpg,5,0
anger,http://farm3.staticflickr.com/2823/9108547528_b1799a71eb_z.jpg,4,1
anger,http://farm4.staticflickr.com/3134/3351294111_4decb3c229_z.jpg,5,0
anger,http://farm4.staticflickr.com/3226/2798645459_551095edbb_z.jpg,5,0
anger,http://farm8.staticflickr.com/7382/12350236404_a02400aa76_z.jpg,5,0
anger,http://farm4.staticflickr.com/3925/14663269736_99d49cd7b1_z.jpg,2,3
anger,http://farm3.staticflickr.com/2625/5735857161_b4dafd2e44_z.jpg,3,2
anger,http://farm7.staticflickr.com/6056/6337787574_36838b5db9_z.jpg,3,2
anger,http://farm1.staticflickr.com/174/482642917_1e0b796463_z.jpg,5,0
anger,http://farm3.staticflickr.com/2739/4170941339_923ff3de48_z.jpg,5,0
anger,http://farm4.staticflickr.com/3686/10024917576_4356059af6_z.jpg,5,0
anger,http://farm4.staticflickr.com/3910/14890746557_8cd7732da8_z.jpg,5,0
anger,http://farm3.staticflickr.com/2723/4149874041_d0f717c9cd_z.jpg,4,1
anger,http://farm9.staticflickr.com/8462/8028214905_fbb86db87d_z.jpg,5,0
anger,http://farm5.staticflickr.com/4034/4679936343_157dc93893_z.jpg,5,0
anger,http://farm3.staticflickr.com/2328/2821580120_54e0f4d56a_z.jpg,5,0
anger,http://farm5.staticflickr.com/4071/4666037733_b9d7516851_z.jpg,5,0
anger,http://farm3.staticflickr.com/2922/14074798345_f3599e04d3_z.jpg,0,5
anger,http://farm2.staticflickr.com/1157/5156136170_ec5b87152e_z.jpg,3,2
anger,http://farm6.staticflickr.com/5540/11281184604_3d15feb16f_z.jpg,3,2
anger,http://farm9.staticflickr.com/8039/7944347546_d822e16e02_z.jpg,5,0
anger,http://farm9.staticflickr.com/8192/8130876794_c43b6842bf_z.jpg,5,0
anger,http://farm2.staticflickr.com/1198/1351320347_9c1213bbb1_z.jpg,5,0
anger,http://farm5.staticflickr.com/4039/4626834004_482c36a38e_z.jpg,5,0
anger,http://farm7.staticflickr.com/6077/6162201378_4e2ddcdab3_z.jpg,5,0
anger,http://farm5.staticflickr.com/4036/4496982520_628b012159_z.jpg,2,3
anger,http://farm6.staticflickr.com/5127/5325873064_a124d6a9c4_z.jpg,4,1
anger,http://farm4.staticflickr.com/3863/14319843948_3645243925_z.jpg,3,2
anger,http://farm2.staticflickr.com/1093/1345117890_0de2c7740e_z.jpg,5,0
anger,http://farm5.staticflickr.com/4106/5193112402_32acb40191_z.jpg,5,0
anger,http://farm2.staticflickr.com/1155/4721515524_55bce71474_z.jpg,5,0
anger,http://farm2.staticflickr.com/1369/1464124240_4109c01196_z.jpg,5,0
anger,http://farm9.staticflickr.com/8610/16030132737_603032b74c_z.jpg,5,0
anger,http://farm7.staticflickr.com/6007/5999516199_3d2f2fcb82_z.jpg,5,0
anger,http://farm6.staticflickr.com/5578/14802547283_2c3c3d0184_z.jpg,5,0
anger,http://farm3.staticflickr.com/2445/3536698125_08b3853379_z.jpg,4,1
anger,http://farm6.staticflickr.com/5163/5248371447_deb0abef06_z.jpg,5,0
anger,http://farm8.staticflickr.com/7160/6769124863_dfa293c8fc_z.jpg,4,1
anger,http://farm3.staticflickr.com/2700/4302277735_321181ef29_z.jpg,5,0
anger,http://farm3.staticflickr.com/2904/14750189391_d8314afd2a_z.jpg,5,0
anger,http://farm6.staticflickr.com/5100/5725793305_00970ae30a_z.jpg,1,4
anger,http://farm8.staticflickr.com/7242/7095916837_f6c8af867f_z.jpg,5,0
anger,http://farm6.staticflickr.com/5251/5547133788_f95aa4c4f3_z.jpg,4,1
anger,http://farm6.staticflickr.com/5152/5904407036_a026b4c122_z.jpg,5,0
anger,http://farm5.staticflickr.com/4123/4798831085_a5f8ed210a_z.jpg,5,0
anger,http://farm8.staticflickr.com/7193/6889193730_854613c1b7_z.jpg,5,0
anger,http://farm8.staticflickr.com/7012/6817459759_ce5916774f_z.jpg,5,0
anger,http://farm6.staticflickr.com/5302/5884700663_fea856f610_z.jpg,4,1
anger,http://farm9.staticflickr.com/8528/8627929942_d55e14d7ee_z.jpg,5,0
anger,http://farm5.staticflickr.com/4019/4435326474_923484c1b7_z.jpg,5,0
anger,http://farm5.staticflickr.com/4062/4623654158_1e9b7069ae_z.jpg,5,0
anger,http://farm6.staticflickr.com/5260/5545991441_02bf1edc4a_z.jpg,5,0
anger,http://farm3.staticflickr.com/2230/2397177297_6e9bd924f7_z.jpg,4,0
anger,http://farm8.staticflickr.com/7067/6942184118_e62f61903d_z.jpg,5,0
anger,http://farm4.staticflickr.com/3077/3207486463_1b1792bc06_z.jpg,0,5
anger,http://farm7.staticflickr.com/6024/5933142960_f71492d965_z.jpg,5,0
anger,http://farm4.staticflickr.com/3103/2848249774_461c9036ce_z.jpg,4,1
anger,http://farm8.staticflickr.com/7166/6803062335_9af7bd1399_z.jpg,5,0
anger,http://farm4.staticflickr.com/3445/3391156228_0f79484cab_z.jpg,3,2
anger,http://farm3.staticflickr.com/2553/3982985520_6ef0b3b950_z.jpg,4,1
anger,http://farm5.staticflickr.com/4032/4479103919_2679ca878d_z.jpg,5,0
anger,http://farm6.staticflickr.com/5014/13713947323_8b44cc35c7_z.jpg,5,0
anger,http://farm5.staticflickr.com/4076/4760694740_6f01e3f1be_z.jpg,4,1
anger,http://farm6.staticflickr.com/5256/5531502619_a0fc876fbe_z.jpg,4,1
anger,http://farm3.staticflickr.com/2081/2346460979_7122b63389_z.jpg,5,0
anger,http://farm4.staticflickr.com/3941/15563972030_ce5d3cb220_z.jpg,5,0
anger,http://farm4.staticflickr.com/3665/8936501586_4f65a28a00_z.jpg,5,0
anger,http://farm9.staticflickr.com/8010/7540088832_62e6a0ee45_z.jpg,2,3
anger,http://farm5.staticflickr.com/4053/4318934772_0157c40d5e_z.jpg,5,0
anger,http://farm4.staticflickr.com/3125/3132837729_5d7a697515_z.jpg,4,0
anger,http://farm9.staticflickr.com/8536/8605133991_173841fc07_z.jpg,5,0
anger,http://farm3.staticflickr.com/2465/3563472180_9dec872676_z.jpg,4,1
anger,http://farm5.staticflickr.com/4152/5001108372_e287c6b161_z.jpg,5,0
anger,http://farm4.staticflickr.com/3861/14950651990_b6eab85b5d_z.jpg,5,0
anger,http://farm8.staticflickr.com/7281/9512930848_56db0efc7d_z.jpg,3,2
anger,http://farm9.staticflickr.com/8487/8172780344_0a356b8630_z.jpg,5,0
anger,http://farm9.staticflickr.com/8181/7983253782_7050ef7212_z.jpg,0,5
anger,http://farm6.staticflickr.com/5457/9711536356_80f8f8d6e9_z.jpg,3,2
anger,http://farm9.staticflickr.com/8018/7103232119_97a7cd6033_z.jpg,5,0
anger,http://farm5.staticflickr.com/4130/5001280932_1036aa65f1_z.jpg,5,0
anger,http://farm5.staticflickr.com/4055/4208983269_6b1e7245e0_z.jpg,5,0
anger,http://farm7.staticflickr.com/6116/6249359072_2692397e8e_z.jpg,0,5
anger,http://farm3.staticflickr.com/2580/4149818799_4fde7b5fe6_z.jpg,4,0
anger,http://farm4.staticflickr.com/3799/11343342616_b8ee3ea045_z.jpg,2,3
anger,http://farm4.staticflickr.com/3832/9081784740_4e66c77dbb_z.jpg,5,0
anger,http://farm9.staticflickr.com/8030/8068508126_b198b9cb0c_z.jpg,5,0
anger,http://farm8.staticflickr.com/7541/15762258896_c087c7e16c_z.jpg,4,1
anger,http://farm5.staticflickr.com/4005/5132592500_5c8733d35b_z.jpg,5,0
anger,http://farm2.staticflickr.com/1057/5103357476_f5967c0dd2_z.jpg,5,0
anger,http://farm8.staticflickr.com/7362/8936160564_640cc25f9a_z.jpg,4,1
anger,http://farm4.staticflickr.com/3166/2760797703_b5bd23e971_z.jpg,4,0
anger,http://farm5.staticflickr.com/4087/4995217935_656b9f3c4c_z.jpg,5,0
anger,http://farm7.staticflickr.com/6157/6162122344_9567dd6104_z.jpg,5,0
anger,http://farm5.staticflickr.com/4136/4793473046_8420935792_z.jpg,4,1
anger,http://farm9.staticflickr.com/8287/7576347098_053f4309e9_z.jpg,5,0
anger,http://farm9.staticflickr.com/8116/8615174627_788b7c1631_z.jpg,5,0
anger,http://farm4.staticflickr.com/3954/15411960639_d2b05b661b_z.jpg,1,4
anger,http://farm9.staticflickr.com/8021/7195439028_d62d765204_z.jpg,3,2
anger,http://farm4.staticflickr.com/3539/3414482025_80cbda496e_z.jpg,5,0
anger,http://farm7.staticflickr.com/6094/6264542669_f73046bd0d_z.jpg,5,0
anger,http://farm5.staticflickr.com/4126/5214062115_76e8c9ec1e_z.jpg,5,0
anger,http://farm4.staticflickr.com/3326/4623642138_8dcaca34f4_z.jpg,5,0
anger,http://farm4.staticflickr.com/3208/2793245851_0f32c96e04_z.jpg,5,0
anger,http://farm9.staticflickr.com/8493/8306088670_d36c07b495_z.jpg,5,0
anger,http://farm4.staticflickr.com/3404/5777506041_f6d4950690_z.jpg,5,0
anger,http://farm6.staticflickr.com/5605/15311454210_2df9cdca77_z.jpg,3,2
anger,http://farm4.staticflickr.com/3839/14665776383_bc3fcc2ab9_z.jpg,5,0
anger,http://farm4.staticflickr.com/3104/5770209950_4849b7fe84_z.jpg,3,2
anger,http://farm9.staticflickr.com/8100/8553433671_5e5dd3ae72_z.jpg,4,1
anger,http://farm7.staticflickr.com/6059/6330086644_fcc9c73788_z.jpg,5,0
anger,http://farm7.staticflickr.com/6077/6082725785_ba1be7604e_z.jpg,4,1
anger,http://farm7.staticflickr.com/6037/6295260685_db4a6e4c4c_z.jpg,5,0
anger,http://farm3.staticflickr.com/2376/2108846692_5e21273650_z.jpg,5,0
anger,http://farm4.staticflickr.com/3860/14780858185_e60fd5c58b_z.jpg,5,0
anger,http://farm9.staticflickr.com/8356/8288050024_1514c764c8_z.jpg,5,0
anger,http://farm5.staticflickr.com/4115/4796800279_0dd7707db9_z.jpg,5,0
anger,http://farm4.staticflickr.com/3328/4620007104_bc5ac3713f_z.jpg,4,1
anger,http://farm4.staticflickr.com/3181/2805186057_a7d55399d8_z.jpg,5,0
anger,http://farm7.staticflickr.com/6118/6294133888_3ebecc2849_z.jpg,0,5
anger,http://farm8.staticflickr.com/7402/14122893725_633b5a2dd2_z.jpg,3,2
anger,http://farm5.staticflickr.com/4032/4622566020_7b2240ebc0_z.jpg,5,0
anger,http://farm6.staticflickr.com/5179/5446665365_eae10dabab_z.jpg,5,0
anger,http://farm9.staticflickr.com/8172/8072326329_dc9ef39ae4_z.jpg,5,0
anger,http://farm4.staticflickr.com/3484/3772309853_8cce6c9859_z.jpg,5,0
anger,http://farm4.staticflickr.com/3884/15203585258_d08958d201_z.jpg,5,0
anger,http://farm4.staticflickr.com/3624/3460055079_958c6309ec_z.jpg,4,1
anger,http://farm8.staticflickr.com/7033/6744676941_c415c0835b_z.jpg,5,0
anger,http://farm4.staticflickr.com/3300/3589582476_dcfeb89362_z.jpg,5,0
anger,http://farm8.staticflickr.com/7259/7705149960_f3051aa738_z.jpg,5,0
anger,http://farm5.staticflickr.com/4080/4923014039_a7fa884dbc_z.jpg,4,1
anger,http://farm8.staticflickr.com/7009/6467654207_eba1ebe917_z.jpg,4,1
anger,http://farm3.staticflickr.com/2810/11965416876_c6672ef187_z.jpg,5,0
anger,http://farm6.staticflickr.com/5102/5635094413_d8e79cd86b_z.jpg,5,0
anger,http://farm3.staticflickr.com/2871/9761873404_bd4979d71d_z.jpg,5,0
anger,http://farm8.staticflickr.com/7480/16008782101_fca175bdd7_z.jpg,5,0
anger,http://farm7.staticflickr.com/6074/6156223236_ca58fa5023_z.jpg,5,0
anger,http://farm5.staticflickr.com/4142/4749217623_3fd472e9b5_z.jpg,5,0
anger,http://farm6.staticflickr.com/5605/15457889238_9915b47193_z.jpg,4,1
anger,http://farm8.staticflickr.com/7070/6774979824_3f7e2cee12_z.jpg,0,5
anger,http://farm7.staticflickr.com/6171/6135712862_953e09062d_z.jpg,5,0
anger,http://farm8.staticflickr.com/7437/8845674569_66823c8b16_z.jpg,5,0
anger,http://farm3.staticflickr.com/2937/14503491504_6360b5c1e3_z.jpg,5,0
anger,http://farm2.staticflickr.com/1030/5182768395_1a7d38dfb1_z.jpg,5,0
anger,http://farm4.staticflickr.com/3889/14866438983_68ab18dc60_z.jpg,5,0
anger,http://farm3.staticflickr.com/2764/4287641138_c7b325fd2e_z.jpg,5,0
anger,http://farm9.staticflickr.com/8506/8466920349_b642e969dd_z.jpg,5,0
anger,http://farm2.staticflickr.com/1093/5134254826_2990f3caaa_z.jpg,5,0
anger,http://farm9.staticflickr.com/8334/8104454710_226cd55fcf_z.jpg,5,0
anger,http://farm6.staticflickr.com/5571/14775704692_720499e10e_z.jpg,5,0
anger,http://farm4.staticflickr.com/3808/10439639873_8f9933828e_z.jpg,0,5
anger,http://farm7.staticflickr.com/6089/6039341681_7814f849d1_z.jpg,4,1
anger,http://farm6.staticflickr.com/5138/5472878557_3531f94d17_z.jpg,5,0
anger,http://farm3.staticflickr.com/2833/11221125384_985007c515_z.jpg,5,0
anger,http://farm6.staticflickr.com/5253/5525920761_490dc705e2_z.jpg,5,0
anger,http://farm8.staticflickr.com/7272/13709414253_f1d87b7591_z.jpg,5,0
anger,http://farm8.staticflickr.com/7151/6707638071_e404a1f544_z.jpg,3,2
anger,http://farm6.staticflickr.com/5047/5375365378_d55b5a4653_z.jpg,2,3
anger,http://farm5.staticflickr.com/4027/4673610531_03887cdf96_z.jpg,5,0
anger,http://farm5.staticflickr.com/4101/4871033619_9462b55fef_z.jpg,5,0
anger,http://farm4.staticflickr.com/3072/3042231689_391b3e9a86_z.jpg,5,0
anger,http://farm5.staticflickr.com/4113/5058461237_dff2fd336c_z.jpg,5,0
anger,http://farm4.staticflickr.com/3883/14992836642_41b93b7479_z.jpg,5,0
anger,http://farm6.staticflickr.com/5557/14247131074_b1a2a68857_z.jpg,5,0
anger,http://farm6.staticflickr.com/5596/14747925049_68bc01b031_z.jpg,5,0
anger,http://farm7.staticflickr.com/6174/6161712511_6f95848569_z.jpg,5,0
anger,http://farm7.staticflickr.com/6134/5917177915_23a04ef07d_z.jpg,0,5
anger,http://farm9.staticflickr.com/8388/8521457346_c7dc525851_z.jpg,5,0
anger,http://farm5.staticflickr.com/4053/4212902566_f7ed2a0fea_z.jpg,5,0
anger,http://farm5.staticflickr.com/4071/4498987243_3d67bf7b2e_z.jpg,5,0
anger,http://farm7.staticflickr.com/6026/5957302630_136b0c8cbe_z.jpg,5,0
anger,http://farm3.staticflickr.com/2284/2274141811_23b91c6b99_z.jpg,5,0
anger,http://farm8.staticflickr.com/7175/6841431595_07755fd1b5_z.jpg,5,0
anger,http://farm6.staticflickr.com/5538/10814637114_30aec251ba_z.jpg,4,1
anger,http://farm4.staticflickr.com/3916/15290436565_cbe70e3a5b_z.jpg,5,0
anger,http://farm6.staticflickr.com/5119/7156493876_726805a689_z.jpg,5,0
anger,http://farm9.staticflickr.com/8126/8685763998_50f6f04326_z.jpg,5,0
anger,http://farm8.staticflickr.com/7258/7748174702_24d80d5d68_z.jpg,4,1
anger,http://farm6.staticflickr.com/5282/5248934366_8ee201fb65_z.jpg,1,4
anger,http://farm8.staticflickr.com/7452/13984072148_cf8a78b9f5_z.jpg,5,0
anger,http://farm8.staticflickr.com/7139/7699330596_475ca13d4f_z.jpg,5,0
anger,http://farm4.staticflickr.com/3742/13723200043_cfe30594d7_z.jpg,5,0
anger,http://farm5.staticflickr.com/4004/4347225813_a093160a33_z.jpg,2,3
anger,http://farm6.staticflickr.com/5088/5355615344_9862b9ba86_z.jpg,5,0
anger,http://farm4.staticflickr.com/3939/15145317754_1dacf50d95_z.jpg,5,0
anger,http://farm5.staticflickr.com/4049/5164903933_9dbf750415_z.jpg,5,0
anger,http://farm3.staticflickr.com/2811/10977883553_c1e315f61d_z.jpg,5,0
anger,http://farm5.staticflickr.com/4129/5195926344_b961a0638a_z.jpg,3,2
anger,http://farm4.staticflickr.com/3879/14586888325_4f74a7ef52_z.jpg,5,0
anger,http://farm2.staticflickr.com/1180/5112874184_86b4a952a2_z.jpg,3,2
anger,http://farm6.staticflickr.com/5575/15042627880_e9dfc7dd08_z.jpg,5,0
anger,http://farm4.staticflickr.com/3870/15232053676_5a54286a7a_z.jpg,5,0
anger,http://farm8.staticflickr.com/7334/13622917585_72fda56e22_z.jpg,4,1
anger,http://farm4.staticflickr.com/3430/3770006588_b8bf9b0aec_z.jpg,5,0
anger,http://farm9.staticflickr.com/8007/7368401472_019ed1ed7a_z.jpg,5,0
anger,http://farm6.staticflickr.com/5020/5512945900_4b6392825f_z.jpg,5,0
anger,http://farm3.staticflickr.com/2901/14726569976_9c10e485e8_z.jpg,5,0
anger,http://farm9.staticflickr.com/8531/8464642043_3b3529fa2f_z.jpg,5,0
anger,http://farm5.staticflickr.com/4075/5411501552_8d93c9e633_z.jpg,5,0
anger,http://farm8.staticflickr.com/7046/6869124283_96dcfee833_z.jpg,4,1
anger,http://farm6.staticflickr.com/5513/9849905546_bbff2ab23b_z.jpg,4,1
anger,http://farm4.staticflickr.com/3570/3546855163_0077578c53_z.jpg,4,1
anger,http://farm5.staticflickr.com/4108/5214486592_514d2844d4_z.jpg,5,0
anger,http://farm1.staticflickr.com/247/444810183_42b5e31885_z.jpg,5,0
anger,http://farm4.staticflickr.com/3807/12447601865_01256ebf98_z.jpg,5,0
anger,http://farm3.staticflickr.com/2470/3793214038_7c3e53ac7f_z.jpg,5,0
anger,http://farm3.staticflickr.com/2679/4097886595_7cf26217e8_z.jpg,5,0
anger,http://farm7.staticflickr.com/6092/6346478044_2446faea92_z.jpg,5,0
anger,http://farm2.staticflickr.com/1070/580134528_285bca613e_z.jpg,5,0
anger,http://farm5.staticflickr.com/4109/4971287435_860ce67bb2_z.jpg,5,0
anger,http://farm8.staticflickr.com/7444/12041533373_e22d9bfe6b_z.jpg,0,5
anger,http://farm7.staticflickr.com/6211/6286571445_2f6ac5bdf2_z.jpg,5,0
anger,http://farm4.staticflickr.com/3122/2637411750_1802ffa15d_z.jpg,2,3
anger,http://farm3.staticflickr.com/2640/3976819275_a07d78c95b_z.jpg,5,0
anger,http://farm6.staticflickr.com/5019/5526601785_e8e107c054_z.jpg,5,0
anger,http://farm2.staticflickr.com/1254/5132355340_a1cf60c6af_z.jpg,5,0
anger,http://farm8.staticflickr.com/7275/7140591677_090bc433c7_z.jpg,3,2
anger,http://farm8.staticflickr.com/7103/7298020788_c98e294e03_z.jpg,5,0
anger,http://farm3.staticflickr.com/2804/4098648330_c107cb73bb_z.jpg,4,1
anger,http://farm9.staticflickr.com/8232/8431271551_d9c88cfb78_z.jpg,5,0
anger,http://farm6.staticflickr.com/5264/5622435500_f0be713118_z.jpg,4,1
anger,http://farm3.staticflickr.com/2855/9294863749_ed129fb1f2_z.jpg,4,1
anger,http://farm4.staticflickr.com/3211/3010374108_9a2ddf6020_z.jpg,3,2
anger,http://farm5.staticflickr.com/4067/4452701034_252ecf193f_z.jpg,5,0
anger,http://farm5.staticflickr.com/4094/4942881748_70d37089a0_z.jpg,5,0
anger,http://farm4.staticflickr.com/3046/2904455780_021ab55712_z.jpg,5,0
anger,http://farm9.staticflickr.com/8539/8614645429_1e8b616797_z.jpg,5,0
anger,http://farm8.staticflickr.com/7321/12961513694_8c693f3b98_z.jpg,5,0
anger,http://farm6.staticflickr.com/5527/9665062206_1e7903d39a_z.jpg,2,3
anger,http://farm2.staticflickr.com/1333/5152155765_8b03edaa66_z.jpg,5,0
anger,http://farm7.staticflickr.com/6105/6297758165_68a24eeb6c_z.jpg,5,0
anger,http://farm8.staticflickr.com/7515/15357337364_a7c823c73e_z.jpg,5,0
anger,http://farm9.staticflickr.com/8241/8587489597_3dd36da6c1_z.jpg,5,0
anger,http://farm9.staticflickr.com/8064/8166444701_2874f0b044_z.jpg,5,0
anger,http://farm4.staticflickr.com/3895/14598417160_0f801c7cc2_z.jpg,5,0
anger,http://farm9.staticflickr.com/8104/8647763279_b400bdaa76_z.jpg,5,0
anger,http://farm5.staticflickr.com/4045/4660583015_e4d1b581ef_z.jpg,5,0
anger,http://farm7.staticflickr.com/6212/6237425657_7054635e7a_z.jpg,5,0
anger,http://farm9.staticflickr.com/8258/8685774372_5b5da8e4d1_z.jpg,5,0
anger,http://farm3.staticflickr.com/2149/2126381601_2fb533364e_z.jpg,2,3
anger,http://farm9.staticflickr.com/8147/7589618354_977f444cd0_z.jpg,5,0
anger,http://farm3.staticflickr.com/2744/4043479821_e538615221_z.jpg,5,0
anger,http://farm8.staticflickr.com/7141/13198204955_100fcf1984_z.jpg,5,0
anger,http://farm3.staticflickr.com/2744/4478751254_59c83d122d_z.jpg,5,0
anger,http://farm9.staticflickr.com/8117/8660422286_25d1006ed9_z.jpg,4,1
anger,http://farm6.staticflickr.com/5554/14785635733_ed0479c442_z.jpg,5,0
anger,http://farm9.staticflickr.com/8105/8616419258_bf2ff11ec6_z.jpg,5,0
anger,http://farm6.staticflickr.com/5149/5647608051_422a4c078c_z.jpg,4,1
anger,http://farm8.staticflickr.com/7021/6436468691_e6dc12116e_z.jpg,5,0
anger,http://farm4.staticflickr.com/3265/2877311337_5ef504b244_z.jpg,5,0
anger,http://farm2.staticflickr.com/1078/612222421_8d13b35b90_z.jpg,5,0
anger,http://farm9.staticflickr.com/8439/7966436138_e88468c902_z.jpg,5,0
anger,http://farm8.staticflickr.com/7369/13961075157_e4160fe0b6_z.jpg,5,0
anger,http://farm2.staticflickr.com/1374/3266659645_601d34d521_z.jpg,5,0
anger,http://farm5.staticflickr.com/4077/4888567906_5cc86bafdb_z.jpg,4,1
anger,http://farm4.staticflickr.com/3672/8982125514_9cbc32b05a_z.jpg,5,0
anger,http://farm4.staticflickr.com/3883/14967807355_b135eba54f_z.jpg,5,0
anger,http://farm9.staticflickr.com/8326/8364185431_490d73f6df_z.jpg,5,0
anger,http://farm4.staticflickr.com/3907/14720987390_daf3aab7d6_z.jpg,5,0
anger,http://farm3.staticflickr.com/2195/2491156227_6b591a0b61_z.jpg,5,0
anger,http://farm8.staticflickr.com/7028/6610676483_0b69fe0562_z.jpg,5,0
anger,http://farm4.staticflickr.com/3178/2601567936_83eba0f69b_z.jpg,5,0
anger,http://farm7.staticflickr.com/6235/6297863895_ee870f4cf9_z.jpg,5,0
anger,http://farm2.staticflickr.com/1245/5111248296_9b9b48ae23_z.jpg,5,0
anger,http://farm4.staticflickr.com/3351/3426461143_d911e03884_z.jpg,4,1
anger,http://farm8.staticflickr.com/7399/9682804037_1c9f4a2e89_z.jpg,5,0
anger,http://farm3.staticflickr.com/2939/14294559029_abb0e42f44_z.jpg,3,2
anger,http://farm5.staticflickr.com/4025/4714424413_c2dd898713_z.jpg,5,0
anger,http://farm3.staticflickr.com/2243/5775882265_aea2cf9e23_z.jpg,5,0
anger,http://farm8.staticflickr.com/7498/16264730162_a8cd0ed730_z.jpg,5,0
anger,http://farm6.staticflickr.com/5219/5526361355_412924aa2d_z.jpg,5,0
anger,http://farm7.staticflickr.com/6221/6298017389_00e50dc6f6_z.jpg,5,0
anger,http://farm1.staticflickr.com/180/378794763_2b0ccf6939_z.jpg,5,0
anger,http://farm5.staticflickr.com/4006/4498991611_a9ab0a86af_z.jpg,5,0
anger,http://farm4.staticflickr.com/3240/3061810548_0ceca0cb3e_z.jpg,2,3
anger,http://farm6.staticflickr.com/5174/5423290689_b79d49b25f_z.jpg,4,1
anger,http://farm4.staticflickr.com/3251/2710826743_8f29d90399_z.jpg,5,0
anger,http://farm4.staticflickr.com/3197/3058983469_1b9a9219d8_z.jpg,5,0
anger,http://farm4.staticflickr.com/3565/3314253492_e740c05f74_z.jpg,5,0
anger,http://farm3.staticflickr.com/2865/9735712454_6c75860fdf_z.jpg,3,2
anger,http://farm3.staticflickr.com/2856/10189309046_b15199ab66_z.jpg,4,1
anger,http://farm4.staticflickr.com/3862/14468846698_b792057866_z.jpg,5,0
anger,http://farm3.staticflickr.com/2272/2084132765_0dccb9eae1_z.jpg,3,2
anger,http://farm4.staticflickr.com/3082/2801854311_f52cbf373d_z.jpg,4,1
anger,http://farm8.staticflickr.com/7089/7298109402_6a7b189b34_z.jpg,5,0
anger,http://farm5.staticflickr.com/4047/4305454582_1acbe216cf_z.jpg,5,0
anger,http://farm6.staticflickr.com/5571/14885669470_cc99f534ed_z.jpg,5,0
anger,http://farm8.staticflickr.com/7571/16042499396_3546682f3b_z.jpg,5,0
anger,http://farm4.staticflickr.com/3352/3433395385_436e1b72f3_z.jpg,5,0
anger,http://farm6.staticflickr.com/5593/14692031618_4ff856c81a_z.jpg,4,1
anger,http://farm6.staticflickr.com/5513/9922380466_f5a8a852e7_z.jpg,5,0
anger,http://farm3.staticflickr.com/2546/3989859802_02546d9511_z.jpg,4,1
anger,http://farm9.staticflickr.com/8022/7293869940_8272f0cf9b_z.jpg,5,0
anger,http://farm9.staticflickr.com/8659/15732183877_2e54ed207f_z.jpg,5,0
anger,http://farm8.staticflickr.com/7207/13243525814_f8bab85d4d_z.jpg,5,0
anger,http://farm3.staticflickr.com/2827/11671478206_3aba844dcb_z.jpg,5,0
anger,http://farm4.staticflickr.com/3510/3176709500_ba1fe1e6cc_z.jpg,3,2
anger,http://farm8.staticflickr.com/7385/9700105331_a8f3f4bb9a_z.jpg,5,0
anger,http://farm8.staticflickr.com/7233/7182699076_9c63d4778f_z.jpg,5,0
anger,http://farm9.staticflickr.com/8254/8713599623_d3e13a869b_z.jpg,5,0
anger,http://farm5.staticflickr.com/4104/5195277142_1859a93fb7_z.jpg,3,2
anger,http://farm4.staticflickr.com/3260/2469543706_fe4982ed03_z.jpg,0,5
anger,http://farm3.staticflickr.com/2253/2147307830_247524d5c0_z.jpg,5,0
anger,http://farm8.staticflickr.com/7211/7322897262_1c0076a21e_z.jpg,5,0
anger,http://farm9.staticflickr.com/8309/8043191618_4d7fec4a88_z.jpg,4,1
anger,http://farm6.staticflickr.com/5135/5430977610_ab6318c6c1_z.jpg,3,2
anger,http://farm8.staticflickr.com/7540/16238527926_e0f8a8db1d_z.jpg,5,0
anger,http://farm9.staticflickr.com/8083/8393545319_53f25af354_z.jpg,5,0
anger,http://farm3.staticflickr.com/2056/2289740627_290eb98acf_z.jpg,3,2
anger,http://farm4.staticflickr.com/3820/13498609254_3baa9a55b2_z.jpg,0,5
anger,http://farm6.staticflickr.com/5062/5620666661_a70540c591_z.jpg,3,2
anger,http://farm8.staticflickr.com/7152/6606793995_3b00eb657d_z.jpg,3,1
anger,http://farm6.staticflickr.com/5450/7407889314_46c0a5f6e1_z.jpg,1,4
anger,http://farm8.staticflickr.com/7085/7031066533_f08e785742_z.jpg,5,0
anger,http://farm8.staticflickr.com/7227/6853495304_1260d57570_z.jpg,3,2
anger,http://farm3.staticflickr.com/2769/4499734333_4ed4ba60ce_z.jpg,5,0
anger,http://farm8.staticflickr.com/7291/9014710983_92efc1bf91_z.jpg,5,0
anger,http://farm8.staticflickr.com/7224/7265597364_cc09a0abbd_z.jpg,0,5
anger,http://farm4.staticflickr.com/3081/2619066351_49ff946e54_z.jpg,2,2
anger,http://farm2.staticflickr.com/1231/926860949_91a1716b49_z.jpg,5,0
anger,http://farm5.staticflickr.com/4008/4698665442_a1909668fa_z.jpg,5,0
anger,http://farm4.staticflickr.com/3910/14761460941_29347ddfb0_z.jpg,5,0
anger,http://farm2.staticflickr.com/1186/1365991992_2742d23a6f_z.jpg,5,0
anger,http://farm4.staticflickr.com/3807/8978986657_f1a242b1a4_z.jpg,5,0
anger,http://farm6.staticflickr.com/5009/5219922127_f443a64c06_z.jpg,5,0
anger,http://farm4.staticflickr.com/3383/3647433536_42d1d0b8ec_z.jpg,5,0
anger,http://farm3.staticflickr.com/2613/3680670549_374ed637d4_z.jpg,1,4
anger,http://farm4.staticflickr.com/3314/3555200887_297ea39cc5_z.jpg,1,4
anger,http://farm9.staticflickr.com/8261/8604615129_a3bd950867_z.jpg,4,1
anger,http://farm3.staticflickr.com/2344/2278213078_914edf5932_z.jpg,5,0
anger,http://farm8.staticflickr.com/7301/13945604158_556c512d1b_z.jpg,5,0
anger,http://farm6.staticflickr.com/5188/5676627899_94c3bf408d_z.jpg,5,0
anger,http://farm8.staticflickr.com/7575/16060153236_6eb8493172_z.jpg,3,2
anger,http://farm6.staticflickr.com/5499/10781065293_0852c1f816_z.jpg,5,0
anger,http://farm8.staticflickr.com/7163/6525719863_06f2366afb_z.jpg,5,0
anger,http://farm4.staticflickr.com/3840/14600996441_333de7ae4d_z.jpg,5,0
anger,http://farm3.staticflickr.com/2529/4170122920_1562071c59_z.jpg,5,0
anger,http://farm7.staticflickr.com/6059/6243595209_e793172d85_z.jpg,5,0
anger,http://farm4.staticflickr.com/3330/4594205819_113ec6ff2c_z.jpg,5,0
anger,http://farm3.staticflickr.com/2301/3536366314_6b7dacc511_z.jpg,3,2
anger,http://farm4.staticflickr.com/3521/3462644023_3d380fb80d_z.jpg,2,3
anger,http://farm9.staticflickr.com/8154/7585892776_fc7f93a051_z.jpg,5,0
anger,http://farm6.staticflickr.com/5044/5263481354_30e8e9cd93_z.jpg,5,0
anger,http://farm9.staticflickr.com/8308/7944434938_cebdc8bc0e_z.jpg,5,0
anger,http://farm8.staticflickr.com/7023/6497761213_eca6b29122_z.jpg,0,5
anger,http://farm8.staticflickr.com/7574/16117783059_991195e352_z.jpg,3,2
anger,http://farm3.staticflickr.com/2478/3584388517_1da0bea123_z.jpg,5,0
anger,http://farm4.staticflickr.com/3906/14748787045_9d0937368e_z.jpg,5,0
anger,http://farm8.staticflickr.com/7478/16066150791_7295bb78fa_z.jpg,5,0
anger,http://farm2.staticflickr.com/1434/5104411435_3149176cab_z.jpg,5,0
anger,http://farm9.staticflickr.com/8008/7679757486_26657726d8_z.jpg,5,0
anger,http://farm8.staticflickr.com/7491/16014917665_f20ae4461a_z.jpg,2,2
anger,http://farm6.staticflickr.com/5135/5586375513_ac8859a990_z.jpg,5,0
anger,http://farm9.staticflickr.com/8438/7791536372_04784e7657_z.jpg,5,0
anger,http://farm9.staticflickr.com/8252/8579671408_a4f5fb2505_z.jpg,3,2
anger,http://farm6.staticflickr.com/5597/15535597846_0aa203b064_z.jpg,5,0
anger,http://farm8.staticflickr.com/7392/10779322793_151a231764_z.jpg,5,0
anger,http://farm5.staticflickr.com/4046/4553469835_41dde7c2d6_z.jpg,5,0
anger,http://farm7.staticflickr.com/6216/6295508324_c52a3383e4_z.jpg,1,4
anger,http://farm7.staticflickr.com/6229/6257509004_57abe5b76b_z.jpg,5,0
anger,http://farm3.staticflickr.com/2671/4046885752_1b4e48ae38_z.jpg,4,1
anger,http://farm4.staticflickr.com/3190/4563181860_981aa81d42_z.jpg,5,0
anger,http://farm4.staticflickr.com/3776/11248654455_74be6a3a0f_z.jpg,5,0
anger,http://farm6.staticflickr.com/5151/14108818881_062dfdda31_z.jpg,5,0
anger,http://farm5.staticflickr.com/4120/4866109678_f02fd05023_z.jpg,4,1
anger,http://farm8.staticflickr.com/7312/9768817346_dd175d844b_z.jpg,5,0
anger,http://farm4.staticflickr.com/3666/13388533495_b32c6b8765_z.jpg,5,0
anger,http://farm5.staticflickr.com/4046/4681961467_b682419f76_z.jpg,0,4
anger,http://farm6.staticflickr.com/5570/14777254594_cd094b5d74_z.jpg,5,0
anger,http://farm3.staticflickr.com/2305/5740178297_dc7c137618_z.jpg,5,0
anger,http://farm8.staticflickr.com/7500/16021479592_b58baeebb7_z.jpg,5,0
anger,http://farm6.staticflickr.com/5596/14763672394_17ca248293_z.jpg,4,1
anger,http://farm4.staticflickr.com/3790/9565258999_6079dfcea8_z.jpg,3,2
anger,http://farm9.staticflickr.com/8507/8482172189_8d27427715_z.jpg,0,5
anger,http://farm8.staticflickr.com/7551/15399689354_5c577e3aea_z.jpg,5,0
anger,http://farm6.staticflickr.com/5221/5606160283_dd1d7c841b_z.jpg,5,0
anger,http://farm8.staticflickr.com/7481/16027103615_d7dfa241a6_z.jpg,4,1
anger,http://farm4.staticflickr.com/3915/14514701385_270b36b2ca_z.jpg,4,1
anger,http://farm4.staticflickr.com/3726/9963877565_2c5af2d64a_z.jpg,5,0
anger,http://farm8.staticflickr.com/7251/7601416116_74d5e36a3f_z.jpg,5,0
anger,http://farm9.staticflickr.com/8033/8069148106_57c03a349e_z.jpg,5,0
anger,http://farm9.staticflickr.com/8120/10272975914_8d36981f75_z.jpg,4,1
anger,http://farm6.staticflickr.com/5144/5613024879_54283df8db_z.jpg,5,0
anger,http://farm2.staticflickr.com/1419/567459050_70c7602f94_z.jpg,5,0
anger,http://farm9.staticflickr.com/8471/8144592696_78ccc76684_z.jpg,5,0
anger,http://farm4.staticflickr.com/3234/2401898054_b5820ee4ea_z.jpg,1,4
anger,http://farm6.staticflickr.com/5181/5759602839_c3f633319d_z.jpg,5,0
anger,http://farm3.staticflickr.com/2876/10775384404_d9b5189e26_z.jpg,5,0
anger,http://farm4.staticflickr.com/3530/3943391772_787df3371c_z.jpg,5,0
anger,http://farm8.staticflickr.com/7024/6638785487_dfb06f0a7f_z.jpg,3,1
anger,http://farm6.staticflickr.com/5248/5352862565_2b20a4ec50_z.jpg,0,4
anger,http://farm9.staticflickr.com/8291/7833932830_8cf703e8ab_z.jpg,5,0
anger,http://farm9.staticflickr.com/8155/7472592200_0719c300f1_z.jpg,4,1
anger,http://farm6.staticflickr.com/5050/5380396180_f6af0b1a32_z.jpg,5,0
anger,http://farm5.staticflickr.com/4088/5214485434_370a23c524_z.jpg,4,0
anger,http://farm5.staticflickr.com/4009/4434362439_a659281598_z.jpg,2,3
anger,http://farm4.staticflickr.com/3869/14781971685_6a1b83ec95_z.jpg,5,0
anger,http://farm8.staticflickr.com/7392/12976462214_a39ab0dfcc_z.jpg,2,3
anger,http://farm3.staticflickr.com/2431/3591560587_aa0a613e40_z.jpg,4,1
anger,http://farm4.staticflickr.com/3605/3655241101_d6934a6873_z.jpg,0,5
anger,http://farm3.staticflickr.com/2844/11981861973_75d7498a52_z.jpg,5,0
anger,http://farm8.staticflickr.com/7045/8687370169_21b832b570_z.jpg,5,0
anger,http://farm8.staticflickr.com/7007/6817479945_54bf234236_z.jpg,5,0
anger,http://farm3.staticflickr.com/2917/14296752337_cb3998f091_z.jpg,5,0
anger,http://farm3.staticflickr.com/2911/14781122794_f6ed4eaaef_z.jpg,5,0
anger,http://farm6.staticflickr.com/5270/5749537832_01049c708a_z.jpg,3,2
anger,http://farm6.staticflickr.com/5038/14210976202_9af07327f2_z.jpg,5,0
anger,http://farm4.staticflickr.com/3138/2526481833_d53a5d9ddd_z.jpg,5,0
anger,http://farm6.staticflickr.com/5099/5436655762_729a878140_z.jpg,5,0
anger,http://farm6.staticflickr.com/5144/5638710520_659646a41f_z.jpg,5,0
anger,http://farm4.staticflickr.com/3588/3368848105_5f76c879ce_z.jpg,5,0
anger,http://farm6.staticflickr.com/5475/11264872194_1b377e2851_z.jpg,3,2
anger,http://farm7.staticflickr.com/6023/5964002692_1567c22a03_z.jpg,5,0
anger,http://farm7.staticflickr.com/6138/5973390753_31dc5f6e97_z.jpg,5,0
anger,http://farm4.staticflickr.com/3845/15066709635_b6833b5a8d_z.jpg,5,0
anger,http://farm8.staticflickr.com/7372/9440766403_6a52ca34b3_z.jpg,5,0
anger,http://farm7.staticflickr.com/6161/6170486005_cd27ed05dd_z.jpg,5,0
anger,http://farm5.staticflickr.com/4066/4694897503_afcd9f55bf_z.jpg,4,1
anger,http://farm8.staticflickr.com/7243/7365071788_2db7044ae6_z.jpg,4,1
anger,http://farm6.staticflickr.com/5174/5508357391_41ff2fa7e8_z.jpg,5,0
anger,http://farm8.staticflickr.com/7247/7726308846_9b0df74c5f_z.jpg,5,0
anger,http://farm4.staticflickr.com/3815/14074671550_b20003d4ba_z.jpg,5,0
anger,http://farm9.staticflickr.com/8112/8468003577_2ba2d5ff82_z.jpg,0,5
anger,http://farm4.staticflickr.com/3862/14861788104_ed8a486f73_z.jpg,4,1
anger,http://farm8.staticflickr.com/7549/16001329996_0c7aa016ba_z.jpg,2,3
anger,http://farm4.staticflickr.com/3910/14280560227_52654e73a9_z.jpg,5,0
anger,http://farm4.staticflickr.com/3509/3244547240_bfed87ef98_z.jpg,3,2
anger,http://farm9.staticflickr.com/8239/8478504168_512aa9722d_z.jpg,5,0
anger,http://farm4.staticflickr.com/3678/9203331291_4fbce499f0_z.jpg,5,0
anger,http://farm8.staticflickr.com/7166/6757082731_949962dcc3_z.jpg,4,1
anger,http://farm9.staticflickr.com/8155/7267340246_c32120e71e_z.jpg,5,0
anger,http://farm6.staticflickr.com/5091/5461434705_c683b91567_z.jpg,1,4
anger,http://farm9.staticflickr.com/8166/7609264892_469b559862_z.jpg,5,0
anger,http://farm6.staticflickr.com/5205/5288048302_785ee94f68_z.jpg,5,0
anger,http://farm4.staticflickr.com/3019/2967793659_5c807b6c48_z.jpg,4,1
anger,http://farm2.staticflickr.com/1042/1128407712_fcd69279a3_z.jpg,5,0
anger,http://farm6.staticflickr.com/5319/7054855307_5b2b293742_z.jpg,0,5
anger,http://farm4.staticflickr.com/3179/5759186339_68f9f179a2_z.jpg,5,0
anger,http://farm3.staticflickr.com/2423/3756575015_0e1a8d05fe_z.jpg,4,1
anger,http://farm6.staticflickr.com/5600/15653745675_6af06af2e0_z.jpg,5,0
anger,http://farm5.staticflickr.com/4137/4857040222_ce5da2ab6b_z.jpg,5,0
anger,http://farm4.staticflickr.com/3879/14517724251_9252981365_z.jpg,2,3
anger,http://farm3.staticflickr.com/2939/14744644276_8fa09723d7_z.jpg,5,0
anger,http://farm3.staticflickr.com/2152/1996834408_f4a7a08d1b_z.jpg,3,2
anger,http://farm6.staticflickr.com/5090/5282991249_d6c5dfe305_z.jpg,5,0
anger,http://farm4.staticflickr.com/3004/2801099168_ac6897363a_z.jpg,3,2
anger,http://farm9.staticflickr.com/8430/7846765782_9755a8cf49_z.jpg,4,1
anger,http://farm5.staticflickr.com/4019/4675383450_430fc83de2_z.jpg,5,0
anger,http://farm3.staticflickr.com/2447/4016652452_3aca51a5ae_z.jpg,5,0
anger,http://farm8.staticflickr.com/7196/6903452723_25f8b3bfb3_z.jpg,5,0
anger,http://farm4.staticflickr.com/3118/2363430610_50b016994a_z.jpg,3,2
anger,http://farm4.staticflickr.com/3673/12127422535_a4779b0167_z.jpg,4,1
anger,http://farm6.staticflickr.com/5065/5624315603_0b7bed129c_z.jpg,5,0
anger,http://farm9.staticflickr.com/8154/7342123576_ab48099739_z.jpg,5,0
anger,http://farm3.staticflickr.com/2759/4348155092_c70dc7948f_z.jpg,5,0
anger,http://farm9.staticflickr.com/8038/8071796747_1869379157_z.jpg,3,2
anger,http://farm3.staticflickr.com/2355/1694577857_6fbd8afe88_z.jpg,4,1
anger,http://farm9.staticflickr.com/8372/8468010882_cebed37d61_z.jpg,5,0
anger,http://farm6.staticflickr.com/5127/5360146400_1c60701987_z.jpg,5,0
anger,http://farm5.staticflickr.com/4092/4839534308_db7ae87154_z.jpg,5,0
anger,http://farm5.staticflickr.com/4018/4256457979_186561355b_z.jpg,0,4
anger,http://farm3.staticflickr.com/2132/2102797159_c3ba3b0c64_z.jpg,1,4
anger,http://farm9.staticflickr.com/8183/8347790175_df3e22c5df_z.jpg,2,3
anger,http://farm6.staticflickr.com/5573/15250055461_d9016b695f_z.jpg,5,0
anger,http://farm9.staticflickr.com/8146/7665144050_0cdcf4dd82_z.jpg,5,0
anger,http://farm7.staticflickr.com/6176/6242293876_0f63ce3580_z.jpg,4,1
anger,http://farm4.staticflickr.com/3915/14695143843_4456876186_z.jpg,5,0
anger,http://farm3.staticflickr.com/2912/14586692768_e2e6db5790_z.jpg,5,0
anger,http://farm7.staticflickr.com/6003/6207482407_4a67533038_z.jpg,4,1
anger,http://farm4.staticflickr.com/3875/14779408584_55089dfd73_z.jpg,5,0
anger,http://farm8.staticflickr.com/7504/15575175349_0a2b059c0c_z.jpg,5,0
anger,http://farm7.staticflickr.com/6194/6153977830_aeb4734e9c_z.jpg,5,0
anger,http://farm9.staticflickr.com/8527/8468383054_dcff554d7b_z.jpg,5,0
anger,http://farm4.staticflickr.com/3731/11051840393_df8d083bc9_z.jpg,5,0
anger,http://farm5.staticflickr.com/4115/4757594515_2d0f810b09_z.jpg,5,0
anger,http://farm7.staticflickr.com/6176/6256392306_7a858e8f0b_z.jpg,5,0
anger,http://farm9.staticflickr.com/8343/8166333209_7c4d0ab2d5_z.jpg,5,0
anger,http://farm8.staticflickr.com/7454/12197739086_b63423bb60_z.jpg,5,0
anger,http://farm3.staticflickr.com/2736/4477566038_94e3327634_z.jpg,5,0
anger,http://farm9.staticflickr.com/8375/8463395530_37ff67a5ec_z.jpg,0,5
anger,http://farm4.staticflickr.com/3730/9240079067_82ffc768b3_z.jpg,5,0
anger,http://farm3.staticflickr.com/2296/2351941235_e63c368937_z.jpg,5,0
anger,http://farm3.staticflickr.com/2885/9964040903_63843ebccc_z.jpg,5,0
anger,http://farm6.staticflickr.com/5060/5590236052_1aea6a624b_z.jpg,5,0
anger,http://farm3.staticflickr.com/2610/3749783257_57e29b6770_z.jpg,4,1
anger,http://farm9.staticflickr.com/8412/8935334609_3c67e481a3_z.jpg,5,0
anger,http://farm4.staticflickr.com/3896/14773193385_86b8bfaf98_z.jpg,5,0
anger,http://farm3.staticflickr.com/2818/12939009245_cc05981672_z.jpg,4,1
anger,http://farm3.staticflickr.com/2905/14128585251_b8335c6902_z.jpg,5,0
anger,http://farm6.staticflickr.com/5545/11840208935_99d05704db_z.jpg,5,0
anger,http://farm5.staticflickr.com/4102/4813160684_0e0a6ae0b2_z.jpg,5,0
anger,http://farm4.staticflickr.com/3831/11651099123_ba79c6346d_z.jpg,5,0
anger,http://farm9.staticflickr.com/8524/8521400246_130d55eb17_z.jpg,5,0
anger,http://farm3.staticflickr.com/2307/5787031369_f89e3ba680_z.jpg,5,0
anger,http://farm7.staticflickr.com/6207/6133529524_2970026964_z.jpg,5,0
anger,http://farm9.staticflickr.com/8293/7846491130_c5cbbcc33a_z.jpg,3,2
anger,http://farm6.staticflickr.com/5216/5387484630_eb0526839c_z.jpg,5,0
anger,http://farm3.staticflickr.com/2806/9577713296_b9fdde70e5_z.jpg,5,0
anger,http://farm6.staticflickr.com/5295/5454142339_917be0f1f3_z.jpg,5,0
anger,http://farm2.staticflickr.com/1113/4732632001_772caeef86_z.jpg,5,0
anger,http://farm4.staticflickr.com/3678/8884485341_9044a58171_z.jpg,5,0
anger,http://farm3.staticflickr.com/2922/14773059842_71d3041fcf_z.jpg,1,4
anger,http://farm9.staticflickr.com/8022/7462674832_188dc51eee_z.jpg,3,2
anger,http://farm6.staticflickr.com/5522/14014603839_5cb40a61a7_z.jpg,5,0
anger,http://farm6.staticflickr.com/5210/5381559711_e5dc157350_z.jpg,5,0
anger,http://farm6.staticflickr.com/5032/6931438388_05d2519ffb_z.jpg,5,0
anger,http://farm8.staticflickr.com/7157/6772875181_a9b1875993_z.jpg,2,3
anger,http://farm8.staticflickr.com/7078/7211006916_03d77213aa_z.jpg,4,1
anger,http://farm9.staticflickr.com/8076/8261841942_61d5afe36c_z.jpg,5,0
anger,http://farm4.staticflickr.com/3754/10518153184_9731d0e339_z.jpg,5,0
anger,http://farm5.staticflickr.com/4116/4794738930_085ce5dff3_z.jpg,3,2
anger,http://farm9.staticflickr.com/8206/8190295719_ab0de48d08_z.jpg,5,0
anger,http://farm5.staticflickr.com/4048/4651395531_2f7f150051_z.jpg,5,0
anger,http://farm8.staticflickr.com/7144/6681979711_04fe406520_z.jpg,2,3
anger,http://farm4.staticflickr.com/3250/5695105258_5abe8bdb6c_z.jpg,1,4
anger,http://farm8.staticflickr.com/7193/6903043223_982f8ddd1f_z.jpg,5,0
anger,http://farm6.staticflickr.com/5001/5279331937_cfe736a600_z.jpg,5,0
anger,http://farm3.staticflickr.com/2375/1528817786_ea3622c070_z.jpg,5,0
anger,http://farm4.staticflickr.com/3307/4552294463_f0c2899946_z.jpg,5,0
anger,http://farm4.staticflickr.com/3135/2720973253_af87c0d221_z.jpg,1,4
anger,http://farm9.staticflickr.com/8121/8693330896_361047dfc1_z.jpg,5,0
anger,http://farm2.staticflickr.com/1312/5104164596_68cf32b155_z.jpg,5,0
anger,http://farm6.staticflickr.com/5238/5887578229_f3757df8cb_z.jpg,5,0
anger,http://farm8.staticflickr.com/7465/15818304658_c8ab059a40_z.jpg,5,0
anger,http://farm6.staticflickr.com/5220/5526951433_bac348f384_z.jpg,5,0
anger,http://farm3.staticflickr.com/2077/5717081586_7c5888c506_z.jpg,5,0
anger,http://farm8.staticflickr.com/7439/13010987924_dc7ed387b2_z.jpg,4,1
anger,http://farm3.staticflickr.com/2697/4452734334_bfbdf89db5_z.jpg,5,0
anger,http://farm8.staticflickr.com/7497/15737743067_d4fbd69c2c_z.jpg,5,0
anger,http://farm6.staticflickr.com/5174/5514927930_40dd54849c_z.jpg,5,0
anger,http://farm3.staticflickr.com/2885/8839473775_c260b8b309_z.jpg,5,0
anger,http://farm8.staticflickr.com/7438/12658847604_46d9b165dc_z.jpg,5,0
anger,http://farm3.staticflickr.com/2929/14417538240_a7a131f5fc_z.jpg,5,0
anger,http://farm8.staticflickr.com/7460/8750846803_16315d9e7c_z.jpg,5,0
anger,http://farm6.staticflickr.com/5219/5387062731_c980f3e770_z.jpg,5,0
anger,http://farm3.staticflickr.com/2723/4412912004_8a366a6751_z.jpg,4,1
anger,http://farm8.staticflickr.com/7258/7562673872_2d10cdfee9_z.jpg,5,0
anger,http://farm5.staticflickr.com/4096/5604733150_87e76c13c5_z.jpg,5,0
anger,http://farm3.staticflickr.com/2919/14631673043_82773e581c_z.jpg,4,1
anger,http://farm4.staticflickr.com/3270/3086959023_60deb1dcee_z.jpg,5,0
anger,http://farm4.staticflickr.com/3777/9623654116_37de709eb1_z.jpg,5,0
anger,http://farm3.staticflickr.com/2243/5759768134_be47ef8e7c_z.jpg,5,0
anger,http://farm7.staticflickr.com/6177/6163147831_cd67ea00a8_z.jpg,5,0
anger,http://farm3.staticflickr.com/2881/9712896057_0a32e317a0_z.jpg,5,0
anger,http://farm6.staticflickr.com/5048/5643030181_87ffb1d253_z.jpg,4,1
anger,http://farm5.staticflickr.com/4110/5070997567_520ce5ecd8_z.jpg,5,0
anger,http://farm4.staticflickr.com/3647/5777220227_f621f6c16e_z.jpg,5,0
anger,http://farm4.staticflickr.com/3465/3803897657_c754c100ba_z.jpg,5,0
anger,http://farm6.staticflickr.com/5480/9083938348_ecf44daa19_z.jpg,5,0
anger,http://farm9.staticflickr.com/8405/8627295034_a7e9d8cf3a_z.jpg,5,0
anger,http://farm7.staticflickr.com/6063/6152231254_baa3aa2023_z.jpg,5,0
anger,http://farm6.staticflickr.com/5590/14602286794_43a6f381a0_z.jpg,5,0
anger,http://farm8.staticflickr.com/7425/10325711825_f5d7133687_z.jpg,5,0
anger,http://farm1.staticflickr.com/152/395846537_a229a197e1_z.jpg,0,5
anger,http://farm9.staticflickr.com/8180/7976979195_2fdf73c357_z.jpg,5,0
anger,http://farm8.staticflickr.com/7045/6939371315_0dea6e94bd_z.jpg,2,3
anger,http://farm9.staticflickr.com/8445/7810518164_5300752ea1_z.jpg,5,0
anger,http://farm7.staticflickr.com/6239/6359416033_c6c5dfa737_z.jpg,3,2
anger,http://farm4.staticflickr.com/3880/14755832676_d0878ec53d_z.jpg,5,0
anger,http://farm9.staticflickr.com/8166/6989422144_6a4797d056_z.jpg,1,4
anger,http://farm3.staticflickr.com/2223/2038965158_72ccdab40f_z.jpg,5,0
anger,http://farm3.staticflickr.com/2941/15445932901_39c01f1337_z.jpg,5,0
anger,http://farm2.staticflickr.com/1395/923504453_568967442d_z.jpg,0,5
anger,http://farm6.staticflickr.com/5518/14377805581_fa75073eaa_z.jpg,3,2
anger,http://farm4.staticflickr.com/3158/2872581958_28e3d0ccd4_z.jpg,3,2
anger,http://farm7.staticflickr.com/6077/6059067782_b77f886aab_z.jpg,5,0
anger,http://farm3.staticflickr.com/2903/14597239299_519502f9f0_z.jpg,5,0
anger,http://farm6.staticflickr.com/5036/5914384381_6828104185_z.jpg,0,5
anger,http://farm4.staticflickr.com/3825/11983125275_5a83da6cce_z.jpg,5,0
anger,http://farm6.staticflickr.com/5109/5759740885_d40ea9bbef_z.jpg,5,0
anger,http://farm8.staticflickr.com/7173/6698085717_b2e2ecb065_z.jpg,1,4
anger,http://farm9.staticflickr.com/8215/8395897776_45cbaa2269_z.jpg,3,2
anger,http://farm6.staticflickr.com/5586/14784325335_9cf150b297_z.jpg,5,0
anger,http://farm9.staticflickr.com/8449/7943123366_d83edf1dbf_z.jpg,3,2
anger,http://farm4.staticflickr.com/3206/2696006909_3e0812e3c0_z.jpg,0,5
anger,http://farm4.staticflickr.com/3468/3987097320_61db730062_z.jpg,2,3
anger,http://farm8.staticflickr.com/7463/15522947640_ef8cb63693_z.jpg,4,1
anger,http://farm4.staticflickr.com/3453/3870180100_c822c027ce_z.jpg,5,0
anger,http://farm6.staticflickr.com/5100/5404966339_1377ff71b6_z.jpg,4,1
anger,http://farm8.staticflickr.com/7292/9781134995_b49f954811_z.jpg,3,2
anger,http://farm6.staticflickr.com/5518/11264872584_3dd226a422_z.jpg,2,2
anger,http://farm5.staticflickr.com/4103/4979008775_947cc86f5b_z.jpg,5,0
anger,http://farm8.staticflickr.com/7387/9185246985_0135da8df8_z.jpg,5,0
anger,http://farm6.staticflickr.com/5526/11379420946_bcceba1b06_z.jpg,5,0
anger,http://farm4.staticflickr.com/3666/12615735843_ec4393861b_z.jpg,5,0
anger,http://farm9.staticflickr.com/8333/8139099735_500f891de8_z.jpg,5,0
anger,http://farm6.staticflickr.com/5212/5386978951_514bcb3dc4_z.jpg,5,0
anger,http://farm2.staticflickr.com/1026/1352060690_d52af5e973_z.jpg,5,0
anger,http://farm3.staticflickr.com/2602/5806312703_b79c2bfec3_z.jpg,2,3
anger,http://farm8.staticflickr.com/7010/6408561281_d299b9b620_z.jpg,5,0
anger,http://farm4.staticflickr.com/3246/2338052756_d8167232e5_z.jpg,5,0
anger,http://farm3.staticflickr.com/2407/5713887738_2cbda9f154_z.jpg,5,0
anger,http://farm8.staticflickr.com/7054/6827766666_317bed840a_z.jpg,5,0
anger,http://farm4.staticflickr.com/3059/2741028861_111f65f6b9_z.jpg,5,0
anger,http://farm6.staticflickr.com/5534/9220361320_db26d23f9c_z.jpg,5,0
anger,http://farm7.staticflickr.com/6111/6372184275_b2060da03d_z.jpg,5,0
anger,http://farm3.staticflickr.com/2761/4493994255_723fdff23e_z.jpg,5,0
anger,http://farm2.staticflickr.com/1025/1144302122_5cfe836164_z.jpg,4,1
anger,http://farm3.staticflickr.com/2908/14233459812_709b37039a_z.jpg,5,0
anger,http://farm9.staticflickr.com/8022/7610286680_5fc4c067ee_z.jpg,5,0
anger,http://farm4.staticflickr.com/3144/2813855624_8ea517823b_z.jpg,5,0
anger,http://farm4.staticflickr.com/3165/2517049938_0d24eca6cf_z.jpg,5,0
anger,http://farm5.staticflickr.com/4094/4950508555_c4c0ba1bfc_z.jpg,5,0
anger,http://farm9.staticflickr.com/8438/8006782806_54a61e7b02_z.jpg,0,5
anger,http://farm3.staticflickr.com/2940/14218356961_423df170a3_z.jpg,5,0
anger,http://farm6.staticflickr.com/5067/5730520702_a8e3b223ca_z.jpg,0,5
anger,http://farm9.staticflickr.com/8146/7592705834_039fbcbdde_z.jpg,5,0
anger,http://farm6.staticflickr.com/5307/5657369562_cb519775eb_z.jpg,3,2
anger,http://farm3.staticflickr.com/2191/2263028606_7400ab03c0_z.jpg,5,0
anger,http://farm6.staticflickr.com/5590/14597039949_e821d06243_z.jpg,5,0
anger,http://farm4.staticflickr.com/3030/2515348264_beb16bbbf0_z.jpg,5,0
anger,http://farm8.staticflickr.com/7471/15732262710_447c00eaf7_z.jpg,5,0
anger,http://farm9.staticflickr.com/8016/7680324096_357903889d_z.jpg,4,1
anger,http://farm7.staticflickr.com/6173/6245044862_d9d6d91a53_z.jpg,4,1
anger,http://farm4.staticflickr.com/3419/3843109869_e9fe185232_z.jpg,5,0
anger,http://farm4.staticflickr.com/3503/4073014185_18649b2304_z.jpg,3,2
anger,http://farm6.staticflickr.com/5503/11694745264_5d5ed669a8_z.jpg,5,0
anger,http://farm9.staticflickr.com/8085/8410664162_35001bdc97_z.jpg,5,0
anger,http://farm5.staticflickr.com/4146/5014190106_51b0afb80a_z.jpg,5,0
anger,http://farm3.staticflickr.com/2213/2086157902_481ecf2e04_z.jpg,5,0
anger,http://farm3.staticflickr.com/2278/1744660702_34c7c59599_z.jpg,5,0
anger,http://farm2.staticflickr.com/1415/852756822_a62fb4e0cd_z.jpg,3,2
anger,http://farm3.staticflickr.com/2238/2083348321_7d0d8a809d_z.jpg,5,0
anger,http://farm8.staticflickr.com/7090/7183792285_e2d01e3cee_z.jpg,5,0
anger,http://farm4.staticflickr.com/3588/3411436216_6d2a7658fe_z.jpg,5,0
anger,http://farm9.staticflickr.com/8629/16066055481_b376f5e18c_z.jpg,5,0
anger,http://farm9.staticflickr.com/8260/8684681799_e298025928_z.jpg,5,0
anger,http://farm3.staticflickr.com/2515/3851959976_b9d27b347a_z.jpg,5,0
anger,http://farm9.staticflickr.com/8083/8259933796_da35861e31_z.jpg,0,5
anger,http://farm3.staticflickr.com/2554/3897122415_14b0a662b1_z.jpg,1,4
anger,http://farm4.staticflickr.com/3666/9566909885_3fb22f028e_z.jpg,1,4
anger,http://farm8.staticflickr.com/7202/6990328469_4791cf53db_z.jpg,5,0
anger,http://farm4.staticflickr.com/3890/14499896368_f8164b1f4d_z.jpg,2,3
anger,http://farm4.staticflickr.com/3143/2702814304_ae9313cef6_z.jpg,5,0
anger,http://farm4.staticflickr.com/3818/12248245213_1b672188eb_z.jpg,3,1
anger,http://farm3.staticflickr.com/2600/4157239947_b85266fe28_z.jpg,4,1
anger,http://farm8.staticflickr.com/7459/9115963657_7d26fd33f4_z.jpg,5,0
anger,http://farm8.staticflickr.com/7077/7197317734_7abc97f95f_z.jpg,5,0
anger,http://farm9.staticflickr.com/8359/8277079529_6ec90a2449_z.jpg,5,0
anger,http://farm5.staticflickr.com/4019/4453162940_ec77465e17_z.jpg,5,0
anger,http://farm6.staticflickr.com/5556/14592455799_8d4aa72d9f_z.jpg,4,1
anger,http://farm3.staticflickr.com/2299/2202934530_f714a37f10_z.jpg,0,5
anger,http://farm6.staticflickr.com/5187/5685263689_148d8f27a8_z.jpg,5,0
anger,http://farm6.staticflickr.com/5035/7050742607_cc268e3cc2_z.jpg,1,4
anger,http://farm8.staticflickr.com/7343/9586064463_9d57ea78bd_z.jpg,5,0
anger,http://farm9.staticflickr.com/8442/7744330392_3e35bb3816_z.jpg,1,4
anger,http://farm6.staticflickr.com/5503/11997518133_8eb4f979ac_z.jpg,5,0
anger,http://farm8.staticflickr.com/7228/13218205185_ea439fc5c0_z.jpg,3,2
anger,http://farm6.staticflickr.com/5298/5546551055_06d458e8dc_z.jpg,5,0
anger,http://farm4.staticflickr.com/3903/15094080568_b1b84e4b09_z.jpg,5,0
anger,http://farm3.staticflickr.com/2116/5777635647_3c29da3058_z.jpg,3,2
anger,http://farm7.staticflickr.com/6111/6292181812_d1ddce5a20_z.jpg,5,0
anger,http://farm5.staticflickr.com/4112/5204083660_ff9a6be39a_z.jpg,5,0
anger,http://farm4.staticflickr.com/3300/5712521489_ca8cc87379_z.jpg,5,0
anger,http://farm6.staticflickr.com/5223/5855025740_6b4d6967ec_z.jpg,3,2
anger,http://farm7.staticflickr.com/6204/6115361688_36193face3_z.jpg,3,2
anger,http://farm6.staticflickr.com/5488/14604238235_9c4677f9a8_z.jpg,5,0
anger,http://farm8.staticflickr.com/7556/15926905242_cab4cd1e7f_z.jpg,5,0
anger,http://farm5.staticflickr.com/4126/5089641602_258e79b9ba_z.jpg,5,0
anger,http://farm7.staticflickr.com/6117/6229489106_375510af3b_z.jpg,4,1
anger,http://farm6.staticflickr.com/5096/5435433931_6944c55292_z.jpg,5,0
anger,http://farm5.staticflickr.com/4116/5432234846_d201050c6e_z.jpg,1,4
anger,http://farm9.staticflickr.com/8483/8246989508_0828930697_z.jpg,5,0
anger,http://farm6.staticflickr.com/5491/12210416756_d0c5772755_z.jpg,1,4
anger,http://farm8.staticflickr.com/7076/13218536584_db2c4d7a38_z.jpg,5,0
anger,http://farm4.staticflickr.com/3235/2826099282_ec9dc335ce_z.jpg,5,0
anger,http://farm3.staticflickr.com/2744/4312588214_554597531f_z.jpg,4,1
anger,http://farm6.staticflickr.com/5145/5624949676_a02ffe2ace_z.jpg,5,0
anger,http://farm3.staticflickr.com/2652/3808955059_6fa22e1e22_z.jpg,4,1
anger,http://farm6.staticflickr.com/5013/5424918455_9bb74b795c_z.jpg,5,0
anger,http://farm6.staticflickr.com/5488/11174937304_8ee818f5e3_z.jpg,2,3
anger,http://farm1.staticflickr.com/211/486017195_bd9256888d_z.jpg,3,2
anger,http://farm7.staticflickr.com/6089/6119215090_cdca2fc9bb_z.jpg,5,0
anger,http://farm8.staticflickr.com/7003/6754912009_a49eeffb65_z.jpg,5,0
anger,http://farm4.staticflickr.com/3515/3262991277_0e8d75285f_z.jpg,5,0
anger,http://farm9.staticflickr.com/8464/8076081320_d304927c6d_z.jpg,2,3
anger,http://farm9.staticflickr.com/8319/8036624175_c144c948d1_z.jpg,5,0
anger,http://farm3.staticflickr.com/2779/4237737307_b7472188a4_z.jpg,4,1
anger,http://farm3.staticflickr.com/2914/14600948421_02e0d8d5eb_z.jpg,5,0
anger,http://farm6.staticflickr.com/5131/5525917372_2162961154_z.jpg,5,0
anger,http://farm7.staticflickr.com/6087/6056568968_50e0fb5fe4_z.jpg,5,0
anger,http://farm6.staticflickr.com/5291/5416493013_7b8d7da299_z.jpg,3,2
anger,http://farm3.staticflickr.com/2051/1743919057_a452389655_z.jpg,5,0
anger,http://farm6.staticflickr.com/5499/9269063916_17ba26f34b_z.jpg,5,0
anger,http://farm1.staticflickr.com/202/473046190_4873cb97d1_z.jpg,0,5
anger,http://farm3.staticflickr.com/2689/12966043504_3ee2f3ab83_z.jpg,5,0
anger,http://farm5.staticflickr.com/4133/4986492458_f7635b1c1c_z.jpg,5,0
anger,http://farm4.staticflickr.com/3369/3190629074_1f570ae11c_z.jpg,5,0
anger,http://farm3.staticflickr.com/2362/2134300843_d3e6431aa1_z.jpg,5,0
anger,http://farm3.staticflickr.com/2450/3959140466_7407a1d1a3_z.jpg,5,0
anger,http://farm8.staticflickr.com/7080/6892171948_7bef4d7fdd_z.jpg,4,1
anger,http://farm5.staticflickr.com/4059/4244340853_72ecfa6498_z.jpg,5,0
anger,http://farm2.staticflickr.com/1267/4679711350_75d53b945b_z.jpg,1,4
anger,http://farm1.staticflickr.com/148/424666881_fd92ebaa72_z.jpg,4,1
anger,http://farm4.staticflickr.com/3609/3407297920_a1b354b777_z.jpg,4,1
anger,http://farm8.staticflickr.com/7016/6781675579_aec8ecd67f_z.jpg,4,1
anger,http://farm5.staticflickr.com/4146/5004975091_e4c3e46631_z.jpg,5,0
anger,http://farm8.staticflickr.com/7164/6625704185_8c159bf8d2_z.jpg,4,1
anger,http://farm5.staticflickr.com/4076/4874296411_cf9caef79e_z.jpg,1,4
anger,http://farm3.staticflickr.com/2894/9277420349_0498064b24_z.jpg,5,0
anger,http://farm8.staticflickr.com/7102/6967531328_f744c7cc63_z.jpg,5,0
anger,http://farm4.staticflickr.com/3099/3151836713_64eee4d426_z.jpg,5,0
anger,http://farm6.staticflickr.com/5207/5367264830_e4ee6042ea_z.jpg,5,0
anger,http://farm5.staticflickr.com/4142/4934564444_ff25aaf523_z.jpg,5,0
anger,http://farm4.staticflickr.com/3918/14390051586_8f149d478d_z.jpg,3,2
anger,http://farm6.staticflickr.com/5121/5200655635_c17e7d5f55_z.jpg,5,0
anger,http://farm6.staticflickr.com/5228/5658735651_37c307f831_z.jpg,5,0
anger,http://farm6.staticflickr.com/5571/14830365892_824bfae496_z.jpg,2,3
anger,http://farm8.staticflickr.com/7329/10871774686_87d84a5fb7_z.jpg,5,0
anger,http://farm7.staticflickr.com/6166/6239816741_b861efb002_z.jpg,5,0
anger,http://farm6.staticflickr.com/5223/5624359737_d1b337c6e5_z.jpg,5,0
anger,http://farm3.staticflickr.com/2926/14669337686_5fa4f2de12_z.jpg,2,3
anger,http://farm8.staticflickr.com/7078/7337625090_5759534b32_z.jpg,5,0
anger,http://farm4.staticflickr.com/3673/12212900176_5256a344b0_z.jpg,4,1
anger,http://farm6.staticflickr.com/5452/9761609522_1b6087977a_z.jpg,5,0
anger,http://farm8.staticflickr.com/7147/6776915447_b980b4a0ed_z.jpg,4,1
anger,http://farm6.staticflickr.com/5555/14781455084_28fa7ae917_z.jpg,5,0
anger,http://farm6.staticflickr.com/5126/5377486048_48804b8f9b_z.jpg,5,0
anger,http://farm6.staticflickr.com/5447/7186239377_6bb5f03258_z.jpg,4,1
anger,http://farm3.staticflickr.com/2941/15192888647_e11b9af769_z.jpg,5,0
anger,http://farm3.staticflickr.com/2882/10719143703_341cffaa93_z.jpg,5,0
anger,http://farm3.staticflickr.com/2787/4032425079_09f2ce3aa5_z.jpg,5,0
anger,http://farm8.staticflickr.com/7064/6780023230_83f6b72757_z.jpg,5,0
anger,http://farm6.staticflickr.com/5082/5372532273_28f58acf8f_z.jpg,3,2
anger,http://farm4.staticflickr.com/3166/2603311947_e50ab659a2_z.jpg,4,1
anger,http://farm6.staticflickr.com/5146/5670802166_4b4c884ddf_z.jpg,5,0
anger,http://farm3.staticflickr.com/2362/5790613215_9577a71d22_z.jpg,5,0
anger,http://farm7.staticflickr.com/6193/6113860518_9973ef6d1a_z.jpg,5,0
anger,http://farm3.staticflickr.com/2921/14479935974_19b41ea8d2_z.jpg,5,0
anger,http://farm9.staticflickr.com/8182/8072330555_2529902302_z.jpg,5,0
anger,http://farm7.staticflickr.com/6025/5876441990_38e7a1430b_z.jpg,5,0
anger,http://farm6.staticflickr.com/5600/15445934041_ef41fc4327_z.jpg,5,0
anger,http://farm7.staticflickr.com/6160/6162164010_ca1060e1ee_z.jpg,5,0
anger,http://farm3.staticflickr.com/2652/3919479584_df0b9f2811_z.jpg,5,0
anger,http://farm9.staticflickr.com/8681/15888088588_a656164038_z.jpg,5,0
anger,http://farm8.staticflickr.com/7530/15890415499_f4c0c38af3_z.jpg,5,0
anger,http://farm8.staticflickr.com/7461/15319431114_c5fa20331b_z.jpg,5,0
anger,http://farm6.staticflickr.com/5191/5794929760_6aca29f58d_z.jpg,4,1
anger,http://farm8.staticflickr.com/7396/11932722956_0f8da949f4_z.jpg,5,0
anger,http://farm7.staticflickr.com/6111/6336485106_12c5026beb_z.jpg,5,0
anger,http://farm7.staticflickr.com/6070/6039051699_407d5c91ab_z.jpg,5,0
anger,http://farm4.staticflickr.com/3162/2825687562_bd76de1582_z.jpg,5,0
anger,http://farm8.staticflickr.com/7323/12194802656_0d1801e136_z.jpg,5,0
anger,http://farm3.staticflickr.com/2884/12819083485_5943b11bd4_z.jpg,4,1
anger,http://farm7.staticflickr.com/6107/6225531513_c3ea288f44_z.jpg,5,0
anger,http://farm8.staticflickr.com/7025/6772427503_32f501b3f7_z.jpg,1,4
anger,http://farm5.staticflickr.com/4106/4974871386_82ae84f4dc_z.jpg,5,0
anger,http://farm3.staticflickr.com/2851/12704733003_c3bfaa47a8_z.jpg,4,1
anger,http://farm3.staticflickr.com/2891/12505619515_c2c8c1dc0c_z.jpg,5,0
anger,http://farm4.staticflickr.com/3751/11228484433_d4f3a221e8_z.jpg,3,2
anger,http://farm3.staticflickr.com/2017/1804627634_a9b890e204_z.jpg,5,0
anger,http://farm9.staticflickr.com/8478/8262676984_f8a6b38b65_z.jpg,4,0
anger,http://farm4.staticflickr.com/3912/14554222819_fd1e1d5948_z.jpg,5,0
anger,http://farm6.staticflickr.com/5502/14417645319_8da654edb0_z.jpg,5,0
anger,http://farm3.staticflickr.com/2272/2513416111_31c450909c_z.jpg,5,0
anger,http://farm6.staticflickr.com/5612/15423278600_45d2137309_z.jpg,5,0
anger,http://farm2.staticflickr.com/1007/5075416105_8aeacea06b_z.jpg,5,0
anger,http://farm4.staticflickr.com/3737/12477419175_ed405a476b_z.jpg,5,0
anger,http://farm3.staticflickr.com/2801/4053125537_de1b08d195_z.jpg,5,0
anger,http://farm8.staticflickr.com/7516/16081408711_46ef553b37_z.jpg,4,1
anger,http://farm3.staticflickr.com/2876/12779140955_fde5395cc7_z.jpg,5,0
anger,http://farm5.staticflickr.com/4123/4764343860_4123eac542_z.jpg,5,0
anger,http://farm6.staticflickr.com/5010/5210174714_4e12dab485_z.jpg,5,0
anger,http://farm8.staticflickr.com/7418/9616544025_b3f84b4c4e_z.jpg,0,5
anger,http://farm9.staticflickr.com/8039/8057926958_c3d70e28cc_z.jpg,4,1
anger,http://farm8.staticflickr.com/7357/11983206875_eecd259d6c_z.jpg,5,0
anger,http://farm4.staticflickr.com/3191/5780123035_f88cdf6bff_z.jpg,5,0
anger,http://farm4.staticflickr.com/3836/14801682943_6551068b18_z.jpg,2,3
anger,http://farm6.staticflickr.com/5560/14258417978_2be632d6da_z.jpg,5,0
anger,http://farm9.staticflickr.com/8085/8574034796_6debbd89be_z.jpg,5,0
anger,http://farm5.staticflickr.com/4027/4661192335_9738d9f8f4_z.jpg,1,4
anger,http://farm6.staticflickr.com/5260/5418733153_8b3bd8a072_z.jpg,3,2
anger,http://farm5.staticflickr.com/4152/5140205816_b8b49dcf8d_z.jpg,5,0
anger,http://farm6.staticflickr.com/5201/5312968006_01abf5f7b5_z.jpg,5,0
anger,http://farm4.staticflickr.com/3424/3696820725_8ffcdd80f0_z.jpg,5,0
anger,http://farm4.staticflickr.com/3288/2726610015_7398db0894_z.jpg,1,4
anger,http://farm6.staticflickr.com/5226/5569609344_810641747d_z.jpg,5,0
anger,http://farm6.staticflickr.com/5287/5348690915_bf80da312a_z.jpg,4,1
anger,http://farm3.staticflickr.com/2880/13595877774_910342aba3_z.jpg,4,1
anger,http://farm2.staticflickr.com/1177/5183427222_27f27d1c39_z.jpg,1,4
anger,http://farm7.staticflickr.com/6084/6132598864_ea0942d2c6_z.jpg,5,0
anger,http://farm8.staticflickr.com/7543/16014270131_24cae927b1_z.jpg,2,3
anger,http://farm4.staticflickr.com/3568/3830425801_5f40c04a39_z.jpg,4,1
anger,http://farm3.staticflickr.com/2184/2610730303_cb90178613_z.jpg,1,4
anger,http://farm7.staticflickr.com/6118/6342616135_cf60a4fb97_z.jpg,4,1
anger,http://farm4.staticflickr.com/3393/4639548399_c3fed86355_z.jpg,0,5
anger,http://farm4.staticflickr.com/3787/12905774404_a9c2a5f1ec_z.jpg,5,0
anger,http://farm6.staticflickr.com/5094/5586350901_98f1623b36_z.jpg,5,0
anger,http://farm6.staticflickr.com/5483/11908082036_de67158aa0_z.jpg,5,0
anger,http://farm4.staticflickr.com/3713/9287723503_000d0afc1d_z.jpg,5,0
anger,http://farm8.staticflickr.com/7010/6733581961_8a627986cb_z.jpg,1,4
anger,http://farm2.staticflickr.com/1278/635722642_b7fcda0c5a_z.jpg,5,0
anger,http://farm4.staticflickr.com/3205/3144014156_993269301b_z.jpg,5,0
anger,http://farm4.staticflickr.com/3918/14759296795_5e606659d4_z.jpg,5,0
anger,http://farm4.staticflickr.com/3576/3502547606_85432c894c_z.jpg,0,5
anger,http://farm5.staticflickr.com/4052/4711084305_f38bf6ff7e_z.jpg,5,0
anger,http://farm6.staticflickr.com/5547/12083155795_aa9fc36b8d_z.jpg,5,0
anger,http://farm9.staticflickr.com/8472/8144167294_6a949a6e71_z.jpg,5,0
anger,http://farm4.staticflickr.com/3915/14978128539_f82890c037_z.jpg,5,0
anger,http://farm8.staticflickr.com/7566/15971697528_3b9d9e6d59_z.jpg,5,0
anger,http://farm9.staticflickr.com/8226/8532821803_38a90244a7_z.jpg,4,1
anger,http://farm6.staticflickr.com/5483/14352737462_8554e931e4_z.jpg,5,0
anger,http://farm5.staticflickr.com/4105/5030938634_cb35d99c7b_z.jpg,5,0
anger,http://farm8.staticflickr.com/7170/13188638994_fc8c84d200_z.jpg,5,0
anger,http://farm6.staticflickr.com/5172/5514339461_119bc98ddd_z.jpg,5,0
anger,http://farm5.staticflickr.com/4103/5041848004_7b4c8bf0ba_z.jpg,5,0
anger,http://farm4.staticflickr.com/3001/2762192441_460ed99f31_z.jpg,5,0
anger,http://farm6.staticflickr.com/5012/5525919772_ae25f4e29a_z.jpg,5,0
anger,http://farm3.staticflickr.com/2866/12422052025_d53395ee0c_z.jpg,5,0
anger,http://farm5.staticflickr.com/4109/4956992777_bab2407392_z.jpg,2,3
anger,http://farm8.staticflickr.com/7517/15725219824_3b5d769e4e_z.jpg,5,0
anger,http://farm6.staticflickr.com/5531/11746999294_1dc660d972_z.jpg,2,3
anger,http://farm6.staticflickr.com/5096/5512313715_fa15411732_z.jpg,5,0
anger,http://farm2.staticflickr.com/1230/5111905079_1416fb19b3_z.jpg,5,0
anger,http://farm2.staticflickr.com/1177/4729889894_48fedc0263_z.jpg,4,1
anger,http://farm8.staticflickr.com/7318/9069064291_dd4c983f51_z.jpg,4,1
anger,http://farm3.staticflickr.com/2882/11144893884_b2653b19c8_z.jpg,3,2
anger,http://farm4.staticflickr.com/3468/3951385424_22be3f4198_z.jpg,5,0
anger,http://farm3.staticflickr.com/2814/9186814828_7e150b7400_z.jpg,5,0
anger,http://farm7.staticflickr.com/6085/6135165759_9e06aea468_z.jpg,4,1
anger,http://farm3.staticflickr.com/2317/2216112719_aa7a89027e_z.jpg,5,0
anger,http://farm8.staticflickr.com/7445/12194312043_ed2925bcb0_z.jpg,5,0
anger,http://farm8.staticflickr.com/7227/13243342433_52ce279aaf_z.jpg,2,3
anger,http://farm5.staticflickr.com/4093/4903295172_bdf2b8982b_z.jpg,5,0
anger,http://farm5.staticflickr.com/4130/5054581986_d84dec10e5_z.jpg,5,0
anger,http://farm7.staticflickr.com/6114/6276495989_e92bbef043_z.jpg,5,0
anger,http://farm3.staticflickr.com/2910/14440262202_7fb8aab34d_z.jpg,5,0
anger,http://farm9.staticflickr.com/8489/8224651901_25589b9888_z.jpg,4,1
anger,http://farm5.staticflickr.com/4119/4824446797_8b08728d73_z.jpg,5,0
anger,http://farm8.staticflickr.com/7268/7843650002_fef102b9a5_z.jpg,4,1
anger,http://farm6.staticflickr.com/5207/5329971255_7b501404a2_z.jpg,5,0
anger,http://farm8.staticflickr.com/7224/7396983228_9942104e38_z.jpg,4,1
anger,http://farm4.staticflickr.com/3261/3160208231_d398bb099e_z.jpg,5,0
anger,http://farm6.staticflickr.com/5297/5512740758_c72a5fcfa5_z.jpg,3,1
anger,http://farm3.staticflickr.com/2907/14780487442_862cc84c81_z.jpg,5,0
anger,http://farm1.staticflickr.com/233/526925608_ff30954952_z.jpg,0,5
anger,http://farm6.staticflickr.com/5301/5624921060_070d781ff3_z.jpg,5,0
anger,http://farm8.staticflickr.com/7139/7093316559_4b3cd48bcd_z.jpg,5,0
anger,http://farm9.staticflickr.com/8248/8467274183_cf48c01eb0_z.jpg,5,0
anger,http://farm9.staticflickr.com/8526/8466788570_8833222cb3_z.jpg,5,0
anger,http://farm8.staticflickr.com/7255/6955833802_6d275eef78_z.jpg,3,2
anger,http://farm9.staticflickr.com/8169/8057049718_5aa37d8de0_z.jpg,5,0
anger,http://farm9.staticflickr.com/8036/8021114232_74a5cd93fc_z.jpg,5,0
anger,http://farm5.staticflickr.com/4022/4633110454_7ee706d7ce_z.jpg,5,0
anger,http://farm8.staticflickr.com/7029/6556012093_279fa71401_z.jpg,2,3
anger,http://farm4.staticflickr.com/3421/13031129105_b5ab585f79_z.jpg,5,0
anger,http://farm3.staticflickr.com/2568/4030399752_38016c7ae4_z.jpg,5,0
anger,http://farm4.staticflickr.com/3196/3077442855_a6bb3cae55_z.jpg,5,0
anger,http://farm8.staticflickr.com/7577/16097556691_2aa02689b1_z.jpg,5,0
anger,http://farm6.staticflickr.com/5026/5658737635_a4f67bdb1b_z.jpg,5,0
anger,http://farm3.staticflickr.com/2527/4006334250_1491e76977_z.jpg,3,2
anger,http://farm3.staticflickr.com/2781/4016943343_309e147c90_z.jpg,5,0
anger,http://farm4.staticflickr.com/3267/2768036640_5a23dfa085_z.jpg,5,0
anger,http://farm9.staticflickr.com/8104/8534592632_e04e078106_z.jpg,5,0
anger,http://farm9.staticflickr.com/8237/8395869878_fd70e9922e_z.jpg,4,1
anger,http://farm4.staticflickr.com/3150/2981691629_8cd9945660_z.jpg,0,5
anger,http://farm4.staticflickr.com/3906/14653251234_0aeeff70f4_z.jpg,4,1
anger,http://farm8.staticflickr.com/7022/6409620283_50de7ab29b_z.jpg,3,2
anger,http://farm5.staticflickr.com/4127/4988616113_893176dbb7_z.jpg,3,2
anger,http://farm6.staticflickr.com/5056/5569652978_08715c40f8_z.jpg,5,0
anger,http://farm8.staticflickr.com/7050/6909741340_93a577432a_z.jpg,5,0
anger,http://farm8.staticflickr.com/7438/9408573652_e9bb3c0afa_z.jpg,5,0
anger,http://farm9.staticflickr.com/8236/8473619567_8b45bf5266_z.jpg,4,0
anger,http://farm3.staticflickr.com/2484/3769661179_4296427f3a_z.jpg,5,0
anger,http://farm3.staticflickr.com/2416/2465885487_0c17888351_z.jpg,5,0
anger,http://farm4.staticflickr.com/3727/10510119816_c6eaf20758_z.jpg,3,2
anger,http://farm4.staticflickr.com/3050/2585138347_81e349e2e9_z.jpg,5,0
anger,http://farm8.staticflickr.com/7069/13903221192_e77854627b_z.jpg,5,0
anger,http://farm5.staticflickr.com/4121/4930371127_04f91a0b90_z.jpg,5,0
anger,http://farm6.staticflickr.com/5166/5366414905_6e297a9ac3_z.jpg,3,2
anger,http://farm7.staticflickr.com/6150/6008854750_fba40af14b_z.jpg,5,0
anger,http://farm4.staticflickr.com/3932/15405009450_ca4ab4ca97_z.jpg,5,0
anger,http://farm7.staticflickr.com/6023/5989332019_ba111a3e6d_z.jpg,5,0
anger,http://farm7.staticflickr.com/6227/6366463901_83cf0f5651_z.jpg,4,1
anger,http://farm6.staticflickr.com/5133/5403462477_88c3e64025_z.jpg,5,0
anger,http://farm8.staticflickr.com/7066/6848252477_a6af374d2b_z.jpg,0,5
anger,http://farm4.staticflickr.com/3844/14145559630_a548c6ea32_z.jpg,5,0
anger,http://farm4.staticflickr.com/3704/12148971364_31d9ac82d8_z.jpg,5,0
anger,http://farm6.staticflickr.com/5127/5312910070_893cb3c156_z.jpg,5,0
anger,http://farm3.staticflickr.com/2222/1743138933_a1d8ffcac9_z.jpg,5,0
anger,http://farm9.staticflickr.com/8246/8549449251_3eabed5f50_z.jpg,5,0
anger,http://farm6.staticflickr.com/5567/14985243729_154745b113_z.jpg,4,0
anger,http://farm5.staticflickr.com/4088/4994820951_d48492f8d9_z.jpg,5,0
anger,http://farm6.staticflickr.com/5267/5635275277_013ac5e031_z.jpg,5,0
anger,http://farm3.staticflickr.com/2538/3919330284_4b3794a8a0_z.jpg,5,0
anger,http://farm6.staticflickr.com/5606/15373241608_70243cb430_z.jpg,5,0
anger,http://farm8.staticflickr.com/7514/15889851618_1df8857815_z.jpg,5,0
anger,http://farm9.staticflickr.com/8576/15454057074_6a21084767_z.jpg,4,1
anger,http://farm5.staticflickr.com/4040/5120732912_c327fef24d_z.jpg,5,0
anger,http://farm7.staticflickr.com/6030/5978045716_5f3a039285_z.jpg,4,1
anger,http://farm9.staticflickr.com/8143/7603954648_e8e0697f27_z.jpg,5,0
anger,http://farm4.staticflickr.com/3927/15264545230_f9c02d8aa2_z.jpg,5,0
anger,http://farm7.staticflickr.com/6024/5958378644_338815d57f_z.jpg,5,0
anger,http://farm4.staticflickr.com/3480/3252581084_453297ab67_z.jpg,4,1
anger,http://farm7.staticflickr.com/6169/6162156288_037969f626_z.jpg,5,0
anger,http://farm4.staticflickr.com/3226/2816457621_cbce8c8477_z.jpg,0,5
anger,http://farm8.staticflickr.com/7570/15539772644_4cfd1bbcaa_z.jpg,5,0
anger,http://farm7.staticflickr.com/6119/6291764952_64d9589d72_z.jpg,5,0
anger,http://farm9.staticflickr.com/8366/8467077406_8e8423ca6c_z.jpg,4,1
anger,http://farm4.staticflickr.com/3082/3116750056_aecc765bcc_z.jpg,5,0
anger,http://farm9.staticflickr.com/8648/15618788340_d3547bf689_z.jpg,5,0
anger,http://farm5.staticflickr.com/4092/4963855664_0401612948_z.jpg,5,0
anger,http://farm8.staticflickr.com/7044/6885084643_5b00d0e7e2_z.jpg,4,0
anger,http://farm3.staticflickr.com/2903/14770666044_ab664ed745_z.jpg,5,0
anger,http://farm9.staticflickr.com/8159/7535056628_a510b70a3a_z.jpg,5,0
anger,http://farm8.staticflickr.com/7083/6983338896_78b4c78fa5_z.jpg,5,0
anger,http://farm3.staticflickr.com/2576/3919295640_4eb3e0591f_z.jpg,5,0
anger,http://farm6.staticflickr.com/5052/5399197892_c3bf7a9e28_z.jpg,4,1
anger,http://farm6.staticflickr.com/5269/13555792815_3c630e2756_z.jpg,4,1
anger,http://farm7.staticflickr.com/6043/6261434285_f39e5d5315_z.jpg,5,0
