anger,http://cs.rochester.edu/u/qyou/Ins/Imgs/anger/d8ab89b29d1811e2a95722000a9f09e9_7.jpg,5,0
anger,http://cs.rochester.edu/u/qyou/Ins/Imgs/anger/cb085670164211e3aee522000a9f15b9_7.jpg,4,1
anger,http://cs.rochester.edu/u/qyou/Ins/Imgs/anger/1251bcc4c99f11e2ab6822000a1f96e8_7.jpg,4,1
anger,http://cs.rochester.edu/u/qyou/Ins/Imgs/anger/1516394_1458723101017124_37492176_n.jpg,5,0
anger,http://cs.rochester.edu/u/qyou/Ins/Imgs/anger/6f2a9fe2295311e3b49e22000ae91347_7.jpg,3,2
anger,http://cs.rochester.edu/u/qyou/Ins/Imgs/anger/1171268_616912408356090_1789397952_n.jpg,1,4
anger,http://cs.rochester.edu/u/qyou/Ins/Imgs/anger/1516744_561124393972167_929450834_n.jpg,4,1
anger,http://cs.rochester.edu/u/qyou/Ins/Imgs/anger/63613a46b2f611e2a3d522000a9f13e2_7.jpg,4,1
anger,http://cs.rochester.edu/u/qyou/Ins/Imgs/anger/a268ee94373311e288f622000a1fbc72_7.jpg,5,0
anger,http://cs.rochester.edu/u/qyou/Ins/Imgs/anger/8b50eb1a3dd911e2b7ab22000a1f90e7_7.jpg,5,0
anger,http://cs.rochester.edu/u/qyou/Ins/Imgs/anger/9b19d452f96411e2954322000ae80d8d_7.jpg,5,0
anger,http://cs.rochester.edu/u/qyou/Ins/Imgs/anger/10954368_399402243574849_1799824497_n.jpg,0,5
anger,http://cs.rochester.edu/u/qyou/Ins/Imgs/anger/929379_752610784752997_1351574673_n.jpg,4,1
anger,http://cs.rochester.edu/u/qyou/Ins/Imgs/anger/10891014_916523588372310_242258997_n.jpg,4,1
anger,http://cs.rochester.edu/u/qyou/Ins/Imgs/anger/b4e0c48416c111e3b74c22000a9f1427_7.jpg,5,0
anger,http://cs.rochester.edu/u/qyou/Ins/Imgs/anger/10802880_708044382626034_645543253_n.jpg,4,1
anger,http://cs.rochester.edu/u/qyou/Ins/Imgs/anger/c5701420bd2611e2952122000a1fbf2e_7.jpg,4,1
anger,http://cs.rochester.edu/u/qyou/Ins/Imgs/anger/1740547_1393776237548727_915874080_n.jpg,5,0
anger,http://cs.rochester.edu/u/qyou/Ins/Imgs/anger/1170096_426572614135086_517592587_n.jpg,5,0
anger,http://cs.rochester.edu/u/qyou/Ins/Imgs/anger/1171995_1374285399487808_1377415241_n.jpg,2,3
anger,http://cs.rochester.edu/u/qyou/Ins/Imgs/anger/927145_633002750148595_387912678_n.jpg,2,3
anger,http://cs.rochester.edu/u/qyou/Ins/Imgs/anger/10914148_699184716866461_603295203_n.jpg,0,5
anger,http://cs.rochester.edu/u/qyou/Ins/Imgs/anger/a5df664e818811e29b6422000a1c00c6_7.jpg,5,0
anger,http://cs.rochester.edu/u/qyou/Ins/Imgs/anger/3ab5170efebc11e2a39822000a9e0344_7.jpg,4,1
anger,http://cs.rochester.edu/u/qyou/Ins/Imgs/anger/263d59ec8f2911e29d7522000aaa07cd_7.jpg,3,2
anger,http://cs.rochester.edu/u/qyou/Ins/Imgs/anger/10890839_596284190504292_267620671_n.jpg,4,1
anger,http://cs.rochester.edu/u/qyou/Ins/Imgs/anger/1169150_254416084709417_1019116761_n.jpg,5,0
anger,http://cs.rochester.edu/u/qyou/Ins/Imgs/anger/928504_209276195949409_725023936_n.jpg,4,1
anger,http://cs.rochester.edu/u/qyou/Ins/Imgs/anger/ab444bdcb04311e3beab0ad2ce55461a_8.jpg,2,3
anger,http://cs.rochester.edu/u/qyou/Ins/Imgs/anger/925688_448927698551276_1943174159_n.jpg,3,2
anger,http://cs.rochester.edu/u/qyou/Ins/Imgs/anger/10919334_1536429499970998_653847542_n.jpg,1,4
anger,http://cs.rochester.edu/u/qyou/Ins/Imgs/anger/3f5b9a4c3c7c11e29f0922000a1fb76f_7.jpg,1,4
anger,http://cs.rochester.edu/u/qyou/Ins/Imgs/anger/923629_1479369378960202_1204352997_n.jpg,5,0
anger,http://cs.rochester.edu/u/qyou/Ins/Imgs/anger/8a903d4c155711e39f4822000aeb1254_7.jpg,4,1
anger,http://cs.rochester.edu/u/qyou/Ins/Imgs/anger/44208dea742a11e2bba622000a1fbc9c_7.jpg,5,0
anger,http://cs.rochester.edu/u/qyou/Ins/Imgs/anger/1e1a626225db11e29ed51231381b41f5_7.jpg,5,0
anger,http://cs.rochester.edu/u/qyou/Ins/Imgs/anger/edbdeab6405711e2aae322000a1f9858_7.jpg,5,0
anger,http://cs.rochester.edu/u/qyou/Ins/Imgs/anger/7103e0cc92c111e2a88722000a1f90d0_7.jpg,4,1
anger,http://cs.rochester.edu/u/qyou/Ins/Imgs/anger/4e96f04a361611e2b2c322000a1f9804_7.jpg,5,0
anger,http://cs.rochester.edu/u/qyou/Ins/Imgs/anger/cbe59cd4527911e2b83422000a1f9e4c_7.jpg,0,5
anger,http://cs.rochester.edu/u/qyou/Ins/Imgs/anger/d014bc9ea6a311e2bf6922000a9f1404_7.jpg,3,2
anger,http://cs.rochester.edu/u/qyou/Ins/Imgs/anger/c561488221a311e3b98522000a9e063b_7.jpg,4,1
anger,http://cs.rochester.edu/u/qyou/Ins/Imgs/anger/3d7f5526f05d11e18eb922000a1de2f1_7.jpg,5,0
anger,http://cs.rochester.edu/u/qyou/Ins/Imgs/anger/99cdde62a75411e18cf91231380fd29b_7.jpg,2,3
anger,http://cs.rochester.edu/u/qyou/Ins/Imgs/anger/f629f608b13b11e38dee122bd5d7bc13_8.jpg,5,0
anger,http://cs.rochester.edu/u/qyou/Ins/Imgs/anger/10895159_1401587356804086_1326809890_n.jpg,4,1
anger,http://cs.rochester.edu/u/qyou/Ins/Imgs/anger/c1eec580f36311e28e1022000aa80588_7.jpg,3,2
anger,http://cs.rochester.edu/u/qyou/Ins/Imgs/anger/10dd5538fa1411e2831f22000a9f13a0_7.jpg,4,1
anger,http://cs.rochester.edu/u/qyou/Ins/Imgs/anger/891279_120423858152123_2094561935_n.jpg,5,0
anger,http://cs.rochester.edu/u/qyou/Ins/Imgs/anger/10899529_1398193843811187_1099747835_n.jpg,4,1
anger,http://cs.rochester.edu/u/qyou/Ins/Imgs/anger/1538351_202866769902834_394304465_n.jpg,5,0
anger,http://cs.rochester.edu/u/qyou/Ins/Imgs/anger/10865036_891284977578825_142232911_n.jpg,3,2
anger,http://cs.rochester.edu/u/qyou/Ins/Imgs/anger/891459_325548490966212_1450640999_n.jpg,4,1
anger,http://cs.rochester.edu/u/qyou/Ins/Imgs/anger/1389337_1452183565054846_1321173068_n.jpg,5,0
anger,http://cs.rochester.edu/u/qyou/Ins/Imgs/anger/e02be9141de911e3addc22000ab68f29_7.jpg,2,3
anger,http://cs.rochester.edu/u/qyou/Ins/Imgs/anger/10891059_331471957059035_1459873819_n.jpg,5,0
anger,http://cs.rochester.edu/u/qyou/Ins/Imgs/anger/baa1b436169011e3839b22000aa801fc_7.jpg,5,0
anger,http://cs.rochester.edu/u/qyou/Ins/Imgs/anger/1208178_356117561218967_845912702_n.jpg,4,1
anger,http://cs.rochester.edu/u/qyou/Ins/Imgs/anger/10852987_966486606713612_1620111586_n.jpg,2,3
anger,http://cs.rochester.edu/u/qyou/Ins/Imgs/anger/10890696_1783273328563713_944163304_n.jpg,4,1
anger,http://cs.rochester.edu/u/qyou/Ins/Imgs/anger/1391201_546632388762700_1539330521_n.jpg,5,0
anger,http://cs.rochester.edu/u/qyou/Ins/Imgs/anger/1725657_1396259500634253_463061940_n.jpg,3,2
anger,http://cs.rochester.edu/u/qyou/Ins/Imgs/anger/10844017_304190886458594_2025959855_n.jpg,5,0
anger,http://cs.rochester.edu/u/qyou/Ins/Imgs/anger/10838789_733033490126167_240344512_n.jpg,3,2
anger,http://cs.rochester.edu/u/qyou/Ins/Imgs/anger/8601eb02e7dc11e2b18c22000ae906be_7.jpg,5,0
anger,http://cs.rochester.edu/u/qyou/Ins/Imgs/anger/dafea8ec098011e2be6a12313820455d_7.jpg,1,4
anger,http://cs.rochester.edu/u/qyou/Ins/Imgs/anger/4a7d1ba2163e11e39c8b22000a9f18f4_7.jpg,4,1
anger,http://cs.rochester.edu/u/qyou/Ins/Imgs/anger/8a27d210eca911e293ab22000aeb0c17_7.jpg,4,1
anger,http://cs.rochester.edu/u/qyou/Ins/Imgs/anger/b737369e0efd11e3a13a22000aaa05ca_7.jpg,4,1
anger,http://cs.rochester.edu/u/qyou/Ins/Imgs/anger/1530606_1379341128993288_2008670445_n.jpg,5,0
anger,http://cs.rochester.edu/u/qyou/Ins/Imgs/anger/1169895_417048045065610_501716217_n.jpg,4,1
anger,http://cs.rochester.edu/u/qyou/Ins/Imgs/anger/926098_241950495984113_45023088_n.jpg,5,0
anger,http://cs.rochester.edu/u/qyou/Ins/Imgs/anger/10882059_755829974507106_411705747_n.jpg,4,1
anger,http://cs.rochester.edu/u/qyou/Ins/Imgs/anger/1aedd64ef11211e1b07922000a1e9bee_7.jpg,5,0
anger,http://cs.rochester.edu/u/qyou/Ins/Imgs/anger/1390065_547452551999696_1857306442_n.jpg,5,0
anger,http://cs.rochester.edu/u/qyou/Ins/Imgs/anger/891500_504127569730455_1126763296_n.jpg,4,1
anger,http://cs.rochester.edu/u/qyou/Ins/Imgs/anger/6bc65ade271511e3a21622000a1fb915_7.jpg,5,0
anger,http://cs.rochester.edu/u/qyou/Ins/Imgs/anger/11db564cc3ff11e28f8322000a9f18ae_7.jpg,0,5
anger,http://cs.rochester.edu/u/qyou/Ins/Imgs/anger/10838555_1546961218882090_1704834630_n.jpg,5,0
anger,http://cs.rochester.edu/u/qyou/Ins/Imgs/anger/da6346b6f33811e2a6b122000a9f3070_7.jpg,2,3
anger,http://cs.rochester.edu/u/qyou/Ins/Imgs/anger/942aef10891011e2aeca22000a9f18e5_7.jpg,0,5
anger,http://cs.rochester.edu/u/qyou/Ins/Imgs/anger/52dd85b6c9814b7caddb35580601d359_7.jpg,5,0
anger,http://cs.rochester.edu/u/qyou/Ins/Imgs/anger/9326fb70e7a411e2b61a22000ae80d92_7.jpg,3,2
anger,http://cs.rochester.edu/u/qyou/Ins/Imgs/anger/6806d062dadb11e2a62a22000aa803cb_7.jpg,4,1
anger,http://cs.rochester.edu/u/qyou/Ins/Imgs/anger/2d85cc364fb711e2867a22000a9f1266_7.jpg,4,1
anger,http://cs.rochester.edu/u/qyou/Ins/Imgs/anger/10865228_621508067953659_544943000_n.jpg,3,2
anger,http://cs.rochester.edu/u/qyou/Ins/Imgs/anger/7898686c308c11e3938522000aaa21ef_8.jpg,5,0
anger,http://cs.rochester.edu/u/qyou/Ins/Imgs/anger/10852712_307843252752598_279623849_n.jpg,4,1
anger,http://cs.rochester.edu/u/qyou/Ins/Imgs/anger/1169335_644534538936633_1307134525_n.jpg,3,2
anger,http://cs.rochester.edu/u/qyou/Ins/Imgs/anger/4253853eb86911e2af7e22000a1f8ae5_7.jpg,4,1
anger,http://cs.rochester.edu/u/qyou/Ins/Imgs/anger/66cbf032fa2b11e2affb22000aa8059e_7.jpg,1,4
anger,http://cs.rochester.edu/u/qyou/Ins/Imgs/anger/c10a7e06b52a11e2868f22000a1f97ea_7.jpg,5,0
anger,http://cs.rochester.edu/u/qyou/Ins/Imgs/anger/1208360_635445716496646_627058130_n.jpg,3,2
anger,http://cs.rochester.edu/u/qyou/Ins/Imgs/anger/923895_182233635313061_1318426901_n.jpg,2,3
anger,http://cs.rochester.edu/u/qyou/Ins/Imgs/anger/5b6d30fc123c11e2ad8422000a1fa8e9_7.jpg,4,1
anger,http://cs.rochester.edu/u/qyou/Ins/Imgs/anger/acd35e6e9fcf11e2b1f822000a1f9751_7.jpg,5,0
anger,http://cs.rochester.edu/u/qyou/Ins/Imgs/anger/10932049_1514033845551945_82550645_n.jpg,5,0
anger,http://cs.rochester.edu/u/qyou/Ins/Imgs/anger/a1bbf2b4a7e711e29c6822000a1f9688_7.jpg,2,3
anger,http://cs.rochester.edu/u/qyou/Ins/Imgs/anger/fdcc1100f96411e2908222000a9f146a_7.jpg,5,0
anger,http://cs.rochester.edu/u/qyou/Ins/Imgs/anger/1172971_249275748562453_1214349448_n.jpg,1,4
anger,http://cs.rochester.edu/u/qyou/Ins/Imgs/anger/5459eee26e1011e2859c22000a9f0a20_7.jpg,3,2
anger,http://cs.rochester.edu/u/qyou/Ins/Imgs/anger/1ad4313045e511e29f5522000a9f14ae_7.jpg,4,1
anger,http://cs.rochester.edu/u/qyou/Ins/Imgs/anger/1209476_193822597474213_1669612733_n.jpg,5,0
anger,http://cs.rochester.edu/u/qyou/Ins/Imgs/anger/1388909_626462520751092_1032258272_n.jpg,2,3
anger,http://cs.rochester.edu/u/qyou/Ins/Imgs/anger/5554445680de11e29a5722000a9f3079_7.jpg,4,1
anger,http://cs.rochester.edu/u/qyou/Ins/Imgs/anger/149bb5f6305c11e3ab1722000ab69985_8.jpg,4,1
anger,http://cs.rochester.edu/u/qyou/Ins/Imgs/anger/cdab5a627b8311e2bbaa22000a1fb198_7.jpg,3,2
anger,http://cs.rochester.edu/u/qyou/Ins/Imgs/anger/560b0eea997311e2974122000a9e2969_7.jpg,2,3
anger,http://cs.rochester.edu/u/qyou/Ins/Imgs/anger/e48077a2e45811e2b3a822000ae90304_7.jpg,2,3
anger,http://cs.rochester.edu/u/qyou/Ins/Imgs/anger/10919184_1516224432000707_1919231382_n.jpg,4,1
anger,http://cs.rochester.edu/u/qyou/Ins/Imgs/anger/10809938_1574309982791017_946520702_n.jpg,4,1
anger,http://cs.rochester.edu/u/qyou/Ins/Imgs/anger/55d8c990a53e11e28a6422000a1f971a_7.jpg,3,2
anger,http://cs.rochester.edu/u/qyou/Ins/Imgs/anger/945778d4aae611e3bba3127c7df452a8_8.jpg,5,0
anger,http://cs.rochester.edu/u/qyou/Ins/Imgs/anger/39162830f4de11e2870c22000aa803ac_7.jpg,5,0
anger,http://cs.rochester.edu/u/qyou/Ins/Imgs/anger/ad5ab9be56c711e29cae22000a9f1378_7.jpg,5,0
anger,http://cs.rochester.edu/u/qyou/Ins/Imgs/anger/4b0aabaccfe511e1a8761231381b4856_7.jpg,2,3
anger,http://cs.rochester.edu/u/qyou/Ins/Imgs/anger/ada64e34fef511e283e622000a1fb86d_7.jpg,5,0
anger,http://cs.rochester.edu/u/qyou/Ins/Imgs/anger/185eba10133111e2a50222000a1fb870_7.jpg,5,0
anger,http://cs.rochester.edu/u/qyou/Ins/Imgs/anger/9ffb8f0212b911e2840e1231381b59da_7.jpg,4,1
anger,http://cs.rochester.edu/u/qyou/Ins/Imgs/anger/926977_674875435891896_1677697325_n.jpg,1,4
anger,http://cs.rochester.edu/u/qyou/Ins/Imgs/anger/4074337eb21211e290cd22000a1f90d7_7.jpg,4,1
anger,http://cs.rochester.edu/u/qyou/Ins/Imgs/anger/1e82994aaae611e3a1d912fd10b2716f_8.jpg,5,0
anger,http://cs.rochester.edu/u/qyou/Ins/Imgs/anger/ccbd18f8a2e311e19e4a12313813ffc0_7.jpg,5,0
anger,http://cs.rochester.edu/u/qyou/Ins/Imgs/anger/1170621_769411763084230_1550496641_n.jpg,2,3
anger,http://cs.rochester.edu/u/qyou/Ins/Imgs/anger/feed194a15a711e2a38422000a1e878b_7.jpg,4,1
anger,http://cs.rochester.edu/u/qyou/Ins/Imgs/anger/914434_245845892277111_1129672505_n.jpg,5,0
anger,http://cs.rochester.edu/u/qyou/Ins/Imgs/anger/343b7f8a786611e2b17a22000a1fa432_7.jpg,5,0
anger,http://cs.rochester.edu/u/qyou/Ins/Imgs/anger/a6b528448c6711e2912322000a1f933e_7.jpg,5,0
anger,http://cs.rochester.edu/u/qyou/Ins/Imgs/anger/16794c807a6311e2b85022000a1f9e75_7.jpg,5,0
anger,http://cs.rochester.edu/u/qyou/Ins/Imgs/anger/5c7492c82a4c11e3a6fb22000a1fafd6_7.jpg,2,3
anger,http://cs.rochester.edu/u/qyou/Ins/Imgs/anger/1389245_479623718817945_1938772885_n.jpg,5,0
anger,http://cs.rochester.edu/u/qyou/Ins/Imgs/anger/1596767_1593193640900811_2067076113_n.jpg,5,0
anger,http://cs.rochester.edu/u/qyou/Ins/Imgs/anger/ad7a6fccaee411e3b2ca1248dfffdc14_8.jpg,5,0
anger,http://cs.rochester.edu/u/qyou/Ins/Imgs/anger/c5dc9162709c11e28e1522000a1f9a99_7.jpg,5,0
anger,http://cs.rochester.edu/u/qyou/Ins/Imgs/anger/1599806_449972588436834_1287674881_n.jpg,4,1
anger,http://cs.rochester.edu/u/qyou/Ins/Imgs/anger/1ff885c8f9ca11e297c822000a1f8f8e_7.jpg,5,0
anger,http://cs.rochester.edu/u/qyou/Ins/Imgs/anger/928071_618534321598396_1143866485_n.jpg,2,3
anger,http://cs.rochester.edu/u/qyou/Ins/Imgs/anger/10809857_1582531951979544_675429092_n.jpg,5,0
anger,http://cs.rochester.edu/u/qyou/Ins/Imgs/anger/a0db9e88dda411e2bba622000a1fbc9c_7.jpg,2,3
anger,http://cs.rochester.edu/u/qyou/Ins/Imgs/anger/9f0d9988360211e39a7722000ae8146f_8.jpg,5,0
anger,http://cs.rochester.edu/u/qyou/Ins/Imgs/anger/1208182_263070057177469_371342004_n.jpg,4,1
anger,http://cs.rochester.edu/u/qyou/Ins/Imgs/anger/7c35e8c2d16a11e2b1c522000a9f18eb_7.jpg,5,0
anger,http://cs.rochester.edu/u/qyou/Ins/Imgs/anger/3dad0476fd9a11e2807c22000a9e06c7_7.jpg,1,4
anger,http://cs.rochester.edu/u/qyou/Ins/Imgs/anger/5682fe1e0ff711e3984322000a1fcb7e_7.jpg,5,0
anger,http://cs.rochester.edu/u/qyou/Ins/Imgs/anger/97d1daa25492467a86838d197a070001_7.jpg,5,0
anger,http://cs.rochester.edu/u/qyou/Ins/Imgs/anger/8581d006930a11e2bbe722000a9f1253_7.jpg,4,1
anger,http://cs.rochester.edu/u/qyou/Ins/Imgs/anger/8a91f5bea53211e28bc322000a9d0dcb_7.jpg,5,0
anger,http://cs.rochester.edu/u/qyou/Ins/Imgs/anger/10808858_368683026641947_1466366063_n.jpg,4,1
anger,http://cs.rochester.edu/u/qyou/Ins/Imgs/anger/10a15782aab311e2b2e322000a1f9a5c_7.jpg,3,2
anger,http://cs.rochester.edu/u/qyou/Ins/Imgs/anger/e696c95eb90311e2829822000a9f1487_7.jpg,1,4
anger,http://cs.rochester.edu/u/qyou/Ins/Imgs/anger/8e171f18e5d711e1bb3522000a1e9bb7_7.jpg,1,4
anger,http://cs.rochester.edu/u/qyou/Ins/Imgs/anger/a8d7e5ded18711e2aa6722000a9f393e_7.jpg,5,0
anger,http://cs.rochester.edu/u/qyou/Ins/Imgs/anger/10c86aa4a39f11e2820422000a1f97b5_7.jpg,4,1
anger,http://cs.rochester.edu/u/qyou/Ins/Imgs/anger/1208324_427237017398135_1905383589_n.jpg,5,0
anger,http://cs.rochester.edu/u/qyou/Ins/Imgs/anger/9b824f74ba7f11e28c8422000a1f931c_7.jpg,5,0
anger,http://cs.rochester.edu/u/qyou/Ins/Imgs/anger/1170429_1428202620729917_1717557761_n.jpg,5,0
anger,http://cs.rochester.edu/u/qyou/Ins/Imgs/anger/923600_477997242301963_1918947989_n.jpg,4,1
anger,http://cs.rochester.edu/u/qyou/Ins/Imgs/anger/1737055_1436167243282968_1293816365_n.jpg,5,0
anger,http://cs.rochester.edu/u/qyou/Ins/Imgs/anger/10919497_1519642828316743_144284240_n.jpg,2,3
anger,http://cs.rochester.edu/u/qyou/Ins/Imgs/anger/1141cbbc26d911e2a55d22000a1fbcd5_7.jpg,4,1
anger,http://cs.rochester.edu/u/qyou/Ins/Imgs/anger/1171719_569219639818392_1446425482_n.jpg,5,0
anger,http://cs.rochester.edu/u/qyou/Ins/Imgs/anger/10802831_389791937838200_122118958_n.jpg,1,4
anger,http://cs.rochester.edu/u/qyou/Ins/Imgs/anger/10946499_433700380128666_1051011896_n.jpg,1,4
anger,http://cs.rochester.edu/u/qyou/Ins/Imgs/anger/7dcd9554a87911e3bb630e168fca72ec_8.jpg,5,0
anger,http://cs.rochester.edu/u/qyou/Ins/Imgs/anger/aae6e9b69ad611e2979222000a1f9bc6_7.jpg,4,1
anger,http://cs.rochester.edu/u/qyou/Ins/Imgs/anger/d3983002995b11e3a2d60e261fabcdef_8.jpg,3,2
anger,http://cs.rochester.edu/u/qyou/Ins/Imgs/anger/6c972c68c05411e2af4d22000a1fb83a_7.jpg,4,1
anger,http://cs.rochester.edu/u/qyou/Ins/Imgs/anger/1737637_237397226443293_1829841989_n.jpg,4,1
anger,http://cs.rochester.edu/u/qyou/Ins/Imgs/anger/c86454727af811e28c1022000a9e08e0_7.jpg,4,1
anger,http://cs.rochester.edu/u/qyou/Ins/Imgs/anger/1c143a94867811e2979222000a1f9bc6_7.jpg,5,0
anger,http://cs.rochester.edu/u/qyou/Ins/Imgs/anger/3037ec70044d11e3880922000ae8030e_7.jpg,2,3
anger,http://cs.rochester.edu/u/qyou/Ins/Imgs/anger/7d25d55602fe11e3a8e322000a9f13d9_7.jpg,4,1
anger,http://cs.rochester.edu/u/qyou/Ins/Imgs/anger/a8020404fedd11e2858a22000a1f9711_7.jpg,4,1
anger,http://cs.rochester.edu/u/qyou/Ins/Imgs/anger/1738685_220848478113831_580476188_n.jpg,5,0
anger,http://cs.rochester.edu/u/qyou/Ins/Imgs/anger/31f2ce9cacbc11e2a73722000a1f9317_7.jpg,1,4
anger,http://cs.rochester.edu/u/qyou/Ins/Imgs/anger/37fa57020a9f11e288f622000a1e8bb0_7.jpg,5,0
anger,http://cs.rochester.edu/u/qyou/Ins/Imgs/anger/351aae340c8911e1a87612313804ec91_7.jpg,5,0
anger,http://cs.rochester.edu/u/qyou/Ins/Imgs/anger/1389531_259144247571944_1531637789_n.jpg,5,0
anger,http://cs.rochester.edu/u/qyou/Ins/Imgs/anger/a69de9f0a16f11e2986122000a9f194c_7.jpg,2,3
anger,http://cs.rochester.edu/u/qyou/Ins/Imgs/anger/93b2a19a65c911e385f30e6bddce6503_8.jpg,5,0
anger,http://cs.rochester.edu/u/qyou/Ins/Imgs/anger/24090c4e229a11e2ad6922000a1fa410_7.jpg,2,3
anger,http://cs.rochester.edu/u/qyou/Ins/Imgs/anger/b4e2926a5d4d11e2b71122000a9e28e1_7.jpg,5,0
anger,http://cs.rochester.edu/u/qyou/Ins/Imgs/anger/d75b96387b1211e290d522000a1fb852_7.jpg,3,2
anger,http://cs.rochester.edu/u/qyou/Ins/Imgs/anger/5bb5c852ceea11e19f661231381b69db_7.jpg,5,0
anger,http://cs.rochester.edu/u/qyou/Ins/Imgs/anger/924146_337735519770887_1792868599_n.jpg,5,0
anger,http://cs.rochester.edu/u/qyou/Ins/Imgs/anger/99cf94ccfb4111e29a0d22000a9f1320_7.jpg,5,0
anger,http://cs.rochester.edu/u/qyou/Ins/Imgs/anger/929096_298108353688389_466825587_n.jpg,4,1
anger,http://cs.rochester.edu/u/qyou/Ins/Imgs/anger/64bfc0d2b17011e3b24a12b22605d8d1_8.jpg,5,0
anger,http://cs.rochester.edu/u/qyou/Ins/Imgs/anger/bc2e74d0efde11e1a94522000a1e8aaf_7.jpg,2,3
anger,http://cs.rochester.edu/u/qyou/Ins/Imgs/anger/b70ce004628e11e2815722000a1fa518_7.jpg,4,1
anger,http://cs.rochester.edu/u/qyou/Ins/Imgs/anger/e2bf0276c17111e2948222000a1f9307_7.jpg,5,0
anger,http://cs.rochester.edu/u/qyou/Ins/Imgs/anger/2584f21ad83c11e2a9ad22000a1fb3f4_7.jpg,5,0
anger,http://cs.rochester.edu/u/qyou/Ins/Imgs/anger/1389544_549607191781009_1492589716_n.jpg,3,2
anger,http://cs.rochester.edu/u/qyou/Ins/Imgs/anger/f87cb378abf111e2979d22000aaa0925_7.jpg,2,3
anger,http://cs.rochester.edu/u/qyou/Ins/Imgs/anger/c1f825306f0511e3b554122b944cbca2_8.jpg,5,0
anger,http://cs.rochester.edu/u/qyou/Ins/Imgs/anger/d797df2ea34c11e1a9f71231382044a1_7.jpg,2,3
anger,http://cs.rochester.edu/u/qyou/Ins/Imgs/anger/927825_1377385149173873_1807452426_n.jpg,2,3
anger,http://cs.rochester.edu/u/qyou/Ins/Imgs/anger/1390318_1466329716927227_1544700429_n.jpg,2,3
anger,http://cs.rochester.edu/u/qyou/Ins/Imgs/anger/d2d00e1cfb9311e2bf3622000a9f1886_7.jpg,5,0
anger,http://cs.rochester.edu/u/qyou/Ins/Imgs/anger/891437_739904819389370_2058133338_n.jpg,5,0
anger,http://cs.rochester.edu/u/qyou/Ins/Imgs/anger/1171074_549043955180957_1336825816_n.jpg,4,1
anger,http://cs.rochester.edu/u/qyou/Ins/Imgs/anger/10802798_729483040476398_621062112_n.jpg,5,0
anger,http://cs.rochester.edu/u/qyou/Ins/Imgs/anger/a37a1124f05511e2987d22000aaa0a97_7.jpg,1,4
anger,http://cs.rochester.edu/u/qyou/Ins/Imgs/anger/10864813_1615102185384217_1835610617_n.jpg,4,1
anger,http://cs.rochester.edu/u/qyou/Ins/Imgs/anger/ff5d4c5618da11e3af5a22000a9f18fb_7.jpg,5,0
anger,http://cs.rochester.edu/u/qyou/Ins/Imgs/anger/7901b534e9aa11e2b83422000a1f9e4c_7.jpg,3,2
anger,http://cs.rochester.edu/u/qyou/Ins/Imgs/anger/bdaaa188aba111e28b6c22000a1f8db8_7.jpg,4,1
anger,http://cs.rochester.edu/u/qyou/Ins/Imgs/anger/2e64c972cde411e1aeb3123138150f49_7.jpg,5,0
anger,http://cs.rochester.edu/u/qyou/Ins/Imgs/anger/e2e07b90996211e29a2a22000a1fb02b_7.jpg,5,0
anger,http://cs.rochester.edu/u/qyou/Ins/Imgs/anger/10895505_738479919581497_1054399267_n.jpg,4,1
anger,http://cs.rochester.edu/u/qyou/Ins/Imgs/anger/bcf32558a05b11e382260a0c58a2d6e3_8.jpg,4,1
anger,http://cs.rochester.edu/u/qyou/Ins/Imgs/anger/3655cfbcfb8b11e1a58122000a1de2c6_7.jpg,5,0
anger,http://cs.rochester.edu/u/qyou/Ins/Imgs/anger/925657_746228608778773_1709729210_n.jpg,5,0
anger,http://cs.rochester.edu/u/qyou/Ins/Imgs/anger/4f740f46b87211e28bc322000a9d0dcb_7.jpg,3,2
anger,http://cs.rochester.edu/u/qyou/Ins/Imgs/anger/10957301_340358189488504_944932614_n.jpg,4,1
anger,http://cs.rochester.edu/u/qyou/Ins/Imgs/anger/5ba4aafa01ba11e3b2fd22000a9e0875_7.jpg,2,3
anger,http://cs.rochester.edu/u/qyou/Ins/Imgs/anger/f204d110a6c911e29caa22000a1f96f6_7.jpg,1,4
anger,http://cs.rochester.edu/u/qyou/Ins/Imgs/anger/b7bc0346f42911e19c2922000a1e87be_7.jpg,4,1
anger,http://cs.rochester.edu/u/qyou/Ins/Imgs/anger/b14e22b240f211e2b62322000a9f12da_7.jpg,1,4
anger,http://cs.rochester.edu/u/qyou/Ins/Imgs/anger/10831971_299084550291282_1228174722_n.jpg,4,1
anger,http://cs.rochester.edu/u/qyou/Ins/Imgs/anger/10903258_1569319836617985_1769089700_n.jpg,5,0
anger,http://cs.rochester.edu/u/qyou/Ins/Imgs/anger/10899085_1569368073276696_1102269753_n.jpg,5,0
anger,http://cs.rochester.edu/u/qyou/Ins/Imgs/anger/77e6bc4ce89011e19be31231380e66dc_7.jpg,4,1
anger,http://cs.rochester.edu/u/qyou/Ins/Imgs/anger/1171048_580133458725252_1129929665_n.jpg,4,1
anger,http://cs.rochester.edu/u/qyou/Ins/Imgs/anger/b5348a4ede7511e2bb8a22000a1f97fc_7.jpg,3,2
anger,http://cs.rochester.edu/u/qyou/Ins/Imgs/anger/9845c37a849a11e180c9123138016265_7.jpg,4,1
anger,http://cs.rochester.edu/u/qyou/Ins/Imgs/anger/1388917_413874692068786_2064143406_n.jpg,5,0
anger,http://cs.rochester.edu/u/qyou/Ins/Imgs/anger/914566_205076183014884_1736352042_n.jpg,5,0
anger,http://cs.rochester.edu/u/qyou/Ins/Imgs/anger/9db0294ef56511e2a73f22000a9e28ad_7.jpg,5,0
anger,http://cs.rochester.edu/u/qyou/Ins/Imgs/anger/10859974_989667421062468_65277157_n.jpg,1,4
anger,http://cs.rochester.edu/u/qyou/Ins/Imgs/anger/77c2f4e273aa11e2bb0f22000a1fbc94_7.jpg,4,1
anger,http://cs.rochester.edu/u/qyou/Ins/Imgs/anger/1389696_1374821302769385_890869686_n.jpg,5,0
anger,http://cs.rochester.edu/u/qyou/Ins/Imgs/anger/10808769_344403959078395_249820059_n.jpg,3,2
anger,http://cs.rochester.edu/u/qyou/Ins/Imgs/anger/1941209_243400902511922_1324682847_n.jpg,4,1
anger,http://cs.rochester.edu/u/qyou/Ins/Imgs/anger/2fbcc25c269911e3b22122000a1fc95b_7.jpg,3,2
anger,http://cs.rochester.edu/u/qyou/Ins/Imgs/anger/b647a9c8169411e3bd9022000a1fa522_7.jpg,5,0
anger,http://cs.rochester.edu/u/qyou/Ins/Imgs/anger/10810008_401078326715315_1608894986_n.jpg,5,0
anger,http://cs.rochester.edu/u/qyou/Ins/Imgs/anger/f8a56c9c4c0011e2b55122000a1f9be7_7.jpg,1,4
anger,http://cs.rochester.edu/u/qyou/Ins/Imgs/anger/8f9f2ba4cba611e2bf3622000a9f1886_7.jpg,4,1
anger,http://cs.rochester.edu/u/qyou/Ins/Imgs/anger/10860064_629729833819136_264592959_n.jpg,4,1
anger,http://cs.rochester.edu/u/qyou/Ins/Imgs/anger/1742361_297310760416431_880500670_n.jpg,4,1
anger,http://cs.rochester.edu/u/qyou/Ins/Imgs/anger/10838643_743315829076097_1814577670_n.jpg,4,1
anger,http://cs.rochester.edu/u/qyou/Ins/Imgs/anger/4afb6c98f24311e1a2fe22000a1e8a58_7.jpg,4,1
anger,http://cs.rochester.edu/u/qyou/Ins/Imgs/anger/7675e40e81c511e2918122000a9f0a12_7.jpg,5,0
anger,http://cs.rochester.edu/u/qyou/Ins/Imgs/anger/673e68bcc3e711e2ac8422000a1fbf16_7.jpg,4,1
anger,http://cs.rochester.edu/u/qyou/Ins/Imgs/anger/1723952_587349861339834_978953904_n.jpg,5,0
anger,http://cs.rochester.edu/u/qyou/Ins/Imgs/anger/843b406003af11e1abb01231381b65e3_7.jpg,3,2
anger,http://cs.rochester.edu/u/qyou/Ins/Imgs/anger/fd3d2866380a11e3bb5822000a9e060e_8.jpg,4,1
anger,http://cs.rochester.edu/u/qyou/Ins/Imgs/anger/924547_300731223434315_758102056_n.jpg,4,1
anger,http://cs.rochester.edu/u/qyou/Ins/Imgs/anger/5804ee6ced8a11e2b4ef22000a1fbd4d_7.jpg,5,0
anger,http://cs.rochester.edu/u/qyou/Ins/Imgs/anger/cdb827c4849d11e2ab6822000a1fb191_7.jpg,3,2
anger,http://cs.rochester.edu/u/qyou/Ins/Imgs/anger/c24789825d0d11e29d6522000a9f134c_7.jpg,4,1
anger,http://cs.rochester.edu/u/qyou/Ins/Imgs/anger/8f0502304c0e11e2877122000a1fbc4f_7.jpg,4,1
anger,http://cs.rochester.edu/u/qyou/Ins/Imgs/anger/10838312_514913585316367_1341412045_n.jpg,4,1
anger,http://cs.rochester.edu/u/qyou/Ins/Imgs/anger/ed972c12169b11e3b4f522000ae908a3_7.jpg,5,0
anger,http://cs.rochester.edu/u/qyou/Ins/Imgs/anger/1172172_263450097138312_103903889_n.jpg,5,0
anger,http://cs.rochester.edu/u/qyou/Ins/Imgs/anger/928483_485431511578873_1045248146_n.jpg,1,4
anger,http://cs.rochester.edu/u/qyou/Ins/Imgs/anger/1597121_268972006607741_1938453133_n.jpg,5,0
anger,http://cs.rochester.edu/u/qyou/Ins/Imgs/anger/1742656_1475214132749337_456537334_n.jpg,2,3
anger,http://cs.rochester.edu/u/qyou/Ins/Imgs/anger/1740377_1392544637676300_227931726_n.jpg,2,3
anger,http://cs.rochester.edu/u/qyou/Ins/Imgs/anger/2c2b32742f5311e29bac22000a9f13d0_7.jpg,3,2
anger,http://cs.rochester.edu/u/qyou/Ins/Imgs/anger/928644_777709992291491_383601073_n.jpg,4,1
anger,http://cs.rochester.edu/u/qyou/Ins/Imgs/anger/929291_233303790209970_521220291_n.jpg,5,0
anger,http://cs.rochester.edu/u/qyou/Ins/Imgs/anger/10914497_1560252980879685_1875210859_n.jpg,3,2
anger,http://cs.rochester.edu/u/qyou/Ins/Imgs/anger/9ea935e42ac511e3801622000a1fb91e_7.jpg,5,0
anger,http://cs.rochester.edu/u/qyou/Ins/Imgs/anger/10895144_593433084090378_161952172_n.jpg,5,0
anger,http://cs.rochester.edu/u/qyou/Ins/Imgs/anger/1741361_1409247752658038_1668535621_n.jpg,5,0
anger,http://cs.rochester.edu/u/qyou/Ins/Imgs/anger/916992_724209510946682_496295566_n.jpg,3,2
anger,http://cs.rochester.edu/u/qyou/Ins/Imgs/anger/4c3a818e83b011e394de12247874e2c6_7.jpg,5,0
anger,http://cs.rochester.edu/u/qyou/Ins/Imgs/anger/1171277_252171531597156_140982656_n.jpg,2,3
anger,http://cs.rochester.edu/u/qyou/Ins/Imgs/anger/fdbd123433ab11e19e4a12313813ffc0_7.jpg,5,0
anger,http://cs.rochester.edu/u/qyou/Ins/Imgs/anger/1516670_503779756403583_2003421505_n.jpg,3,2
anger,http://cs.rochester.edu/u/qyou/Ins/Imgs/anger/b41ecaacaf0d11e38a7c0e01f266ad39_8.jpg,5,0
anger,http://cs.rochester.edu/u/qyou/Ins/Imgs/anger/10950467_700444713402229_51061863_n.jpg,4,1
anger,http://cs.rochester.edu/u/qyou/Ins/Imgs/anger/f570efec14d311e2b44322000a1e8c9f_7.jpg,4,1
anger,http://cs.rochester.edu/u/qyou/Ins/Imgs/anger/bcbb896ec70711e28daa22000a9e5187_7.jpg,1,4
anger,http://cs.rochester.edu/u/qyou/Ins/Imgs/anger/1662090_216718431855016_1876677695_n.jpg,5,0
anger,http://cs.rochester.edu/u/qyou/Ins/Imgs/anger/10808971_1398044647153633_577091227_n.jpg,3,2
anger,http://cs.rochester.edu/u/qyou/Ins/Imgs/anger/10890668_1377148089256262_1850355595_n.jpg,5,0
anger,http://cs.rochester.edu/u/qyou/Ins/Imgs/anger/10831729_749020188518365_2057765036_n.jpg,3,2
anger,http://cs.rochester.edu/u/qyou/Ins/Imgs/anger/3d936434bdeb11e1b10e123138105d6b_7.jpg,4,1
anger,http://cs.rochester.edu/u/qyou/Ins/Imgs/anger/10853008_879200535443888_371868340_n.jpg,5,0
anger,http://cs.rochester.edu/u/qyou/Ins/Imgs/anger/e02dfe4eb78b11e28a6522000a9f17d4_7.jpg,2,3
anger,http://cs.rochester.edu/u/qyou/Ins/Imgs/anger/1515638_230984640416975_705430143_n.jpg,4,1
anger,http://cs.rochester.edu/u/qyou/Ins/Imgs/anger/21a77fd09bd511e28efa22000a1fbd9c_7.jpg,3,2
anger,http://cs.rochester.edu/u/qyou/Ins/Imgs/anger/4a163c737c9b434e8d347d906342d7e9_7.jpg,1,4
anger,http://cs.rochester.edu/u/qyou/Ins/Imgs/anger/deefb82c464511e2bd9a22000a9f14ba_7.jpg,5,0
anger,http://cs.rochester.edu/u/qyou/Ins/Imgs/anger/10832153_306222426254192_1730418960_n.jpg,5,0
anger,http://cs.rochester.edu/u/qyou/Ins/Imgs/anger/3a5c81760c2211e29b7122000a1e8a91_7.jpg,3,2
anger,http://cs.rochester.edu/u/qyou/Ins/Imgs/anger/928163_420737171390832_1318908479_n.jpg,5,0
anger,http://cs.rochester.edu/u/qyou/Ins/Imgs/anger/3e64d612e15e11e28a1922000a1fb0ef_7.jpg,4,1
anger,http://cs.rochester.edu/u/qyou/Ins/Imgs/anger/b54a7c6e880811e28b3822000a9f15fd_7.jpg,5,0
anger,http://cs.rochester.edu/u/qyou/Ins/Imgs/anger/83d80182e24011e28d2722000a1f8fa0_7.jpg,5,0
anger,http://cs.rochester.edu/u/qyou/Ins/Imgs/anger/e89c2de6a72511e39e7a0e8ec4b0e241_8.jpg,4,1
anger,http://cs.rochester.edu/u/qyou/Ins/Imgs/anger/1515149_337150226464104_628445222_n.jpg,5,0
anger,http://cs.rochester.edu/u/qyou/Ins/Imgs/anger/10899572_783181808396774_1322043555_n.jpg,5,0
anger,http://cs.rochester.edu/u/qyou/Ins/Imgs/anger/fb34b93673ab11e29d0222000a1fbc0c_7.jpg,5,0
anger,http://cs.rochester.edu/u/qyou/Ins/Imgs/anger/6dd084bc9e8011e2b85022000a1f9e75_7.jpg,5,0
anger,http://cs.rochester.edu/u/qyou/Ins/Imgs/anger/10956799_390387891122617_1453096644_n.jpg,4,1
anger,http://cs.rochester.edu/u/qyou/Ins/Imgs/anger/10810018_760954110618621_483690883_n.jpg,5,0
anger,http://cs.rochester.edu/u/qyou/Ins/Imgs/anger/433c082a804011e1abb01231381b65e3_7.jpg,4,1
anger,http://cs.rochester.edu/u/qyou/Ins/Imgs/anger/fcc63e38f72b11e2a2f022000a9e0b54_7.jpg,4,1
anger,http://cs.rochester.edu/u/qyou/Ins/Imgs/anger/10848470_617474615065782_2064619395_n.jpg,5,0
anger,http://cs.rochester.edu/u/qyou/Ins/Imgs/anger/e0cbad36383511e2af6f22000a1f9a09_7.jpg,1,4
anger,http://cs.rochester.edu/u/qyou/Ins/Imgs/anger/1599167_270877256453906_1374467252_n.jpg,5,0
anger,http://cs.rochester.edu/u/qyou/Ins/Imgs/anger/10838418_524156641020537_340649178_n.jpg,5,0
anger,http://cs.rochester.edu/u/qyou/Ins/Imgs/anger/10809486_723715934378227_2119540732_n.jpg,5,0
anger,http://cs.rochester.edu/u/qyou/Ins/Imgs/anger/d93e47defc3c11e1b71422000a1e9f9b_7.jpg,5,0
anger,http://cs.rochester.edu/u/qyou/Ins/Imgs/anger/c227e97aa0f511e2822f22000a9f09ca_7.jpg,5,0
anger,http://cs.rochester.edu/u/qyou/Ins/Imgs/anger/476fae3e377711e39c8b22000a9f18f4_8.jpg,3,2
anger,http://cs.rochester.edu/u/qyou/Ins/Imgs/anger/61690f26383d11e391c022000ae810f4_8.jpg,2,3
anger,http://cs.rochester.edu/u/qyou/Ins/Imgs/anger/914441_1480026952241781_880536849_n.jpg,4,1
anger,http://cs.rochester.edu/u/qyou/Ins/Imgs/anger/2250205c0b3a11e3925f22000aa81f8f_7.jpg,3,2
anger,http://cs.rochester.edu/u/qyou/Ins/Imgs/anger/10848467_411909785634195_1302263613_n.jpg,4,1
anger,http://cs.rochester.edu/u/qyou/Ins/Imgs/anger/928674_379503188874875_1234172518_n.jpg,1,4
anger,http://cs.rochester.edu/u/qyou/Ins/Imgs/anger/1741339_273191766201474_507724825_n.jpg,5,0
anger,http://cs.rochester.edu/u/qyou/Ins/Imgs/anger/10899309_780558665313459_1791700002_n.jpg,5,0
anger,http://cs.rochester.edu/u/qyou/Ins/Imgs/anger/1662954_656788774366859_524633764_n.jpg,5,0
anger,http://cs.rochester.edu/u/qyou/Ins/Imgs/anger/96fd90a40d3011e3ab6822000a1fbc38_7.jpg,5,0
anger,http://cs.rochester.edu/u/qyou/Ins/Imgs/anger/79416b1a15e311e3905222000aaa031b_7.jpg,3,2
anger,http://cs.rochester.edu/u/qyou/Ins/Imgs/anger/e0944960189811e3b09522000a1fb25d_7.jpg,5,0
anger,http://cs.rochester.edu/u/qyou/Ins/Imgs/anger/1169725_248212202001509_1601475576_n.jpg,5,0
anger,http://cs.rochester.edu/u/qyou/Ins/Imgs/anger/1172260_551687401582716_604848729_n.jpg,3,2
anger,http://cs.rochester.edu/u/qyou/Ins/Imgs/anger/917081_612797135478745_1168118800_n.jpg,5,0
anger,http://cs.rochester.edu/u/qyou/Ins/Imgs/anger/775dfba22fab11e29c6822000a1f9688_7.jpg,5,0
anger,http://cs.rochester.edu/u/qyou/Ins/Imgs/anger/156a6f66597211e2947622000a9e138b_7.jpg,4,1
anger,http://cs.rochester.edu/u/qyou/Ins/Imgs/anger/4eb0f8bcd30c11e2b23122000a1f98cf_7.jpg,5,0
anger,http://cs.rochester.edu/u/qyou/Ins/Imgs/anger/2c42c3e6c01f11e2919022000a1f8daa_7.jpg,5,0
anger,http://cs.rochester.edu/u/qyou/Ins/Imgs/anger/1169711_1466766406876626_725336475_n.jpg,5,0
anger,http://cs.rochester.edu/u/qyou/Ins/Imgs/anger/23551a0e7c2c11e2bd9a22000a9f14ba_7.jpg,4,1
anger,http://cs.rochester.edu/u/qyou/Ins/Imgs/anger/10882054_1593332547552326_1588204648_n.jpg,3,2
anger,http://cs.rochester.edu/u/qyou/Ins/Imgs/anger/658cb4c4673f11e2aa5e22000a1f96ec_7.jpg,4,1
anger,http://cs.rochester.edu/u/qyou/Ins/Imgs/anger/1388971_353323044805117_1684816033_n.jpg,5,0
anger,http://cs.rochester.edu/u/qyou/Ins/Imgs/anger/1922046_374194732721477_691628740_n.jpg,5,0
anger,http://cs.rochester.edu/u/qyou/Ins/Imgs/anger/5fbc6bcaa84411e28b6522000a1f97ac_7.jpg,2,3
anger,http://cs.rochester.edu/u/qyou/Ins/Imgs/anger/1515746_1480324665575654_806344566_n.jpg,4,1
anger,http://cs.rochester.edu/u/qyou/Ins/Imgs/anger/10899313_590017131098348_1937491110_n.jpg,5,0
anger,http://cs.rochester.edu/u/qyou/Ins/Imgs/anger/e9b918a6f1fe11e2bfca22000ae9119e_7.jpg,5,0
anger,http://cs.rochester.edu/u/qyou/Ins/Imgs/anger/83ad898831f711e2ad82123138190b51_7.jpg,5,0
anger,http://cs.rochester.edu/u/qyou/Ins/Imgs/anger/34824ddeb37f11e3bbfe0ace4e1335d0_8.jpg,5,0
anger,http://cs.rochester.edu/u/qyou/Ins/Imgs/anger/1740689_806057342742778_1619109685_n.jpg,5,0
anger,http://cs.rochester.edu/u/qyou/Ins/Imgs/anger/648f4dfc31ba11e390a522000a9e17a0_7.jpg,5,0
anger,http://cs.rochester.edu/u/qyou/Ins/Imgs/anger/cf49ab86758811e2a61722000a1f9d6d_7.jpg,5,0
anger,http://cs.rochester.edu/u/qyou/Ins/Imgs/anger/10838441_311054672420026_1238990942_n.jpg,5,0
anger,http://cs.rochester.edu/u/qyou/Ins/Imgs/anger/1941118_224408857761546_1585891120_n.jpg,3,2
anger,http://cs.rochester.edu/u/qyou/Ins/Imgs/anger/10848289_1582003075367277_1808037405_n.jpg,5,0
anger,http://cs.rochester.edu/u/qyou/Ins/Imgs/anger/c29ca40e9ab511e2bfea22000a1fbe0b_7.jpg,4,1
anger,http://cs.rochester.edu/u/qyou/Ins/Imgs/anger/10903642_323905307807874_120219006_n.jpg,5,0
anger,http://cs.rochester.edu/u/qyou/Ins/Imgs/anger/8b45726c173611e39ebd22000aaa21ed_7.jpg,2,3
anger,http://cs.rochester.edu/u/qyou/Ins/Imgs/anger/10895407_766580143434109_854859699_n.jpg,5,0
anger,http://cs.rochester.edu/u/qyou/Ins/Imgs/anger/926851_1479709342276326_1913115993_n.jpg,4,1
anger,http://cs.rochester.edu/u/qyou/Ins/Imgs/anger/2d138d1ea3f411e3a60c0aebab782586_8.jpg,5,0
anger,http://cs.rochester.edu/u/qyou/Ins/Imgs/anger/1390204_461049487344809_1962819623_n.jpg,5,0
anger,http://cs.rochester.edu/u/qyou/Ins/Imgs/anger/bd62ede413ba11e3be6a22000aa80096_7.jpg,5,0
anger,http://cs.rochester.edu/u/qyou/Ins/Imgs/anger/10919474_825115460893193_2000621808_n.jpg,5,0
anger,http://cs.rochester.edu/u/qyou/Ins/Imgs/anger/d6444b70720511e29a3e22000a1f90ce_7.jpg,1,4
anger,http://cs.rochester.edu/u/qyou/Ins/Imgs/anger/923593_745242522182198_1649622406_n.jpg,5,0
anger,http://cs.rochester.edu/u/qyou/Ins/Imgs/anger/fe6e8326906011e2a58122000a9d0ed5_7.jpg,5,0
anger,http://cs.rochester.edu/u/qyou/Ins/Imgs/anger/752df69623a411e3ac6722000aa80125_7.jpg,5,0
anger,http://cs.rochester.edu/u/qyou/Ins/Imgs/anger/1ceb9cfcd63f11e2a38422000a1f96a9_7.jpg,5,0
anger,http://cs.rochester.edu/u/qyou/Ins/Imgs/anger/af8c30e8aab711e291b222000a1f98fa_7.jpg,1,4
anger,http://cs.rochester.edu/u/qyou/Ins/Imgs/anger/1172539_605897159471854_281677833_n.jpg,4,1
anger,http://cs.rochester.edu/u/qyou/Ins/Imgs/anger/b4417620810e11e29a3e22000a1f90ce_7.jpg,5,0
anger,http://cs.rochester.edu/u/qyou/Ins/Imgs/anger/10809847_265799960211088_179668047_n.jpg,4,1
anger,http://cs.rochester.edu/u/qyou/Ins/Imgs/anger/10914347_576281662508838_735376394_n.jpg,4,1
anger,http://cs.rochester.edu/u/qyou/Ins/Imgs/anger/1170270_176330755894422_1984550319_n.jpg,5,0
anger,http://cs.rochester.edu/u/qyou/Ins/Imgs/anger/f6d582d8169b11e38e2d22000a1fbe71_7.jpg,5,0
anger,http://cs.rochester.edu/u/qyou/Ins/Imgs/anger/146b09eebddc11e2a23222000aaa0537_7.jpg,3,2
anger,http://cs.rochester.edu/u/qyou/Ins/Imgs/anger/cdaa0160b0a611e188131231381b5c25_7.jpg,3,2
anger,http://cs.rochester.edu/u/qyou/Ins/Imgs/anger/5f82d7dca84011e3aa741226075d0d97_8.jpg,4,1
anger,http://cs.rochester.edu/u/qyou/Ins/Imgs/anger/5d4f7338edf911e1a24f1231381b4d9b_7.jpg,2,3
anger,http://cs.rochester.edu/u/qyou/Ins/Imgs/anger/10895098_729613490467124_1189257664_n.jpg,5,0
anger,http://cs.rochester.edu/u/qyou/Ins/Imgs/anger/9a35dab0beed11e2b59422000a9f13f8_7.jpg,5,0
anger,http://cs.rochester.edu/u/qyou/Ins/Imgs/anger/45f52a8831c511e29f0922000a1fb76f_7.jpg,2,3
anger,http://cs.rochester.edu/u/qyou/Ins/Imgs/anger/b37dc2e4f95d11e29efa22000ae90e92_7.jpg,3,2
anger,http://cs.rochester.edu/u/qyou/Ins/Imgs/anger/923970_775946889083063_660663814_n.jpg,4,1
anger,http://cs.rochester.edu/u/qyou/Ins/Imgs/anger/1661864_730002227018283_871975969_n.jpg,4,1
anger,http://cs.rochester.edu/u/qyou/Ins/Imgs/anger/10838533_1559655740944826_33902447_n.jpg,5,0
anger,http://cs.rochester.edu/u/qyou/Ins/Imgs/anger/9f64b1f8166511e3b4ea22000a1fbdb0_7.jpg,3,2
anger,http://cs.rochester.edu/u/qyou/Ins/Imgs/anger/31d82898a09211e2a23c22000a1f9d66_7.jpg,4,1
anger,http://cs.rochester.edu/u/qyou/Ins/Imgs/anger/252927a8a8db11e39aee1214dc1e7c66_8.jpg,4,1
anger,http://cs.rochester.edu/u/qyou/Ins/Imgs/anger/eef295667d1b11e28b9422000a1f8af5_7.jpg,3,2
anger,http://cs.rochester.edu/u/qyou/Ins/Imgs/anger/f9165e5e91b911e1a39b1231381b7ba1_7.jpg,5,0
anger,http://cs.rochester.edu/u/qyou/Ins/Imgs/anger/6202977aec3111e296f222000a9f4dd8_7.jpg,5,0
anger,http://cs.rochester.edu/u/qyou/Ins/Imgs/anger/ac4c90faa7e511e2b82c22000a1fbca3_7.jpg,3,2
anger,http://cs.rochester.edu/u/qyou/Ins/Imgs/anger/10844272_1746232472268496_1804326162_n.jpg,5,0
anger,http://cs.rochester.edu/u/qyou/Ins/Imgs/anger/b429eeaeddae11e2b41222000a1f8cb0_7.jpg,3,2
anger,http://cs.rochester.edu/u/qyou/Ins/Imgs/anger/9415a182727711e28e8322000a1f9686_7.jpg,5,0
anger,http://cs.rochester.edu/u/qyou/Ins/Imgs/anger/1391238_186083834916456_1187113651_n.jpg,5,0
anger,http://cs.rochester.edu/u/qyou/Ins/Imgs/anger/10919584_857979204252248_535121196_n.jpg,4,1
anger,http://cs.rochester.edu/u/qyou/Ins/Imgs/anger/9fa9b5a0ffcd4baf84a7a27490d53634_7.jpg,2,3
anger,http://cs.rochester.edu/u/qyou/Ins/Imgs/anger/4d8c1bfe96c911e180d51231380fcd7e_7.jpg,5,0
anger,http://cs.rochester.edu/u/qyou/Ins/Imgs/anger/1599873_206249929569465_1594216769_n.jpg,4,1
anger,http://cs.rochester.edu/u/qyou/Ins/Imgs/anger/a34545b6584d11e28e7522000a1fbe50_7.jpg,5,0
anger,http://cs.rochester.edu/u/qyou/Ins/Imgs/anger/1739418_321337058016246_641889051_n.jpg,5,0
anger,http://cs.rochester.edu/u/qyou/Ins/Imgs/anger/ee570474d9d811e298a922000a1faffb_7.jpg,5,0
anger,http://cs.rochester.edu/u/qyou/Ins/Imgs/anger/1662668_1529326150685758_1954723526_n.jpg,5,0
anger,http://cs.rochester.edu/u/qyou/Ins/Imgs/anger/2704594a6b5511e2aaa822000a1fb0dd_7.jpg,5,0
anger,http://cs.rochester.edu/u/qyou/Ins/Imgs/anger/7ffaccf0b26311e282d422000a9e516a_7.jpg,5,0
anger,http://cs.rochester.edu/u/qyou/Ins/Imgs/anger/1963184_395231883948599_305616500_n.jpg,5,0
anger,http://cs.rochester.edu/u/qyou/Ins/Imgs/anger/4be74022f94b11e2866422000a1f9c90_7.jpg,4,1
anger,http://cs.rochester.edu/u/qyou/Ins/Imgs/anger/5c8eef3ac2d011e2986822000aa8062e_7.jpg,4,1
anger,http://cs.rochester.edu/u/qyou/Ins/Imgs/anger/20d96c06e51011e29cbd22000a1fafdb_7.jpg,3,2
anger,http://cs.rochester.edu/u/qyou/Ins/Imgs/anger/da58ae42f09811e2b93122000a1f8c8d_7.jpg,4,1
anger,http://cs.rochester.edu/u/qyou/Ins/Imgs/anger/e0a5a076906111e297b922000a1fa527_7.jpg,4,1
anger,http://cs.rochester.edu/u/qyou/Ins/Imgs/anger/928558_516999511735509_1472355158_n.jpg,5,0
anger,http://cs.rochester.edu/u/qyou/Ins/Imgs/anger/309ba10653ce11e1abb01231381b65e3_7.jpg,2,3
anger,http://cs.rochester.edu/u/qyou/Ins/Imgs/anger/f1d53aeceb4211e1b9d422000a1e9f46_7.jpg,4,1
anger,http://cs.rochester.edu/u/qyou/Ins/Imgs/anger/6c292f48cd9611e2942122000aaa0535_7.jpg,3,2
anger,http://cs.rochester.edu/u/qyou/Ins/Imgs/anger/a1116f2a97ec11e2b66f22000aa81a39_7.jpg,4,1
anger,http://cs.rochester.edu/u/qyou/Ins/Imgs/anger/3eb8ef726b4311e2ac9b22000a1fb864_7.jpg,3,2
anger,http://cs.rochester.edu/u/qyou/Ins/Imgs/anger/10919765_842517782475221_2091481714_n.jpg,4,1
anger,http://cs.rochester.edu/u/qyou/Ins/Imgs/anger/515df8729d5f11e2b3da22000aa804fa_7.jpg,4,1
anger,http://cs.rochester.edu/u/qyou/Ins/Imgs/anger/ffb373bcad3911e383311244758aca20_8.jpg,5,0
anger,http://cs.rochester.edu/u/qyou/Ins/Imgs/anger/d38b8616157811e3aeb522000a9f14e4_7.jpg,4,1
anger,http://cs.rochester.edu/u/qyou/Ins/Imgs/anger/96746f6e931811e29c1122000a9f1283_7.jpg,5,0
anger,http://cs.rochester.edu/u/qyou/Ins/Imgs/anger/1fd7618c134111e3891f22000a1f931b_7.jpg,1,4
anger,http://cs.rochester.edu/u/qyou/Ins/Imgs/anger/1736788_502638306512678_641315772_n.jpg,3,2
anger,http://cs.rochester.edu/u/qyou/Ins/Imgs/anger/ab1653b0190f11e3802a22000a9f3c9c_7.jpg,4,1
anger,http://cs.rochester.edu/u/qyou/Ins/Imgs/anger/e7df71b0232d11e2b70422000a9d0df6_7.jpg,4,1
anger,http://cs.rochester.edu/u/qyou/Ins/Imgs/anger/891304_449895778443196_1468432324_n.jpg,4,1
anger,http://cs.rochester.edu/u/qyou/Ins/Imgs/anger/1921941_243909585788536_1055154159_n.jpg,5,0
anger,http://cs.rochester.edu/u/qyou/Ins/Imgs/anger/9fcb47a8014c11e2bed91231380ffeeb_7.jpg,4,1
anger,http://cs.rochester.edu/u/qyou/Ins/Imgs/anger/1208460_150682991768830_1167518356_n.jpg,5,0
anger,http://cs.rochester.edu/u/qyou/Ins/Imgs/anger/2b487c3a027c11e29c1122000a1e8a73_7.jpg,3,2
anger,http://cs.rochester.edu/u/qyou/Ins/Imgs/anger/1172433_177245352474480_96468122_n.jpg,5,0
anger,http://cs.rochester.edu/u/qyou/Ins/Imgs/anger/10831962_319981058197446_301177647_n.jpg,3,2
anger,http://cs.rochester.edu/u/qyou/Ins/Imgs/anger/10881997_1586830898195438_1637064563_n.jpg,5,0
anger,http://cs.rochester.edu/u/qyou/Ins/Imgs/anger/10948958_1412158482415203_742480068_n.jpg,5,0
anger,http://cs.rochester.edu/u/qyou/Ins/Imgs/anger/1497c148dc6111e28d6322000ae811f0_7.jpg,3,2
anger,http://cs.rochester.edu/u/qyou/Ins/Imgs/anger/583cc7303c3011e2bbe622000a9f1270_7.jpg,4,1
anger,http://cs.rochester.edu/u/qyou/Ins/Imgs/anger/33d29862be9311e2902222000a1fa52b_7.jpg,5,0
anger,http://cs.rochester.edu/u/qyou/Ins/Imgs/anger/84e88cba5ca111e28ad722000a9f1498_7.jpg,5,0
anger,http://cs.rochester.edu/u/qyou/Ins/Imgs/anger/10932476_342295005964658_737110586_n.jpg,5,0
anger,http://cs.rochester.edu/u/qyou/Ins/Imgs/anger/4113594c598311e18bb812313804a181_7.jpg,5,0
anger,http://cs.rochester.edu/u/qyou/Ins/Imgs/anger/85bc16fe493f11e284c322000a1fbca9_7.jpg,2,3
anger,http://cs.rochester.edu/u/qyou/Ins/Imgs/anger/991d97087eec11e2af6f22000a1f9a09_7.jpg,3,2
anger,http://cs.rochester.edu/u/qyou/Ins/Imgs/anger/10898967_813786725323577_692362978_n.jpg,4,1
anger,http://cs.rochester.edu/u/qyou/Ins/Imgs/anger/ba40adee2d2f11e2bb3522000a1fb076_7.jpg,4,1
anger,http://cs.rochester.edu/u/qyou/Ins/Imgs/anger/8635abca2d3f11e2b93522000a1fc2df_7.jpg,1,4
anger,http://cs.rochester.edu/u/qyou/Ins/Imgs/anger/250d0462fae311e19fa512313820475a_7.jpg,1,4
anger,http://cs.rochester.edu/u/qyou/Ins/Imgs/anger/36b004ee087011e3ba2c1231391eb9f5_7.jpg,3,2
anger,http://cs.rochester.edu/u/qyou/Ins/Imgs/anger/ee24a824b22511e28a6422000a1f971a_7.jpg,5,0
anger,http://cs.rochester.edu/u/qyou/Ins/Imgs/anger/7855676a74c111e287a122000a9f13ec_7.jpg,5,0
anger,http://cs.rochester.edu/u/qyou/Ins/Imgs/anger/cef24664935811e2b83422000a1f9e4c_7.jpg,4,1
anger,http://cs.rochester.edu/u/qyou/Ins/Imgs/anger/fe366de20e4611e3984e22000a9d0de0_7.jpg,5,0
anger,http://cs.rochester.edu/u/qyou/Ins/Imgs/anger/c8ea8ce220b411e3881c22000a1f9871_7.jpg,2,3
anger,http://cs.rochester.edu/u/qyou/Ins/Imgs/anger/1517317_1409230325988759_758115838_n.jpg,1,4
anger,http://cs.rochester.edu/u/qyou/Ins/Imgs/anger/ae889cb4605611e2900e22000a1f96c7_7.jpg,3,2
anger,http://cs.rochester.edu/u/qyou/Ins/Imgs/anger/10903571_381981208647050_797860208_n.jpg,1,4
anger,http://cs.rochester.edu/u/qyou/Ins/Imgs/anger/273a9dc6905311e1b9f1123138140926_7.jpg,0,5
anger,http://cs.rochester.edu/u/qyou/Ins/Imgs/anger/ff16e09229e011e3be0322000a9f38f1_7.jpg,5,0
anger,http://cs.rochester.edu/u/qyou/Ins/Imgs/anger/8bf6f46881c911e2adac22000a1fbe03_7.jpg,5,0
anger,http://cs.rochester.edu/u/qyou/Ins/Imgs/anger/10864705_830241860371709_819150579_n.jpg,4,1
anger,http://cs.rochester.edu/u/qyou/Ins/Imgs/anger/7418e96cdafa11e1b8031231380702ee_7.jpg,5,0
anger,http://cs.rochester.edu/u/qyou/Ins/Imgs/anger/ae579ebae53b11e2a4d822000a1f924b_7.jpg,5,0
anger,http://cs.rochester.edu/u/qyou/Ins/Imgs/anger/f6fbdb06edc211e2a59b22000a9f3c66_7.jpg,5,0
anger,http://cs.rochester.edu/u/qyou/Ins/Imgs/anger/10946693_838863586155826_1175351800_n.jpg,4,1
anger,http://cs.rochester.edu/u/qyou/Ins/Imgs/anger/cf29c41a597711e2ac5122000a9f14f8_7.jpg,3,2
anger,http://cs.rochester.edu/u/qyou/Ins/Imgs/anger/1388849_716566781704161_1906764395_n.jpg,5,0
anger,http://cs.rochester.edu/u/qyou/Ins/Imgs/anger/2e189d66697211e2a63622000a9e28ec_7.jpg,5,0
anger,http://cs.rochester.edu/u/qyou/Ins/Imgs/anger/69f37484699811e2a73f22000a9e28ad_7.jpg,5,0
anger,http://cs.rochester.edu/u/qyou/Ins/Imgs/anger/de5a09feeb0e11e1b5561231380f91a6_7.jpg,2,3
anger,http://cs.rochester.edu/u/qyou/Ins/Imgs/anger/914395_733413393363157_1196937437_n.jpg,5,0
anger,http://cs.rochester.edu/u/qyou/Ins/Imgs/anger/1208227_709698025714611_1820890445_n.jpg,5,0
anger,http://cs.rochester.edu/u/qyou/Ins/Imgs/anger/1962945_733931369965325_1674801870_n.jpg,5,0
anger,http://cs.rochester.edu/u/qyou/Ins/Imgs/anger/2a193b92a09711e291de22000a9f169d_7.jpg,4,1
anger,http://cs.rochester.edu/u/qyou/Ins/Imgs/anger/c677a24405f011e3bb5622000aeb0bda_7.jpg,5,0
anger,http://cs.rochester.edu/u/qyou/Ins/Imgs/anger/1171247_371609966317091_691980668_n.jpg,5,0
anger,http://cs.rochester.edu/u/qyou/Ins/Imgs/anger/8d309f9e362511e3a88722000a1f90d0_7.jpg,4,1
anger,http://cs.rochester.edu/u/qyou/Ins/Imgs/anger/10843831_830705630325006_1125932572_n.jpg,2,3
anger,http://cs.rochester.edu/u/qyou/Ins/Imgs/anger/10817803_1501833473438222_452354820_n.jpg,5,0
anger,http://cs.rochester.edu/u/qyou/Ins/Imgs/anger/f075ea64ada411e2a1b122000a1f9702_7.jpg,4,1
anger,http://cs.rochester.edu/u/qyou/Ins/Imgs/anger/6a91285ca06811e3b1d912b0e6f8efff_8.jpg,2,3
anger,http://cs.rochester.edu/u/qyou/Ins/Imgs/anger/dd26c7ec241611e3b30a22000aa80109_7.jpg,5,0
anger,http://cs.rochester.edu/u/qyou/Ins/Imgs/anger/1889369_247547355415038_223622648_n.jpg,5,0
anger,http://cs.rochester.edu/u/qyou/Ins/Imgs/anger/1172599_1430477273840738_1528338687_n.jpg,4,1
anger,http://cs.rochester.edu/u/qyou/Ins/Imgs/anger/10808881_732741416810683_1381691856_n.jpg,5,0
anger,http://cs.rochester.edu/u/qyou/Ins/Imgs/anger/1515945_691267090913398_810725465_n.jpg,4,1
anger,http://cs.rochester.edu/u/qyou/Ins/Imgs/anger/1390317_441059962664774_1788752248_n.jpg,5,0
anger,http://cs.rochester.edu/u/qyou/Ins/Imgs/anger/10848482_396923757149877_469841641_n.jpg,4,1
anger,http://cs.rochester.edu/u/qyou/Ins/Imgs/anger/314626dea19e11e2b56022000a9f1354_7.jpg,5,0
anger,http://cs.rochester.edu/u/qyou/Ins/Imgs/anger/1389705_1162701320535138_1601084348_n.jpg,5,0
anger,http://cs.rochester.edu/u/qyou/Ins/Imgs/anger/10919485_1528117977464950_1923509411_n.jpg,5,0
anger,http://cs.rochester.edu/u/qyou/Ins/Imgs/anger/10903415_331633773709295_2106554403_n.jpg,3,2
anger,http://cs.rochester.edu/u/qyou/Ins/Imgs/anger/10903369_831537883571816_1139331165_n.jpg,5,0
anger,http://cs.rochester.edu/u/qyou/Ins/Imgs/anger/10891064_1389471678022817_64496125_n.jpg,3,2
anger,http://cs.rochester.edu/u/qyou/Ins/Imgs/anger/3ebc72da7fd611e2b3d922000a9f309f_7.jpg,5,0
anger,http://cs.rochester.edu/u/qyou/Ins/Imgs/anger/929106_1413848638899999_1922238044_n.jpg,4,1
anger,http://cs.rochester.edu/u/qyou/Ins/Imgs/anger/926965_582307378515385_1103344538_n.jpg,5,0
anger,http://cs.rochester.edu/u/qyou/Ins/Imgs/anger/268d8728994211e2ab0f22000a9f305a_7.jpg,3,2
anger,http://cs.rochester.edu/u/qyou/Ins/Imgs/anger/dabbf658d2f911e288f622000a1fbc72_7.jpg,5,0
anger,http://cs.rochester.edu/u/qyou/Ins/Imgs/anger/914784_333705956801547_1571951304_n.jpg,5,0
anger,http://cs.rochester.edu/u/qyou/Ins/Imgs/anger/dbbf7a82526811e2af1622000a1fb845_7.jpg,5,0
anger,http://cs.rochester.edu/u/qyou/Ins/Imgs/anger/2331e6480b9611e39f1422000a1fbc0e_7.jpg,2,3
anger,http://cs.rochester.edu/u/qyou/Ins/Imgs/anger/d5005ba0942a11e1a9f71231382044a1_7.jpg,3,2
anger,http://cs.rochester.edu/u/qyou/Ins/Imgs/anger/1741931_257288801115596_1510498595_n.jpg,5,0
anger,http://cs.rochester.edu/u/qyou/Ins/Imgs/anger/1fb86a78f06711e195351231381b651f_7.jpg,4,1
anger,http://cs.rochester.edu/u/qyou/Ins/Imgs/anger/10890694_1600880040132952_998933854_n.jpg,5,0
anger,http://cs.rochester.edu/u/qyou/Ins/Imgs/anger/61e0127cbae111e1af7612313813f8e8_7.jpg,5,0
anger,http://cs.rochester.edu/u/qyou/Ins/Imgs/anger/1922096_785104138209097_1595259888_n.jpg,5,0
anger,http://cs.rochester.edu/u/qyou/Ins/Imgs/anger/e88d7a34ab7c11e3a5be12d310a40efc_8.jpg,5,0
anger,http://cs.rochester.edu/u/qyou/Ins/Imgs/anger/ca39bb1ae1d311e2a2af22000a9f14a5_7.jpg,4,1
anger,http://cs.rochester.edu/u/qyou/Ins/Imgs/anger/1cc17f6a0fb811e28e5722000a1e8abd_7.jpg,5,0
anger,http://cs.rochester.edu/u/qyou/Ins/Imgs/anger/5b58edd2789811e2bcc122000a1fa49d_7.jpg,5,0
anger,http://cs.rochester.edu/u/qyou/Ins/Imgs/anger/eb89f9d4004011e3a65722000a1fbb45_7.jpg,2,3
anger,http://cs.rochester.edu/u/qyou/Ins/Imgs/anger/9096e7bae9f511e19d8c22000a1cf738_7.jpg,4,1
anger,http://cs.rochester.edu/u/qyou/Ins/Imgs/anger/10809475_746678285379425_1766563725_n.jpg,5,0
anger,http://cs.rochester.edu/u/qyou/Ins/Imgs/anger/10809541_627678370674659_1912468785_n.jpg,5,0
anger,http://cs.rochester.edu/u/qyou/Ins/Imgs/anger/1286fd72caf711e299af22000a9e29bc_7.jpg,4,1
anger,http://cs.rochester.edu/u/qyou/Ins/Imgs/anger/e9c78cbea24511e2a5d322000a1f90e5_7.jpg,5,0
anger,http://cs.rochester.edu/u/qyou/Ins/Imgs/anger/b978d5e21d2811e2ab5722000a1f9684_7.jpg,3,2
anger,http://cs.rochester.edu/u/qyou/Ins/Imgs/anger/19ef60b0170811e3be2622000ae801e8_7.jpg,1,4
anger,http://cs.rochester.edu/u/qyou/Ins/Imgs/anger/9174441071e111e28e0922000a9f1335_7.jpg,5,0
anger,http://cs.rochester.edu/u/qyou/Ins/Imgs/anger/7da46e54262911e39bea22000a1f90d2_7.jpg,1,4
anger,http://cs.rochester.edu/u/qyou/Ins/Imgs/anger/38e6a6aad61611e2bc2222000a1f98f9_7.jpg,5,0
anger,http://cs.rochester.edu/u/qyou/Ins/Imgs/anger/a1980be6b48111e2a1b122000a1f9702_7.jpg,4,1
anger,http://cs.rochester.edu/u/qyou/Ins/Imgs/anger/1596810_231686553678278_1325719963_n.jpg,4,1
anger,http://cs.rochester.edu/u/qyou/Ins/Imgs/anger/927539_639377629434727_17144966_n.jpg,4,1
anger,http://cs.rochester.edu/u/qyou/Ins/Imgs/anger/5729f06c2d4311e2985c22000a1f9ad3_7.jpg,2,3
anger,http://cs.rochester.edu/u/qyou/Ins/Imgs/anger/2a23d48ec9fc11e18cf91231380fd29b_7.jpg,3,2
anger,http://cs.rochester.edu/u/qyou/Ins/Imgs/anger/ad79012c39d411e2ad8422000a1fa8e9_7.jpg,3,2
anger,http://cs.rochester.edu/u/qyou/Ins/Imgs/anger/1662668_424888970946915_1097212285_n.jpg,5,0
anger,http://cs.rochester.edu/u/qyou/Ins/Imgs/anger/10903774_1395336724097362_1480137494_n.jpg,5,0
anger,http://cs.rochester.edu/u/qyou/Ins/Imgs/anger/1168614_641220245939691_1225391384_n.jpg,5,0
anger,http://cs.rochester.edu/u/qyou/Ins/Imgs/anger/10831884_578211595614311_28422161_n.jpg,5,0
anger,http://cs.rochester.edu/u/qyou/Ins/Imgs/anger/924420_310902002419861_2091570213_n.jpg,5,0
anger,http://cs.rochester.edu/u/qyou/Ins/Imgs/anger/10881841_856256317757985_1382786860_n.jpg,4,1
anger,http://cs.rochester.edu/u/qyou/Ins/Imgs/anger/b110c55c645111e2b8e822000a1fbcc7_7.jpg,4,1
anger,http://cs.rochester.edu/u/qyou/Ins/Imgs/anger/10914292_319174458293257_1772065879_n.jpg,4,1
anger,http://cs.rochester.edu/u/qyou/Ins/Imgs/anger/923734_316987831801046_1047014514_n.jpg,5,0
anger,http://cs.rochester.edu/u/qyou/Ins/Imgs/anger/10838759_1515367532071730_46552208_n.jpg,5,0
anger,http://cs.rochester.edu/u/qyou/Ins/Imgs/anger/dfd39d3cb28611e2a7ab22000a1f97eb_7.jpg,5,0
anger,http://cs.rochester.edu/u/qyou/Ins/Imgs/anger/242df18abb7e11e294a422000a1f9874_7.jpg,1,4
anger,http://cs.rochester.edu/u/qyou/Ins/Imgs/anger/a5fd0398c35f11e2a68422000a1fb163_7.jpg,4,1
anger,http://cs.rochester.edu/u/qyou/Ins/Imgs/anger/b2021e88f66a11e2b93522000a1f96b2_7.jpg,5,0
anger,http://cs.rochester.edu/u/qyou/Ins/Imgs/anger/1f8b58eec75311e29a9022000aa82198_7.jpg,4,1
anger,http://cs.rochester.edu/u/qyou/Ins/Imgs/anger/37dd98f0b2d811e3a188123ae371c52b_8.jpg,4,1
anger,http://cs.rochester.edu/u/qyou/Ins/Imgs/anger/925133_557135541041307_1274744633_n.jpg,5,0
anger,http://cs.rochester.edu/u/qyou/Ins/Imgs/anger/b4e0cfc212cc11e3b7ab22000a1f90e7_7.jpg,4,1
anger,http://cs.rochester.edu/u/qyou/Ins/Imgs/anger/10848123_910423698981891_1291223857_n.jpg,5,0
anger,http://cs.rochester.edu/u/qyou/Ins/Imgs/anger/3da33e66804711e3a8b912debb293e3e_8.jpg,2,3
anger,http://cs.rochester.edu/u/qyou/Ins/Imgs/anger/1169259_660490987334967_158350668_n.jpg,5,0
anger,http://cs.rochester.edu/u/qyou/Ins/Imgs/anger/10831781_788312864569288_1235498961_n.jpg,4,1
anger,http://cs.rochester.edu/u/qyou/Ins/Imgs/anger/8c120e14b19e11e38fd012680049e3b3_8.jpg,5,0
anger,http://cs.rochester.edu/u/qyou/Ins/Imgs/anger/917187_1462511453996355_597313194_n.jpg,4,1
anger,http://cs.rochester.edu/u/qyou/Ins/Imgs/anger/10914227_846546765384065_1087152558_n.jpg,3,2
anger,http://cs.rochester.edu/u/qyou/Ins/Imgs/anger/1596897_662054163845416_1226996845_n.jpg,5,0
anger,http://cs.rochester.edu/u/qyou/Ins/Imgs/anger/928321_374657869379401_753353507_n.jpg,3,2
anger,http://cs.rochester.edu/u/qyou/Ins/Imgs/anger/f1f95e92029611e3a66122000aeb3e6e_7.jpg,5,0
anger,http://cs.rochester.edu/u/qyou/Ins/Imgs/anger/1389339_815897798454330_1918089621_n.jpg,5,0
anger,http://cs.rochester.edu/u/qyou/Ins/Imgs/anger/915513_1398329310429885_1896525941_n.jpg,5,0
anger,http://cs.rochester.edu/u/qyou/Ins/Imgs/anger/231a19c4b78511e2b6f822000a1f8cdf_7.jpg,1,4
anger,http://cs.rochester.edu/u/qyou/Ins/Imgs/anger/1527482_1448966135319311_230765455_n.jpg,5,0
anger,http://cs.rochester.edu/u/qyou/Ins/Imgs/anger/a57f0860e5f411e1a98b22000a1e879e_7.jpg,5,0
anger,http://cs.rochester.edu/u/qyou/Ins/Imgs/anger/40e91de4f4dc11e282a322000a1f9709_7.jpg,5,0
anger,http://cs.rochester.edu/u/qyou/Ins/Imgs/anger/929057_289840984512690_319636667_n.jpg,2,3
anger,http://cs.rochester.edu/u/qyou/Ins/Imgs/anger/eb10b9b0205411e2aaa822000a1fb0dd_7.jpg,1,4
anger,http://cs.rochester.edu/u/qyou/Ins/Imgs/anger/72b5dca278ec11e28c7c22000a1fb876_7.jpg,5,0
anger,http://cs.rochester.edu/u/qyou/Ins/Imgs/anger/a58c338c63a711e3a68b12de7799298a_8.jpg,4,1
anger,http://cs.rochester.edu/u/qyou/Ins/Imgs/anger/1648fa86af1d11e38dad12116e7d4511_8.jpg,5,0
anger,http://cs.rochester.edu/u/qyou/Ins/Imgs/anger/a33c556444fc11e2a67a22000a9f3cad_7.jpg,5,0
anger,http://cs.rochester.edu/u/qyou/Ins/Imgs/anger/1172301_179397998919648_1125773809_n.jpg,4,1
anger,http://cs.rochester.edu/u/qyou/Ins/Imgs/anger/c5dee3a8ef6e11e29c2822000a1fbe4c_7.jpg,5,0
anger,http://cs.rochester.edu/u/qyou/Ins/Imgs/anger/516afb3ede7911e2b45822000aeb1036_7.jpg,5,0
anger,http://cs.rochester.edu/u/qyou/Ins/Imgs/anger/130f62a6c2ec11e2b39e22000a9d0df1_7.jpg,5,0
anger,http://cs.rochester.edu/u/qyou/Ins/Imgs/anger/b380bb886fb611e2bfbf22000a9f1935_7.jpg,2,3
anger,http://cs.rochester.edu/u/qyou/Ins/Imgs/anger/925061_1456720927950336_146918784_n.jpg,5,0
anger,http://cs.rochester.edu/u/qyou/Ins/Imgs/anger/c119b7faacea11e3b64c126515534f67_8.jpg,5,0
anger,http://cs.rochester.edu/u/qyou/Ins/Imgs/anger/47fc5084aba111e3959b0e47c7b12f6c_8.jpg,5,0
anger,http://cs.rochester.edu/u/qyou/Ins/Imgs/anger/1723936_632784230173962_2051121904_n.jpg,5,0
anger,http://cs.rochester.edu/u/qyou/Ins/Imgs/anger/fc811f4ae85511e2870022000ae81de4_7.jpg,5,0
anger,http://cs.rochester.edu/u/qyou/Ins/Imgs/anger/9b8ea104fb5511e2aca322000a1fa76a_7.jpg,3,2
anger,http://cs.rochester.edu/u/qyou/Ins/Imgs/anger/1597027_610733972296167_2095279355_n.jpg,5,0
anger,http://cs.rochester.edu/u/qyou/Ins/Imgs/anger/6223cd48fc8811e2aac622000a9f04c6_7.jpg,5,0
anger,http://cs.rochester.edu/u/qyou/Ins/Imgs/anger/f98538a0b35111e2868a22000a9f18a6_7.jpg,3,2
anger,http://cs.rochester.edu/u/qyou/Ins/Imgs/anger/1597429_386955408115433_687288574_n.jpg,4,1
anger,http://cs.rochester.edu/u/qyou/Ins/Imgs/anger/1516900_630658496988212_1631295632_n.jpg,5,0
anger,http://cs.rochester.edu/u/qyou/Ins/Imgs/anger/10838368_1575566345995808_1412976609_n.jpg,5,0
anger,http://cs.rochester.edu/u/qyou/Ins/Imgs/anger/18582018aa5a11e2881c22000a1f9871_7.jpg,2,3
anger,http://cs.rochester.edu/u/qyou/Ins/Imgs/anger/82a20a7c86a811e29ade22000a1f9bd0_7.jpg,4,1
anger,http://cs.rochester.edu/u/qyou/Ins/Imgs/anger/1388977_1428161274064547_1120902328_n.jpg,2,3
anger,http://cs.rochester.edu/u/qyou/Ins/Imgs/anger/63a7f8f0d21811e280a722000aaa08b2_7.jpg,5,0
anger,http://cs.rochester.edu/u/qyou/Ins/Imgs/anger/1736718_635341239906952_1530524800_n.jpg,3,2
anger,http://cs.rochester.edu/u/qyou/Ins/Imgs/anger/10817999_1559536007615637_1797603388_n.jpg,5,0
anger,http://cs.rochester.edu/u/qyou/Ins/Imgs/anger/916960_665397773511507_350672659_n.jpg,5,0
anger,http://cs.rochester.edu/u/qyou/Ins/Imgs/anger/825e3966b7ee11e1ab011231381052c0_7.jpg,3,2
anger,http://cs.rochester.edu/u/qyou/Ins/Imgs/anger/aeba0af000b111e38a3222000a9f17b2_7.jpg,5,0
anger,http://cs.rochester.edu/u/qyou/Ins/Imgs/anger/1169024_254808071336080_1539571727_n.jpg,5,0
anger,http://cs.rochester.edu/u/qyou/Ins/Imgs/anger/4c572350af3111e389d01235530cb812_8.jpg,3,2
anger,http://cs.rochester.edu/u/qyou/Ins/Imgs/anger/34c5434a43fb11e2a1fa22000a1f9261_7.jpg,5,0
anger,http://cs.rochester.edu/u/qyou/Ins/Imgs/anger/924520_536358989794097_1965104421_n.jpg,5,0
anger,http://cs.rochester.edu/u/qyou/Ins/Imgs/anger/ec3f9e160dd711e3b57222000a9e07e9_7.jpg,2,3
anger,http://cs.rochester.edu/u/qyou/Ins/Imgs/anger/927759_470260009783339_1226988442_n.jpg,2,3
anger,http://cs.rochester.edu/u/qyou/Ins/Imgs/anger/924370_1512799142274869_616831538_n.jpg,2,3
anger,http://cs.rochester.edu/u/qyou/Ins/Imgs/anger/73f36b02235b11e2bacf1231381b7ccd_7.jpg,5,0
anger,http://cs.rochester.edu/u/qyou/Ins/Imgs/anger/10808465_320733698114883_276351481_n.jpg,5,0
anger,http://cs.rochester.edu/u/qyou/Ins/Imgs/anger/3ba29ca2f5b811e2956c22000aa802b4_7.jpg,5,0
anger,http://cs.rochester.edu/u/qyou/Ins/Imgs/anger/6acb91ccc18511e1b2fe1231380205bf_7.jpg,5,0
anger,http://cs.rochester.edu/u/qyou/Ins/Imgs/anger/927722_1507017229514667_1715783_n.jpg,5,0
anger,http://cs.rochester.edu/u/qyou/Ins/Imgs/anger/3408a862aeee11e2a74422000a1ddb8e_7.jpg,3,2
anger,http://cs.rochester.edu/u/qyou/Ins/Imgs/anger/2bc4167efdf311e2982122000a1f8c32_7.jpg,4,1
anger,http://cs.rochester.edu/u/qyou/Ins/Imgs/anger/1739834_689807507737600_2146543269_n.jpg,1,4
anger,http://cs.rochester.edu/u/qyou/Ins/Imgs/anger/10864747_634583536645700_1028393155_n.jpg,5,0
anger,http://cs.rochester.edu/u/qyou/Ins/Imgs/anger/1389073_179712548890639_622317027_n.jpg,3,2
anger,http://cs.rochester.edu/u/qyou/Ins/Imgs/anger/d14b31ba90be11e2bee422000a9f14ea_7.jpg,5,0
anger,http://cs.rochester.edu/u/qyou/Ins/Imgs/anger/5d6cc6f4234011e3a38422000a1f96a9_7.jpg,4,1
anger,http://cs.rochester.edu/u/qyou/Ins/Imgs/anger/1170040_1407797572791477_1352510032_n.jpg,3,2
anger,http://cs.rochester.edu/u/qyou/Ins/Imgs/anger/c210bdfa1bd911e2b10e1231380fca44_7.jpg,4,1
anger,http://cs.rochester.edu/u/qyou/Ins/Imgs/anger/77e64c3cbe5311e2879322000a9f1376_7.jpg,5,0
anger,http://cs.rochester.edu/u/qyou/Ins/Imgs/anger/d5c655e2957f11e2a07e22000a1f9a28_7.jpg,5,0
anger,http://cs.rochester.edu/u/qyou/Ins/Imgs/anger/58a5b682c3f311e2b30422000aaa0585_7.jpg,3,2
anger,http://cs.rochester.edu/u/qyou/Ins/Imgs/anger/929317_627847050634743_1017620727_n.jpg,5,0
anger,http://cs.rochester.edu/u/qyou/Ins/Imgs/anger/10919533_1531737150439232_572670383_n.jpg,2,3
anger,http://cs.rochester.edu/u/qyou/Ins/Imgs/anger/925364_331340647026127_406920541_n.jpg,5,0
anger,http://cs.rochester.edu/u/qyou/Ins/Imgs/anger/cb1fbad635a111e2bbd422000a1f9ab2_7.jpg,5,0
anger,http://cs.rochester.edu/u/qyou/Ins/Imgs/anger/10a6284c5b1d11e2b1f822000a1f9751_7.jpg,5,0
anger,http://cs.rochester.edu/u/qyou/Ins/Imgs/anger/92f0d7baa17311e285a622000a1f9e5b_7.jpg,4,1
anger,http://cs.rochester.edu/u/qyou/Ins/Imgs/anger/10914186_577217435755657_1228718683_n.jpg,5,0
anger,http://cs.rochester.edu/u/qyou/Ins/Imgs/anger/1389927_217417885096945_825453506_n.jpg,2,3
anger,http://cs.rochester.edu/u/qyou/Ins/Imgs/anger/10865220_1527535390832556_2041321647_n.jpg,5,0
anger,http://cs.rochester.edu/u/qyou/Ins/Imgs/anger/1799851_589195761162673_2031379260_n.jpg,1,4
anger,http://cs.rochester.edu/u/qyou/Ins/Imgs/anger/10809683_1520913981492110_80916322_n.jpg,4,1
anger,http://cs.rochester.edu/u/qyou/Ins/Imgs/anger/1388794_554405457981333_959632567_n.jpg,4,1
anger,http://cs.rochester.edu/u/qyou/Ins/Imgs/anger/49cce358b14911e3b7fd123d3be4afff_8.jpg,5,0
anger,http://cs.rochester.edu/u/qyou/Ins/Imgs/anger/820633d8a7b111e396d10e71bfaae3d3_8.jpg,1,4
anger,http://cs.rochester.edu/u/qyou/Ins/Imgs/anger/141342e2b52911e2b19422000a1f9bc9_7.jpg,5,0
anger,http://cs.rochester.edu/u/qyou/Ins/Imgs/anger/3d40ba56151311e3a0c022000a1f918d_7.jpg,5,0
anger,http://cs.rochester.edu/u/qyou/Ins/Imgs/anger/10860192_767267936661656_58565895_n.jpg,3,2
anger,http://cs.rochester.edu/u/qyou/Ins/Imgs/anger/d454a72a803d11e1a87612313804ec91_7.jpg,4,1
anger,http://cs.rochester.edu/u/qyou/Ins/Imgs/anger/3dcd2bea432111e2a03a22000a1fbd56_7.jpg,5,0
anger,http://cs.rochester.edu/u/qyou/Ins/Imgs/anger/38e21bf2910211e29b7122000a1f9a64_7.jpg,4,1
anger,http://cs.rochester.edu/u/qyou/Ins/Imgs/anger/10881923_1587527314815411_1507873925_n.jpg,5,0
anger,http://cs.rochester.edu/u/qyou/Ins/Imgs/anger/1962962_1409385999323830_92142845_n.jpg,3,2
anger,http://cs.rochester.edu/u/qyou/Ins/Imgs/anger/10853099_756565851116902_777838851_n.jpg,4,1
anger,http://cs.rochester.edu/u/qyou/Ins/Imgs/anger/10903303_671828986258760_387602381_n.jpg,5,0
anger,http://cs.rochester.edu/u/qyou/Ins/Imgs/anger/1889278_1505190099726931_239356092_n.jpg,4,1
anger,http://cs.rochester.edu/u/qyou/Ins/Imgs/anger/10802811_507891622685798_428574141_n.jpg,5,0
anger,http://cs.rochester.edu/u/qyou/Ins/Imgs/anger/1515339_532752713487223_15955979_n.jpg,5,0
anger,http://cs.rochester.edu/u/qyou/Ins/Imgs/anger/9d195320274811e28ce622000a9f13a7_7.jpg,4,1
anger,http://cs.rochester.edu/u/qyou/Ins/Imgs/anger/57232d20d4d911e2a57122000a1fbe0e_7.jpg,1,4
anger,http://cs.rochester.edu/u/qyou/Ins/Imgs/anger/1660931_206703966192891_1193264594_n.jpg,5,0
anger,http://cs.rochester.edu/u/qyou/Ins/Imgs/anger/d556231a0c8711e3927e22000a9e08e3_7.jpg,4,1
anger,http://cs.rochester.edu/u/qyou/Ins/Imgs/anger/94a07206f53811e1934a123138141956_7.jpg,3,2
anger,http://cs.rochester.edu/u/qyou/Ins/Imgs/anger/aa8b5df0928211e2a52622000a9f189d_7.jpg,4,1
anger,http://cs.rochester.edu/u/qyou/Ins/Imgs/anger/9db6cad21ee211e392af22000ae912ea_7.jpg,3,2
anger,http://cs.rochester.edu/u/qyou/Ins/Imgs/anger/1516064_250547265111164_273488251_n.jpg,5,0
anger,http://cs.rochester.edu/u/qyou/Ins/Imgs/anger/bad056a6551111e28d0622000a9e13b7_7.jpg,4,1
anger,http://cs.rochester.edu/u/qyou/Ins/Imgs/anger/10838911_383257778510505_2041503563_n.jpg,2,3
anger,http://cs.rochester.edu/u/qyou/Ins/Imgs/anger/1597620_1377703799149710_1659972610_n.jpg,4,1
anger,http://cs.rochester.edu/u/qyou/Ins/Imgs/anger/4aba3636f5f511e2ba0522000ae8030f_7.jpg,3,2
anger,http://cs.rochester.edu/u/qyou/Ins/Imgs/anger/92f00bba6f3111e2aeb222000a1f9e7e_7.jpg,4,1
anger,http://cs.rochester.edu/u/qyou/Ins/Imgs/anger/252add78997311e29efd22000a1f9a07_7.jpg,4,1
anger,http://cs.rochester.edu/u/qyou/Ins/Imgs/anger/f21a3808a6db11e3a90f12d3efa47a40_8.jpg,5,0
anger,http://cs.rochester.edu/u/qyou/Ins/Imgs/anger/10948908_1567977256747575_490122764_n.jpg,1,4
anger,http://cs.rochester.edu/u/qyou/Ins/Imgs/anger/6e468f1c874811e2a2e022000a1faf45_7.jpg,5,0
anger,http://cs.rochester.edu/u/qyou/Ins/Imgs/anger/10946492_849360395116210_142108901_n.jpg,1,4
anger,http://cs.rochester.edu/u/qyou/Ins/Imgs/anger/926431_389679074505591_4022540_n.jpg,3,2
anger,http://cs.rochester.edu/u/qyou/Ins/Imgs/anger/75e92d3af4a111e292a322000a1faaae_7.jpg,4,1
anger,http://cs.rochester.edu/u/qyou/Ins/Imgs/anger/5eecb0f6866211e1b9f1123138140926_7.jpg,3,2
anger,http://cs.rochester.edu/u/qyou/Ins/Imgs/anger/f29037c0fbfa11e18a2c22000a1d0378_7.jpg,4,1
anger,http://cs.rochester.edu/u/qyou/Ins/Imgs/anger/64fee40e516011e29cc822000a1f96e3_7.jpg,4,1
anger,http://cs.rochester.edu/u/qyou/Ins/Imgs/anger/4559abfc226611e3a2ab22000a1fb84b_7.jpg,5,0
anger,http://cs.rochester.edu/u/qyou/Ins/Imgs/anger/1171869_452088861572332_2134351032_n.jpg,5,0
anger,http://cs.rochester.edu/u/qyou/Ins/Imgs/anger/927370_509666385830902_1987569106_n.jpg,3,2
anger,http://cs.rochester.edu/u/qyou/Ins/Imgs/anger/927386_750055771735561_894598647_n.jpg,5,0
anger,http://cs.rochester.edu/u/qyou/Ins/Imgs/anger/ffdc97b0effc11e28e5722000a9f195f_7.jpg,5,0
anger,http://cs.rochester.edu/u/qyou/Ins/Imgs/anger/10818038_803478566380282_391075203_n.jpg,5,0
anger,http://cs.rochester.edu/u/qyou/Ins/Imgs/anger/1560a89ef1dc11e18d6622000a1cbab4_7.jpg,5,0
anger,http://cs.rochester.edu/u/qyou/Ins/Imgs/anger/10919307_332433916966267_1193371629_n.jpg,2,3
anger,http://cs.rochester.edu/u/qyou/Ins/Imgs/anger/b295687c333d11e3bd5222000a9f12e7_7.jpg,5,0
anger,http://cs.rochester.edu/u/qyou/Ins/Imgs/anger/928450_644599265602000_2121711639_n.jpg,2,3
anger,http://cs.rochester.edu/u/qyou/Ins/Imgs/anger/10844040_334988253351551_583033726_n.jpg,3,2
anger,http://cs.rochester.edu/u/qyou/Ins/Imgs/anger/eefd3e5e67f211e39e6c1222881ec91d_8.jpg,5,0
anger,http://cs.rochester.edu/u/qyou/Ins/Imgs/anger/1516044_1405117179763230_1579669335_n.jpg,1,4
anger,http://cs.rochester.edu/u/qyou/Ins/Imgs/anger/e73f7ec6204411e284b222000a1fbcf6_7.jpg,4,1
anger,http://cs.rochester.edu/u/qyou/Ins/Imgs/anger/10838740_857137381017735_217265187_n.jpg,5,0
anger,http://cs.rochester.edu/u/qyou/Ins/Imgs/anger/1169869_1425398757695328_132856457_n.jpg,4,1
anger,http://cs.rochester.edu/u/qyou/Ins/Imgs/anger/10817673_389177244593141_765518967_n.jpg,5,0
anger,http://cs.rochester.edu/u/qyou/Ins/Imgs/anger/1740893_1394741300785969_1013492201_n.jpg,5,0
anger,http://cs.rochester.edu/u/qyou/Ins/Imgs/anger/2f358730ce6811e282a322000a1f9709_7.jpg,5,0
anger,http://cs.rochester.edu/u/qyou/Ins/Imgs/anger/e692c512cd5c11e2b7fc22000aa821d1_7.jpg,2,3
anger,http://cs.rochester.edu/u/qyou/Ins/Imgs/anger/891515_355998764556675_1116499783_n.jpg,4,1
anger,http://cs.rochester.edu/u/qyou/Ins/Imgs/anger/a0f9088ab4a811e2abd422000a9f4de4_7.jpg,4,1
anger,http://cs.rochester.edu/u/qyou/Ins/Imgs/anger/914623_548993601880501_1350156056_n.jpg,3,2
anger,http://cs.rochester.edu/u/qyou/Ins/Imgs/anger/10958173_1598455397056207_1685977569_n.jpg,3,2
anger,http://cs.rochester.edu/u/qyou/Ins/Imgs/anger/1388964_170144346520522_1481973449_n.jpg,4,1
anger,http://cs.rochester.edu/u/qyou/Ins/Imgs/anger/9b750fc0da9211e282e122000a1f9aae_7.jpg,5,0
anger,http://cs.rochester.edu/u/qyou/Ins/Imgs/anger/10932566_1529322770653104_1749959019_n.jpg,4,1
anger,http://cs.rochester.edu/u/qyou/Ins/Imgs/anger/10838867_887944284583955_2141250788_n.jpg,5,0
anger,http://cs.rochester.edu/u/qyou/Ins/Imgs/anger/bf9650786ff111e2934722000a9f3cae_7.jpg,2,3
anger,http://cs.rochester.edu/u/qyou/Ins/Imgs/anger/3cf9beb2e03e11e28f8322000a9f18ae_7.jpg,5,0
anger,http://cs.rochester.edu/u/qyou/Ins/Imgs/anger/f055522cbf0611e2996b22000aaa21dc_7.jpg,5,0
anger,http://cs.rochester.edu/u/qyou/Ins/Imgs/anger/10838516_1572941796255675_50920130_n.jpg,4,1
anger,http://cs.rochester.edu/u/qyou/Ins/Imgs/anger/10932066_409668902543330_1430179274_n.jpg,5,0
anger,http://cs.rochester.edu/u/qyou/Ins/Imgs/anger/6ef381a839a711e180c9123138016265_7.jpg,5,0
anger,http://cs.rochester.edu/u/qyou/Ins/Imgs/anger/923724_1453545178251187_54969646_n.jpg,4,1
anger,http://cs.rochester.edu/u/qyou/Ins/Imgs/anger/15ad47f4592311e2b16122000a1f9e61_7.jpg,5,0
anger,http://cs.rochester.edu/u/qyou/Ins/Imgs/anger/94456cc8a86e11e2901022000a9e13ab_7.jpg,3,2
anger,http://cs.rochester.edu/u/qyou/Ins/Imgs/anger/1389450_250550401767199_1153185922_n.jpg,5,0
anger,http://cs.rochester.edu/u/qyou/Ins/Imgs/anger/1389728_576504572402697_934458541_n.jpg,4,1
anger,http://cs.rochester.edu/u/qyou/Ins/Imgs/anger/c1d07210bb8c11e2a47b22000a1f99e6_7.jpg,4,1
anger,http://cs.rochester.edu/u/qyou/Ins/Imgs/anger/8ecd98c2283c11e28bf022000a9f139a_7.jpg,3,2
anger,http://cs.rochester.edu/u/qyou/Ins/Imgs/anger/5c7e05c4901411e2af1622000a1fb845_7.jpg,3,2
anger,http://cs.rochester.edu/u/qyou/Ins/Imgs/anger/60517dfabf4111e2a63622000a9e28ec_7.jpg,2,3
anger,http://cs.rochester.edu/u/qyou/Ins/Imgs/anger/b113b616cecf11e2b45022000a1fb3cd_7.jpg,4,1
anger,http://cs.rochester.edu/u/qyou/Ins/Imgs/anger/1742443_612210852202624_2052788296_n.jpg,5,0
anger,http://cs.rochester.edu/u/qyou/Ins/Imgs/anger/898c946c6aea11e2bd9022000a1fa522_7.jpg,5,0
anger,http://cs.rochester.edu/u/qyou/Ins/Imgs/anger/10838298_770353419668567_127955334_n.jpg,5,0
anger,http://cs.rochester.edu/u/qyou/Ins/Imgs/anger/8ff2193685e211e2be6b22000aa80214_7.jpg,3,2
anger,http://cs.rochester.edu/u/qyou/Ins/Imgs/anger/de734deaa3544b11a0058043e26aa10a_7.jpg,4,1
anger,http://cs.rochester.edu/u/qyou/Ins/Imgs/anger/1208239_536784676402590_1242871333_n.jpg,4,1
anger,http://cs.rochester.edu/u/qyou/Ins/Imgs/anger/831a208cec6711e2902222000a1fa52b_7.jpg,4,1
anger,http://cs.rochester.edu/u/qyou/Ins/Imgs/anger/1527616_592152900849960_2106224757_n.jpg,5,0
anger,http://cs.rochester.edu/u/qyou/Ins/Imgs/anger/cf2b7138105211e3b4e822000a9f130c_7.jpg,4,1
anger,http://cs.rochester.edu/u/qyou/Ins/Imgs/anger/928396_1408264339410564_1967064406_n.jpg,4,1
anger,http://cs.rochester.edu/u/qyou/Ins/Imgs/anger/a68f1e6e4b9f11e299af22000a9e29bc_7.jpg,4,1
anger,http://cs.rochester.edu/u/qyou/Ins/Imgs/anger/17dc0becf79311e1b0a8123138131fa0_7.jpg,5,0
anger,http://cs.rochester.edu/u/qyou/Ins/Imgs/anger/925910_491539690976056_1669360086_n.jpg,5,0
anger,http://cs.rochester.edu/u/qyou/Ins/Imgs/anger/19148b7aea7111e2a04722000aeb1017_7.jpg,4,1
anger,http://cs.rochester.edu/u/qyou/Ins/Imgs/anger/8af68cc06e2a11e2b20722000a1f97fa_7.jpg,5,0
anger,http://cs.rochester.edu/u/qyou/Ins/Imgs/anger/784835380ecf11e3892d22000a1fb82c_7.jpg,5,0
anger,http://cs.rochester.edu/u/qyou/Ins/Imgs/anger/6b77974eef4511e2a73522000a1faf50_7.jpg,4,1
anger,http://cs.rochester.edu/u/qyou/Ins/Imgs/anger/1208341_270731676408861_443871008_n.jpg,1,4
anger,http://cs.rochester.edu/u/qyou/Ins/Imgs/anger/42390daeb98511e2a59b22000a9f3c66_7.jpg,2,3
anger,http://cs.rochester.edu/u/qyou/Ins/Imgs/anger/c59365e6b02f11e2a59b22000a9f3c66_7.jpg,5,0
anger,http://cs.rochester.edu/u/qyou/Ins/Imgs/anger/5baf036cd47711e2945d22000a9f13ca_7.jpg,4,1
anger,http://cs.rochester.edu/u/qyou/Ins/Imgs/anger/26e94ffa0a6711e2a04e123138141145_7.jpg,5,0
anger,http://cs.rochester.edu/u/qyou/Ins/Imgs/anger/2ae4f9940c0811e3b57222000a9e07e9_7.jpg,5,0
anger,http://cs.rochester.edu/u/qyou/Ins/Imgs/anger/bf96842e67bf11e297b922000a1fa527_7.jpg,5,0
anger,http://cs.rochester.edu/u/qyou/Ins/Imgs/anger/ae8398768be511e2bc0822000a1f9737_7.jpg,5,0
anger,http://cs.rochester.edu/u/qyou/Ins/Imgs/anger/9b87848e378511e38f3922000ae90d55_8.jpg,5,0
anger,http://cs.rochester.edu/u/qyou/Ins/Imgs/anger/a3ab6dbaf46511e1a84922000a1e8bad_7.jpg,3,2
anger,http://cs.rochester.edu/u/qyou/Ins/Imgs/anger/1389595_381816301921208_1207679353_n.jpg,1,4
anger,http://cs.rochester.edu/u/qyou/Ins/Imgs/anger/4870f41ad3da11e2bfa222000ae904e2_7.jpg,4,1
anger,http://cs.rochester.edu/u/qyou/Ins/Imgs/anger/1390016_1473614632917645_729792426_n.jpg,5,0
anger,http://cs.rochester.edu/u/qyou/Ins/Imgs/anger/10914426_1516125682008884_2014455173_n.jpg,5,0
anger,http://cs.rochester.edu/u/qyou/Ins/Imgs/anger/10817718_768821383155231_1196461981_n.jpg,5,0
anger,http://cs.rochester.edu/u/qyou/Ins/Imgs/anger/10899041_1542335199371176_977963545_n.jpg,4,1
anger,http://cs.rochester.edu/u/qyou/Ins/Imgs/anger/10949096_628318460629800_701994926_n.jpg,5,0
anger,http://cs.rochester.edu/u/qyou/Ins/Imgs/anger/c0ece752a8ef11e2908222000a9f146a_7.jpg,5,0
anger,http://cs.rochester.edu/u/qyou/Ins/Imgs/anger/926432_1410035239270669_102471744_n.jpg,5,0
anger,http://cs.rochester.edu/u/qyou/Ins/Imgs/anger/5e96dac25bf111e2b4ea22000a1fbdb0_7.jpg,4,1
anger,http://cs.rochester.edu/u/qyou/Ins/Imgs/anger/3354fdb88a8011e2aeca22000a9f18e5_7.jpg,5,0
anger,http://cs.rochester.edu/u/qyou/Ins/Imgs/anger/66934f042b3011e292a022000a1c02a4_7.jpg,5,0
anger,http://cs.rochester.edu/u/qyou/Ins/Imgs/anger/1515295_266677096821918_1339274990_n.jpg,5,0
anger,http://cs.rochester.edu/u/qyou/Ins/Imgs/anger/48c0607aaaff11e38fea12f3e31e8447_8.jpg,4,1
anger,http://cs.rochester.edu/u/qyou/Ins/Imgs/anger/160c3dc8213111e38ab422000aa80430_7.jpg,4,1
anger,http://cs.rochester.edu/u/qyou/Ins/Imgs/anger/bc1df954ad4a11e3bb630e168fca72ec_8.jpg,5,0
anger,http://cs.rochester.edu/u/qyou/Ins/Imgs/anger/916995_1424049707838909_1010055247_n.jpg,4,1
anger,http://cs.rochester.edu/u/qyou/Ins/Imgs/anger/1941179_489077171214934_2090912368_n.jpg,1,4
anger,http://cs.rochester.edu/u/qyou/Ins/Imgs/anger/1515517_664110106979771_4769867_n.jpg,4,1
anger,http://cs.rochester.edu/u/qyou/Ins/Imgs/anger/1389666_716342851743599_1643898102_n.jpg,0,5
anger,http://cs.rochester.edu/u/qyou/Ins/Imgs/anger/b1f2040ecfd611e2b83922000ae91223_7.jpg,5,0
anger,http://cs.rochester.edu/u/qyou/Ins/Imgs/anger/1389938_255499354599717_1804095228_n.jpg,4,1
anger,http://cs.rochester.edu/u/qyou/Ins/Imgs/anger/10809472_1600851800142770_1714407634_n.jpg,5,0
anger,http://cs.rochester.edu/u/qyou/Ins/Imgs/anger/10831708_780687701968513_2069806233_n.jpg,5,0
anger,http://cs.rochester.edu/u/qyou/Ins/Imgs/anger/926685_1419232618330855_1509523840_n.jpg,2,3
anger,http://cs.rochester.edu/u/qyou/Ins/Imgs/anger/1ad53e1ad2b511e29d9922000a1f8ad7_7.jpg,4,1
anger,http://cs.rochester.edu/u/qyou/Ins/Imgs/anger/93891c0e6c0011e181bd12313817987b_7.jpg,4,1
anger,http://cs.rochester.edu/u/qyou/Ins/Imgs/anger/1172541_422648624502108_1135498152_n.jpg,3,2
anger,http://cs.rochester.edu/u/qyou/Ins/Imgs/anger/1517256_1381667832090543_1099983117_n.jpg,4,1
anger,http://cs.rochester.edu/u/qyou/Ins/Imgs/anger/1389265_1399679580274514_958271234_n.jpg,5,0
anger,http://cs.rochester.edu/u/qyou/Ins/Imgs/anger/924241_683779264986830_880408407_n.jpg,3,2
anger,http://cs.rochester.edu/u/qyou/Ins/Imgs/anger/99b2e0cea26911e2be5722000a9f15cb_7.jpg,4,1
anger,http://cs.rochester.edu/u/qyou/Ins/Imgs/anger/ba808a722bda11e3b61a22000ae80d92_8.jpg,4,1
anger,http://cs.rochester.edu/u/qyou/Ins/Imgs/anger/10843711_746111442143751_601080216_n.jpg,5,0
anger,http://cs.rochester.edu/u/qyou/Ins/Imgs/anger/928391_597200917002503_1548361823_n.jpg,5,0
anger,http://cs.rochester.edu/u/qyou/Ins/Imgs/anger/5f025c96510311e2bfae22000a9e0782_7.jpg,4,0
anger,http://cs.rochester.edu/u/qyou/Ins/Imgs/anger/42ae027a446f11e2b2dc22000a9f14bd_7.jpg,5,0
anger,http://cs.rochester.edu/u/qyou/Ins/Imgs/anger/923934_262165583949229_465574089_n.jpg,5,0
anger,http://cs.rochester.edu/u/qyou/Ins/Imgs/anger/925365_314622965402329_1935335747_n.jpg,1,4
anger,http://cs.rochester.edu/u/qyou/Ins/Imgs/anger/10838576_716391035124054_259051903_n.jpg,4,1
anger,http://cs.rochester.edu/u/qyou/Ins/Imgs/anger/434042006ee211e2862522000a1f9c96_7.jpg,5,0
anger,http://cs.rochester.edu/u/qyou/Ins/Imgs/anger/6aa7788c333b11e2bea8123138016001_7.jpg,4,1
anger,http://cs.rochester.edu/u/qyou/Ins/Imgs/anger/f7dd4c0224c811e39f1422000a1fbc0e_7.jpg,4,1
anger,http://cs.rochester.edu/u/qyou/Ins/Imgs/anger/4a9c59b0e0e511e2bd6422000a9f12df_7.jpg,4,1
anger,http://cs.rochester.edu/u/qyou/Ins/Imgs/anger/1389160_502267646538776_92186846_n.jpg,5,0
anger,http://cs.rochester.edu/u/qyou/Ins/Imgs/anger/21a25fe0240711e3af4222000aa8012b_7.jpg,1,4
anger,http://cs.rochester.edu/u/qyou/Ins/Imgs/anger/d77cdcb816cf11e38d0b22000aaa0532_7.jpg,5,0
anger,http://cs.rochester.edu/u/qyou/Ins/Imgs/anger/fd7afc465a2911e2ab9022000a9f14bb_7.jpg,1,4
anger,http://cs.rochester.edu/u/qyou/Ins/Imgs/anger/b4e0a11ebc3c11e2a52322000a9e02f9_7.jpg,5,0
anger,http://cs.rochester.edu/u/qyou/Ins/Imgs/anger/153e31b40de811e389b122000a9f18c4_7.jpg,4,1
anger,http://cs.rochester.edu/u/qyou/Ins/Imgs/anger/b152bc36ab7311e392c8123c34e343ec_8.jpg,5,0
anger,http://cs.rochester.edu/u/qyou/Ins/Imgs/anger/1391365_703494716336385_282615214_n.jpg,2,3
anger,http://cs.rochester.edu/u/qyou/Ins/Imgs/anger/c6c7969e05d511e297b922000a1fc2dd_7.jpg,4,1
anger,http://cs.rochester.edu/u/qyou/Ins/Imgs/anger/1723276_244367379078738_1233844943_n.jpg,4,1
anger,http://cs.rochester.edu/u/qyou/Ins/Imgs/anger/1389389_219464308225930_1330887075_n.jpg,5,0
anger,http://cs.rochester.edu/u/qyou/Ins/Imgs/anger/20976d32aaba11e2bcd822000aa80037_7.jpg,5,0
anger,http://cs.rochester.edu/u/qyou/Ins/Imgs/anger/9f1f3b14ace911e181bd12313817987b_7.jpg,3,2
anger,http://cs.rochester.edu/u/qyou/Ins/Imgs/anger/43489086d9c311e1adac22000a1d010e_7.jpg,3,2
anger,http://cs.rochester.edu/u/qyou/Ins/Imgs/anger/58edc1b0b23711e3b74b1270dd981a11_8.jpg,4,1
anger,http://cs.rochester.edu/u/qyou/Ins/Imgs/anger/4b8c58e2f63511e2b9d422000aa80579_7.jpg,5,0
anger,http://cs.rochester.edu/u/qyou/Ins/Imgs/anger/9b5c9a561f0411e3906622000a9e03eb_7.jpg,4,1
anger,http://cs.rochester.edu/u/qyou/Ins/Imgs/anger/bb6f7a8c163211e3959e22000aeb1b4e_7.jpg,5,0
anger,http://cs.rochester.edu/u/qyou/Ins/Imgs/anger/10895337_1543400555902430_491659862_n.jpg,5,0
anger,http://cs.rochester.edu/u/qyou/Ins/Imgs/anger/1740520_202663326599304_1036690752_n.jpg,1,4
anger,http://cs.rochester.edu/u/qyou/Ins/Imgs/anger/10843938_897565576950852_534426451_n.jpg,5,0
anger,http://cs.rochester.edu/u/qyou/Ins/Imgs/anger/36452056ee1311e2a1c022000a1fb718_7.jpg,5,0
anger,http://cs.rochester.edu/u/qyou/Ins/Imgs/anger/b2993fc41b5a11e3932222000a9f14f2_7.jpg,3,2
anger,http://cs.rochester.edu/u/qyou/Ins/Imgs/anger/6e654dc66f1a11e2aa6822000a9f1730_7.jpg,3,2
anger,http://cs.rochester.edu/u/qyou/Ins/Imgs/anger/4fb0f5386eb111e2820422000a1f97b5_7.jpg,5,0
anger,http://cs.rochester.edu/u/qyou/Ins/Imgs/anger/10809693_759507347470450_690073386_n.jpg,3,2
anger,http://cs.rochester.edu/u/qyou/Ins/Imgs/anger/1515572_756375571059124_1093225184_n.jpg,4,1
anger,http://cs.rochester.edu/u/qyou/Ins/Imgs/anger/87441d20290211e3a73822000aaa08a0_7.jpg,5,0
anger,http://cs.rochester.edu/u/qyou/Ins/Imgs/anger/928042_1445797079014669_1697923795_n.jpg,4,1
anger,http://cs.rochester.edu/u/qyou/Ins/Imgs/anger/7fc4290c263011e3b66c22000ae80d1c_7.jpg,5,0
anger,http://cs.rochester.edu/u/qyou/Ins/Imgs/anger/1171238_234286313441742_1416661196_n.jpg,2,3
anger,http://cs.rochester.edu/u/qyou/Ins/Imgs/anger/1e4c302abe9311e28db822000a1f9720_7.jpg,2,3
anger,http://cs.rochester.edu/u/qyou/Ins/Imgs/anger/1169928_457548464367664_1619648989_n.jpg,5,0
anger,http://cs.rochester.edu/u/qyou/Ins/Imgs/anger/cb8dfe1e017111e3b6c722000a9d0edd_7.jpg,4,1
anger,http://cs.rochester.edu/u/qyou/Ins/Imgs/anger/925919_657838534299306_215564875_n.jpg,5,0
anger,http://cs.rochester.edu/u/qyou/Ins/Imgs/anger/85074406635611e1b9f1123138140926_7.jpg,4,1
anger,http://cs.rochester.edu/u/qyou/Ins/Imgs/anger/a406c0e0d49711e1822f22000a1e89bd_7.jpg,2,3
anger,http://cs.rochester.edu/u/qyou/Ins/Imgs/anger/10809666_761862360552652_1045996709_n.jpg,5,0
anger,http://cs.rochester.edu/u/qyou/Ins/Imgs/anger/29070b2616b311e28b9422000a1c9e12_7.jpg,4,1
anger,http://cs.rochester.edu/u/qyou/Ins/Imgs/anger/10932175_933789593306492_697429590_n.jpg,3,2
anger,http://cs.rochester.edu/u/qyou/Ins/Imgs/anger/1530836_243100085851411_1284762437_n.jpg,2,3
anger,http://cs.rochester.edu/u/qyou/Ins/Imgs/anger/b9adc2147f5411e2a7ed22000a1f8f24_7.jpg,5,0
anger,http://cs.rochester.edu/u/qyou/Ins/Imgs/anger/d57e1e507caf11e2ac5122000a9f14f8_7.jpg,0,5
anger,http://cs.rochester.edu/u/qyou/Ins/Imgs/anger/1aaf26020b7411e2920522000a1cdf49_7.jpg,5,0
anger,http://cs.rochester.edu/u/qyou/Ins/Imgs/anger/35aabeaef91611e2813a22000a1f8f34_7.jpg,5,0
anger,http://cs.rochester.edu/u/qyou/Ins/Imgs/anger/2948b03e7ac311e2a95722000a9f09e9_7.jpg,3,2
anger,http://cs.rochester.edu/u/qyou/Ins/Imgs/anger/f8768d96d85f11e289b122000a9f18c4_7.jpg,5,0
anger,http://cs.rochester.edu/u/qyou/Ins/Imgs/anger/b922683e0b5b11e3a5f122000a1f96b9_7.jpg,5,0
anger,http://cs.rochester.edu/u/qyou/Ins/Imgs/anger/64ea2a70c0df11e2b19622000a1f9d89_7.jpg,2,3
anger,http://cs.rochester.edu/u/qyou/Ins/Imgs/anger/10852981_877741465610771_276634851_n.jpg,5,0
anger,http://cs.rochester.edu/u/qyou/Ins/Imgs/anger/b0103aa6965811e181bd12313817987b_7.jpg,3,2
anger,http://cs.rochester.edu/u/qyou/Ins/Imgs/anger/a98e70e6669911e2890222000a1fb0b2_7.jpg,4,1
anger,http://cs.rochester.edu/u/qyou/Ins/Imgs/anger/1739320_1403012899955902_2011288278_n.jpg,2,3
anger,http://cs.rochester.edu/u/qyou/Ins/Imgs/anger/e2d3a9f0a2d311e18bb812313804a181_7.jpg,5,0
anger,http://cs.rochester.edu/u/qyou/Ins/Imgs/anger/549878fe3c8f11e2ada322000a1fbcdb_7.jpg,4,1
anger,http://cs.rochester.edu/u/qyou/Ins/Imgs/anger/954b7920ea7a11e297fd22000ae912c9_7.jpg,1,4
anger,http://cs.rochester.edu/u/qyou/Ins/Imgs/anger/24c2ef2af94e11e2902922000a1fc70b_7.jpg,5,0
anger,http://cs.rochester.edu/u/qyou/Ins/Imgs/anger/1169707_133476443489623_92498130_n.jpg,5,0
anger,http://cs.rochester.edu/u/qyou/Ins/Imgs/anger/883c4d3a3cd911e2851922000a9e084f_7.jpg,3,2
anger,http://cs.rochester.edu/u/qyou/Ins/Imgs/anger/8665e74cea6611e2a82b22000a9f1408_7.jpg,5,0
anger,http://cs.rochester.edu/u/qyou/Ins/Imgs/anger/517b340ae49f11e2902922000a1fc70b_7.jpg,4,1
anger,http://cs.rochester.edu/u/qyou/Ins/Imgs/anger/832eb2c6f2a911e1990322000a1e9bb9_7.jpg,5,0
anger,http://cs.rochester.edu/u/qyou/Ins/Imgs/anger/8d39e20efcb211e2931722000a1fc67c_7.jpg,3,2
anger,http://cs.rochester.edu/u/qyou/Ins/Imgs/anger/1bf6d6ae33f611e2af9022000a1f9a23_7.jpg,2,3
anger,http://cs.rochester.edu/u/qyou/Ins/Imgs/anger/1799677_675660109151747_286885366_n.jpg,5,0
anger,http://cs.rochester.edu/u/qyou/Ins/Imgs/anger/c5e2cb7c6ae811e2bee422000a9f14ea_7.jpg,5,0
anger,http://cs.rochester.edu/u/qyou/Ins/Imgs/anger/1922211_1410228699226999_985117206_n.jpg,5,0
anger,http://cs.rochester.edu/u/qyou/Ins/Imgs/anger/16a1d944dc2311e2a5a022000ae9129a_7.jpg,4,1
anger,http://cs.rochester.edu/u/qyou/Ins/Imgs/anger/26684e94861011e2ad9722000a9e2977_7.jpg,4,1
anger,http://cs.rochester.edu/u/qyou/Ins/Imgs/anger/10864780_700149740084135_40672518_n.jpg,4,1
anger,http://cs.rochester.edu/u/qyou/Ins/Imgs/anger/914293_516480978466522_1259354800_n.jpg,5,0
anger,http://cs.rochester.edu/u/qyou/Ins/Imgs/anger/a7580bba8b7511e2896922000a1fbe1a_7.jpg,4,1
anger,http://cs.rochester.edu/u/qyou/Ins/Imgs/anger/1172850_1484381321846113_1290553754_n.jpg,5,0
anger,http://cs.rochester.edu/u/qyou/Ins/Imgs/anger/c37113382b6511e39b1a22000a1fb711_7.jpg,5,0
anger,http://cs.rochester.edu/u/qyou/Ins/Imgs/anger/891306_758088150892469_1794659171_n.jpg,4,1
anger,http://cs.rochester.edu/u/qyou/Ins/Imgs/anger/93436b84ec2711e28eb822000a1ddb86_7.jpg,4,1
anger,http://cs.rochester.edu/u/qyou/Ins/Imgs/anger/d04a1baeab6d11e2805e22000aa82060_7.jpg,5,0
anger,http://cs.rochester.edu/u/qyou/Ins/Imgs/anger/e38892f8595211e2aeb222000a1f9e7e_7.jpg,5,0
anger,http://cs.rochester.edu/u/qyou/Ins/Imgs/anger/e63b4e66d5ce11e286e122000a9e080f_7.jpg,1,4
anger,http://cs.rochester.edu/u/qyou/Ins/Imgs/anger/10890828_1525383377736088_49811692_n.jpg,3,2
anger,http://cs.rochester.edu/u/qyou/Ins/Imgs/anger/69c23eae196111e38f4222000a1fb75e_7.jpg,2,3
anger,http://cs.rochester.edu/u/qyou/Ins/Imgs/anger/e261ae8eb49911e39c4c125921b75990_8.jpg,2,3
anger,http://cs.rochester.edu/u/qyou/Ins/Imgs/anger/94b998c6ebce11e19a4b22000a1cdc07_7.jpg,2,3
anger,http://cs.rochester.edu/u/qyou/Ins/Imgs/anger/10903358_736206933135991_181419301_n.jpg,5,0
anger,http://cs.rochester.edu/u/qyou/Ins/Imgs/anger/1662366_1382876555317549_1136900795_n.jpg,5,0
anger,http://cs.rochester.edu/u/qyou/Ins/Imgs/anger/d628208eb3fa11e3a84b12ec4dc1b49e_8.jpg,4,1
anger,http://cs.rochester.edu/u/qyou/Ins/Imgs/anger/a333d4f8e0f511e2905922000ae9081c_7.jpg,4,1
anger,http://cs.rochester.edu/u/qyou/Ins/Imgs/anger/59f081f6749911e28abf22000a1f9bf5_7.jpg,1,4
anger,http://cs.rochester.edu/u/qyou/Ins/Imgs/anger/f80a9ca4b27411e38f650ef2c0a0ec88_8.jpg,4,1
anger,http://cs.rochester.edu/u/qyou/Ins/Imgs/anger/10808772_758286617594555_2144060369_n.jpg,5,0
anger,http://cs.rochester.edu/u/qyou/Ins/Imgs/anger/2972a2e6a9ec11e3981d125fbb6fcb5c_8.jpg,4,1
anger,http://cs.rochester.edu/u/qyou/Ins/Imgs/anger/3321108aed7111e2873022000a1fa909_7.jpg,1,4
anger,http://cs.rochester.edu/u/qyou/Ins/Imgs/anger/10903284_853656824656815_1799343920_n.jpg,5,0
anger,http://cs.rochester.edu/u/qyou/Ins/Imgs/anger/10838801_1550879428483771_2015959992_n.jpg,4,1
anger,http://cs.rochester.edu/u/qyou/Ins/Imgs/anger/10831894_672224369561431_1062567934_n.jpg,5,0
anger,http://cs.rochester.edu/u/qyou/Ins/Imgs/anger/f970c9a6ebd711e283e322000aa8200d_7.jpg,5,0
anger,http://cs.rochester.edu/u/qyou/Ins/Imgs/anger/fbe6bee0febd11e2bf1822000aaa0492_7.jpg,5,0
anger,http://cs.rochester.edu/u/qyou/Ins/Imgs/anger/cca08c4ad82711e29bdc22000a9f3c8f_7.jpg,5,0
anger,http://cs.rochester.edu/u/qyou/Ins/Imgs/anger/d21459d6625211e29dbc22000a1f9e59_7.jpg,0,5
anger,http://cs.rochester.edu/u/qyou/Ins/Imgs/anger/10844211_1746069775618457_826097252_n.jpg,4,1
anger,http://cs.rochester.edu/u/qyou/Ins/Imgs/anger/602773b0253111e3866d22000a9f137d_7.jpg,5,0
anger,http://cs.rochester.edu/u/qyou/Ins/Imgs/anger/4d470d3ed3eb11e180bb1231381341ed_7.jpg,2,3
anger,http://cs.rochester.edu/u/qyou/Ins/Imgs/anger/cda78882a1e511e2863a22000aa8101b_7.jpg,3,2
anger,http://cs.rochester.edu/u/qyou/Ins/Imgs/anger/10831913_1584480518451495_1649079767_n.jpg,3,2
anger,http://cs.rochester.edu/u/qyou/Ins/Imgs/anger/1168420_542911592450279_1046216042_n.jpg,5,0
anger,http://cs.rochester.edu/u/qyou/Ins/Imgs/anger/3e24329a648911e1a87612313804ec91_7.jpg,5,0
anger,http://cs.rochester.edu/u/qyou/Ins/Imgs/anger/93ab9c52edd311e1a31922000a1d0342_7.jpg,4,1
anger,http://cs.rochester.edu/u/qyou/Ins/Imgs/anger/39bd37b4394a11e3a66b22000a9f09de_8.jpg,3,2
anger,http://cs.rochester.edu/u/qyou/Ins/Imgs/anger/b1e0f15ec2cb11e2a73b22000aa80571_7.jpg,1,4
anger,http://cs.rochester.edu/u/qyou/Ins/Imgs/anger/40871cfea12811e3bf01128d86d26cdc_8.jpg,5,0
anger,http://cs.rochester.edu/u/qyou/Ins/Imgs/anger/6db3a2d6835411e1abb01231381b65e3_7.jpg,4,1
anger,http://cs.rochester.edu/u/qyou/Ins/Imgs/anger/df3fa3f2f60211e19fa512313820475a_7.jpg,5,0
anger,http://cs.rochester.edu/u/qyou/Ins/Imgs/anger/365ada1a37e111e2a8a522000a1f9c9f_7.jpg,5,0
anger,http://cs.rochester.edu/u/qyou/Ins/Imgs/anger/57da736cf4c411e2b85022000a1f9e75_7.jpg,3,2
anger,http://cs.rochester.edu/u/qyou/Ins/Imgs/anger/10890589_1532495263693459_1816991584_n.jpg,5,0
anger,http://cs.rochester.edu/u/qyou/Ins/Imgs/anger/1941268_1418931518354735_413977312_n.jpg,4,1
anger,http://cs.rochester.edu/u/qyou/Ins/Imgs/anger/2620679225fc11e2b95b22000a1fab39_7.jpg,5,0
anger,http://cs.rochester.edu/u/qyou/Ins/Imgs/anger/927337_1444072559179474_1667289536_n.jpg,5,0
anger,http://cs.rochester.edu/u/qyou/Ins/Imgs/anger/d6036d0e6c3711e2b9fd22000a1fbc16_7.jpg,2,3
anger,http://cs.rochester.edu/u/qyou/Ins/Imgs/anger/10932437_1424734641151397_1493826149_n.jpg,5,0
anger,http://cs.rochester.edu/u/qyou/Ins/Imgs/anger/10844180_629154583897529_1111406589_n.jpg,5,0
anger,http://cs.rochester.edu/u/qyou/Ins/Imgs/anger/ac03beb89b6d11e2922a22000a1fdc29_7.jpg,5,0
anger,http://cs.rochester.edu/u/qyou/Ins/Imgs/anger/10881978_415687741917335_924589116_n.jpg,5,0
anger,http://cs.rochester.edu/u/qyou/Ins/Imgs/anger/847023be249d11e3af2822000ae81103_7.jpg,4,1
anger,http://cs.rochester.edu/u/qyou/Ins/Imgs/anger/1515312_198971546969235_820173526_n.jpg,5,0
anger,http://cs.rochester.edu/u/qyou/Ins/Imgs/anger/c809cb40e0e411e2a38a22000aa805e3_7.jpg,2,3
anger,http://cs.rochester.edu/u/qyou/Ins/Imgs/anger/26703e8cb14e11e3a9720e7aedef815c_8.jpg,5,0
anger,http://cs.rochester.edu/u/qyou/Ins/Imgs/anger/96c647a8a44311e2829822000a9f1487_7.jpg,2,3
anger,http://cs.rochester.edu/u/qyou/Ins/Imgs/anger/3e399c2e979c11e2891a22000a9d0ec6_7.jpg,4,1
anger,http://cs.rochester.edu/u/qyou/Ins/Imgs/anger/1391115_223671864474159_1694099755_n.jpg,0,5
anger,http://cs.rochester.edu/u/qyou/Ins/Imgs/anger/10898955_771741959571455_1034299532_n.jpg,5,0
anger,http://cs.rochester.edu/u/qyou/Ins/Imgs/anger/cc9ced701ade11e3a0a022000a1f968b_7.jpg,4,1
anger,http://cs.rochester.edu/u/qyou/Ins/Imgs/anger/1460eff8f9f611e2a25d22000a9e5e2e_7.jpg,3,2
anger,http://cs.rochester.edu/u/qyou/Ins/Imgs/anger/1209495_570810822998515_503917289_n.jpg,4,1
anger,http://cs.rochester.edu/u/qyou/Ins/Imgs/anger/c9721e44e77c11e2b8cc22000a1d2017_7.jpg,5,0
anger,http://cs.rochester.edu/u/qyou/Ins/Imgs/anger/cdfd07f63c6b11e2b59422000a9f13f8_7.jpg,4,1
anger,http://cs.rochester.edu/u/qyou/Ins/Imgs/anger/1971493_809175852461328_24711124_n.jpg,5,0
anger,http://cs.rochester.edu/u/qyou/Ins/Imgs/anger/10848190_311113892429168_1217854687_n.jpg,5,0
anger,http://cs.rochester.edu/u/qyou/Ins/Imgs/anger/1597354_686405771399504_685641863_n.jpg,5,0
anger,http://cs.rochester.edu/u/qyou/Ins/Imgs/anger/5d6a33829f3b11e28a1a22000aa81ffa_7.jpg,5,0
anger,http://cs.rochester.edu/u/qyou/Ins/Imgs/anger/924393_1423199417963709_1392612137_n.jpg,3,2
anger,http://cs.rochester.edu/u/qyou/Ins/Imgs/anger/9896f970b3b911e3951d1220261db2a0_8.jpg,5,0
anger,http://cs.rochester.edu/u/qyou/Ins/Imgs/anger/928335_495068103970957_1808242479_n.jpg,5,0
anger,http://cs.rochester.edu/u/qyou/Ins/Imgs/anger/61e83676b90211e29ae122000a1f9a03_7.jpg,5,0
anger,http://cs.rochester.edu/u/qyou/Ins/Imgs/anger/10932222_1613500958880318_1526767810_n.jpg,5,0
anger,http://cs.rochester.edu/u/qyou/Ins/Imgs/anger/310c91cad56611e2ae8022000a1fc41a_7.jpg,5,0
anger,http://cs.rochester.edu/u/qyou/Ins/Imgs/anger/4b44352c55fd11e2b2f422000a9f1255_7.jpg,0,5
anger,http://cs.rochester.edu/u/qyou/Ins/Imgs/anger/c8d02ce6fd9a11e1aee522000a1e8a5f_7.jpg,4,1
anger,http://cs.rochester.edu/u/qyou/Ins/Imgs/anger/f54fae881f2511e3ab9022000a9f14bb_7.jpg,3,2
anger,http://cs.rochester.edu/u/qyou/Ins/Imgs/anger/48a8ef9983d246228a6bd5a7641321c1_7.jpg,4,1
anger,http://cs.rochester.edu/u/qyou/Ins/Imgs/anger/10832083_1498048307149895_1438443415_n.jpg,5,0
anger,http://cs.rochester.edu/u/qyou/Ins/Imgs/anger/ccb50f962aa511e3a0c022000a1f918d_7.jpg,4,1
anger,http://cs.rochester.edu/u/qyou/Ins/Imgs/anger/7eb7cea2184d11e2918122000a9f0a12_7.jpg,4,1
anger,http://cs.rochester.edu/u/qyou/Ins/Imgs/anger/1971557_642373045810561_303963466_n.jpg,4,1
anger,http://cs.rochester.edu/u/qyou/Ins/Imgs/anger/4aa23b3643ca11e2900e22000a1f96c7_7.jpg,3,2
anger,http://cs.rochester.edu/u/qyou/Ins/Imgs/anger/a60773bcf8c711e2826f22000a9f13e9_7.jpg,5,0
anger,http://cs.rochester.edu/u/qyou/Ins/Imgs/anger/10838401_852689634795155_1587787332_n.jpg,3,2
anger,http://cs.rochester.edu/u/qyou/Ins/Imgs/anger/10963763_326939520843410_1973538737_n.jpg,3,2
anger,http://cs.rochester.edu/u/qyou/Ins/Imgs/anger/929275_219831998215380_2127186366_n.jpg,2,3
anger,http://cs.rochester.edu/u/qyou/Ins/Imgs/anger/915580_1473569166220917_1605201140_n.jpg,5,0
anger,http://cs.rochester.edu/u/qyou/Ins/Imgs/anger/1169085_1382624895314180_1561768308_n.jpg,3,2
anger,http://cs.rochester.edu/u/qyou/Ins/Imgs/anger/5ef6d040bae111e2959322000a1f9d56_7.jpg,4,1
anger,http://cs.rochester.edu/u/qyou/Ins/Imgs/anger/81d30c3450a911e2a31922000a1fbcdc_7.jpg,1,4
anger,http://cs.rochester.edu/u/qyou/Ins/Imgs/anger/1516886_567005343385045_925147548_n.jpg,2,3
anger,http://cs.rochester.edu/u/qyou/Ins/Imgs/anger/1941237_208875409320950_586778980_n.jpg,4,1
anger,http://cs.rochester.edu/u/qyou/Ins/Imgs/anger/c1681fd21afd11e39ebd22000aaa21ed_7.jpg,2,3
anger,http://cs.rochester.edu/u/qyou/Ins/Imgs/anger/eba741f4213b11e28e7522000a1e8a6e_7.jpg,5,0
anger,http://cs.rochester.edu/u/qyou/Ins/Imgs/anger/1168416_176203449241279_477090661_n.jpg,5,0
anger,http://cs.rochester.edu/u/qyou/Ins/Imgs/anger/2c9e6b6a7fec11e28aa422000a1fbcf5_7.jpg,3,2
anger,http://cs.rochester.edu/u/qyou/Ins/Imgs/anger/4a7d826ea45911e38c8c12afb5ad8ea8_8.jpg,5,0
anger,http://cs.rochester.edu/u/qyou/Ins/Imgs/anger/10817819_309034202637575_326286763_n.jpg,3,2
anger,http://cs.rochester.edu/u/qyou/Ins/Imgs/anger/f4b8340838fe11e2b85022000a1f9e75_7.jpg,1,4
anger,http://cs.rochester.edu/u/qyou/Ins/Imgs/anger/1389785_1581873842034593_1157425202_n.jpg,5,0
anger,http://cs.rochester.edu/u/qyou/Ins/Imgs/anger/5a5bc6c6303e11e3b4bf22000aa80174_7.jpg,5,0
anger,http://cs.rochester.edu/u/qyou/Ins/Imgs/anger/10808426_957994720882240_1565365394_n.jpg,5,0
anger,http://cs.rochester.edu/u/qyou/Ins/Imgs/anger/70d09f40c91411e1a38422000a1c8933_7.jpg,5,0
anger,http://cs.rochester.edu/u/qyou/Ins/Imgs/anger/10948921_1033537216660338_1058168398_n.jpg,3,2
anger,http://cs.rochester.edu/u/qyou/Ins/Imgs/anger/90fe18f645f611e2a5bc22000a9e2899_7.jpg,1,4
anger,http://cs.rochester.edu/u/qyou/Ins/Imgs/anger/3bcb99d2adb411e29cbd22000a1fafdb_7.jpg,2,3
anger,http://cs.rochester.edu/u/qyou/Ins/Imgs/anger/b21472c8b1cc11e2a82422000a9e07ae_7.jpg,5,0
anger,http://cs.rochester.edu/u/qyou/Ins/Imgs/anger/8280b5a235c111e392fa22000ae80314_8.jpg,4,1
anger,http://cs.rochester.edu/u/qyou/Ins/Imgs/anger/f1a00380bdda11e1b10e123138105d6b_7.jpg,5,0
anger,http://cs.rochester.edu/u/qyou/Ins/Imgs/anger/e0add40e0b9411e3b46022000a1fb37a_7.jpg,4,1
anger,http://cs.rochester.edu/u/qyou/Ins/Imgs/anger/412bee98a30c11e2a3d522000a9f13e2_7.jpg,5,0
anger,http://cs.rochester.edu/u/qyou/Ins/Imgs/anger/47f745989d4d11e2895f22000a9e4895_7.jpg,1,4
anger,http://cs.rochester.edu/u/qyou/Ins/Imgs/anger/3b58276e5f7011e28a1722000a9f0a0c_7.jpg,3,2
anger,http://cs.rochester.edu/u/qyou/Ins/Imgs/anger/1168390_545224952229779_53735840_n.jpg,5,0
anger,http://cs.rochester.edu/u/qyou/Ins/Imgs/anger/27a41d1ee03e11e2b66f22000aa81a39_7.jpg,1,4
anger,http://cs.rochester.edu/u/qyou/Ins/Imgs/anger/1169177_216987655139803_520660514_n.jpg,4,1
anger,http://cs.rochester.edu/u/qyou/Ins/Imgs/anger/59126aa4afa511e3b6ae126729aeea67_8.jpg,5,0
anger,http://cs.rochester.edu/u/qyou/Ins/Imgs/anger/dc45e18e893c11e2880f22000a1f9ca7_7.jpg,5,0
anger,http://cs.rochester.edu/u/qyou/Ins/Imgs/anger/4d074514f85711e2855722000aa800e1_7.jpg,5,0
anger,http://cs.rochester.edu/u/qyou/Ins/Imgs/anger/bdfe73a8f72d11e2ae2622000a1fb7e1_7.jpg,3,2
anger,http://cs.rochester.edu/u/qyou/Ins/Imgs/anger/10914399_794737540606953_1177859810_n.jpg,5,0
anger,http://cs.rochester.edu/u/qyou/Ins/Imgs/anger/10890613_1599346400298070_866697725_n.jpg,4,1
anger,http://cs.rochester.edu/u/qyou/Ins/Imgs/anger/b222edd46b3111e3b6790ed017073d44_7.jpg,5,0
anger,http://cs.rochester.edu/u/qyou/Ins/Imgs/anger/d4e8606afd4011e297b922000a1fa527_7.jpg,1,4
anger,http://cs.rochester.edu/u/qyou/Ins/Imgs/anger/915436_392764147529653_1569909572_n.jpg,5,0
anger,http://cs.rochester.edu/u/qyou/Ins/Imgs/anger/73b2cc00d21a11e2999b22000a9f17f6_7.jpg,3,2
anger,http://cs.rochester.edu/u/qyou/Ins/Imgs/anger/b839c7eee80311e2b84422000a1fa53a_7.jpg,2,3
anger,http://cs.rochester.edu/u/qyou/Ins/Imgs/anger/72bb85726e6411e28c8722000a1f90f9_7.jpg,1,4
anger,http://cs.rochester.edu/u/qyou/Ins/Imgs/anger/927472_321102231408034_474344813_n.jpg,5,0
anger,http://cs.rochester.edu/u/qyou/Ins/Imgs/anger/73f8ba26b80311e192e91231381b3d7a_7.jpg,5,0
anger,http://cs.rochester.edu/u/qyou/Ins/Imgs/anger/10831811_598377466975279_424049470_n.jpg,3,2
anger,http://cs.rochester.edu/u/qyou/Ins/Imgs/anger/915671_529859200476580_1858083678_n.jpg,5,0
anger,http://cs.rochester.edu/u/qyou/Ins/Imgs/anger/10890606_340234989508458_457577635_n.jpg,5,0
anger,http://cs.rochester.edu/u/qyou/Ins/Imgs/anger/1889370_1386828384915694_818735226_n.jpg,3,2
anger,http://cs.rochester.edu/u/qyou/Ins/Imgs/anger/1209510_473940929391151_404133374_n.jpg,5,0
anger,http://cs.rochester.edu/u/qyou/Ins/Imgs/anger/d6bbdf84b86211e2ac9b22000a1fb864_7.jpg,4,1
anger,http://cs.rochester.edu/u/qyou/Ins/Imgs/anger/79d842ee2fae11e390e422000aeb0b4d_8.jpg,5,0
anger,http://cs.rochester.edu/u/qyou/Ins/Imgs/anger/10914465_645711398872367_2048529171_n.jpg,0,5
anger,http://cs.rochester.edu/u/qyou/Ins/Imgs/anger/ca5d939e171d11e3a8e322000a9f13d9_7.jpg,2,3
anger,http://cs.rochester.edu/u/qyou/Ins/Imgs/anger/76b5ae48e3b511e2b20722000a1f97fa_7.jpg,5,0
anger,http://cs.rochester.edu/u/qyou/Ins/Imgs/anger/cb9e1a7c5e9911e2902222000a1fa52b_7.jpg,5,0
anger,http://cs.rochester.edu/u/qyou/Ins/Imgs/anger/7fc5fff4c3fa11e2a7ec22000ae904db_7.jpg,4,1
anger,http://cs.rochester.edu/u/qyou/Ins/Imgs/anger/85a65210196411e398dd22000a9f3c77_7.jpg,5,0
anger,http://cs.rochester.edu/u/qyou/Ins/Imgs/anger/929196_940154369334878_122203806_n.jpg,5,0
anger,http://cs.rochester.edu/u/qyou/Ins/Imgs/anger/929100_1432866170298124_2127458924_n.jpg,4,1
anger,http://cs.rochester.edu/u/qyou/Ins/Imgs/anger/f2fa1ed462ab11e2a56722000a1f9d88_7.jpg,3,2
anger,http://cs.rochester.edu/u/qyou/Ins/Imgs/anger/efc4b346b35a11e2b2dc22000a9f14bd_7.jpg,3,2
anger,http://cs.rochester.edu/u/qyou/Ins/Imgs/anger/10838823_337767653069817_945555496_n.jpg,5,0
anger,http://cs.rochester.edu/u/qyou/Ins/Imgs/anger/5a4f943e68f511e2bd3c22000a1faf7b_7.jpg,5,0
anger,http://cs.rochester.edu/u/qyou/Ins/Imgs/anger/fb6979f8875311e2a4cb22000a9e0859_7.jpg,5,0
