awe,http://cs.rochester.edu/u/qyou/Ins/Imgs/awe/10729346_1493840114203152_785997837_n.jpg,5,0
awe,http://cs.rochester.edu/u/qyou/Ins/Imgs/awe/10950544_767263660021807_923718963_n.jpg,5,0
awe,http://cs.rochester.edu/u/qyou/Ins/Imgs/awe/1516291_609917345723149_1009313708_n.jpg,2,3
awe,http://cs.rochester.edu/u/qyou/Ins/Imgs/awe/b0a7e688309611e3bb8a22000a1f97fc_7.jpg,2,3
awe,http://cs.rochester.edu/u/qyou/Ins/Imgs/awe/d5eed826f90911e29b0e22000a9f12cb_7.jpg,4,1
awe,http://cs.rochester.edu/u/qyou/Ins/Imgs/awe/c61d4e4629e311e2a1bd22000a1cdb8c_7.jpg,4,1
awe,http://cs.rochester.edu/u/qyou/Ins/Imgs/awe/10299857_667800016590697_313317535_n.jpg,0,4
awe,http://cs.rochester.edu/u/qyou/Ins/Imgs/awe/ebfa63980b4211e2958512313d149824_7.jpg,4,1
awe,http://cs.rochester.edu/u/qyou/Ins/Imgs/awe/b78b1a8008d511e3b07922000a1fbd9b_7.jpg,2,3
awe,http://cs.rochester.edu/u/qyou/Ins/Imgs/awe/10584530_728176780588331_89654462_n.jpg,5,0
awe,http://cs.rochester.edu/u/qyou/Ins/Imgs/awe/dbb33422270911e3ac4722000a9f393d_8.jpg,5,0
awe,http://cs.rochester.edu/u/qyou/Ins/Imgs/awe/10401709_654392817972424_1935860360_n.jpg,5,0
awe,http://cs.rochester.edu/u/qyou/Ins/Imgs/awe/c9c7db0028d111e2837022000a1fa4bb_7.jpg,5,0
awe,http://cs.rochester.edu/u/qyou/Ins/Imgs/awe/e25715a4bff011e1a8761231381b4856_7.jpg,4,1
awe,http://cs.rochester.edu/u/qyou/Ins/Imgs/awe/c007693aa5e611e3b4f212fe7764450a_8.jpg,4,1
awe,http://cs.rochester.edu/u/qyou/Ins/Imgs/awe/1168420_500238956749746_1604720120_n.jpg,5,0
awe,http://cs.rochester.edu/u/qyou/Ins/Imgs/awe/f1687280136511e3a7f322000a1f9a55_7.jpg,4,1
awe,http://cs.rochester.edu/u/qyou/Ins/Imgs/awe/cdc39f1aaaf711e3b6d912b127022f30_8.jpg,5,0
awe,http://cs.rochester.edu/u/qyou/Ins/Imgs/awe/10706996_1465254633764287_563740944_n.jpg,4,1
awe,http://cs.rochester.edu/u/qyou/Ins/Imgs/awe/fd10b8e80a6111e3a15322000aa80445_7.jpg,4,1
awe,http://cs.rochester.edu/u/qyou/Ins/Imgs/awe/f5d99de69fd211e29cee22000aa803c7_7.jpg,4,1
awe,http://cs.rochester.edu/u/qyou/Ins/Imgs/awe/1516474_282301028588399_224330810_n.jpg,5,0
awe,http://cs.rochester.edu/u/qyou/Ins/Imgs/awe/0845b5e2a51411e1a92a1231381b6f02_7.jpg,5,0
awe,http://cs.rochester.edu/u/qyou/Ins/Imgs/awe/928535_713354275370518_341881358_n.jpg,3,2
awe,http://cs.rochester.edu/u/qyou/Ins/Imgs/awe/112bc2045efb11e2892d22000a1fb72b_7.jpg,5,0
awe,http://cs.rochester.edu/u/qyou/Ins/Imgs/awe/dde0e40e002911e28a2e22000a1ea02d_7.jpg,5,0
awe,http://cs.rochester.edu/u/qyou/Ins/Imgs/awe/10375813_249786995226361_876514146_n.jpg,4,1
awe,http://cs.rochester.edu/u/qyou/Ins/Imgs/awe/10424635_316469235184628_1175738871_n.jpg,4,1
awe,http://cs.rochester.edu/u/qyou/Ins/Imgs/awe/10413245_1458166044429935_776011800_n.jpg,3,2
awe,http://cs.rochester.edu/u/qyou/Ins/Imgs/awe/1941208_214516822080205_415964199_n.jpg,5,0
awe,http://cs.rochester.edu/u/qyou/Ins/Imgs/awe/1689478_287643161388101_2093866235_n.jpg,5,0
awe,http://cs.rochester.edu/u/qyou/Ins/Imgs/awe/926446_374320152711250_491369405_n.jpg,5,0
awe,http://cs.rochester.edu/u/qyou/Ins/Imgs/awe/dec2657e02da11e294471231380ff9db_7.jpg,3,2
awe,http://cs.rochester.edu/u/qyou/Ins/Imgs/awe/0bff3a5eea4d11e1b60722000a1e952e_7.jpg,1,4
awe,http://cs.rochester.edu/u/qyou/Ins/Imgs/awe/1d215a9cc0b711e2a45222000a9e06f4_7.jpg,5,0
awe,http://cs.rochester.edu/u/qyou/Ins/Imgs/awe/10838518_573149516153039_313873280_n.jpg,3,2
awe,http://cs.rochester.edu/u/qyou/Ins/Imgs/awe/12d8c646338b11e3af2822000ab6843e_8.jpg,4,1
awe,http://cs.rochester.edu/u/qyou/Ins/Imgs/awe/10808946_1560236884207620_587592163_n.jpg,4,1
awe,http://cs.rochester.edu/u/qyou/Ins/Imgs/awe/11005188_905618536125508_1419411618_n.jpg,2,3
awe,http://cs.rochester.edu/u/qyou/Ins/Imgs/awe/10838390_370742289763882_1204753847_n.jpg,5,0
awe,http://cs.rochester.edu/u/qyou/Ins/Imgs/awe/10832206_322688844583416_1234702259_n.jpg,5,0
awe,http://cs.rochester.edu/u/qyou/Ins/Imgs/awe/1389007_453334211454884_579459152_n.jpg,3,2
awe,http://cs.rochester.edu/u/qyou/Ins/Imgs/awe/928472_1378265832443797_1231009964_n.jpg,3,2
awe,http://cs.rochester.edu/u/qyou/Ins/Imgs/awe/a2e020661a4311e2b8f122000a1f9345_7.jpg,5,0
awe,http://cs.rochester.edu/u/qyou/Ins/Imgs/awe/10724727_1542628315983567_42913319_n.jpg,5,0
awe,http://cs.rochester.edu/u/qyou/Ins/Imgs/awe/ff8954b0460b11e2914322000a1f984e_7.jpg,5,0
awe,http://cs.rochester.edu/u/qyou/Ins/Imgs/awe/1390177_630513676986714_71301868_n.jpg,5,0
awe,http://cs.rochester.edu/u/qyou/Ins/Imgs/awe/1390404_384599951677533_1035322893_n.jpg,4,1
awe,http://cs.rochester.edu/u/qyou/Ins/Imgs/awe/10914118_883932584961289_2022502963_n.jpg,5,0
awe,http://cs.rochester.edu/u/qyou/Ins/Imgs/awe/fc3f576281f411e2bba622000a1fbc9c_7.jpg,5,0
awe,http://cs.rochester.edu/u/qyou/Ins/Imgs/awe/a7328d82b83811e2974122000a9e2969_7.jpg,4,1
awe,http://cs.rochester.edu/u/qyou/Ins/Imgs/awe/1922240_1420951008144814_11572008_n.jpg,5,0
awe,http://cs.rochester.edu/u/qyou/Ins/Imgs/awe/10387963_1414860118794067_252052833_n.jpg,4,1
awe,http://cs.rochester.edu/u/qyou/Ins/Imgs/awe/10388048_1386084231645002_752815057_n.jpg,5,0
awe,http://cs.rochester.edu/u/qyou/Ins/Imgs/awe/cd2b67ba34fd11e3ab7e22000ae912c7_8.jpg,3,2
awe,http://cs.rochester.edu/u/qyou/Ins/Imgs/awe/e6a11902127411e3aac622000a9f04c6_7.jpg,4,1
awe,http://cs.rochester.edu/u/qyou/Ins/Imgs/awe/d27795228fe411e29d0322000a1f97e3_7.jpg,5,0
awe,http://cs.rochester.edu/u/qyou/Ins/Imgs/awe/ae766ebc8c3011e2b4ea22000a1fbdb0_7.jpg,1,4
awe,http://cs.rochester.edu/u/qyou/Ins/Imgs/awe/1169285_1414936152103253_1770157627_n.jpg,5,0
awe,http://cs.rochester.edu/u/qyou/Ins/Imgs/awe/f2bbfb88c52e11e19c6622000a1e89ba_7.jpg,4,1
awe,http://cs.rochester.edu/u/qyou/Ins/Imgs/awe/b95771f615b011e2974222000a1cf75b_7.jpg,5,0
awe,http://cs.rochester.edu/u/qyou/Ins/Imgs/awe/11008075_341998226008572_1755302662_n.jpg,4,1
awe,http://cs.rochester.edu/u/qyou/Ins/Imgs/awe/10706753_1497768283816919_1687825510_n.jpg,1,4
awe,http://cs.rochester.edu/u/qyou/Ins/Imgs/awe/10831975_621543101307563_931012390_n.jpg,4,1
awe,http://cs.rochester.edu/u/qyou/Ins/Imgs/awe/10755716_315554245314518_1143357438_n.jpg,5,0
awe,http://cs.rochester.edu/u/qyou/Ins/Imgs/awe/02761ab2d12311e2bc3b22000ae80efa_7.jpg,4,1
awe,http://cs.rochester.edu/u/qyou/Ins/Imgs/awe/96fc437e1f0711e2ac3122000a1fb77a_7.jpg,4,1
awe,http://cs.rochester.edu/u/qyou/Ins/Imgs/awe/1c886c6c1a0c11e2baac22000a1f975b_7.jpg,4,1
awe,http://cs.rochester.edu/u/qyou/Ins/Imgs/awe/b97a08303a6b11e2af5a22000a9f18fb_7.jpg,1,4
awe,http://cs.rochester.edu/u/qyou/Ins/Imgs/awe/d4557180b31611e1a39b1231381b7ba1_7.jpg,3,2
awe,http://cs.rochester.edu/u/qyou/Ins/Imgs/awe/9733d2fe3d7e11e289de22000a9f1406_7.jpg,4,1
awe,http://cs.rochester.edu/u/qyou/Ins/Imgs/awe/1530713_271183259719606_68483783_n.jpg,2,3
awe,http://cs.rochester.edu/u/qyou/Ins/Imgs/awe/1ad77886969411e2b74e22000a9e07d7_7.jpg,4,1
awe,http://cs.rochester.edu/u/qyou/Ins/Imgs/awe/1d40b1ae43b111e2af7e22000a1f8ae5_7.jpg,4,1
awe,http://cs.rochester.edu/u/qyou/Ins/Imgs/awe/9672925a44b411e2b62322000a9f12da_7.jpg,5,0
awe,http://cs.rochester.edu/u/qyou/Ins/Imgs/awe/10598414_1530023000545025_2003812431_n.jpg,4,1
awe,http://cs.rochester.edu/u/qyou/Ins/Imgs/awe/0cad98ee21a911e3902222000a1fa52b_7.jpg,5,0
awe,http://cs.rochester.edu/u/qyou/Ins/Imgs/awe/ef5af6ca740511e287f422000a1f9afa_7.jpg,4,1
awe,http://cs.rochester.edu/u/qyou/Ins/Imgs/awe/10914677_1789305987960195_846389716_n.jpg,5,0
awe,http://cs.rochester.edu/u/qyou/Ins/Imgs/awe/10693456_1489000311349905_1679314335_n.jpg,5,0
awe,http://cs.rochester.edu/u/qyou/Ins/Imgs/awe/10986147_1075624859148681_1517927805_n.jpg,0,5
awe,http://cs.rochester.edu/u/qyou/Ins/Imgs/awe/10011521_641055242632902_2080119496_n.jpg,4,1
awe,http://cs.rochester.edu/u/qyou/Ins/Imgs/awe/10899471_453416638130276_1736995744_n.jpg,5,0
awe,http://cs.rochester.edu/u/qyou/Ins/Imgs/awe/10547337_1485490985070764_824252132_n.jpg,5,0
awe,http://cs.rochester.edu/u/qyou/Ins/Imgs/awe/10732029_569410416522759_1490607604_n.jpg,4,1
awe,http://cs.rochester.edu/u/qyou/Ins/Imgs/awe/10540260_357480597733034_1501479061_n.jpg,5,0
awe,http://cs.rochester.edu/u/qyou/Ins/Imgs/awe/928747_402052903292995_1988851371_n.jpg,4,1
awe,http://cs.rochester.edu/u/qyou/Ins/Imgs/awe/efe2f992381011e3be6322000a1f922f_8.jpg,5,0
awe,http://cs.rochester.edu/u/qyou/Ins/Imgs/awe/1171836_411710858929192_1803275117_n.jpg,5,0
awe,http://cs.rochester.edu/u/qyou/Ins/Imgs/awe/10727810_592827360846051_738319186_n.jpg,3,2
awe,http://cs.rochester.edu/u/qyou/Ins/Imgs/awe/aedd2970c80611e1bf341231380f8a12_7.jpg,3,2
awe,http://cs.rochester.edu/u/qyou/Ins/Imgs/awe/927147_1457371097876891_430127731_n.jpg,4,1
awe,http://cs.rochester.edu/u/qyou/Ins/Imgs/awe/131abbe67fe011e282a322000a1f9709_7.jpg,4,1
awe,http://cs.rochester.edu/u/qyou/Ins/Imgs/awe/10727262_1477267312561322_1556301424_n.jpg,4,1
awe,http://cs.rochester.edu/u/qyou/Ins/Imgs/awe/10249099_1483397615212130_395495808_n.jpg,3,2
awe,http://cs.rochester.edu/u/qyou/Ins/Imgs/awe/b384aa428e5911e2af5a22000a9f18fb_7.jpg,2,3
awe,http://cs.rochester.edu/u/qyou/Ins/Imgs/awe/10661179_710768505667666_1900198744_n.jpg,5,0
awe,http://cs.rochester.edu/u/qyou/Ins/Imgs/awe/10413838_426105870859659_2043530214_n.jpg,5,0
awe,http://cs.rochester.edu/u/qyou/Ins/Imgs/awe/1173000_371747649635812_1453410604_n.jpg,5,0
awe,http://cs.rochester.edu/u/qyou/Ins/Imgs/awe/10413904_699781196755720_2058356316_n.jpg,4,1
awe,http://cs.rochester.edu/u/qyou/Ins/Imgs/awe/bb66118cfa5311e192a722000a1e8b14_7.jpg,3,2
awe,http://cs.rochester.edu/u/qyou/Ins/Imgs/awe/defb344cac8711e28b3822000a9f15fd_7.jpg,5,0
awe,http://cs.rochester.edu/u/qyou/Ins/Imgs/awe/97af1b58293c11e395ed22000a1fc78a_7.jpg,4,1
awe,http://cs.rochester.edu/u/qyou/Ins/Imgs/awe/10724014_361398710689054_21910407_n.jpg,3,2
awe,http://cs.rochester.edu/u/qyou/Ins/Imgs/awe/a80bd90aa77911e1bf341231380f8a12_7.jpg,1,4
awe,http://cs.rochester.edu/u/qyou/Ins/Imgs/awe/cb42a1161d5111e3b1a412313926b4d0_7.jpg,4,1
awe,http://cs.rochester.edu/u/qyou/Ins/Imgs/awe/1172565_245871548932927_518189190_n.jpg,5,0
awe,http://cs.rochester.edu/u/qyou/Ins/Imgs/awe/1389448_1424920164388318_1033754215_n.jpg,5,0
awe,http://cs.rochester.edu/u/qyou/Ins/Imgs/awe/1171732_1416690781898352_429286786_n.jpg,4,1
awe,http://cs.rochester.edu/u/qyou/Ins/Imgs/awe/d359b314fba311e28b8022000aaa0a1f_7.jpg,4,1
awe,http://cs.rochester.edu/u/qyou/Ins/Imgs/awe/1e0f29ead1c811e1b57c22000a1e89b2_7.jpg,5,0
awe,http://cs.rochester.edu/u/qyou/Ins/Imgs/awe/9d57daea0ea211e3995622000a1f9812_7.jpg,5,0
awe,http://cs.rochester.edu/u/qyou/Ins/Imgs/awe/1741768_275841005904948_510056243_n.jpg,2,3
awe,http://cs.rochester.edu/u/qyou/Ins/Imgs/awe/03d75b1a079611e3b2d322000a1fb8fa_7.jpg,5,0
awe,http://cs.rochester.edu/u/qyou/Ins/Imgs/awe/c7673c9eb61f11e299e522000a9e28c4_7.jpg,2,3
awe,http://cs.rochester.edu/u/qyou/Ins/Imgs/awe/10354425_300055960158221_2102444641_n.jpg,5,0
awe,http://cs.rochester.edu/u/qyou/Ins/Imgs/awe/10608129_1609471719280858_1297667563_n.jpg,3,2
awe,http://cs.rochester.edu/u/qyou/Ins/Imgs/awe/231d9b1ee0ff11e2b41022000a9f1899_7.jpg,4,1
awe,http://cs.rochester.edu/u/qyou/Ins/Imgs/awe/1689327_1397139657215072_61277497_n.jpg,4,1
awe,http://cs.rochester.edu/u/qyou/Ins/Imgs/awe/dbf257faadde11e29c4c22000a9e0896_7.jpg,4,1
awe,http://cs.rochester.edu/u/qyou/Ins/Imgs/awe/04c3ac5eedd411e1aeda22000a1d0343_7.jpg,4,1
awe,http://cs.rochester.edu/u/qyou/Ins/Imgs/awe/1171703_559850144112031_2045402755_n.jpg,4,1
awe,http://cs.rochester.edu/u/qyou/Ins/Imgs/awe/b3ae4886b5da11e2980e22000ae90a1f_7.jpg,5,0
awe,http://cs.rochester.edu/u/qyou/Ins/Imgs/awe/ab06eeea56c111e2ab6822000a1fb191_7.jpg,3,2
awe,http://cs.rochester.edu/u/qyou/Ins/Imgs/awe/10787887_318625901673071_1447177754_n.jpg,5,0
awe,http://cs.rochester.edu/u/qyou/Ins/Imgs/awe/10584722_732655043460934_2001400326_n.jpg,4,1
awe,http://cs.rochester.edu/u/qyou/Ins/Imgs/awe/10802629_848078985236280_808987495_n.jpg,2,3
awe,http://cs.rochester.edu/u/qyou/Ins/Imgs/awe/dfe84d3624a611e2986c12313813fc91_7.jpg,4,1
awe,http://cs.rochester.edu/u/qyou/Ins/Imgs/awe/c1ce97c0333b11e3954322000a9f134e_7.jpg,5,0
awe,http://cs.rochester.edu/u/qyou/Ins/Imgs/awe/1390364_528996107190183_576068529_n.jpg,5,0
awe,http://cs.rochester.edu/u/qyou/Ins/Imgs/awe/1517268_443743645727427_1784815478_n.jpg,5,0
awe,http://cs.rochester.edu/u/qyou/Ins/Imgs/awe/10838659_1524604547807648_1300715333_n.jpg,5,0
awe,http://cs.rochester.edu/u/qyou/Ins/Imgs/awe/9883685097e111e2813a22000a1fb833_7.jpg,5,0
awe,http://cs.rochester.edu/u/qyou/Ins/Imgs/awe/067012da914011e2aeda22000a1f973b_7.jpg,5,0
awe,http://cs.rochester.edu/u/qyou/Ins/Imgs/awe/1170536_1423164521247070_1410216866_n.jpg,5,0
awe,http://cs.rochester.edu/u/qyou/Ins/Imgs/awe/928999_1429170677301470_904309649_n.jpg,4,1
awe,http://cs.rochester.edu/u/qyou/Ins/Imgs/awe/1515434_241263946046853_388662546_n.jpg,0,5
awe,http://cs.rochester.edu/u/qyou/Ins/Imgs/awe/1527564_548053148624890_471836027_n.jpg,4,1
awe,http://cs.rochester.edu/u/qyou/Ins/Imgs/awe/1208424_422849121170774_987540603_n.jpg,5,0
awe,http://cs.rochester.edu/u/qyou/Ins/Imgs/awe/10914163_807607385998972_1235701190_n.jpg,4,1
awe,http://cs.rochester.edu/u/qyou/Ins/Imgs/awe/1963172_1471672279731379_1245249937_n.jpg,5,0
awe,http://cs.rochester.edu/u/qyou/Ins/Imgs/awe/10507923_402396596565663_774942704_n.jpg,5,0
awe,http://cs.rochester.edu/u/qyou/Ins/Imgs/awe/cec5855ab3fe11e18bb812313804a181_7.jpg,4,1
awe,http://cs.rochester.edu/u/qyou/Ins/Imgs/awe/a1e7721a612711e2a3ff22000a1fb762_7.jpg,5,0
awe,http://cs.rochester.edu/u/qyou/Ins/Imgs/awe/1515547_590907887648087_920456598_n.jpg,5,0
awe,http://cs.rochester.edu/u/qyou/Ins/Imgs/awe/10251386_707382722636516_516178177_n.jpg,4,1
awe,http://cs.rochester.edu/u/qyou/Ins/Imgs/awe/1743048_189204274622490_1650405472_n.jpg,4,1
awe,http://cs.rochester.edu/u/qyou/Ins/Imgs/awe/e6ddf074ba8211e2999b22000a9f17f6_7.jpg,0,5
awe,http://cs.rochester.edu/u/qyou/Ins/Imgs/awe/10727458_1550362605197638_868643068_n.jpg,2,3
awe,http://cs.rochester.edu/u/qyou/Ins/Imgs/awe/255ba546c27411e2bc3b22000ae80efa_7.jpg,3,2
awe,http://cs.rochester.edu/u/qyou/Ins/Imgs/awe/10809726_306339622895678_306598589_n.jpg,5,0
awe,http://cs.rochester.edu/u/qyou/Ins/Imgs/awe/10525543_706401236062121_359430918_n.jpg,0,5
awe,http://cs.rochester.edu/u/qyou/Ins/Imgs/awe/10994997_778057392285757_1399725867_n.jpg,4,1
awe,http://cs.rochester.edu/u/qyou/Ins/Imgs/awe/1515765_191346291058308_1333058655_n.jpg,5,0
awe,http://cs.rochester.edu/u/qyou/Ins/Imgs/awe/c47fc8394be44a5abb32b8f9c8ce6f22_7.jpg,4,1
awe,http://cs.rochester.edu/u/qyou/Ins/Imgs/awe/10683818_1554276648140824_1184281489_n.jpg,4,1
awe,http://cs.rochester.edu/u/qyou/Ins/Imgs/awe/10507848_621330751299059_369102692_n.jpg,5,0
awe,http://cs.rochester.edu/u/qyou/Ins/Imgs/awe/0c8e57fc61c111e2930d22000a9f12ad_7.jpg,5,0
awe,http://cs.rochester.edu/u/qyou/Ins/Imgs/awe/10369369_244856809042883_546322557_n.jpg,4,1
awe,http://cs.rochester.edu/u/qyou/Ins/Imgs/awe/98b6feacf0f811e29a1a22000ae80024_7.jpg,2,3
awe,http://cs.rochester.edu/u/qyou/Ins/Imgs/awe/0c93f3c6252811e3a47b22000a1f99e6_7.jpg,4,1
awe,http://cs.rochester.edu/u/qyou/Ins/Imgs/awe/a8cc16bcfa5b11e2baac22000a1fbda6_7.jpg,5,0
awe,http://cs.rochester.edu/u/qyou/Ins/Imgs/awe/a4750908fa6411e293e422000aaa09ed_7.jpg,5,0
awe,http://cs.rochester.edu/u/qyou/Ins/Imgs/awe/d6bd2a7492ab11e2ac9b22000a1fb864_7.jpg,5,0
awe,http://cs.rochester.edu/u/qyou/Ins/Imgs/awe/10838404_689712994480830_1598450533_n.jpg,4,1
awe,http://cs.rochester.edu/u/qyou/Ins/Imgs/awe/928431_386230301517418_323223865_n.jpg,5,0
awe,http://cs.rochester.edu/u/qyou/Ins/Imgs/awe/10990558_1383360911979849_434114402_n.jpg,5,0
awe,http://cs.rochester.edu/u/qyou/Ins/Imgs/awe/11005163_1627975150755649_1193947893_n.jpg,4,1
awe,http://cs.rochester.edu/u/qyou/Ins/Imgs/awe/10727734_634736223302156_633279057_n.jpg,5,0
awe,http://cs.rochester.edu/u/qyou/Ins/Imgs/awe/fce3aa1cac8511e3ad5e12b4d7054647_8.jpg,5,0
awe,http://cs.rochester.edu/u/qyou/Ins/Imgs/awe/1169940_1437071333188140_1005152274_n.jpg,5,0
awe,http://cs.rochester.edu/u/qyou/Ins/Imgs/awe/06c7888c886511e28ddc22000a9f15db_7.jpg,0,5
awe,http://cs.rochester.edu/u/qyou/Ins/Imgs/awe/9371cc1aa62411e39963120fa72a09c2_8.jpg,3,2
awe,http://cs.rochester.edu/u/qyou/Ins/Imgs/awe/10817666_764454493630469_1131292678_n.jpg,0,5
awe,http://cs.rochester.edu/u/qyou/Ins/Imgs/awe/e99f9532d49b11e2819322000a1faa24_7.jpg,5,0
awe,http://cs.rochester.edu/u/qyou/Ins/Imgs/awe/10598589_707738139305134_961736894_n.jpg,4,1
awe,http://cs.rochester.edu/u/qyou/Ins/Imgs/awe/10729360_1556593897908640_1432304196_n.jpg,5,0
awe,http://cs.rochester.edu/u/qyou/Ins/Imgs/awe/028f0d360ffa11e39ade22000a1f9bd0_7.jpg,5,0
awe,http://cs.rochester.edu/u/qyou/Ins/Imgs/awe/9f07f97cbc9211e29dc322000a1f9c8f_7.jpg,5,0
awe,http://cs.rochester.edu/u/qyou/Ins/Imgs/awe/1169974_1389183374661529_1537902448_n.jpg,4,1
awe,http://cs.rochester.edu/u/qyou/Ins/Imgs/awe/e387e2ec44ba11e2a50222000a1fb870_7.jpg,5,0
awe,http://cs.rochester.edu/u/qyou/Ins/Imgs/awe/10513933_712065962192416_546539399_n.jpg,5,0
awe,http://cs.rochester.edu/u/qyou/Ins/Imgs/awe/cae3ebfa265111e2998822000a1fbc5d_7.jpg,5,0
awe,http://cs.rochester.edu/u/qyou/Ins/Imgs/awe/1922440_358344414332223_107333585_n.jpg,4,1
awe,http://cs.rochester.edu/u/qyou/Ins/Imgs/awe/10598685_616365491814454_1704355746_n.jpg,5,0
awe,http://cs.rochester.edu/u/qyou/Ins/Imgs/awe/1389800_159926294217592_937574767_n.jpg,4,1
awe,http://cs.rochester.edu/u/qyou/Ins/Imgs/awe/1538536_597422170307095_118883008_n.jpg,4,1
awe,http://cs.rochester.edu/u/qyou/Ins/Imgs/awe/11008095_343145102549233_1002647724_n.jpg,1,4
awe,http://cs.rochester.edu/u/qyou/Ins/Imgs/awe/929082_218038838406863_38683666_n.jpg,3,2
awe,http://cs.rochester.edu/u/qyou/Ins/Imgs/awe/10919758_906676142684715_507850202_n.jpg,3,2
awe,http://cs.rochester.edu/u/qyou/Ins/Imgs/awe/1168427_549130375161467_1905834188_n.jpg,4,1
awe,http://cs.rochester.edu/u/qyou/Ins/Imgs/awe/10004306_607320122670655_1772736138_n.jpg,5,0
awe,http://cs.rochester.edu/u/qyou/Ins/Imgs/awe/10598282_910062715673736_662894553_n.jpg,4,1
awe,http://cs.rochester.edu/u/qyou/Ins/Imgs/awe/10838764_818538314855771_1730103429_n.jpg,4,1
awe,http://cs.rochester.edu/u/qyou/Ins/Imgs/awe/1389978_591068467621448_310062976_n.jpg,5,0
awe,http://cs.rochester.edu/u/qyou/Ins/Imgs/awe/10802494_311155065753225_450555988_n.jpg,4,1
awe,http://cs.rochester.edu/u/qyou/Ins/Imgs/awe/10448855_678725678870399_666360741_n.jpg,4,1
awe,http://cs.rochester.edu/u/qyou/Ins/Imgs/awe/10537954_819736561392705_1789317897_n.jpg,4,1
awe,http://cs.rochester.edu/u/qyou/Ins/Imgs/awe/e2985804c21d11e28b3722000a1f99d9_7.jpg,5,0
awe,http://cs.rochester.edu/u/qyou/Ins/Imgs/awe/10831723_735983633158870_775196559_n.jpg,5,0
awe,http://cs.rochester.edu/u/qyou/Ins/Imgs/awe/dd05d23c742f11e18bb812313804a181_7.jpg,4,1
awe,http://cs.rochester.edu/u/qyou/Ins/Imgs/awe/1530840_881828721880397_829111526_n.jpg,4,1
awe,http://cs.rochester.edu/u/qyou/Ins/Imgs/awe/ca98f6827b0011e2b22b22000a1f96e2_7.jpg,5,0
awe,http://cs.rochester.edu/u/qyou/Ins/Imgs/awe/10731634_486384541504461_1771920315_n.jpg,5,0
awe,http://cs.rochester.edu/u/qyou/Ins/Imgs/awe/10296963_635517663198868_1563379077_n.jpg,3,2
awe,http://cs.rochester.edu/u/qyou/Ins/Imgs/awe/e502e444fee311e2965422000a9f1599_7.jpg,0,5
awe,http://cs.rochester.edu/u/qyou/Ins/Imgs/awe/1168759_308600212616374_2005953145_n.jpg,5,0
awe,http://cs.rochester.edu/u/qyou/Ins/Imgs/awe/1599633_1436307906659885_1204184118_n.jpg,5,0
awe,http://cs.rochester.edu/u/qyou/Ins/Imgs/awe/1724732_1437311473170478_591589262_n.jpg,5,0
awe,http://cs.rochester.edu/u/qyou/Ins/Imgs/awe/1889248_459366230830967_566329733_n.jpg,5,0
awe,http://cs.rochester.edu/u/qyou/Ins/Imgs/awe/10617168_1542898879261539_845605252_n.jpg,2,3
awe,http://cs.rochester.edu/u/qyou/Ins/Imgs/awe/1171851_1436015523292272_1014610237_n.jpg,0,5
awe,http://cs.rochester.edu/u/qyou/Ins/Imgs/awe/94058e76abda11e386c1122c38b2d630_8.jpg,4,1
awe,http://cs.rochester.edu/u/qyou/Ins/Imgs/awe/9f5803fab0c511e2a52322000a9e02f9_7.jpg,5,0
awe,http://cs.rochester.edu/u/qyou/Ins/Imgs/awe/10251294_782135325152370_662376431_n.jpg,3,2
awe,http://cs.rochester.edu/u/qyou/Ins/Imgs/awe/10724190_597823820329822_961372376_n.jpg,5,0
awe,http://cs.rochester.edu/u/qyou/Ins/Imgs/awe/1597850_585137031574335_286782292_n.jpg,4,1
awe,http://cs.rochester.edu/u/qyou/Ins/Imgs/awe/bd52ac5e4a7a11e2a7d422000a9e0846_7.jpg,3,2
awe,http://cs.rochester.edu/u/qyou/Ins/Imgs/awe/b9d250488d1911e2ab6822000a1fb191_7.jpg,3,2
awe,http://cs.rochester.edu/u/qyou/Ins/Imgs/awe/10011327_1432959173610479_2027033893_n.jpg,5,0
awe,http://cs.rochester.edu/u/qyou/Ins/Imgs/awe/18d49fb81bb511e3872722000a1fd26f_7.jpg,5,0
awe,http://cs.rochester.edu/u/qyou/Ins/Imgs/awe/ddcedadcad7711e3a7af125e731f345f_8.jpg,4,1
awe,http://cs.rochester.edu/u/qyou/Ins/Imgs/awe/10005244_718704004836524_1124164794_n.jpg,5,0
awe,http://cs.rochester.edu/u/qyou/Ins/Imgs/awe/10802530_346837958831490_535636114_n.jpg,5,0
awe,http://cs.rochester.edu/u/qyou/Ins/Imgs/awe/e9eb9ba0644b11e2b07922000a1fbd9b_7.jpg,4,1
awe,http://cs.rochester.edu/u/qyou/Ins/Imgs/awe/251579feca4e11e298a922000a1faffb_7.jpg,5,0
awe,http://cs.rochester.edu/u/qyou/Ins/Imgs/awe/c8c4349e216711e3ba0522000ae8030f_7.jpg,5,0
awe,http://cs.rochester.edu/u/qyou/Ins/Imgs/awe/0a31155c57c711e2957722000a1f9a39_7.jpg,5,0
awe,http://cs.rochester.edu/u/qyou/Ins/Imgs/awe/fe3b82b865b911e280ff22000a9e2923_7.jpg,4,1
awe,http://cs.rochester.edu/u/qyou/Ins/Imgs/awe/d5b5082adab011e2a27d22000a9f165c_7.jpg,2,3
awe,http://cs.rochester.edu/u/qyou/Ins/Imgs/awe/10899338_1064028116956355_1490466261_n.jpg,2,3
awe,http://cs.rochester.edu/u/qyou/Ins/Imgs/awe/1208447_447365368709348_1081092334_n.jpg,3,2
awe,http://cs.rochester.edu/u/qyou/Ins/Imgs/awe/099b71e27d3711e280a722000a9e28dc_7.jpg,5,0
awe,http://cs.rochester.edu/u/qyou/Ins/Imgs/awe/1963045_451919211608678_1501600336_n.jpg,5,0
awe,http://cs.rochester.edu/u/qyou/Ins/Imgs/awe/928630_777527685616661_298681568_n.jpg,5,0
awe,http://cs.rochester.edu/u/qyou/Ins/Imgs/awe/10843782_378581252323789_1522855179_n.jpg,5,0
awe,http://cs.rochester.edu/u/qyou/Ins/Imgs/awe/a1554c7a338911e3bccc22000a1f8cda_8.jpg,3,2
awe,http://cs.rochester.edu/u/qyou/Ins/Imgs/awe/ef9c9b3adee911e2828a22000a9f191e_7.jpg,5,0
awe,http://cs.rochester.edu/u/qyou/Ins/Imgs/awe/10881773_383840838456499_1193782330_n.jpg,0,5
awe,http://cs.rochester.edu/u/qyou/Ins/Imgs/awe/926852_1578089449077010_1508822806_n.jpg,5,0
awe,http://cs.rochester.edu/u/qyou/Ins/Imgs/awe/1171022_515049058593940_1888204843_n.jpg,4,1
awe,http://cs.rochester.edu/u/qyou/Ins/Imgs/awe/1516385_410249972438533_1980042313_n.jpg,5,0
awe,http://cs.rochester.edu/u/qyou/Ins/Imgs/awe/261e9ce6256a11e3a61522000aaa053e_7.jpg,3,2
awe,http://cs.rochester.edu/u/qyou/Ins/Imgs/awe/0c0772a4e0c011e29c4222000a9e071d_7.jpg,4,1
awe,http://cs.rochester.edu/u/qyou/Ins/Imgs/awe/10809815_1498354000418087_1034279594_n.jpg,1,4
awe,http://cs.rochester.edu/u/qyou/Ins/Imgs/awe/10831693_494249484049211_1857171871_n.jpg,5,0
awe,http://cs.rochester.edu/u/qyou/Ins/Imgs/awe/266d25903e8011e2a7ab22000a1f97eb_7.jpg,4,1
awe,http://cs.rochester.edu/u/qyou/Ins/Imgs/awe/06f13ba8a94b11e29ad022000a1f9a79_7.jpg,5,0
awe,http://cs.rochester.edu/u/qyou/Ins/Imgs/awe/10009264_1422991094625925_859046606_n.jpg,4,1
awe,http://cs.rochester.edu/u/qyou/Ins/Imgs/awe/10853129_335125486671340_1239306605_n.jpg,4,1
awe,http://cs.rochester.edu/u/qyou/Ins/Imgs/awe/1172230_1492303454324659_1320450409_n.jpg,3,2
awe,http://cs.rochester.edu/u/qyou/Ins/Imgs/awe/10471994_1469448563296083_216852538_n.jpg,1,4
awe,http://cs.rochester.edu/u/qyou/Ins/Imgs/awe/a78c598615c911e396f222000a9f4dd8_7.jpg,5,0
awe,http://cs.rochester.edu/u/qyou/Ins/Imgs/awe/10553988_297141130477310_977330408_n.jpg,0,5
awe,http://cs.rochester.edu/u/qyou/Ins/Imgs/awe/f64af0b0715011e1989612313815112c_7.jpg,1,4
awe,http://cs.rochester.edu/u/qyou/Ins/Imgs/awe/f18caf20225111e2939b22000a1f9251_7.jpg,4,1
awe,http://cs.rochester.edu/u/qyou/Ins/Imgs/awe/10707209_1471740973106128_503609401_n.jpg,5,0
awe,http://cs.rochester.edu/u/qyou/Ins/Imgs/awe/0492efcaf97211e19f0012313814105b_7.jpg,4,1
awe,http://cs.rochester.edu/u/qyou/Ins/Imgs/awe/10729254_300944383441706_86225844_n.jpg,5,0
awe,http://cs.rochester.edu/u/qyou/Ins/Imgs/awe/daf88d70219611e383fa22000ae9035f_7.jpg,3,2
awe,http://cs.rochester.edu/u/qyou/Ins/Imgs/awe/10518100_648902845197053_2026462490_n.jpg,5,0
awe,http://cs.rochester.edu/u/qyou/Ins/Imgs/awe/dde67cc42c6111e39c2922000a9e48da_7.jpg,5,0
awe,http://cs.rochester.edu/u/qyou/Ins/Imgs/awe/1208358_738495582890809_1328888387_n.jpg,5,0
awe,http://cs.rochester.edu/u/qyou/Ins/Imgs/awe/9dfccf10195b11e2b3ad22000a1cdc1c_7.jpg,4,1
awe,http://cs.rochester.edu/u/qyou/Ins/Imgs/awe/a85fca267ef411e28e2c22000a1fb747_7.jpg,2,3
awe,http://cs.rochester.edu/u/qyou/Ins/Imgs/awe/cf72ca46fd3f11e199e022000a1e8ac3_7.jpg,5,0
awe,http://cs.rochester.edu/u/qyou/Ins/Imgs/awe/928602_262897660569609_1004160165_n.jpg,4,1
awe,http://cs.rochester.edu/u/qyou/Ins/Imgs/awe/a374107c9bfe11e2ac5122000a9f14f8_7.jpg,0,5
awe,http://cs.rochester.edu/u/qyou/Ins/Imgs/awe/2679ce14ca3d11e281c522000a9e035f_7.jpg,4,1
awe,http://cs.rochester.edu/u/qyou/Ins/Imgs/awe/926236_580800272037218_281914999_n.jpg,5,0
awe,http://cs.rochester.edu/u/qyou/Ins/Imgs/awe/10755965_387475644738044_1284418238_n.jpg,5,0
awe,http://cs.rochester.edu/u/qyou/Ins/Imgs/awe/1527629_193641580831820_968088191_n.jpg,4,1
awe,http://cs.rochester.edu/u/qyou/Ins/Imgs/awe/e91fda7ecefe11e29ecd22000aaa08de_7.jpg,4,1
awe,http://cs.rochester.edu/u/qyou/Ins/Imgs/awe/01ccd15cdca711e2952122000a1fbf2e_7.jpg,5,0
awe,http://cs.rochester.edu/u/qyou/Ins/Imgs/awe/1168572_255922437889934_1665545528_n.jpg,5,0
awe,http://cs.rochester.edu/u/qyou/Ins/Imgs/awe/11022971_879227628766416_369280528_n.jpg,5,0
awe,http://cs.rochester.edu/u/qyou/Ins/Imgs/awe/f963ec30b0b011e181bd12313817987b_7.jpg,4,1
awe,http://cs.rochester.edu/u/qyou/Ins/Imgs/awe/10802475_340148829501876_899485661_n.jpg,4,1
awe,http://cs.rochester.edu/u/qyou/Ins/Imgs/awe/fa6271be456c11e29cc822000a1f96e3_7.jpg,5,0
awe,http://cs.rochester.edu/u/qyou/Ins/Imgs/awe/1170435_220505548119057_953312273_n.jpg,5,0
awe,http://cs.rochester.edu/u/qyou/Ins/Imgs/awe/0e9cdf4cabd011e2a7d422000a9e0846_7.jpg,4,1
awe,http://cs.rochester.edu/u/qyou/Ins/Imgs/awe/10958292_600501016718030_1122969479_n.jpg,5,0
awe,http://cs.rochester.edu/u/qyou/Ins/Imgs/awe/10499215_319444398225186_604778341_n.jpg,5,0
awe,http://cs.rochester.edu/u/qyou/Ins/Imgs/awe/1599432_1444776872404502_177465701_n.jpg,3,2
awe,http://cs.rochester.edu/u/qyou/Ins/Imgs/awe/10864824_749557821799494_698913198_n.jpg,2,3
awe,http://cs.rochester.edu/u/qyou/Ins/Imgs/awe/9a0dbabe284b11e2a9d522000a1fb17d_7.jpg,1,4
awe,http://cs.rochester.edu/u/qyou/Ins/Imgs/awe/10009416_221433104716948_1485252496_n.jpg,4,1
awe,http://cs.rochester.edu/u/qyou/Ins/Imgs/awe/1389627_465082193612334_718680156_n.jpg,5,0
awe,http://cs.rochester.edu/u/qyou/Ins/Imgs/awe/ed801a60b75311e2ab6822000a1f96e8_7.jpg,4,1
awe,http://cs.rochester.edu/u/qyou/Ins/Imgs/awe/10311073_637114076373761_847177182_n.jpg,2,3
awe,http://cs.rochester.edu/u/qyou/Ins/Imgs/awe/1889214_651414548238758_1677553983_n.jpg,5,0
awe,http://cs.rochester.edu/u/qyou/Ins/Imgs/awe/1ef6cb66758c11e292fc22000a1f9806_7.jpg,5,0
awe,http://cs.rochester.edu/u/qyou/Ins/Imgs/awe/1171961_233209493545912_1719536517_n.jpg,4,1
awe,http://cs.rochester.edu/u/qyou/Ins/Imgs/awe/c9e700fa4caa11e2a76e22000a9f1968_7.jpg,4,1
awe,http://cs.rochester.edu/u/qyou/Ins/Imgs/awe/bba267c2f65211e1bfc622000a1cde39_7.jpg,5,0
awe,http://cs.rochester.edu/u/qyou/Ins/Imgs/awe/1517103_411227925647145_1814911938_n.jpg,5,0
awe,http://cs.rochester.edu/u/qyou/Ins/Imgs/awe/10724173_300257246846845_494454830_n.jpg,5,0
awe,http://cs.rochester.edu/u/qyou/Ins/Imgs/awe/10513800_459765484160893_872466179_n.jpg,2,3
awe,http://cs.rochester.edu/u/qyou/Ins/Imgs/awe/ed96b36e861c11e2b93522000a1f96b2_7.jpg,5,0
awe,http://cs.rochester.edu/u/qyou/Ins/Imgs/awe/10354513_633573570070396_468559422_n.jpg,5,0
awe,http://cs.rochester.edu/u/qyou/Ins/Imgs/awe/10261267_302626596567463_1964098988_n.jpg,3,2
awe,http://cs.rochester.edu/u/qyou/Ins/Imgs/awe/10957233_898925560127469_537721113_n.jpg,5,0
awe,http://cs.rochester.edu/u/qyou/Ins/Imgs/awe/1515350_814844718544320_609834346_n.jpg,2,3
awe,http://cs.rochester.edu/u/qyou/Ins/Imgs/awe/f4fee8364c0811e2af7e22000a1f8ae5_7.jpg,5,0
awe,http://cs.rochester.edu/u/qyou/Ins/Imgs/awe/e58ea962019011e2a2e022000a1cdc13_7.jpg,5,0
awe,http://cs.rochester.edu/u/qyou/Ins/Imgs/awe/931a7dda7c2611e28d7822000a1fa48d_7.jpg,3,2
awe,http://cs.rochester.edu/u/qyou/Ins/Imgs/awe/10808879_745515728850398_804751019_n.jpg,2,3
awe,http://cs.rochester.edu/u/qyou/Ins/Imgs/awe/10724229_774170179296089_2066136665_n.jpg,5,0
awe,http://cs.rochester.edu/u/qyou/Ins/Imgs/awe/10431753_307044312794292_1546918641_n.jpg,4,1
awe,http://cs.rochester.edu/u/qyou/Ins/Imgs/awe/ea4da8602ba411e3999b22000a9f17f6_8.jpg,4,1
awe,http://cs.rochester.edu/u/qyou/Ins/Imgs/awe/aa9cdd4087fc11e2a5b622000a9f1254_7.jpg,4,1
awe,http://cs.rochester.edu/u/qyou/Ins/Imgs/awe/d0bc6e42d77e11e2b9d422000aa80579_7.jpg,2,3
awe,http://cs.rochester.edu/u/qyou/Ins/Imgs/awe/fb53f636f1ee11e2aa6722000a9f393e_7.jpg,5,0
awe,http://cs.rochester.edu/u/qyou/Ins/Imgs/awe/17631c0897d611e29ad022000a1f9a79_7.jpg,5,0
awe,http://cs.rochester.edu/u/qyou/Ins/Imgs/awe/10809974_410826625738123_1846240803_n.jpg,4,1
awe,http://cs.rochester.edu/u/qyou/Ins/Imgs/awe/10895156_1603405719883104_1202204929_n.jpg,5,0
awe,http://cs.rochester.edu/u/qyou/Ins/Imgs/awe/bfb71666d3ae11e2a96422000a1fbc12_7.jpg,3,2
awe,http://cs.rochester.edu/u/qyou/Ins/Imgs/awe/10576055_417611201739740_1610407165_n.jpg,3,2
awe,http://cs.rochester.edu/u/qyou/Ins/Imgs/awe/b131d288c89311e1a38422000a1c8933_7.jpg,0,5
awe,http://cs.rochester.edu/u/qyou/Ins/Imgs/awe/10914574_759748960786154_2111816918_n.jpg,4,1
awe,http://cs.rochester.edu/u/qyou/Ins/Imgs/awe/a4dddf18e66f11e2b0f722000a9f18db_7.jpg,4,1
awe,http://cs.rochester.edu/u/qyou/Ins/Imgs/awe/1aa1d9acfbba11e2bd1922000ae800b1_7.jpg,2,3
awe,http://cs.rochester.edu/u/qyou/Ins/Imgs/awe/22aad188f0aa11e1957722000a1e8896_7.jpg,0,5
awe,http://cs.rochester.edu/u/qyou/Ins/Imgs/awe/1208dc0eea9f11e2893322000a1f9ca0_7.jpg,1,4
awe,http://cs.rochester.edu/u/qyou/Ins/Imgs/awe/00309450f5ed11e2875e22000a9e016c_7.jpg,3,2
awe,http://cs.rochester.edu/u/qyou/Ins/Imgs/awe/e81a975683c011e2b62722000a1fbc10_7.jpg,4,1
awe,http://cs.rochester.edu/u/qyou/Ins/Imgs/awe/10802860_376200655891431_122125082_n.jpg,4,1
awe,http://cs.rochester.edu/u/qyou/Ins/Imgs/awe/c84f4b4a1fae11e2af7822000a1fb04e_7.jpg,5,0
awe,http://cs.rochester.edu/u/qyou/Ins/Imgs/awe/10784907_848903648464425_590225012_n.jpg,5,0
awe,http://cs.rochester.edu/u/qyou/Ins/Imgs/awe/178122fe499b11e2b52d22000a9f189b_7.jpg,4,1
awe,http://cs.rochester.edu/u/qyou/Ins/Imgs/awe/10852872_406247176196510_1992953014_n.jpg,2,3
awe,http://cs.rochester.edu/u/qyou/Ins/Imgs/awe/10949038_342485202610787_300192544_n.jpg,5,0
awe,http://cs.rochester.edu/u/qyou/Ins/Imgs/awe/10535088_1522227748008237_1503378805_n.jpg,2,3
awe,http://cs.rochester.edu/u/qyou/Ins/Imgs/awe/12a279688a5a11e293fe22000a1fcb64_7.jpg,5,0
awe,http://cs.rochester.edu/u/qyou/Ins/Imgs/awe/a094b45c950411e2926822000a1f9c9b_7.jpg,5,0
awe,http://cs.rochester.edu/u/qyou/Ins/Imgs/awe/10986356_889910341030831_869415572_n.jpg,5,0
awe,http://cs.rochester.edu/u/qyou/Ins/Imgs/awe/10513912_1510006959234642_1386575756_n.jpg,2,3
awe,http://cs.rochester.edu/u/qyou/Ins/Imgs/awe/10848151_363789860460596_1433100829_n.jpg,1,4
awe,http://cs.rochester.edu/u/qyou/Ins/Imgs/awe/10401770_1397903733831061_1042349256_n.jpg,5,0
awe,http://cs.rochester.edu/u/qyou/Ins/Imgs/awe/e099b610cb2d11e29de022000a1f8db1_7.jpg,5,0
awe,http://cs.rochester.edu/u/qyou/Ins/Imgs/awe/fa6022d2df6e11e29cbd22000a1fafdb_7.jpg,2,3
awe,http://cs.rochester.edu/u/qyou/Ins/Imgs/awe/10724775_591157487655393_1809765380_n.jpg,5,0
awe,http://cs.rochester.edu/u/qyou/Ins/Imgs/awe/1746330a118311e3801622000aaa0aaf_7.jpg,5,0
awe,http://cs.rochester.edu/u/qyou/Ins/Imgs/awe/d124b9a0843811e2b7ab22000a1f90e7_7.jpg,2,3
awe,http://cs.rochester.edu/u/qyou/Ins/Imgs/awe/10843682_734899419911610_2113932448_n.jpg,3,2
awe,http://cs.rochester.edu/u/qyou/Ins/Imgs/awe/10891039_634501280011000_1529047206_n.jpg,2,3
awe,http://cs.rochester.edu/u/qyou/Ins/Imgs/awe/b5ad9962d18611e28ed122000a9f1311_7.jpg,5,0
awe,http://cs.rochester.edu/u/qyou/Ins/Imgs/awe/1889366_601819003225501_1078630_n.jpg,4,1
awe,http://cs.rochester.edu/u/qyou/Ins/Imgs/awe/1515363_597510243649461_2050672409_n.jpg,4,1
awe,http://cs.rochester.edu/u/qyou/Ins/Imgs/awe/10852821_386747278157522_34652390_n.jpg,4,1
awe,http://cs.rochester.edu/u/qyou/Ins/Imgs/awe/10848277_751175748298811_62080827_n.jpg,5,0
awe,http://cs.rochester.edu/u/qyou/Ins/Imgs/awe/10362240_1434276630159569_770059651_n.jpg,4,1
awe,http://cs.rochester.edu/u/qyou/Ins/Imgs/awe/10683945_1494029247521996_946403121_n.jpg,5,0
awe,http://cs.rochester.edu/u/qyou/Ins/Imgs/awe/24b61064ddcb11e28e2c22000a1fb747_7.jpg,5,0
awe,http://cs.rochester.edu/u/qyou/Ins/Imgs/awe/b8c440ae8def11e2ba6922000a1fb733_7.jpg,4,1
awe,http://cs.rochester.edu/u/qyou/Ins/Imgs/awe/eead8e02d18611e2b9a022000a1fa535_7.jpg,5,0
awe,http://cs.rochester.edu/u/qyou/Ins/Imgs/awe/b7c7f3b638d111e393e422000a1fbe78_8.jpg,4,1
awe,http://cs.rochester.edu/u/qyou/Ins/Imgs/awe/1025ef8663da11e2ac5122000a9f14f8_7.jpg,3,2
awe,http://cs.rochester.edu/u/qyou/Ins/Imgs/awe/1538363_606864049360987_1230797217_n.jpg,4,1
awe,http://cs.rochester.edu/u/qyou/Ins/Imgs/awe/1515228_198532980339078_1636459048_n.jpg,3,2
awe,http://cs.rochester.edu/u/qyou/Ins/Imgs/awe/1f3962a68da511e2bbed22000a9e28b0_7.jpg,3,2
awe,http://cs.rochester.edu/u/qyou/Ins/Imgs/awe/10268855_789212994459926_1944512229_n.jpg,5,0
awe,http://cs.rochester.edu/u/qyou/Ins/Imgs/awe/1168858_248512062007063_1035253531_n.jpg,5,0
awe,http://cs.rochester.edu/u/qyou/Ins/Imgs/awe/9ffca14e342811e38d7822000a1fa48d_8.jpg,5,0
awe,http://cs.rochester.edu/u/qyou/Ins/Imgs/awe/10693595_707841239296402_1138561399_n.jpg,5,0
awe,http://cs.rochester.edu/u/qyou/Ins/Imgs/awe/d605633a05c911e3a16822000a9e076a_7.jpg,4,1
awe,http://cs.rochester.edu/u/qyou/Ins/Imgs/awe/e23122fece4f11e2b55e22000a9f09fb_7.jpg,4,1
awe,http://cs.rochester.edu/u/qyou/Ins/Imgs/awe/1515510_223649434482301_2086245969_n.jpg,4,1
awe,http://cs.rochester.edu/u/qyou/Ins/Imgs/awe/929075_1377691449183859_1321014307_n.jpg,4,1
awe,http://cs.rochester.edu/u/qyou/Ins/Imgs/awe/e21a3d06e88e11e290fe22000ae810de_7.jpg,5,0
awe,http://cs.rochester.edu/u/qyou/Ins/Imgs/awe/e85470d0a36811e285e422000a1fb768_7.jpg,4,1
awe,http://cs.rochester.edu/u/qyou/Ins/Imgs/awe/ade51d40ad3611e3a0d712fa5b4c0dbe_8.jpg,5,0
awe,http://cs.rochester.edu/u/qyou/Ins/Imgs/awe/10549692_343934299097332_1802696858_n.jpg,3,2
awe,http://cs.rochester.edu/u/qyou/Ins/Imgs/awe/10964019_782219445203597_1239837682_n.jpg,5,0
awe,http://cs.rochester.edu/u/qyou/Ins/Imgs/awe/1515325_1400757743506987_1943801669_n.jpg,4,1
awe,http://cs.rochester.edu/u/qyou/Ins/Imgs/awe/09b39a0e757811e2bb8a22000a1f97fc_7.jpg,4,1
awe,http://cs.rochester.edu/u/qyou/Ins/Imgs/awe/ca4eb9bec31c11e2968922000a9f38c5_7.jpg,5,0
awe,http://cs.rochester.edu/u/qyou/Ins/Imgs/awe/10475019_333253506831591_260515505_n.jpg,5,0
awe,http://cs.rochester.edu/u/qyou/Ins/Imgs/awe/10520121_1525301944365028_1485800616_n.jpg,4,1
awe,http://cs.rochester.edu/u/qyou/Ins/Imgs/awe/10838927_326784497528461_317854451_n.jpg,5,0
awe,http://cs.rochester.edu/u/qyou/Ins/Imgs/awe/1209474_272845879553487_1510364967_n.jpg,3,2
awe,http://cs.rochester.edu/u/qyou/Ins/Imgs/awe/1168544_252070054953450_857661470_n.jpg,5,0
awe,http://cs.rochester.edu/u/qyou/Ins/Imgs/awe/1515749_754926847868492_967908378_n.jpg,2,3
awe,http://cs.rochester.edu/u/qyou/Ins/Imgs/awe/95337c1094c811e29a4b22000a1fb593_7.jpg,3,2
awe,http://cs.rochester.edu/u/qyou/Ins/Imgs/awe/10727782_1615994621966392_1262523731_n.jpg,4,1
awe,http://cs.rochester.edu/u/qyou/Ins/Imgs/awe/e6c5c68cc25911e2a3d522000a9f13e2_7.jpg,4,1
awe,http://cs.rochester.edu/u/qyou/Ins/Imgs/awe/10666180_768014756578522_1222236176_n.jpg,4,1
awe,http://cs.rochester.edu/u/qyou/Ins/Imgs/awe/f82f2cc894e711e2a73722000a1f9317_7.jpg,1,4
awe,http://cs.rochester.edu/u/qyou/Ins/Imgs/awe/95b499c48f7011e2b95b22000a1fab39_7.jpg,4,1
awe,http://cs.rochester.edu/u/qyou/Ins/Imgs/awe/10508090_258811710992452_765111625_n.jpg,3,2
awe,http://cs.rochester.edu/u/qyou/Ins/Imgs/awe/bc9f0516795d11e280dd22000a9f3cd5_7.jpg,5,0
awe,http://cs.rochester.edu/u/qyou/Ins/Imgs/awe/0890183c74d311e285a622000a1f9e5b_7.jpg,5,0
awe,http://cs.rochester.edu/u/qyou/Ins/Imgs/awe/10005345_239252832926369_265994358_n.jpg,2,3
awe,http://cs.rochester.edu/u/qyou/Ins/Imgs/awe/f27e92c6003211e3af4222000aa8012b_7.jpg,4,1
awe,http://cs.rochester.edu/u/qyou/Ins/Imgs/awe/10268991_305968662885824_1825832033_n.jpg,5,0
awe,http://cs.rochester.edu/u/qyou/Ins/Imgs/awe/bc5dda6e550911e2a2f822000a9e0707_7.jpg,5,0
awe,http://cs.rochester.edu/u/qyou/Ins/Imgs/awe/1515432_222912784556203_1739331579_n.jpg,4,1
awe,http://cs.rochester.edu/u/qyou/Ins/Imgs/awe/b93dbf6068d811e2af9822000a1f9331_7.jpg,4,1
awe,http://cs.rochester.edu/u/qyou/Ins/Imgs/awe/10655116_907516119277817_1461211866_n.jpg,4,1
awe,http://cs.rochester.edu/u/qyou/Ins/Imgs/awe/d6e13ad654ea11e19896123138142014_7.jpg,3,2
awe,http://cs.rochester.edu/u/qyou/Ins/Imgs/awe/10175254_644787535590848_896728430_n.jpg,2,3
awe,http://cs.rochester.edu/u/qyou/Ins/Imgs/awe/927299_472143116253554_962121772_n.jpg,3,2
awe,http://cs.rochester.edu/u/qyou/Ins/Imgs/awe/10254153_1414657595473277_1566853517_n.jpg,0,5
awe,http://cs.rochester.edu/u/qyou/Ins/Imgs/awe/10525531_742584092494791_2043153337_n.jpg,4,1
awe,http://cs.rochester.edu/u/qyou/Ins/Imgs/awe/1169891_730443170300229_370274387_n.jpg,4,1
awe,http://cs.rochester.edu/u/qyou/Ins/Imgs/awe/10979662_828102133902903_1953466078_n.jpg,3,2
awe,http://cs.rochester.edu/u/qyou/Ins/Imgs/awe/10903461_881109651949557_1365877922_n.jpg,5,0
awe,http://cs.rochester.edu/u/qyou/Ins/Imgs/awe/10358324_732800400094426_58289495_n.jpg,5,0
awe,http://cs.rochester.edu/u/qyou/Ins/Imgs/awe/c50fd566c17b11e2a6b122000a9f3070_7.jpg,5,0
awe,http://cs.rochester.edu/u/qyou/Ins/Imgs/awe/1170309_437022823074291_1688042301_n.jpg,4,1
awe,http://cs.rochester.edu/u/qyou/Ins/Imgs/awe/10424619_1520997818128305_1889549966_n.jpg,5,0
awe,http://cs.rochester.edu/u/qyou/Ins/Imgs/awe/10693583_294835437307543_900275115_n.jpg,4,1
awe,http://cs.rochester.edu/u/qyou/Ins/Imgs/awe/f0acbbbad17711e2bbc022000a9f1945_7.jpg,5,0
awe,http://cs.rochester.edu/u/qyou/Ins/Imgs/awe/f337390eb8b911e2a66b22000a9f09de_7.jpg,5,0
awe,http://cs.rochester.edu/u/qyou/Ins/Imgs/awe/e025dae4315b11e388bf22000a9f13cb_8.jpg,4,1
awe,http://cs.rochester.edu/u/qyou/Ins/Imgs/awe/b0c66d663b7711e2890222000a1fb0b2_7.jpg,4,1
awe,http://cs.rochester.edu/u/qyou/Ins/Imgs/awe/0032f0365eaa11e289de22000a9f1406_7.jpg,4,1
awe,http://cs.rochester.edu/u/qyou/Ins/Imgs/awe/10175352_1486038521611835_1269683897_n.jpg,5,0
awe,http://cs.rochester.edu/u/qyou/Ins/Imgs/awe/10693542_739172112804353_870561812_n.jpg,5,0
awe,http://cs.rochester.edu/u/qyou/Ins/Imgs/awe/93f7e80697b411e28ab422000aa80430_7.jpg,5,0
awe,http://cs.rochester.edu/u/qyou/Ins/Imgs/awe/1538363_241365552708242_1753655157_n.jpg,5,0
awe,http://cs.rochester.edu/u/qyou/Ins/Imgs/awe/10932369_818909194835347_1920474221_n.jpg,3,2
awe,http://cs.rochester.edu/u/qyou/Ins/Imgs/awe/fdca2f3e7fa211e2b5c422000a1f9a53_7.jpg,3,2
awe,http://cs.rochester.edu/u/qyou/Ins/Imgs/awe/09a6a338ea6911e287e222000aaa0aa2_7.jpg,5,0
awe,http://cs.rochester.edu/u/qyou/Ins/Imgs/awe/10004323_307762632704344_1328359960_n.jpg,4,1
awe,http://cs.rochester.edu/u/qyou/Ins/Imgs/awe/0f5adfe6cb8e11e28dc022000ae90fd2_7.jpg,5,0
awe,http://cs.rochester.edu/u/qyou/Ins/Imgs/awe/1171282_1405425033034478_1224240325_n.jpg,4,1
awe,http://cs.rochester.edu/u/qyou/Ins/Imgs/awe/10723890_1522749147970195_502320931_n.jpg,3,2
awe,http://cs.rochester.edu/u/qyou/Ins/Imgs/awe/0f31335a771811e2ad9722000a9e2977_7.jpg,5,0
awe,http://cs.rochester.edu/u/qyou/Ins/Imgs/awe/9b2e31a6bac411e291b222000a1f98fa_7.jpg,5,0
awe,http://cs.rochester.edu/u/qyou/Ins/Imgs/awe/10665459_532677506833864_1664706199_n.jpg,5,0
awe,http://cs.rochester.edu/u/qyou/Ins/Imgs/awe/1738033_600158053394189_1833971982_n.jpg,5,0
awe,http://cs.rochester.edu/u/qyou/Ins/Imgs/awe/19fb6ebab7f311e2a64f22000a1f968e_7.jpg,5,0
awe,http://cs.rochester.edu/u/qyou/Ins/Imgs/awe/09fe6c820c6511e1abb01231381b65e3_7.jpg,5,0
awe,http://cs.rochester.edu/u/qyou/Ins/Imgs/awe/10601910_279085425614151_1970344053_n.jpg,4,1
awe,http://cs.rochester.edu/u/qyou/Ins/Imgs/awe/e7bc7d66bd0d11e2a31922000a1fbcdc_7.jpg,5,0
awe,http://cs.rochester.edu/u/qyou/Ins/Imgs/awe/1660650_254224474737563_1396529745_n.jpg,4,1
awe,http://cs.rochester.edu/u/qyou/Ins/Imgs/awe/e53fbe266e8511e2bfbf22000a9f1935_7.jpg,5,0
awe,http://cs.rochester.edu/u/qyou/Ins/Imgs/awe/1d410f96ad8c11e3aa520e5d6fd881bf_8.jpg,4,1
awe,http://cs.rochester.edu/u/qyou/Ins/Imgs/awe/c9d70ad4936c11e2904b22000a1f8c1d_7.jpg,5,0
awe,http://cs.rochester.edu/u/qyou/Ins/Imgs/awe/10616323_1553897154838263_1474071068_n.jpg,0,5
awe,http://cs.rochester.edu/u/qyou/Ins/Imgs/awe/10268775_798931156803436_772922355_n.jpg,3,2
awe,http://cs.rochester.edu/u/qyou/Ins/Imgs/awe/a06368a8d6d511e2855922000a9e0723_7.jpg,4,1
awe,http://cs.rochester.edu/u/qyou/Ins/Imgs/awe/1596940_1378166009117061_804833136_n.jpg,3,2
awe,http://cs.rochester.edu/u/qyou/Ins/Imgs/awe/10540230_300759236763355_1408119705_n.jpg,5,0
awe,http://cs.rochester.edu/u/qyou/Ins/Imgs/awe/10787751_919582918066708_947432802_n.jpg,5,0
awe,http://cs.rochester.edu/u/qyou/Ins/Imgs/awe/10919304_514901088651965_578345755_n.jpg,3,2
awe,http://cs.rochester.edu/u/qyou/Ins/Imgs/awe/f003c92c4e3e11e2a0d522000a1f970a_7.jpg,2,3
awe,http://cs.rochester.edu/u/qyou/Ins/Imgs/awe/01c63374dbe411e2a5cd22000a1fb0b0_7.jpg,5,0
awe,http://cs.rochester.edu/u/qyou/Ins/Imgs/awe/1538609_464447276994552_1496628926_n.jpg,4,1
awe,http://cs.rochester.edu/u/qyou/Ins/Imgs/awe/cdfc9b4803d211e388bf22000a9f13cb_7.jpg,5,0
awe,http://cs.rochester.edu/u/qyou/Ins/Imgs/awe/964d8d6ac01611e2bd5222000a9f12e7_7.jpg,4,1
awe,http://cs.rochester.edu/u/qyou/Ins/Imgs/awe/10251327_238879246302688_1722383882_n.jpg,4,1
awe,http://cs.rochester.edu/u/qyou/Ins/Imgs/awe/10375605_301834523316168_446053082_n.jpg,1,4
awe,http://cs.rochester.edu/u/qyou/Ins/Imgs/awe/92b0a428318f11e28f4222000a1fb75e_7.jpg,4,1
awe,http://cs.rochester.edu/u/qyou/Ins/Imgs/awe/0f4a073e673911e2adfe22000a1fbd6c_7.jpg,5,0
awe,http://cs.rochester.edu/u/qyou/Ins/Imgs/awe/af5e0a7ec70e11e2816522000a9e48f9_7.jpg,4,1
awe,http://cs.rochester.edu/u/qyou/Ins/Imgs/awe/231529e2923111e28fcc22000aa801f0_7.jpg,4,1
awe,http://cs.rochester.edu/u/qyou/Ins/Imgs/awe/b0cedf98433111e2ac5122000a9f14f8_7.jpg,3,2
awe,http://cs.rochester.edu/u/qyou/Ins/Imgs/awe/10431964_1499542726945601_2074530281_n.jpg,3,2
awe,http://cs.rochester.edu/u/qyou/Ins/Imgs/awe/1538518_208567185996424_280972711_n.jpg,5,0
awe,http://cs.rochester.edu/u/qyou/Ins/Imgs/awe/10424665_1493914477493045_565053314_n.jpg,3,2
awe,http://cs.rochester.edu/u/qyou/Ins/Imgs/awe/1168741_732796880089617_548777434_n.jpg,5,0
awe,http://cs.rochester.edu/u/qyou/Ins/Imgs/awe/f6128886c8c711e2af1622000a1fb845_7.jpg,5,0
awe,http://cs.rochester.edu/u/qyou/Ins/Imgs/awe/926474_718883608170832_1528481504_n.jpg,1,4
awe,http://cs.rochester.edu/u/qyou/Ins/Imgs/awe/1209662_723165407696200_1924343323_n.jpg,5,0
awe,http://cs.rochester.edu/u/qyou/Ins/Imgs/awe/c0a7b09a35c811e381a322000a1fbf20_8.jpg,1,4
awe,http://cs.rochester.edu/u/qyou/Ins/Imgs/awe/b9a8847eaae211e3b85312264934df08_8.jpg,2,3
awe,http://cs.rochester.edu/u/qyou/Ins/Imgs/awe/10549759_1450631295196401_1151123678_n.jpg,3,2
awe,http://cs.rochester.edu/u/qyou/Ins/Imgs/awe/928287_360575577449818_349625208_n.jpg,3,2
awe,http://cs.rochester.edu/u/qyou/Ins/Imgs/awe/10369305_315274491955960_1965135210_n.jpg,5,0
awe,http://cs.rochester.edu/u/qyou/Ins/Imgs/awe/10611161_1524556984427300_1535682487_n.jpg,4,1
awe,http://cs.rochester.edu/u/qyou/Ins/Imgs/awe/928565_1433951060205090_87374975_n.jpg,4,1
awe,http://cs.rochester.edu/u/qyou/Ins/Imgs/awe/10246136_233945536814058_1094558103_n.jpg,3,2
awe,http://cs.rochester.edu/u/qyou/Ins/Imgs/awe/1391293_1400420076859310_850139654_n.jpg,5,0
awe,http://cs.rochester.edu/u/qyou/Ins/Imgs/awe/20a85b02698c11e2b3d922000a9f309f_7.jpg,4,1
awe,http://cs.rochester.edu/u/qyou/Ins/Imgs/awe/fb242e8810e911e2aee522000a1e8ab8_7.jpg,5,0
awe,http://cs.rochester.edu/u/qyou/Ins/Imgs/awe/941683fa671811e2984522000a1f8ad9_7.jpg,3,2
awe,http://cs.rochester.edu/u/qyou/Ins/Imgs/awe/1169170_336716723133966_1237917423_n.jpg,4,1
awe,http://cs.rochester.edu/u/qyou/Ins/Imgs/awe/10413181_761960757158802_891475202_n.jpg,3,2
awe,http://cs.rochester.edu/u/qyou/Ins/Imgs/awe/1741338_208918542642971_1366845776_n.jpg,1,4
awe,http://cs.rochester.edu/u/qyou/Ins/Imgs/awe/10899576_1598966273650784_1058104948_n.jpg,4,1
awe,http://cs.rochester.edu/u/qyou/Ins/Imgs/awe/1515243_264846073666799_62855713_n.jpg,3,2
awe,http://cs.rochester.edu/u/qyou/Ins/Imgs/awe/af1bb3728d5d11e181bd12313817987b_7.jpg,4,1
awe,http://cs.rochester.edu/u/qyou/Ins/Imgs/awe/1971414_1477473365855454_774439918_n.jpg,4,1
awe,http://cs.rochester.edu/u/qyou/Ins/Imgs/awe/927361_1506139316286637_1870400566_n.jpg,4,1
awe,http://cs.rochester.edu/u/qyou/Ins/Imgs/awe/10508064_1431593543795314_334787385_n.jpg,0,5
awe,http://cs.rochester.edu/u/qyou/Ins/Imgs/awe/03f15cc02ead11e3905222000aaa031b_8.jpg,5,0
awe,http://cs.rochester.edu/u/qyou/Ins/Imgs/awe/1742738_647539791998065_2027689056_n.jpg,5,0
awe,http://cs.rochester.edu/u/qyou/Ins/Imgs/awe/def93fdaa94d11e2978222000aa80103_7.jpg,2,3
awe,http://cs.rochester.edu/u/qyou/Ins/Imgs/awe/f79ea31ca77811e2a23c22000a1f9d66_7.jpg,5,0
awe,http://cs.rochester.edu/u/qyou/Ins/Imgs/awe/dde7a88e0d0711e39a1622000ae9083c_7.jpg,5,0
awe,http://cs.rochester.edu/u/qyou/Ins/Imgs/awe/10808905_1577793389108991_1674947674_n.jpg,1,4
awe,http://cs.rochester.edu/u/qyou/Ins/Imgs/awe/1169040_608665272527440_1851609300_n.jpg,3,2
awe,http://cs.rochester.edu/u/qyou/Ins/Imgs/awe/cc5fa10aea6811e2960a22000a1fc828_7.jpg,3,2
awe,http://cs.rochester.edu/u/qyou/Ins/Imgs/awe/10431899_503046176495497_1686413925_n.jpg,5,0
awe,http://cs.rochester.edu/u/qyou/Ins/Imgs/awe/10684022_339197219575089_218563962_n.jpg,4,1
awe,http://cs.rochester.edu/u/qyou/Ins/Imgs/awe/1527733_563931853692860_1225600247_n.jpg,4,1
awe,http://cs.rochester.edu/u/qyou/Ins/Imgs/awe/a6f85dfcf5d211e18ac522000a1d0104_7.jpg,5,0
awe,http://cs.rochester.edu/u/qyou/Ins/Imgs/awe/a60e5f6eddca11e2bcc122000a1fa49d_7.jpg,4,1
awe,http://cs.rochester.edu/u/qyou/Ins/Imgs/awe/a5ebcdd4651911e2969522000a9f14e8_7.jpg,5,0
awe,http://cs.rochester.edu/u/qyou/Ins/Imgs/awe/cf0fa958d1f611e1939222000a1e8b24_7.jpg,2,3
awe,http://cs.rochester.edu/u/qyou/Ins/Imgs/awe/c2f0ce24061e11e3b12d22000a9e295b_7.jpg,3,2
awe,http://cs.rochester.edu/u/qyou/Ins/Imgs/awe/928479_228185697380216_2087692067_n.jpg,5,0
awe,http://cs.rochester.edu/u/qyou/Ins/Imgs/awe/10683994_361011847396276_970410317_n.jpg,5,0
awe,http://cs.rochester.edu/u/qyou/Ins/Imgs/awe/1389632_1375603029352599_1842767505_n.jpg,3,2
awe,http://cs.rochester.edu/u/qyou/Ins/Imgs/awe/10354366_1421384708125939_1156020458_n.jpg,3,2
awe,http://cs.rochester.edu/u/qyou/Ins/Imgs/awe/10817864_1511256835827830_386497726_n.jpg,5,0
awe,http://cs.rochester.edu/u/qyou/Ins/Imgs/awe/14a1b2b4052711e2ba8122000a1fc2ee_7.jpg,5,0
awe,http://cs.rochester.edu/u/qyou/Ins/Imgs/awe/10611230_748165381889261_1087272689_n.jpg,4,1
awe,http://cs.rochester.edu/u/qyou/Ins/Imgs/awe/10431894_791738110851464_814855085_n.jpg,2,3
awe,http://cs.rochester.edu/u/qyou/Ins/Imgs/awe/1389793_689866281033346_1979161791_n.jpg,5,0
awe,http://cs.rochester.edu/u/qyou/Ins/Imgs/awe/a4e2207e9d3f11e2914322000a1f984e_7.jpg,4,1
awe,http://cs.rochester.edu/u/qyou/Ins/Imgs/awe/1169313_412360965558914_57980530_n.jpg,5,0
awe,http://cs.rochester.edu/u/qyou/Ins/Imgs/awe/c4bcf3da6bd811e2876222000a9f0a1b_7.jpg,4,1
awe,http://cs.rochester.edu/u/qyou/Ins/Imgs/awe/1517123_1413112712265528_496844461_n.jpg,4,1
awe,http://cs.rochester.edu/u/qyou/Ins/Imgs/awe/1172658_1398785880362268_1958345455_n.jpg,4,1
awe,http://cs.rochester.edu/u/qyou/Ins/Imgs/awe/10691869_655980747848918_1940143231_n.jpg,5,0
awe,http://cs.rochester.edu/u/qyou/Ins/Imgs/awe/fdc3986232f411e3990022000aeb0f0c_8.jpg,4,1
awe,http://cs.rochester.edu/u/qyou/Ins/Imgs/awe/10832070_723966317694197_1477331192_n.jpg,0,5
awe,http://cs.rochester.edu/u/qyou/Ins/Imgs/awe/10986154_866932566701130_1364190307_n.jpg,4,1
awe,http://cs.rochester.edu/u/qyou/Ins/Imgs/awe/1169339_268540573326247_956722446_n.jpg,4,1
awe,http://cs.rochester.edu/u/qyou/Ins/Imgs/awe/1742388_196542257221377_792018577_n.jpg,5,0
awe,http://cs.rochester.edu/u/qyou/Ins/Imgs/awe/10254353_266072373575998_1488077023_n.jpg,4,1
awe,http://cs.rochester.edu/u/qyou/Ins/Imgs/awe/10899183_1537520683196899_653807886_n.jpg,5,0
awe,http://cs.rochester.edu/u/qyou/Ins/Imgs/awe/032719c61e5711e39da022000aeb0f08_7.jpg,4,1
awe,http://cs.rochester.edu/u/qyou/Ins/Imgs/awe/aac6c412cdb011e2808622000a1f9aaf_7.jpg,2,3
awe,http://cs.rochester.edu/u/qyou/Ins/Imgs/awe/c73feb6e4ff711e2b45022000a1fb3cd_7.jpg,5,0
awe,http://cs.rochester.edu/u/qyou/Ins/Imgs/awe/926456_1450847478493190_1809432193_n.jpg,4,1
awe,http://cs.rochester.edu/u/qyou/Ins/Imgs/awe/10643791_874784385879467_2050332130_n.jpg,4,1
awe,http://cs.rochester.edu/u/qyou/Ins/Imgs/awe/10520363_683848408375123_550817159_n.jpg,4,1
awe,http://cs.rochester.edu/u/qyou/Ins/Imgs/awe/927119_1532741126949975_1284559512_n.jpg,3,2
awe,http://cs.rochester.edu/u/qyou/Ins/Imgs/awe/1725016_685315811510446_526562478_n.jpg,4,1
awe,http://cs.rochester.edu/u/qyou/Ins/Imgs/awe/a7ef16de06c911e3b38022000a9e070a_7.jpg,5,0
awe,http://cs.rochester.edu/u/qyou/Ins/Imgs/awe/1170149_371723136304528_961647575_n.jpg,4,1
awe,http://cs.rochester.edu/u/qyou/Ins/Imgs/awe/e7a5cca2dcfb11e2938b22000a9f50cb_7.jpg,3,2
awe,http://cs.rochester.edu/u/qyou/Ins/Imgs/awe/10990574_319940991549269_291141495_n.jpg,5,0
awe,http://cs.rochester.edu/u/qyou/Ins/Imgs/awe/f4b151fc1d9b11e283fd123138179feb_7.jpg,5,0
awe,http://cs.rochester.edu/u/qyou/Ins/Imgs/awe/11032882_801095239970319_423318118_n.jpg,4,1
awe,http://cs.rochester.edu/u/qyou/Ins/Imgs/awe/10593432_1500116206891525_913008330_n.jpg,5,0
awe,http://cs.rochester.edu/u/qyou/Ins/Imgs/awe/254eeb8e378711e3bc6c22000a9f38d4_8.jpg,4,1
awe,http://cs.rochester.edu/u/qyou/Ins/Imgs/awe/1516298_192859484254476_21386237_n.jpg,2,3
awe,http://cs.rochester.edu/u/qyou/Ins/Imgs/awe/1391244_633678256674773_179120905_n.jpg,5,0
awe,http://cs.rochester.edu/u/qyou/Ins/Imgs/awe/1173053_1442937072620221_1486365263_n.jpg,5,0
awe,http://cs.rochester.edu/u/qyou/Ins/Imgs/awe/fa874bac8fb711e2b55122000a1f9be7_7.jpg,5,0
awe,http://cs.rochester.edu/u/qyou/Ins/Imgs/awe/b6779cda1a0711e2ab4322000a1d0377_7.jpg,3,2
awe,http://cs.rochester.edu/u/qyou/Ins/Imgs/awe/9aaa8f3ae51311e29ecd22000aaa08de_7.jpg,5,0
awe,http://cs.rochester.edu/u/qyou/Ins/Imgs/awe/af07d2d88c1911e2a50222000a1fb870_7.jpg,2,3
awe,http://cs.rochester.edu/u/qyou/Ins/Imgs/awe/1171990_754539541253331_107367963_n.jpg,5,0
awe,http://cs.rochester.edu/u/qyou/Ins/Imgs/awe/e92cb0c6673b11e2902222000a1fa52b_7.jpg,5,0
awe,http://cs.rochester.edu/u/qyou/Ins/Imgs/awe/10809584_479180085558588_2049897671_n.jpg,0,5
awe,http://cs.rochester.edu/u/qyou/Ins/Imgs/awe/1208412_696641537020167_1631883077_n.jpg,3,2
awe,http://cs.rochester.edu/u/qyou/Ins/Imgs/awe/9b3c49ce00ad11e3bd3c22000ae90db5_7.jpg,3,2
awe,http://cs.rochester.edu/u/qyou/Ins/Imgs/awe/a5b1c8e62d7311e38a0b22000aeb2267_8.jpg,2,3
awe,http://cs.rochester.edu/u/qyou/Ins/Imgs/awe/9890c78aad2411e381ea12129342652b_8.jpg,5,0
awe,http://cs.rochester.edu/u/qyou/Ins/Imgs/awe/ac3532ee61e911e2a9ed22000a1fb773_7.jpg,5,0
awe,http://cs.rochester.edu/u/qyou/Ins/Imgs/awe/10899404_1533730093560006_1119799006_n.jpg,1,4
awe,http://cs.rochester.edu/u/qyou/Ins/Imgs/awe/10535011_294126770766070_1616364897_n.jpg,5,0
awe,http://cs.rochester.edu/u/qyou/Ins/Imgs/awe/1171191_376406495826866_1608506702_n.jpg,5,0
awe,http://cs.rochester.edu/u/qyou/Ins/Imgs/awe/10755733_755225901193836_829549335_n.jpg,3,2
awe,http://cs.rochester.edu/u/qyou/Ins/Imgs/awe/10809736_1397442253881387_1587876586_n.jpg,5,0
awe,http://cs.rochester.edu/u/qyou/Ins/Imgs/awe/0b878c0c478b11e28e2022000a1cdd10_7.jpg,5,0
awe,http://cs.rochester.edu/u/qyou/Ins/Imgs/awe/926904_1439858629570431_1518147381_n.jpg,3,2
awe,http://cs.rochester.edu/u/qyou/Ins/Imgs/awe/10424633_686032281473856_1981058134_n.jpg,5,0
awe,http://cs.rochester.edu/u/qyou/Ins/Imgs/awe/fb31993c972211e284b222000a1fbcf6_7.jpg,3,2
awe,http://cs.rochester.edu/u/qyou/Ins/Imgs/awe/1390349_173147149552347_198765293_n.jpg,3,2
awe,http://cs.rochester.edu/u/qyou/Ins/Imgs/awe/10932646_772905402803210_2087219712_n.jpg,5,0
awe,http://cs.rochester.edu/u/qyou/Ins/Imgs/awe/bbe5206ee1d211e2b62722000a1fbc10_7.jpg,4,1
awe,http://cs.rochester.edu/u/qyou/Ins/Imgs/awe/f3b0c42a10b311e3b92122000a9e0727_7.jpg,5,0
awe,http://cs.rochester.edu/u/qyou/Ins/Imgs/awe/10895384_903771972977472_1384240754_n.jpg,4,1
awe,http://cs.rochester.edu/u/qyou/Ins/Imgs/awe/1eb3e022875111e2adfe22000a1fbd6c_7.jpg,5,0
awe,http://cs.rochester.edu/u/qyou/Ins/Imgs/awe/1515617_608404962541245_152133998_n.jpg,5,0
awe,http://cs.rochester.edu/u/qyou/Ins/Imgs/awe/0f8b6950eece11e286c222000a1fbc86_7.jpg,5,0
awe,http://cs.rochester.edu/u/qyou/Ins/Imgs/awe/10013134_267803900066210_2023177516_n.jpg,2,3
awe,http://cs.rochester.edu/u/qyou/Ins/Imgs/awe/1209639_198598793661434_1892651232_n.jpg,4,1
awe,http://cs.rochester.edu/u/qyou/Ins/Imgs/awe/10903670_1583946601843026_971872863_n.jpg,5,0
awe,http://cs.rochester.edu/u/qyou/Ins/Imgs/awe/10844267_845613058794689_1227244413_n.jpg,5,0
awe,http://cs.rochester.edu/u/qyou/Ins/Imgs/awe/07d6f1c4c4c711e2b7ab22000a1f90e7_7.jpg,5,0
awe,http://cs.rochester.edu/u/qyou/Ins/Imgs/awe/1509d6ee892c11e28c8722000a1f90f9_7.jpg,5,0
awe,http://cs.rochester.edu/u/qyou/Ins/Imgs/awe/ed2d40f6997111e284c522000aa801df_7.jpg,5,0
awe,http://cs.rochester.edu/u/qyou/Ins/Imgs/awe/1516343_388281211316363_1004920414_n.jpg,4,1
awe,http://cs.rochester.edu/u/qyou/Ins/Imgs/awe/0dc347c6ec5a11e2890c22000a1fa80f_7.jpg,4,1
awe,http://cs.rochester.edu/u/qyou/Ins/Imgs/awe/ad249ad6091011e39dbc22000a1f9e59_7.jpg,4,1
awe,http://cs.rochester.edu/u/qyou/Ins/Imgs/awe/07e7f3c83ba911e1abb01231381b65e3_7.jpg,0,5
awe,http://cs.rochester.edu/u/qyou/Ins/Imgs/awe/961c64d8f7cb11e1b41b22000a1e8aa5_7.jpg,4,1
awe,http://cs.rochester.edu/u/qyou/Ins/Imgs/awe/fc3ac646245911e2ad6322000a1cbf23_7.jpg,4,1
awe,http://cs.rochester.edu/u/qyou/Ins/Imgs/awe/10903595_348380578679624_788417404_n.jpg,5,0
awe,http://cs.rochester.edu/u/qyou/Ins/Imgs/awe/1389891_549644845107904_1382741361_n.jpg,5,0
awe,http://cs.rochester.edu/u/qyou/Ins/Imgs/awe/b4e3bf18cb2b11e2a84022000aa8048a_7.jpg,4,1
awe,http://cs.rochester.edu/u/qyou/Ins/Imgs/awe/1171648_1431681730388570_1369712244_n.jpg,2,3
awe,http://cs.rochester.edu/u/qyou/Ins/Imgs/awe/10865182_890667477631378_1319735104_n.jpg,5,0
awe,http://cs.rochester.edu/u/qyou/Ins/Imgs/awe/10706820_710630165689178_134909858_n.jpg,1,4
awe,http://cs.rochester.edu/u/qyou/Ins/Imgs/awe/f74a1498668511e2b41b22000a1f9a15_7.jpg,3,2
awe,http://cs.rochester.edu/u/qyou/Ins/Imgs/awe/1390210_625472520842964_1968375499_n.jpg,4,1
awe,http://cs.rochester.edu/u/qyou/Ins/Imgs/awe/1962974_923353941010921_294930705_n.jpg,5,0
awe,http://cs.rochester.edu/u/qyou/Ins/Imgs/awe/f43ab2b4713c11e283d722000a1f99fc_7.jpg,5,0
awe,http://cs.rochester.edu/u/qyou/Ins/Imgs/awe/b64f3da416a911e3bcfd22000a1f9d84_7.jpg,5,0
awe,http://cs.rochester.edu/u/qyou/Ins/Imgs/awe/195957b0050011e3a73b22000aa80571_7.jpg,4,1
awe,http://cs.rochester.edu/u/qyou/Ins/Imgs/awe/1799699_677423868967386_250725284_n.jpg,5,0
awe,http://cs.rochester.edu/u/qyou/Ins/Imgs/awe/1515899_674286842605128_1948948210_n.jpg,3,2
awe,http://cs.rochester.edu/u/qyou/Ins/Imgs/awe/ce9c9026158911e38a7322000a1fa414_7.jpg,5,0
awe,http://cs.rochester.edu/u/qyou/Ins/Imgs/awe/c417fd9e4b3a11e28e5722000a9f195f_7.jpg,3,2
awe,http://cs.rochester.edu/u/qyou/Ins/Imgs/awe/97d55e9674b811e290d522000a1fb852_7.jpg,3,2
awe,http://cs.rochester.edu/u/qyou/Ins/Imgs/awe/1662414_1470199429867713_1323545662_n.jpg,5,0
awe,http://cs.rochester.edu/u/qyou/Ins/Imgs/awe/d624c95c1f3511e38c3c22000a1fb85a_7.jpg,4,1
awe,http://cs.rochester.edu/u/qyou/Ins/Imgs/awe/1515839_399800500160026_1011705142_n.jpg,3,2
awe,http://cs.rochester.edu/u/qyou/Ins/Imgs/awe/14e2772abbe011e2ad7a22000a9f3090_7.jpg,4,1
awe,http://cs.rochester.edu/u/qyou/Ins/Imgs/awe/078f3d0211f211e3b79722000aeb11d7_7.jpg,4,1
awe,http://cs.rochester.edu/u/qyou/Ins/Imgs/awe/10508051_726241960765836_1296235429_n.jpg,4,1
awe,http://cs.rochester.edu/u/qyou/Ins/Imgs/awe/951c59f0cdf711e2852722000a1fbd42_7.jpg,2,3
awe,http://cs.rochester.edu/u/qyou/Ins/Imgs/awe/10809924_879255832104909_1879600912_n.jpg,2,3
awe,http://cs.rochester.edu/u/qyou/Ins/Imgs/awe/fecc2a12c80f11e2855722000aa800e1_7.jpg,5,0
awe,http://cs.rochester.edu/u/qyou/Ins/Imgs/awe/073d907eff9b11e2ba0522000ae8030f_7.jpg,5,0
awe,http://cs.rochester.edu/u/qyou/Ins/Imgs/awe/2376226288cf11e2bfdf22000aa80117_7.jpg,5,0
awe,http://cs.rochester.edu/u/qyou/Ins/Imgs/awe/10607998_462014170607659_718450994_n.jpg,4,0
awe,http://cs.rochester.edu/u/qyou/Ins/Imgs/awe/10326491_240972619427454_961979251_n.jpg,5,0
awe,http://cs.rochester.edu/u/qyou/Ins/Imgs/awe/928364_457596714380869_1368835084_n.jpg,5,0
awe,http://cs.rochester.edu/u/qyou/Ins/Imgs/awe/b171d8ac98d511e2a63622000a9e28ec_7.jpg,5,0
awe,http://cs.rochester.edu/u/qyou/Ins/Imgs/awe/1889138_211446269052726_2116267625_n.jpg,5,0
awe,http://cs.rochester.edu/u/qyou/Ins/Imgs/awe/1390121_1404628329773220_1707643887_n.jpg,5,0
awe,http://cs.rochester.edu/u/qyou/Ins/Imgs/awe/1799553_224500407755552_1553430864_n.jpg,4,1
awe,http://cs.rochester.edu/u/qyou/Ins/Imgs/awe/10755948_1519326821654302_1125124524_n.jpg,3,2
awe,http://cs.rochester.edu/u/qyou/Ins/Imgs/awe/1723276_669028819809710_1411348000_n.jpg,5,0
awe,http://cs.rochester.edu/u/qyou/Ins/Imgs/awe/1db29a56c94c11e19b0622000a1e8a4f_7.jpg,5,0
awe,http://cs.rochester.edu/u/qyou/Ins/Imgs/awe/9b9f1422ee6611e2affb22000aa8059e_7.jpg,5,0
awe,http://cs.rochester.edu/u/qyou/Ins/Imgs/awe/ae244b52af5111e2a07e22000a1f9a28_7.jpg,4,1
awe,http://cs.rochester.edu/u/qyou/Ins/Imgs/awe/97d80eecd03011e2bb3e22000a1fb8a8_7.jpg,4,1
awe,http://cs.rochester.edu/u/qyou/Ins/Imgs/awe/10748460_809284392464716_1600863708_n.jpg,4,1
awe,http://cs.rochester.edu/u/qyou/Ins/Imgs/awe/10802940_765877730127177_1409159298_n.jpg,5,0
awe,http://cs.rochester.edu/u/qyou/Ins/Imgs/awe/10488438_592938950827003_1433623668_n.jpg,0,5
awe,http://cs.rochester.edu/u/qyou/Ins/Imgs/awe/1209582_1400813970172865_1999533783_n.jpg,5,0
awe,http://cs.rochester.edu/u/qyou/Ins/Imgs/awe/10731500_797123013664102_1997314497_n.jpg,5,0
awe,http://cs.rochester.edu/u/qyou/Ins/Imgs/awe/9ce3fa66c4b611e2a38422000a1f96a9_7.jpg,3,2
awe,http://cs.rochester.edu/u/qyou/Ins/Imgs/awe/1688925_579036335506417_1213203695_n.jpg,4,1
awe,http://cs.rochester.edu/u/qyou/Ins/Imgs/awe/ea35c40818e311e3866922000a1fbcb1_7.jpg,5,0
awe,http://cs.rochester.edu/u/qyou/Ins/Imgs/awe/926667_627440383988669_1351201202_n.jpg,5,0
awe,http://cs.rochester.edu/u/qyou/Ins/Imgs/awe/10358279_504580632974892_1715740482_n.jpg,3,2
awe,http://cs.rochester.edu/u/qyou/Ins/Imgs/awe/d815c12285fb11e282b422000a1f9ab7_7.jpg,3,2
awe,http://cs.rochester.edu/u/qyou/Ins/Imgs/awe/f6e09a22df9d11e2ac5222000a1fbd4b_7.jpg,5,0
awe,http://cs.rochester.edu/u/qyou/Ins/Imgs/awe/b2b82652306b11e3815722000ae90253_8.jpg,4,1
awe,http://cs.rochester.edu/u/qyou/Ins/Imgs/awe/1922192_255274264651304_1659137935_n.jpg,5,0
awe,http://cs.rochester.edu/u/qyou/Ins/Imgs/awe/9e8c5e969c0a11e28a0c22000a9d0ded_7.jpg,4,1
awe,http://cs.rochester.edu/u/qyou/Ins/Imgs/awe/fd3ca6f2273411e3984822000a1f9707_8.jpg,5,0
awe,http://cs.rochester.edu/u/qyou/Ins/Imgs/awe/c41666880ea711e3881122000a9f12f2_7.jpg,1,4
awe,http://cs.rochester.edu/u/qyou/Ins/Imgs/awe/10369549_612429882188048_1140761699_n.jpg,4,1
awe,http://cs.rochester.edu/u/qyou/Ins/Imgs/awe/cb19555ad7bf11e19a8c22000a1c9e37_7.jpg,5,0
awe,http://cs.rochester.edu/u/qyou/Ins/Imgs/awe/b9878d1274f311e2ae2622000a1fb7e1_7.jpg,5,0
awe,http://cs.rochester.edu/u/qyou/Ins/Imgs/awe/10831769_355430114635231_2141855131_n.jpg,4,1
awe,http://cs.rochester.edu/u/qyou/Ins/Imgs/awe/0e7934c4d55711e28d1822000a1f8cf0_7.jpg,5,0
awe,http://cs.rochester.edu/u/qyou/Ins/Imgs/awe/c286c42e8e1f11e2b9c722000a9e07b7_7.jpg,5,0
awe,http://cs.rochester.edu/u/qyou/Ins/Imgs/awe/10251539_613656188723912_1694481134_n.jpg,5,0
awe,http://cs.rochester.edu/u/qyou/Ins/Imgs/awe/10d0f4c4e98e11e18a2c22000a1c8642_7.jpg,4,1
awe,http://cs.rochester.edu/u/qyou/Ins/Imgs/awe/10665443_1490510044548086_710977969_n.jpg,5,0
awe,http://cs.rochester.edu/u/qyou/Ins/Imgs/awe/9ec4c4e61c9f11e3ae5922000ae90854_7.jpg,3,2
awe,http://cs.rochester.edu/u/qyou/Ins/Imgs/awe/1662778_223348091184670_800796832_n.jpg,3,2
awe,http://cs.rochester.edu/u/qyou/Ins/Imgs/awe/b1fafd8ae91111e29c3622000ae904f9_7.jpg,5,0
awe,http://cs.rochester.edu/u/qyou/Ins/Imgs/awe/1940982_221867224680911_1084631509_n.jpg,4,1
awe,http://cs.rochester.edu/u/qyou/Ins/Imgs/awe/1389835_665263280191021_814706757_n.jpg,5,0
awe,http://cs.rochester.edu/u/qyou/Ins/Imgs/awe/929134_1514560215431740_759992975_n.jpg,4,1
awe,http://cs.rochester.edu/u/qyou/Ins/Imgs/awe/10570041_472328899578373_503213077_n.jpg,4,1
awe,http://cs.rochester.edu/u/qyou/Ins/Imgs/awe/10724833_304667229741742_1720304585_n.jpg,5,0
awe,http://cs.rochester.edu/u/qyou/Ins/Imgs/awe/a69ffce6fc7711e2979b22000a9f4ded_7.jpg,1,4
awe,http://cs.rochester.edu/u/qyou/Ins/Imgs/awe/f794bd40292211e2a2e022000a1faf45_7.jpg,4,1
awe,http://cs.rochester.edu/u/qyou/Ins/Imgs/awe/1530664_1603566963188048_1071068681_n.jpg,5,0
awe,http://cs.rochester.edu/u/qyou/Ins/Imgs/awe/18ce21deda9211e1b2fe1231380205bf_7.jpg,5,0
awe,http://cs.rochester.edu/u/qyou/Ins/Imgs/awe/10655107_519978194801819_1659265519_n.jpg,5,0
awe,http://cs.rochester.edu/u/qyou/Ins/Imgs/awe/10693381_698577160230272_1507310743_n.jpg,3,2
awe,http://cs.rochester.edu/u/qyou/Ins/Imgs/awe/df7b7a3edb9011e2839b22000aa801fc_7.jpg,4,1
awe,http://cs.rochester.edu/u/qyou/Ins/Imgs/awe/10661123_705843322823575_1144698165_n.jpg,5,0
awe,http://cs.rochester.edu/u/qyou/Ins/Imgs/awe/1169749_252254364924604_209702356_n.jpg,5,0
awe,http://cs.rochester.edu/u/qyou/Ins/Imgs/awe/11005129_1548044698786123_1185613808_n.jpg,2,3
awe,http://cs.rochester.edu/u/qyou/Ins/Imgs/awe/1170565_633018000077681_1579194535_n.jpg,4,1
awe,http://cs.rochester.edu/u/qyou/Ins/Imgs/awe/10369349_677518019008513_1560398214_n.jpg,5,0
awe,http://cs.rochester.edu/u/qyou/Ins/Imgs/awe/199a2dd041a611e299af22000a9e29bc_7.jpg,4,1
awe,http://cs.rochester.edu/u/qyou/Ins/Imgs/awe/d5bc54a6efea11e18e5722000a1e8abd_7.jpg,3,2
awe,http://cs.rochester.edu/u/qyou/Ins/Imgs/awe/1389884_733690703381343_981174062_n.jpg,5,0
awe,http://cs.rochester.edu/u/qyou/Ins/Imgs/awe/10471920_1485432738341220_1002422861_n.jpg,3,2
awe,http://cs.rochester.edu/u/qyou/Ins/Imgs/awe/1169281_492054457560150_1261851481_n.jpg,5,0
awe,http://cs.rochester.edu/u/qyou/Ins/Imgs/awe/d8d56a9aed5c11e2895222000aaa0568_7.jpg,5,0
awe,http://cs.rochester.edu/u/qyou/Ins/Imgs/awe/10175243_454087708056078_1536898577_n.jpg,3,2
awe,http://cs.rochester.edu/u/qyou/Ins/Imgs/awe/1169204_553126514802075_1492472477_n.jpg,5,0
awe,http://cs.rochester.edu/u/qyou/Ins/Imgs/awe/10584698_306943356144976_1472405720_n.jpg,3,2
awe,http://cs.rochester.edu/u/qyou/Ins/Imgs/awe/f7b4b5fa105d11e39ff222000aa8009c_7.jpg,4,1
awe,http://cs.rochester.edu/u/qyou/Ins/Imgs/awe/10666213_516359138503053_1860753635_n.jpg,4,1
awe,http://cs.rochester.edu/u/qyou/Ins/Imgs/awe/10932505_595139690621001_121247629_n.jpg,2,3
awe,http://cs.rochester.edu/u/qyou/Ins/Imgs/awe/c6aa19da471a11e2b53822000a1f96e6_7.jpg,2,3
awe,http://cs.rochester.edu/u/qyou/Ins/Imgs/awe/1389272_646973928658508_559670038_n.jpg,4,1
awe,http://cs.rochester.edu/u/qyou/Ins/Imgs/awe/1168684_424199017706774_705822286_n.jpg,5,0
awe,http://cs.rochester.edu/u/qyou/Ins/Imgs/awe/0802c230ec1011e18fe322000a1cdf77_7.jpg,5,0
awe,http://cs.rochester.edu/u/qyou/Ins/Imgs/awe/a62215a2f9cf11e1b09522000a1e8aa9_7.jpg,3,2
awe,http://cs.rochester.edu/u/qyou/Ins/Imgs/awe/10731897_1515648385356928_1726349916_n.jpg,4,1
awe,http://cs.rochester.edu/u/qyou/Ins/Imgs/awe/1515868_1448429382051867_195092137_n.jpg,2,3
awe,http://cs.rochester.edu/u/qyou/Ins/Imgs/awe/da4c4c8068bf11e2948e22000a1f9d45_7.jpg,4,1
awe,http://cs.rochester.edu/u/qyou/Ins/Imgs/awe/1fc2d3384a0211e29a0922000a1f8c1a_7.jpg,3,2
awe,http://cs.rochester.edu/u/qyou/Ins/Imgs/awe/10513794_513190608781791_249259489_n.jpg,3,2
awe,http://cs.rochester.edu/u/qyou/Ins/Imgs/awe/10517980_308805109280574_2048177022_n.jpg,5,0
awe,http://cs.rochester.edu/u/qyou/Ins/Imgs/awe/d0c83f22336111e2af0122000a1fbc9e_7.jpg,4,1
awe,http://cs.rochester.edu/u/qyou/Ins/Imgs/awe/10299782_707291762692444_924392008_n.jpg,5,0
awe,http://cs.rochester.edu/u/qyou/Ins/Imgs/awe/01aba408586011e2877122000a1fbc4f_7.jpg,3,2
awe,http://cs.rochester.edu/u/qyou/Ins/Imgs/awe/1515500_649166015129337_1721833822_n.jpg,5,0
awe,http://cs.rochester.edu/u/qyou/Ins/Imgs/awe/1171963_685523291492202_1747505401_n.jpg,4,1
awe,http://cs.rochester.edu/u/qyou/Ins/Imgs/awe/f60ce368be7211e292b622000a1fb73b_7.jpg,5,0
awe,http://cs.rochester.edu/u/qyou/Ins/Imgs/awe/c5318280387a11e3b85022000a1f9e75_7.jpg,5,0
awe,http://cs.rochester.edu/u/qyou/Ins/Imgs/awe/ee884972994511e2ab5722000a9e0907_7.jpg,5,0
awe,http://cs.rochester.edu/u/qyou/Ins/Imgs/awe/1388812_681135961907649_152348807_n.jpg,5,0
awe,http://cs.rochester.edu/u/qyou/Ins/Imgs/awe/fcc1bea8ac2011e3b950121b11d8b4a8_8.jpg,4,1
awe,http://cs.rochester.edu/u/qyou/Ins/Imgs/awe/b469dc849d1e11e181bd12313817987b_7.jpg,5,0
awe,http://cs.rochester.edu/u/qyou/Ins/Imgs/awe/0e144d8a1e6c11e3a94522000a1fbc56_7.jpg,2,3
awe,http://cs.rochester.edu/u/qyou/Ins/Imgs/awe/926590_605538122841798_1071856905_n.jpg,5,0
awe,http://cs.rochester.edu/u/qyou/Ins/Imgs/awe/c6bdbbba0dcc11e3a52022000a1f9e5e_7.jpg,5,0
awe,http://cs.rochester.edu/u/qyou/Ins/Imgs/awe/926800_249908665216538_1008929546_n.jpg,5,0
awe,http://cs.rochester.edu/u/qyou/Ins/Imgs/awe/067315aa2ac111e386be22000a9f139c_7.jpg,3,2
awe,http://cs.rochester.edu/u/qyou/Ins/Imgs/awe/dd58a7ce24cc11e3b49e22000ae91347_7.jpg,5,0
awe,http://cs.rochester.edu/u/qyou/Ins/Imgs/awe/1962991_235667036636292_59245726_n.jpg,5,0
awe,http://cs.rochester.edu/u/qyou/Ins/Imgs/awe/1171622_479657878813632_1340491431_n.jpg,5,0
awe,http://cs.rochester.edu/u/qyou/Ins/Imgs/awe/d0b3baa8055611e3af8422000a9e28e9_7.jpg,3,2
awe,http://cs.rochester.edu/u/qyou/Ins/Imgs/awe/10249399_268452319992353_1790071890_n.jpg,4,1
awe,http://cs.rochester.edu/u/qyou/Ins/Imgs/awe/1724185_211762915698352_295209263_n.jpg,5,0
awe,http://cs.rochester.edu/u/qyou/Ins/Imgs/awe/a644f4bc8d2e11e28a6422000a1f971a_7.jpg,5,0
awe,http://cs.rochester.edu/u/qyou/Ins/Imgs/awe/ef24b504a3c311e2a61a22000a9e06f0_7.jpg,5,0
awe,http://cs.rochester.edu/u/qyou/Ins/Imgs/awe/c0df8392b5b911e2b20722000a1f97fa_7.jpg,5,0
awe,http://cs.rochester.edu/u/qyou/Ins/Imgs/awe/10601962_798951663479586_1867235257_n.jpg,4,1
awe,http://cs.rochester.edu/u/qyou/Ins/Imgs/awe/1172072_461770700625646_1728960990_n.jpg,4,1
awe,http://cs.rochester.edu/u/qyou/Ins/Imgs/awe/10296975_1420033871597424_1325107355_n.jpg,3,2
awe,http://cs.rochester.edu/u/qyou/Ins/Imgs/awe/928084_581857635221212_1301914795_n.jpg,4,1
awe,http://cs.rochester.edu/u/qyou/Ins/Imgs/awe/ee6fd664a85111e3bd420e7d1f211926_8.jpg,5,0
awe,http://cs.rochester.edu/u/qyou/Ins/Imgs/awe/99179cbc806911e2979f22000a1f8ae3_7.jpg,4,1
awe,http://cs.rochester.edu/u/qyou/Ins/Imgs/awe/ee95587ef8e611e18a411231381a43e7_7.jpg,5,0
awe,http://cs.rochester.edu/u/qyou/Ins/Imgs/awe/10724659_590357647734876_359310000_n.jpg,5,0
awe,http://cs.rochester.edu/u/qyou/Ins/Imgs/awe/10735416_730290380398770_372953152_n.jpg,5,0
awe,http://cs.rochester.edu/u/qyou/Ins/Imgs/awe/1689403_258335167661380_2081156747_n.jpg,5,0
awe,http://cs.rochester.edu/u/qyou/Ins/Imgs/awe/a6fee66634fd11e380a722000a9e28dc_8.jpg,3,2
awe,http://cs.rochester.edu/u/qyou/Ins/Imgs/awe/b95002e2e46b11e287a322000ae81e57_7.jpg,4,1
awe,http://cs.rochester.edu/u/qyou/Ins/Imgs/awe/97ca5ef229f311e2935222000a1cfdeb_7.jpg,0,5
awe,http://cs.rochester.edu/u/qyou/Ins/Imgs/awe/193d805e76f211e2912322000a1f933e_7.jpg,4,1
awe,http://cs.rochester.edu/u/qyou/Ins/Imgs/awe/16a9f20013a611e28d7e22000a1f8cf4_7.jpg,0,5
awe,http://cs.rochester.edu/u/qyou/Ins/Imgs/awe/1516981_235978836583803_998567291_n.jpg,4,1
awe,http://cs.rochester.edu/u/qyou/Ins/Imgs/awe/10684230_524994290964540_832163996_n.jpg,5,0
awe,http://cs.rochester.edu/u/qyou/Ins/Imgs/awe/10748280_611455362293900_309180859_n.jpg,4,1
awe,http://cs.rochester.edu/u/qyou/Ins/Imgs/awe/1172216_1484394388452403_731918666_n.jpg,3,2
awe,http://cs.rochester.edu/u/qyou/Ins/Imgs/awe/10514133_255452774649689_920249038_n.jpg,5,0
awe,http://cs.rochester.edu/u/qyou/Ins/Imgs/awe/fc4dbb22c4e811e28df322000a9e48a8_7.jpg,5,0
awe,http://cs.rochester.edu/u/qyou/Ins/Imgs/awe/20279f1ca14111e180d51231380fcd7e_7.jpg,5,0
awe,http://cs.rochester.edu/u/qyou/Ins/Imgs/awe/10919535_1408384666124144_13765437_n.jpg,3,2
awe,http://cs.rochester.edu/u/qyou/Ins/Imgs/awe/1d705d0c94ef11e28abf22000a1f9bf5_7.jpg,5,0
awe,http://cs.rochester.edu/u/qyou/Ins/Imgs/awe/c4c73ace038d11e2890222000a1cfddf_7.jpg,4,1
awe,http://cs.rochester.edu/u/qyou/Ins/Imgs/awe/1530802_676882172368242_134416199_n.jpg,4,1
awe,http://cs.rochester.edu/u/qyou/Ins/Imgs/awe/1922028_520823331365283_1762261680_n.jpg,4,1
awe,http://cs.rochester.edu/u/qyou/Ins/Imgs/awe/fb6bffeec3a311e1a38422000a1c8933_7.jpg,2,3
awe,http://cs.rochester.edu/u/qyou/Ins/Imgs/awe/d105e7ac13fb11e3982122000a1f8c32_7.jpg,4,1
awe,http://cs.rochester.edu/u/qyou/Ins/Imgs/awe/10261320_246039722246110_2057187713_n.jpg,5,0
awe,http://cs.rochester.edu/u/qyou/Ins/Imgs/awe/fa94e9ecfa86494aa67fdb60a600a0a4_7.jpg,0,5
awe,http://cs.rochester.edu/u/qyou/Ins/Imgs/awe/1390354_641070565944464_227258731_n.jpg,3,2
awe,http://cs.rochester.edu/u/qyou/Ins/Imgs/awe/fd2a36e4c98211e28e2d22000a1fbe71_7.jpg,1,4
awe,http://cs.rochester.edu/u/qyou/Ins/Imgs/awe/fac66828218411e3816722000a1f93c3_7.jpg,5,0
awe,http://cs.rochester.edu/u/qyou/Ins/Imgs/awe/19f3a6dc24ca11e3b9fd22000a1fbc16_7.jpg,5,0
awe,http://cs.rochester.edu/u/qyou/Ins/Imgs/awe/926464_1485354785031899_507791472_n.jpg,0,5
awe,http://cs.rochester.edu/u/qyou/Ins/Imgs/awe/01cfdec6514511e2b9c722000a9e07b7_7.jpg,4,1
awe,http://cs.rochester.edu/u/qyou/Ins/Imgs/awe/0d00dd6cbc0d11e2afd722000a1f98d6_7.jpg,5,0
awe,http://cs.rochester.edu/u/qyou/Ins/Imgs/awe/a16929e24a5111e2807c22000a1fba57_7.jpg,5,0
awe,http://cs.rochester.edu/u/qyou/Ins/Imgs/awe/e50840e66f8d11e2a5cd22000a1fb0b0_7.jpg,4,1
awe,http://cs.rochester.edu/u/qyou/Ins/Imgs/awe/926793_318051785037827_448521658_n.jpg,4,1
awe,http://cs.rochester.edu/u/qyou/Ins/Imgs/awe/fb2fb344313a11e38c4722000a9f1966_7.jpg,3,2
awe,http://cs.rochester.edu/u/qyou/Ins/Imgs/awe/10471918_259438937573350_53419645_n.jpg,3,2
awe,http://cs.rochester.edu/u/qyou/Ins/Imgs/awe/1509156cf8bf11e2beb722000a9f3ce2_7.jpg,5,0
awe,http://cs.rochester.edu/u/qyou/Ins/Imgs/awe/10296967_664750350261113_521609929_n.jpg,1,4
awe,http://cs.rochester.edu/u/qyou/Ins/Imgs/awe/10326384_667513593315826_1876648957_n.jpg,4,1
awe,http://cs.rochester.edu/u/qyou/Ins/Imgs/awe/93f6c10ef9dc11e1a73722000a1e8a9f_7.jpg,4,1
awe,http://cs.rochester.edu/u/qyou/Ins/Imgs/awe/ec0b523cf03611e2963d22000a1f9cad_7.jpg,5,0
awe,http://cs.rochester.edu/u/qyou/Ins/Imgs/awe/afd4a37af59211e2948222000a1f9307_7.jpg,2,3
awe,http://cs.rochester.edu/u/qyou/Ins/Imgs/awe/10388024_1453818344859936_1466410505_n.jpg,4,1
awe,http://cs.rochester.edu/u/qyou/Ins/Imgs/awe/929299_495712633884424_584733255_n.jpg,4,1
awe,http://cs.rochester.edu/u/qyou/Ins/Imgs/awe/f63147ae085411e3b10722000a1f98d4_7.jpg,4,1
awe,http://cs.rochester.edu/u/qyou/Ins/Imgs/awe/baf777d4a3e211e2b19422000a1f9bc9_7.jpg,5,0
awe,http://cs.rochester.edu/u/qyou/Ins/Imgs/awe/a4ea764eef0511e2b45022000a1fb3cd_7.jpg,4,1
awe,http://cs.rochester.edu/u/qyou/Ins/Imgs/awe/0ac04362e41c11e2bbe722000a9f1253_7.jpg,2,3
awe,http://cs.rochester.edu/u/qyou/Ins/Imgs/awe/1517196_555538254537488_561483171_n.jpg,5,0
awe,http://cs.rochester.edu/u/qyou/Ins/Imgs/awe/10546841_545089755595788_1927945397_n.jpg,5,0
awe,http://cs.rochester.edu/u/qyou/Ins/Imgs/awe/1055e3e213d611e3bbd422000a1f9ab2_7.jpg,5,0
awe,http://cs.rochester.edu/u/qyou/Ins/Imgs/awe/cadfde88668a11e2ac8422000a1fbf16_7.jpg,4,1
awe,http://cs.rochester.edu/u/qyou/Ins/Imgs/awe/10261053_651500191587355_915418963_n.jpg,5,0
awe,http://cs.rochester.edu/u/qyou/Ins/Imgs/awe/1170167_414068395389181_1223883622_n.jpg,4,1
awe,http://cs.rochester.edu/u/qyou/Ins/Imgs/awe/c51fa0a6d6c311e2a8e322000a9f13d9_7.jpg,5,0
awe,http://cs.rochester.edu/u/qyou/Ins/Imgs/awe/ef679d48756911e2934722000a9f3cae_7.jpg,1,4
awe,http://cs.rochester.edu/u/qyou/Ins/Imgs/awe/10948799_1544845419130492_1121461011_n.jpg,4,1
awe,http://cs.rochester.edu/u/qyou/Ins/Imgs/awe/10544264_395631320568554_363267593_n.jpg,5,0
awe,http://cs.rochester.edu/u/qyou/Ins/Imgs/awe/10246018_741290882569427_1051946582_n.jpg,4,1
awe,http://cs.rochester.edu/u/qyou/Ins/Imgs/awe/bd35a7d4de6511e19a8c22000a1c9e37_7.jpg,5,0
awe,http://cs.rochester.edu/u/qyou/Ins/Imgs/awe/1389168_423567641102557_2026827281_n.jpg,5,0
awe,http://cs.rochester.edu/u/qyou/Ins/Imgs/awe/1941244_1398241837105872_336609209_n.jpg,5,0
awe,http://cs.rochester.edu/u/qyou/Ins/Imgs/awe/10914391_836873756378898_1107070145_n.jpg,3,2
awe,http://cs.rochester.edu/u/qyou/Ins/Imgs/awe/1171647_133132173524082_1733915422_n.jpg,1,4
awe,http://cs.rochester.edu/u/qyou/Ins/Imgs/awe/10956772_1540021672937889_1291039738_n.jpg,5,0
awe,http://cs.rochester.edu/u/qyou/Ins/Imgs/awe/ae083880c19a11e29b7122000a1f9a64_7.jpg,2,3
awe,http://cs.rochester.edu/u/qyou/Ins/Imgs/awe/faa7523ad5ee11e294dc22000ae913c2_7.jpg,4,1
awe,http://cs.rochester.edu/u/qyou/Ins/Imgs/awe/10543576_308282266009333_1978855701_n.jpg,4,1
awe,http://cs.rochester.edu/u/qyou/Ins/Imgs/awe/10731907_718030951614464_1396526993_n.jpg,4,1
awe,http://cs.rochester.edu/u/qyou/Ins/Imgs/awe/1889350_1441336426100549_523660533_n.jpg,2,3
awe,http://cs.rochester.edu/u/qyou/Ins/Imgs/awe/d5ab1782beb511e2890a22000a1fbc9a_7.jpg,5,0
awe,http://cs.rochester.edu/u/qyou/Ins/Imgs/awe/1661210_222750804578772_767652010_n.jpg,5,0
awe,http://cs.rochester.edu/u/qyou/Ins/Imgs/awe/1922215_675541805838737_749325647_n.jpg,1,4
awe,http://cs.rochester.edu/u/qyou/Ins/Imgs/awe/1172597_438025529653342_1545550796_n.jpg,3,2
awe,http://cs.rochester.edu/u/qyou/Ins/Imgs/awe/10953612_727689104019441_669959682_n.jpg,5,0
awe,http://cs.rochester.edu/u/qyou/Ins/Imgs/awe/10932118_558407184299001_702426880_n.jpg,5,0
awe,http://cs.rochester.edu/u/qyou/Ins/Imgs/awe/1739725_805501696134016_107951543_n.jpg,4,1
awe,http://cs.rochester.edu/u/qyou/Ins/Imgs/awe/94a473eac96a11e2822b22000a1f901c_7.jpg,5,0
awe,http://cs.rochester.edu/u/qyou/Ins/Imgs/awe/1389099_1436644619891939_526456986_n.jpg,5,0
awe,http://cs.rochester.edu/u/qyou/Ins/Imgs/awe/e1c2a016223a11e28ddc22000a9f15db_7.jpg,3,2
awe,http://cs.rochester.edu/u/qyou/Ins/Imgs/awe/10817915_731395713616510_131577110_n.jpg,2,3
awe,http://cs.rochester.edu/u/qyou/Ins/Imgs/awe/17027fe01b4a11e3b79d22000a9e5e12_7.jpg,3,2
awe,http://cs.rochester.edu/u/qyou/Ins/Imgs/awe/97d7f05c108611e2bf2722000a1fbc66_7.jpg,1,4
awe,http://cs.rochester.edu/u/qyou/Ins/Imgs/awe/1515655_497470130368295_1736871035_n.jpg,4,1
awe,http://cs.rochester.edu/u/qyou/Ins/Imgs/awe/a47a9e52be3411e294d322000a1f8c09_7.jpg,5,0
awe,http://cs.rochester.edu/u/qyou/Ins/Imgs/awe/229783c8dad111e29b4022000a9f3c65_7.jpg,5,0
awe,http://cs.rochester.edu/u/qyou/Ins/Imgs/awe/927525_1410789662495065_1214562062_n.jpg,1,4
awe,http://cs.rochester.edu/u/qyou/Ins/Imgs/awe/dc43e0ba11b211e39d5922000ae91047_7.jpg,1,4
awe,http://cs.rochester.edu/u/qyou/Ins/Imgs/awe/10852875_650377111740344_366004350_n.jpg,5,0
awe,http://cs.rochester.edu/u/qyou/Ins/Imgs/awe/10401714_494962810637381_469997030_n.jpg,2,3
awe,http://cs.rochester.edu/u/qyou/Ins/Imgs/awe/1172067_579585478781663_901117248_n.jpg,3,2
awe,http://cs.rochester.edu/u/qyou/Ins/Imgs/awe/10735597_1500756653507143_999587419_n.jpg,2,3
awe,http://cs.rochester.edu/u/qyou/Ins/Imgs/awe/a6b21f7ca19411e2806d22000a1f9e4d_7.jpg,5,0
awe,http://cs.rochester.edu/u/qyou/Ins/Imgs/awe/1389429_157810967762871_1376895277_n.jpg,5,0
awe,http://cs.rochester.edu/u/qyou/Ins/Imgs/awe/10802909_411761468977233_2011180629_n.jpg,3,2
awe,http://cs.rochester.edu/u/qyou/Ins/Imgs/awe/10809548_776944855704052_1241399676_n.jpg,5,0
awe,http://cs.rochester.edu/u/qyou/Ins/Imgs/awe/10632121_837846469580518_1115107444_n.jpg,0,5
awe,http://cs.rochester.edu/u/qyou/Ins/Imgs/awe/1527562_238401306338721_2003622789_n.jpg,5,0
awe,http://cs.rochester.edu/u/qyou/Ins/Imgs/awe/10632153_1471013359833414_1231495134_n.jpg,3,2
awe,http://cs.rochester.edu/u/qyou/Ins/Imgs/awe/089e5930736811e38e590ef09b18d586_8.jpg,3,2
awe,http://cs.rochester.edu/u/qyou/Ins/Imgs/awe/10802949_1510475262538528_455316655_n.jpg,5,0
awe,http://cs.rochester.edu/u/qyou/Ins/Imgs/awe/d40bd54441cc11e29fe522000a1f97ce_7.jpg,0,5
awe,http://cs.rochester.edu/u/qyou/Ins/Imgs/awe/10932531_768258749920785_1188491464_n.jpg,5,0
awe,http://cs.rochester.edu/u/qyou/Ins/Imgs/awe/b0334dd4b9cb11e19dc71231380fe523_7.jpg,4,1
awe,http://cs.rochester.edu/u/qyou/Ins/Imgs/awe/1971455_1385374685066047_475025905_n.jpg,5,0
awe,http://cs.rochester.edu/u/qyou/Ins/Imgs/awe/de4b7cc0e58811e2a77f22000a9e29a0_7.jpg,3,2
awe,http://cs.rochester.edu/u/qyou/Ins/Imgs/awe/a8105922ea5c11e285d522000a9f3c76_7.jpg,5,0
awe,http://cs.rochester.edu/u/qyou/Ins/Imgs/awe/1663001_485715784867340_1907383784_n.jpg,5,0
awe,http://cs.rochester.edu/u/qyou/Ins/Imgs/awe/f29070021a8d11e3b8a622000a1fbdb1_7.jpg,5,0
awe,http://cs.rochester.edu/u/qyou/Ins/Imgs/awe/18d14646eff611e2bd1422000aeb103d_7.jpg,5,0
awe,http://cs.rochester.edu/u/qyou/Ins/Imgs/awe/10817749_878235645542334_427061364_n.jpg,4,1
awe,http://cs.rochester.edu/u/qyou/Ins/Imgs/awe/d9f61a26b92411e2837022000a1fa4bb_7.jpg,0,5
awe,http://cs.rochester.edu/u/qyou/Ins/Imgs/awe/b0486048a07f11e2942122000aaa0535_7.jpg,4,1
awe,http://cs.rochester.edu/u/qyou/Ins/Imgs/awe/1391175_1505590499699484_1435763072_n.jpg,4,1
awe,http://cs.rochester.edu/u/qyou/Ins/Imgs/awe/1390061_1508251482777176_171938707_n.jpg,5,0
awe,http://cs.rochester.edu/u/qyou/Ins/Imgs/awe/10546594_350186481801848_7581104_n.jpg,3,2
awe,http://cs.rochester.edu/u/qyou/Ins/Imgs/awe/10727660_549867645115281_34995569_n.jpg,5,0
awe,http://cs.rochester.edu/u/qyou/Ins/Imgs/awe/a3e55f125b9d11e2ace922000a1f90f6_7.jpg,5,0
awe,http://cs.rochester.edu/u/qyou/Ins/Imgs/awe/9de6edba177711e3a84022000aa8048a_7.jpg,5,0
awe,http://cs.rochester.edu/u/qyou/Ins/Imgs/awe/10809690_1546469232231783_1423573730_n.jpg,2,3
awe,http://cs.rochester.edu/u/qyou/Ins/Imgs/awe/10808975_293581467507952_663668280_n.jpg,4,1
awe,http://cs.rochester.edu/u/qyou/Ins/Imgs/awe/03d9fe1e047c11e3b21822000aaa102f_7.jpg,5,0
awe,http://cs.rochester.edu/u/qyou/Ins/Imgs/awe/10251287_732497290115193_667041193_n.jpg,4,1
awe,http://cs.rochester.edu/u/qyou/Ins/Imgs/awe/1389721_348930828583933_695498224_n.jpg,3,2
awe,http://cs.rochester.edu/u/qyou/Ins/Imgs/awe/10802669_986174454732031_1377874613_n.jpg,5,0
awe,http://cs.rochester.edu/u/qyou/Ins/Imgs/awe/1389989_422744097854683_757251193_n.jpg,4,1
awe,http://cs.rochester.edu/u/qyou/Ins/Imgs/awe/10607903_640545732710135_499515727_n.jpg,3,2
awe,http://cs.rochester.edu/u/qyou/Ins/Imgs/awe/b5f2273a934711e28d1922000aa8037d_7.jpg,5,0
awe,http://cs.rochester.edu/u/qyou/Ins/Imgs/awe/10950458_1074762099215900_1641381553_n.jpg,4,1
awe,http://cs.rochester.edu/u/qyou/Ins/Imgs/awe/10903490_936016526423589_668475480_n.jpg,5,0
awe,http://cs.rochester.edu/u/qyou/Ins/Imgs/awe/10964033_826282230777593_1991093656_n.jpg,1,4
awe,http://cs.rochester.edu/u/qyou/Ins/Imgs/awe/f694a5c41f1011e39fc222000ab5bc8c_7.jpg,4,1
awe,http://cs.rochester.edu/u/qyou/Ins/Imgs/awe/10499031_600534833401179_1171737632_n.jpg,5,0
awe,http://cs.rochester.edu/u/qyou/Ins/Imgs/awe/10249191_631868893563083_1521603198_n.jpg,5,0
awe,http://cs.rochester.edu/u/qyou/Ins/Imgs/awe/2232a86c4ba811e2b23022000a1f9ad5_7.jpg,3,2
awe,http://cs.rochester.edu/u/qyou/Ins/Imgs/awe/10684207_364966036996099_1588992681_n.jpg,1,4
awe,http://cs.rochester.edu/u/qyou/Ins/Imgs/awe/1170432_225736884287099_1173718479_n.jpg,5,0
awe,http://cs.rochester.edu/u/qyou/Ins/Imgs/awe/1389874_635673559818598_1395034021_n.jpg,4,1
awe,http://cs.rochester.edu/u/qyou/Ins/Imgs/awe/e403c824293b11e3877122000a1fbc4f_7.jpg,4,1
awe,http://cs.rochester.edu/u/qyou/Ins/Imgs/awe/10735192_489801701159439_798784292_n.jpg,3,2
awe,http://cs.rochester.edu/u/qyou/Ins/Imgs/awe/1516266_1414488722125055_543859245_n.jpg,5,0
awe,http://cs.rochester.edu/u/qyou/Ins/Imgs/awe/10593335_618702254924159_570411064_n.jpg,5,0
awe,http://cs.rochester.edu/u/qyou/Ins/Imgs/awe/1173133_403749109752219_472256478_n.jpg,3,2
awe,http://cs.rochester.edu/u/qyou/Ins/Imgs/awe/10518295_314102375432332_470608648_n.jpg,1,4
awe,http://cs.rochester.edu/u/qyou/Ins/Imgs/awe/a75dc104d17f11e2912922000a1fceb7_7.jpg,4,1
awe,http://cs.rochester.edu/u/qyou/Ins/Imgs/awe/15ed7bea506c11e2b5f422000a1f9a34_7.jpg,3,2
awe,http://cs.rochester.edu/u/qyou/Ins/Imgs/awe/10514094_802517453149138_1001939773_n.jpg,4,1
awe,http://cs.rochester.edu/u/qyou/Ins/Imgs/awe/1173105_177964055737502_964421204_n.jpg,5,0
awe,http://cs.rochester.edu/u/qyou/Ins/Imgs/awe/0a2eb80c606e11e2902022000a1ddbd3_7.jpg,3,2
awe,http://cs.rochester.edu/u/qyou/Ins/Imgs/awe/10735493_1573139369575689_1204601849_n.jpg,0,5
awe,http://cs.rochester.edu/u/qyou/Ins/Imgs/awe/10454185_1449025752016891_529559941_n.jpg,3,2
awe,http://cs.rochester.edu/u/qyou/Ins/Imgs/awe/10693564_532778313519566_2074223448_n.jpg,5,0
awe,http://cs.rochester.edu/u/qyou/Ins/Imgs/awe/f4cf6b20f80f11e2baba22000ae90d6f_7.jpg,3,2
awe,http://cs.rochester.edu/u/qyou/Ins/Imgs/awe/10747729_1382866518672076_736565886_n.jpg,4,1
awe,http://cs.rochester.edu/u/qyou/Ins/Imgs/awe/da797876104011e3aeca22000a9f18e5_7.jpg,5,0
awe,http://cs.rochester.edu/u/qyou/Ins/Imgs/awe/bd54c642804a11e180c9123138016265_7.jpg,4,1
awe,http://cs.rochester.edu/u/qyou/Ins/Imgs/awe/aeebed68c4cf11e2866922000a1fbcb1_7.jpg,5,0
awe,http://cs.rochester.edu/u/qyou/Ins/Imgs/awe/1515160_137592733077814_380164986_n.jpg,3,2
awe,http://cs.rochester.edu/u/qyou/Ins/Imgs/awe/10990650_817982128256280_1339322080_n.jpg,1,4
awe,http://cs.rochester.edu/u/qyou/Ins/Imgs/awe/ae84501c61a711e29bea22000a1f90d2_7.jpg,5,0
awe,http://cs.rochester.edu/u/qyou/Ins/Imgs/awe/10576206_900654806628354_549135275_n.jpg,5,0
awe,http://cs.rochester.edu/u/qyou/Ins/Imgs/awe/10299629_252392291612833_1927488766_n.jpg,5,0
awe,http://cs.rochester.edu/u/qyou/Ins/Imgs/awe/f3bd7e72a57411e2a2e222000a9e48a3_7.jpg,5,0
awe,http://cs.rochester.edu/u/qyou/Ins/Imgs/awe/10666170_321263848059399_1490872684_n.jpg,5,0
awe,http://cs.rochester.edu/u/qyou/Ins/Imgs/awe/10499234_1433419340254602_34427959_n.jpg,4,1
awe,http://cs.rochester.edu/u/qyou/Ins/Imgs/awe/e99654fc085611e283e822000a1d011d_7.jpg,5,0
awe,http://cs.rochester.edu/u/qyou/Ins/Imgs/awe/10540293_1449059438698336_138070480_n.jpg,1,4
awe,http://cs.rochester.edu/u/qyou/Ins/Imgs/awe/1723506_269541793204918_253708074_n.jpg,5,0
awe,http://cs.rochester.edu/u/qyou/Ins/Imgs/awe/10245905_1446796528897890_22059212_n.jpg,5,0
awe,http://cs.rochester.edu/u/qyou/Ins/Imgs/awe/10986047_1538792786402255_526003450_n.jpg,5,0
awe,http://cs.rochester.edu/u/qyou/Ins/Imgs/awe/0a7662d6322f11e38b9422000a1f8af5_8.jpg,4,1
awe,http://cs.rochester.edu/u/qyou/Ins/Imgs/awe/11008228_1638778113012896_434850450_n.jpg,5,0
awe,http://cs.rochester.edu/u/qyou/Ins/Imgs/awe/123737422ed511e2a94522000a1fbc56_7.jpg,0,5
awe,http://cs.rochester.edu/u/qyou/Ins/Imgs/awe/10995177_1083019301724399_719945382_n.jpg,5,0
awe,http://cs.rochester.edu/u/qyou/Ins/Imgs/awe/ec3a0520472e11e2b74c22000a9f1427_7.jpg,5,0
awe,http://cs.rochester.edu/u/qyou/Ins/Imgs/awe/927453_537309993067883_2019974026_n.jpg,5,0
awe,http://cs.rochester.edu/u/qyou/Ins/Imgs/awe/10946237_958506790827768_1980518435_n.jpg,3,2
awe,http://cs.rochester.edu/u/qyou/Ins/Imgs/awe/1922026_1393753877557779_1924255128_n.jpg,1,4
awe,http://cs.rochester.edu/u/qyou/Ins/Imgs/awe/1033147c189d11e3a12d22000a1fa52e_7.jpg,5,0
awe,http://cs.rochester.edu/u/qyou/Ins/Imgs/awe/10544287_1508080806070192_2014679930_n.jpg,4,1
awe,http://cs.rochester.edu/u/qyou/Ins/Imgs/awe/10727223_664221833675932_988013392_n.jpg,4,1
awe,http://cs.rochester.edu/u/qyou/Ins/Imgs/awe/cb35aad29a4411e2a9a222000aa81a0e_7.jpg,5,0
awe,http://cs.rochester.edu/u/qyou/Ins/Imgs/awe/10643825_337534996407272_611322328_n.jpg,5,0
awe,http://cs.rochester.edu/u/qyou/Ins/Imgs/awe/1390115_694140300649104_443551634_n.jpg,5,0
awe,http://cs.rochester.edu/u/qyou/Ins/Imgs/awe/10903628_1615266225359912_1799855355_n.jpg,4,1
awe,http://cs.rochester.edu/u/qyou/Ins/Imgs/awe/10012467_244100369108500_781921406_n.jpg,5,0
awe,http://cs.rochester.edu/u/qyou/Ins/Imgs/awe/99629de6517c11e2b9c722000a9e07b7_7.jpg,4,1
awe,http://cs.rochester.edu/u/qyou/Ins/Imgs/awe/df9b5144cbda11e2a74822000a9e2993_7.jpg,2,3
awe,http://cs.rochester.edu/u/qyou/Ins/Imgs/awe/0770d44679f111e2a2c122000a1f9d4d_7.jpg,1,4
awe,http://cs.rochester.edu/u/qyou/Ins/Imgs/awe/b99f017e354911e38e3c22000ab5bb51_8.jpg,5,0
awe,http://cs.rochester.edu/u/qyou/Ins/Imgs/awe/0f5eaea6761a11e2902022000a1ddbd3_7.jpg,5,0
awe,http://cs.rochester.edu/u/qyou/Ins/Imgs/awe/1172914_444763108961573_1419504679_n.jpg,5,0
awe,http://cs.rochester.edu/u/qyou/Ins/Imgs/awe/10895465_854557184605189_1537190465_n.jpg,5,0
awe,http://cs.rochester.edu/u/qyou/Ins/Imgs/awe/10632269_322393961262431_433037085_n.jpg,3,2
awe,http://cs.rochester.edu/u/qyou/Ins/Imgs/awe/a74e4c24571811e28abf22000a1f9bf5_7.jpg,5,0
awe,http://cs.rochester.edu/u/qyou/Ins/Imgs/awe/125a0712517c11e2b7d622000a1f968a_7.jpg,5,0
awe,http://cs.rochester.edu/u/qyou/Ins/Imgs/awe/048c9136ee5211e2ad8422000a1fa8e9_7.jpg,5,0
awe,http://cs.rochester.edu/u/qyou/Ins/Imgs/awe/10756013_1539226159651854_110709347_n.jpg,5,0
awe,http://cs.rochester.edu/u/qyou/Ins/Imgs/awe/c6edfc0eefdb11e1b4ee22000a1e8aed_7.jpg,5,0
awe,http://cs.rochester.edu/u/qyou/Ins/Imgs/awe/da11103208f311e3881122000a9f12f2_7.jpg,5,0
awe,http://cs.rochester.edu/u/qyou/Ins/Imgs/awe/10731772_1485396488408830_1049321826_n.jpg,5,0
awe,http://cs.rochester.edu/u/qyou/Ins/Imgs/awe/e3bd698cc63611e2a84022000aa8048a_7.jpg,5,0
awe,http://cs.rochester.edu/u/qyou/Ins/Imgs/awe/01bf80880d9f11e2934a123138203b9f_7.jpg,5,0
awe,http://cs.rochester.edu/u/qyou/Ins/Imgs/awe/926121_221415618056944_170439908_n.jpg,5,0
awe,http://cs.rochester.edu/u/qyou/Ins/Imgs/awe/10881845_1611422672419309_1980206154_n.jpg,0,5
awe,http://cs.rochester.edu/u/qyou/Ins/Imgs/awe/1724075_505266159589780_744881283_n.jpg,4,1
awe,http://cs.rochester.edu/u/qyou/Ins/Imgs/awe/10507955_575836675875958_716510412_n.jpg,5,0
awe,http://cs.rochester.edu/u/qyou/Ins/Imgs/awe/d6f16068386111e29b2522000a9f13d5_7.jpg,5,0
awe,http://cs.rochester.edu/u/qyou/Ins/Imgs/awe/a91c74b69f1d11e2868722000aaa088a_7.jpg,2,3
awe,http://cs.rochester.edu/u/qyou/Ins/Imgs/awe/9b04126ec88d11e2a5cd22000a1fb0b0_7.jpg,4,1
awe,http://cs.rochester.edu/u/qyou/Ins/Imgs/awe/976d2c78cc7311e29f5b22000a1fbc74_7.jpg,5,0
awe,http://cs.rochester.edu/u/qyou/Ins/Imgs/awe/1515088_591594920920602_413708273_n.jpg,5,0
awe,http://cs.rochester.edu/u/qyou/Ins/Imgs/awe/10661253_345040858989241_1760664179_n.jpg,5,0
awe,http://cs.rochester.edu/u/qyou/Ins/Imgs/awe/11007862_1587666254782566_776439951_n.jpg,5,0
awe,http://cs.rochester.edu/u/qyou/Ins/Imgs/awe/f8e607a2b9fb11e2a23c22000a1f9d66_7.jpg,3,2
awe,http://cs.rochester.edu/u/qyou/Ins/Imgs/awe/10471832_684579944931338_1874872304_n.jpg,4,1
awe,http://cs.rochester.edu/u/qyou/Ins/Imgs/awe/cec42e7ea70b11e3b76a12716b453d94_8.jpg,3,2
awe,http://cs.rochester.edu/u/qyou/Ins/Imgs/awe/929181_599258796860934_746226562_n.jpg,1,4
awe,http://cs.rochester.edu/u/qyou/Ins/Imgs/awe/a3547318d95511e2ae7222000aaa0519_7.jpg,4,1
awe,http://cs.rochester.edu/u/qyou/Ins/Imgs/awe/c5ea852aaaec11e391771281c39a7fe7_8.jpg,4,1
awe,http://cs.rochester.edu/u/qyou/Ins/Imgs/awe/927467_1395040600793346_303142072_n.jpg,4,1
awe,http://cs.rochester.edu/u/qyou/Ins/Imgs/awe/10349603_1454269008152907_1913416199_n.jpg,5,0
awe,http://cs.rochester.edu/u/qyou/Ins/Imgs/awe/10725210_1503300029941350_2000720931_n.jpg,5,0
awe,http://cs.rochester.edu/u/qyou/Ins/Imgs/awe/92a88d24636b11e3878e12b4e1ddf625_8.jpg,2,3
awe,http://cs.rochester.edu/u/qyou/Ins/Imgs/awe/d8edc39ef21e11e2a45b22000a9e06cb_7.jpg,3,2
awe,http://cs.rochester.edu/u/qyou/Ins/Imgs/awe/1963161_578866282204807_1593512783_n.jpg,4,1
awe,http://cs.rochester.edu/u/qyou/Ins/Imgs/awe/ca59d3f4787f11e2949722000a1f90e1_7.jpg,5,0
awe,http://cs.rochester.edu/u/qyou/Ins/Imgs/awe/10251421_777006985657964_1592275266_n.jpg,5,0
awe,http://cs.rochester.edu/u/qyou/Ins/Imgs/awe/08f7f33a586311e280ba22000a9f1893_7.jpg,5,0
awe,http://cs.rochester.edu/u/qyou/Ins/Imgs/awe/10724962_818908208140804_378267279_n.jpg,5,0
awe,http://cs.rochester.edu/u/qyou/Ins/Imgs/awe/17ca2182db6111e1ac8422000a1e95e1_7.jpg,5,0
awe,http://cs.rochester.edu/u/qyou/Ins/Imgs/awe/10732020_1508688459417461_124980607_n.jpg,5,0
awe,http://cs.rochester.edu/u/qyou/Ins/Imgs/awe/233c9f86bfaa11e1a39b1231381b7ba1_7.jpg,4,1
awe,http://cs.rochester.edu/u/qyou/Ins/Imgs/awe/c02af256ccc511e2a94522000a1fbc56_7.jpg,5,0
awe,http://cs.rochester.edu/u/qyou/Ins/Imgs/awe/afe2b9a44c6111e2ad8422000a1fa8e9_7.jpg,5,0
awe,http://cs.rochester.edu/u/qyou/Ins/Imgs/awe/10601826_719284161471094_732909481_n.jpg,5,0
awe,http://cs.rochester.edu/u/qyou/Ins/Imgs/awe/10522313_1457372974514931_1397546647_n.jpg,5,0
awe,http://cs.rochester.edu/u/qyou/Ins/Imgs/awe/1689846_236653659840175_186949246_n.jpg,5,0
awe,http://cs.rochester.edu/u/qyou/Ins/Imgs/awe/10955417_1543391495950339_16743515_n.jpg,1,4
awe,http://cs.rochester.edu/u/qyou/Ins/Imgs/awe/e64b375a4ba811e29bea22000a1f90d2_7.jpg,5,0
awe,http://cs.rochester.edu/u/qyou/Ins/Imgs/awe/10948290_1529324197355069_436470705_n.jpg,4,1
awe,http://cs.rochester.edu/u/qyou/Ins/Imgs/awe/dec731d2547c11e2a7d422000a9e0846_7.jpg,5,0
awe,http://cs.rochester.edu/u/qyou/Ins/Imgs/awe/10401754_1516310565256630_2076372646_n.jpg,5,0
awe,http://cs.rochester.edu/u/qyou/Ins/Imgs/awe/1172022_431899273619866_1538521535_n.jpg,1,4
awe,http://cs.rochester.edu/u/qyou/Ins/Imgs/awe/b8dc743e5fd311e2aa2d22000a1f9a45_7.jpg,3,2
awe,http://cs.rochester.edu/u/qyou/Ins/Imgs/awe/c78b7b6a125811e2a2e022000a1faf45_7.jpg,3,2
awe,http://cs.rochester.edu/u/qyou/Ins/Imgs/awe/10514150_723919527655054_1966896817_n.jpg,3,2
awe,http://cs.rochester.edu/u/qyou/Ins/Imgs/awe/10852826_406994772791670_1533076374_n.jpg,5,0
awe,http://cs.rochester.edu/u/qyou/Ins/Imgs/awe/1173183_755757201108209_1027969036_n.jpg,5,0
awe,http://cs.rochester.edu/u/qyou/Ins/Imgs/awe/dd74ea5ea8ef11e39742123d8e3ac668_8.jpg,3,2
awe,http://cs.rochester.edu/u/qyou/Ins/Imgs/awe/1391182_320287854775859_1193094584_n.jpg,4,1
awe,http://cs.rochester.edu/u/qyou/Ins/Imgs/awe/10747929_1553621541536374_478465884_n.jpg,3,2
awe,http://cs.rochester.edu/u/qyou/Ins/Imgs/awe/1516092_675369092524274_765690791_n.jpg,3,2
awe,http://cs.rochester.edu/u/qyou/Ins/Imgs/awe/a4e85e58efac11e18a5c22000a1e86b8_7.jpg,0,5
awe,http://cs.rochester.edu/u/qyou/Ins/Imgs/awe/c2855ad6275211e38df922000a9f1991_8.jpg,5,0
awe,http://cs.rochester.edu/u/qyou/Ins/Imgs/awe/10475160_292645154239668_314663915_n.jpg,5,0
awe,http://cs.rochester.edu/u/qyou/Ins/Imgs/awe/1530814_554809221311946_605936328_n.jpg,3,2
awe,http://cs.rochester.edu/u/qyou/Ins/Imgs/awe/fdf90eccd46011e28df322000a9e48a8_7.jpg,5,0
awe,http://cs.rochester.edu/u/qyou/Ins/Imgs/awe/10424520_1427884377488030_774704734_n.jpg,1,4
awe,http://cs.rochester.edu/u/qyou/Ins/Imgs/awe/10818010_806947782680608_157820633_n.jpg,4,1
awe,http://cs.rochester.edu/u/qyou/Ins/Imgs/awe/1516682_176081862601746_1049104876_n.jpg,4,1
awe,http://cs.rochester.edu/u/qyou/Ins/Imgs/awe/1170094_544203515669648_1204638769_n.jpg,5,0
awe,http://cs.rochester.edu/u/qyou/Ins/Imgs/awe/1388797_590168251020351_568238456_n.jpg,5,0
awe,http://cs.rochester.edu/u/qyou/Ins/Imgs/awe/10414021_620925824672186_242324800_n.jpg,5,0
awe,http://cs.rochester.edu/u/qyou/Ins/Imgs/awe/03a0ecd6370011e2a52022000a1f9e5e_7.jpg,4,1
awe,http://cs.rochester.edu/u/qyou/Ins/Imgs/awe/035fdc0e817511e2a03b22000a1f92d6_7.jpg,5,0
awe,http://cs.rochester.edu/u/qyou/Ins/Imgs/awe/c12cf730a12c11e39b8f0ebc2702080c_8.jpg,5,0
awe,http://cs.rochester.edu/u/qyou/Ins/Imgs/awe/1169125_541528915924534_716813986_n.jpg,3,2
awe,http://cs.rochester.edu/u/qyou/Ins/Imgs/awe/9d61342608aa11e3816722000a1f93c3_7.jpg,5,0
awe,http://cs.rochester.edu/u/qyou/Ins/Imgs/awe/1517143_605859639468515_536797189_n.jpg,4,1
awe,http://cs.rochester.edu/u/qyou/Ins/Imgs/awe/926463_646860298730263_655019262_n.jpg,4,1
awe,http://cs.rochester.edu/u/qyou/Ins/Imgs/awe/d820214e1b4811e2979622000a1fb04f_7.jpg,5,0
