awe,http://farm6.staticflickr.com/5545/9375032412_ba3cc5cd2b_z.jpg,3,2
awe,http://farm8.staticflickr.com/7288/8741590270_8b92b11e31_z.jpg,4,1
awe,http://farm6.staticflickr.com/5489/12242431344_e01eb2621e_z.jpg,5,0
awe,http://farm9.staticflickr.com/8155/7479685024_d4e25010fe_z.jpg,5,0
awe,http://farm8.staticflickr.com/7114/6873276024_e06107601a_z.jpg,2,3
awe,http://farm9.staticflickr.com/8530/8684027366_cf471291d3_z.jpg,5,0
awe,http://farm8.staticflickr.com/7254/7833775956_5912db1144_z.jpg,1,4
awe,http://farm3.staticflickr.com/2935/14202337106_6840852345_z.jpg,3,2
awe,http://farm4.staticflickr.com/3694/10998784034_a9d5dbbf49_z.jpg,4,0
awe,http://farm6.staticflickr.com/5319/7232454012_30485076fe_z.jpg,0,5
awe,http://farm9.staticflickr.com/8072/8446562442_b4f27efd7d_z.jpg,4,1
awe,http://farm8.staticflickr.com/7559/15969312417_fa7843b09f_z.jpg,3,2
awe,http://farm4.staticflickr.com/3825/10062722936_eeaef4fa11_z.jpg,5,0
awe,http://farm4.staticflickr.com/3762/9454599892_2e491ea548_z.jpg,2,3
awe,http://farm6.staticflickr.com/5472/9089695010_99ca2b552f_z.jpg,4,1
awe,http://farm6.staticflickr.com/5540/9411968944_0f080c982d_z.jpg,5,0
awe,http://farm9.staticflickr.com/8389/8615781437_3bd7cf13c8_z.jpg,5,0
awe,http://farm8.staticflickr.com/7571/15892098360_f8e7b95c9c_z.jpg,5,0
awe,http://farm6.staticflickr.com/5480/9294413699_fff92b35b9_z.jpg,4,1
awe,http://farm9.staticflickr.com/8483/8218349923_d8e8c95560_z.jpg,1,4
awe,http://farm4.staticflickr.com/3763/9977596536_aa6af2aaf4_z.jpg,3,2
awe,http://farm6.staticflickr.com/5489/11431179946_010bf5b0c0_z.jpg,5,0
awe,http://farm4.staticflickr.com/3907/14347163952_1fab4f17f9_z.jpg,4,1
awe,http://farm9.staticflickr.com/8479/8227945609_a526712256_z.jpg,2,3
awe,http://farm6.staticflickr.com/5581/14856421559_16c4dff501_z.jpg,4,1
awe,http://farm9.staticflickr.com/8060/8237143796_40295f3ac1_z.jpg,1,4
awe,http://farm9.staticflickr.com/8059/8227209571_80641540d2_z.jpg,5,0
awe,http://farm7.staticflickr.com/6032/6996956049_5329624937_z.jpg,5,0
awe,http://farm8.staticflickr.com/7364/10717839475_ce60bc682f_z.jpg,5,0
awe,http://farm9.staticflickr.com/8406/8953074363_3ebe8c0e0c_z.jpg,1,4
awe,http://farm8.staticflickr.com/7223/6909417004_eea1d12748_z.jpg,5,0
awe,http://farm9.staticflickr.com/8283/7719798158_91a1fbfa63_z.jpg,0,5
awe,http://farm4.staticflickr.com/3896/14407259529_f829980499_z.jpg,5,0
awe,http://farm4.staticflickr.com/3911/14880497648_b3ea24a9de_z.jpg,5,0
awe,http://farm8.staticflickr.com/7083/7317656456_f096922f85_z.jpg,5,0
awe,http://farm8.staticflickr.com/7260/7644360300_a337626858_z.jpg,0,5
awe,http://farm8.staticflickr.com/7248/6919990426_68b69c06dc_z.jpg,2,3
awe,http://farm8.staticflickr.com/7308/12908025363_ae27fecf21_z.jpg,0,5
awe,http://farm8.staticflickr.com/7328/12305923563_9b8d0cd3b7_z.jpg,2,3
awe,http://farm6.staticflickr.com/5485/12118326196_30be928607_z.jpg,5,0
awe,http://farm9.staticflickr.com/8478/8186664838_c6efa30dd9_z.jpg,3,2
awe,http://farm6.staticflickr.com/5034/7405117202_af4cc806ac_z.jpg,5,0
awe,http://farm9.staticflickr.com/8012/7247668692_844ae06d1a_z.jpg,5,0
awe,http://farm9.staticflickr.com/8160/7358238558_73e75a1a1c_z.jpg,2,3
awe,http://farm4.staticflickr.com/3287/2429027303_2c22d9420d_z.jpg,2,3
awe,http://farm9.staticflickr.com/8350/8173446926_7b51743638_z.jpg,4,1
awe,http://farm3.staticflickr.com/2882/11434937564_755c4ef48f_z.jpg,5,0
awe,http://farm9.staticflickr.com/8359/8289062128_db0cb5239e_z.jpg,1,4
awe,http://farm3.staticflickr.com/2946/15314361267_0c4c1159b9_z.jpg,0,5
awe,http://farm6.staticflickr.com/5455/9538644010_ffbe5a4727_z.jpg,3,2
awe,http://farm6.staticflickr.com/5581/14598339340_bf3c1c0159_z.jpg,5,0
awe,http://farm8.staticflickr.com/7074/7380110592_afb5b144cc_z.jpg,4,1
awe,http://farm9.staticflickr.com/8395/8624681134_cc18c02e9b_z.jpg,4,1
awe,http://farm4.staticflickr.com/3917/14742731244_0802892e5d_z.jpg,5,0
awe,http://farm4.staticflickr.com/3818/11136782005_4769ef725f_z.jpg,4,0
awe,http://farm8.staticflickr.com/7372/12255473193_5ab409995c_z.jpg,4,1
awe,http://farm8.staticflickr.com/7220/13160676224_3701217c89_z.jpg,5,0
awe,http://farm6.staticflickr.com/5484/11717444983_9d71b20c3d_z.jpg,5,0
awe,http://farm4.staticflickr.com/3937/15432966550_b88e54821c_z.jpg,4,1
awe,http://farm4.staticflickr.com/3817/10683272114_5a03a99baf_z.jpg,4,1
awe,http://farm8.staticflickr.com/7206/6974080975_f8806ee40b_z.jpg,4,1
awe,http://farm3.staticflickr.com/2817/10860722124_e58dc56a2a_z.jpg,4,1
awe,http://farm8.staticflickr.com/7220/7211961540_77acf2e156_z.jpg,3,2
awe,http://farm8.staticflickr.com/7356/13983741639_d001a628ac_z.jpg,5,0
awe,http://farm8.staticflickr.com/7299/9686943325_0d30acb983_z.jpg,5,0
awe,http://farm9.staticflickr.com/8253/8610234513_8fe5ffd7d9_z.jpg,5,0
awe,http://farm3.staticflickr.com/2944/15422326425_76abbc8c89_z.jpg,1,4
awe,http://farm8.staticflickr.com/7463/15674287747_6971f21c29_z.jpg,5,0
awe,http://farm9.staticflickr.com/8294/7663101268_31836b1804_z.jpg,3,2
awe,http://farm8.staticflickr.com/7073/7204040546_1a65a18273_z.jpg,5,0
awe,http://farm9.staticflickr.com/8386/8622828445_94e95f87e8_z.jpg,4,1
awe,http://farm4.staticflickr.com/3674/9109377897_0e1993498f_z.jpg,1,4
awe,http://farm4.staticflickr.com/3945/15503375865_aed9ae412f_z.jpg,5,0
awe,http://farm6.staticflickr.com/5273/14562499954_2b19e826c0_z.jpg,3,2
awe,http://farm9.staticflickr.com/8582/16078936172_987683b92b_z.jpg,5,0
awe,http://farm4.staticflickr.com/3787/9009582389_c43a579cc9_z.jpg,0,5
awe,http://farm6.staticflickr.com/5576/15250924925_50b8b9a214_z.jpg,1,4
awe,http://farm9.staticflickr.com/8197/8196198808_03b3892527_z.jpg,5,0
awe,http://farm6.staticflickr.com/5560/14778392314_a5e48f1998_z.jpg,3,2
awe,http://farm8.staticflickr.com/7273/7524396988_4ba3487274_z.jpg,5,0
awe,http://farm4.staticflickr.com/3796/10744611743_9a85ebaa0a_z.jpg,3,2
awe,http://farm4.staticflickr.com/3689/9070437735_333f0652d9_z.jpg,5,0
awe,http://farm4.staticflickr.com/3950/15731386302_7c4b0bcd79_z.jpg,5,0
awe,http://farm6.staticflickr.com/5615/15467296566_44bd0bd632_z.jpg,5,0
awe,http://farm8.staticflickr.com/7022/6636072977_bbcf836d6e_z.jpg,5,0
awe,http://farm9.staticflickr.com/8376/8561064170_3d6091570d_z.jpg,2,3
awe,http://farm9.staticflickr.com/8458/8031840631_165289457c_z.jpg,5,0
awe,http://farm3.staticflickr.com/2866/10716699723_a37c8bec00_z.jpg,4,1
awe,http://farm6.staticflickr.com/5550/11303453375_9a885a90f2_z.jpg,4,1
awe,http://farm9.staticflickr.com/8078/8302068797_1047a54665_z.jpg,3,2
awe,http://farm9.staticflickr.com/8527/8510607622_427d8e2d30_z.jpg,2,3
awe,http://farm9.staticflickr.com/8332/8113255490_a393ea27d7_z.jpg,4,1
awe,http://farm4.staticflickr.com/3673/11973305863_0b7853cffc_z.jpg,5,0
awe,http://farm4.staticflickr.com/3727/11149014353_d56d95d877_z.jpg,0,5
awe,http://farm9.staticflickr.com/8373/8441011320_f0cf6dc87e_z.jpg,2,3
awe,http://farm3.staticflickr.com/2930/14030304756_30bac90a60_z.jpg,2,3
awe,http://farm8.staticflickr.com/7041/6795424106_bbe5a997f4_z.jpg,4,1
awe,http://farm9.staticflickr.com/8145/7421549068_4316cdf3de_z.jpg,2,3
awe,http://farm4.staticflickr.com/3858/15363492426_3769332634_z.jpg,5,0
awe,http://farm8.staticflickr.com/7241/6902206576_24da08150e_z.jpg,4,1
awe,http://farm8.staticflickr.com/7100/7034242659_50e6293de0_z.jpg,1,4
awe,http://farm4.staticflickr.com/3784/13744743615_3d23d75707_z.jpg,4,1
awe,http://farm8.staticflickr.com/7157/13188352883_ab9415ff92_z.jpg,1,4
awe,http://farm6.staticflickr.com/5279/7364178108_fa14bbe251_z.jpg,2,3
awe,http://farm9.staticflickr.com/8659/15504865374_e5dd03648b_z.jpg,4,1
awe,http://farm6.staticflickr.com/5327/9502021431_9e5d0e0945_z.jpg,1,4
awe,http://farm4.staticflickr.com/3931/15432461616_417236242a_z.jpg,1,4
awe,http://farm4.staticflickr.com/3832/12658208254_6950e34142_z.jpg,4,1
awe,http://farm9.staticflickr.com/8381/8676400838_081c50e13d_z.jpg,3,2
awe,http://farm6.staticflickr.com/5614/15584694978_885fd8aeb8_z.jpg,0,5
awe,http://farm9.staticflickr.com/8043/8105079348_4683bc66a4_z.jpg,5,0
awe,http://farm3.staticflickr.com/2929/14802239563_264044829e_z.jpg,5,0
awe,http://farm9.staticflickr.com/8190/8134023137_cde23198aa_z.jpg,0,5
awe,http://farm4.staticflickr.com/3933/14997670044_2a42d28fd8_z.jpg,4,1
awe,http://farm4.staticflickr.com/3830/9033772561_2cbf7979d7_z.jpg,2,3
awe,http://farm8.staticflickr.com/7372/10567185655_077f626ed3_z.jpg,4,1
awe,http://farm8.staticflickr.com/7388/9056895274_73a70bab56_z.jpg,4,1
awe,http://farm9.staticflickr.com/8077/8301882701_3fa9b594b9_z.jpg,0,5
awe,http://farm8.staticflickr.com/7372/10366380273_11f6d39a96_z.jpg,5,0
awe,http://farm9.staticflickr.com/8050/8123369635_a04110b4c2_z.jpg,0,5
awe,http://farm4.staticflickr.com/3863/14604995507_5f7464630f_z.jpg,5,0
awe,http://farm6.staticflickr.com/5079/14225151525_2d273d82c2_z.jpg,4,1
awe,http://farm8.staticflickr.com/7237/7203874618_ee58cf0de7_z.jpg,3,2
awe,http://farm4.staticflickr.com/3822/10717983405_f9394ca169_z.jpg,4,1
awe,http://farm4.staticflickr.com/3805/10231954715_5dabd74715_z.jpg,5,0
awe,http://farm8.staticflickr.com/7082/6866464970_d11bd3a42a_z.jpg,5,0
awe,http://farm4.staticflickr.com/3875/14757943751_ba0cb976e5_z.jpg,4,1
awe,http://farm3.staticflickr.com/2930/14137842950_027e7cd7ea_z.jpg,4,1
awe,http://farm6.staticflickr.com/5586/14748446204_d4fd84a46a_z.jpg,3,2
awe,http://farm9.staticflickr.com/8509/8472384878_e1ab0cdbfd_z.jpg,3,2
awe,http://farm3.staticflickr.com/2825/9689919530_54681c3c49_z.jpg,5,0
awe,http://farm9.staticflickr.com/8532/8485309238_000a025a57_z.jpg,5,0
awe,http://farm8.staticflickr.com/7417/12564887364_e30c9c3cb4_z.jpg,5,0
awe,http://farm4.staticflickr.com/3813/9657187063_9f3478c6fc_z.jpg,5,0
awe,http://farm9.staticflickr.com/8039/8067658899_685f13eefe_z.jpg,1,4
awe,http://farm8.staticflickr.com/7578/16293056871_ce55cd98cc_z.jpg,3,2
awe,http://farm4.staticflickr.com/3923/14783135785_96f736c601_z.jpg,4,1
awe,http://farm9.staticflickr.com/8031/7935931428_488f39121d_z.jpg,2,2
awe,http://farm8.staticflickr.com/7009/6636234749_14911ebed0_z.jpg,4,1
awe,http://farm9.staticflickr.com/8398/8932684098_f0ded3e1b8_z.jpg,5,0
awe,http://farm6.staticflickr.com/5331/6930947684_7f67e8ec0b_z.jpg,1,4
awe,http://farm3.staticflickr.com/2900/13995300813_b2818c43e3_z.jpg,4,1
awe,http://farm3.staticflickr.com/2916/14028121878_ab5c85f745_z.jpg,5,0
awe,http://farm9.staticflickr.com/8097/8460139414_03a29e8c7d_z.jpg,5,0
awe,http://farm8.staticflickr.com/7505/16294509302_462d378e88_z.jpg,5,0
awe,http://farm4.staticflickr.com/3770/12926300054_6da30731cc_z.jpg,2,3
awe,http://farm8.staticflickr.com/7031/6686649735_97d65d555d_z.jpg,1,4
awe,http://farm4.staticflickr.com/3934/14991803704_f93581577e_z.jpg,2,3
awe,http://farm8.staticflickr.com/7341/9962492803_4db49912cf_z.jpg,5,0
awe,http://farm9.staticflickr.com/8162/7277648328_4c77e0e9fb_z.jpg,0,5
awe,http://farm6.staticflickr.com/5614/15127599853_c61efe44bd_z.jpg,5,0
awe,http://farm8.staticflickr.com/7083/7009290807_45b141121f_z.jpg,5,0
awe,http://farm6.staticflickr.com/5614/15771672012_3fc1cf5990_z.jpg,0,5
awe,http://farm8.staticflickr.com/7516/15689858806_0ab1671002_z.jpg,5,0
awe,http://farm8.staticflickr.com/7261/7682217564_8f42e0fd43_z.jpg,2,3
awe,http://farm6.staticflickr.com/5200/7437808970_9f75138aee_z.jpg,5,0
awe,http://farm9.staticflickr.com/8098/8390260308_6b2f5ba8a0_z.jpg,4,1
awe,http://farm3.staticflickr.com/2825/13019373285_51137222f3_z.jpg,5,0
awe,http://farm9.staticflickr.com/8517/8483194280_eb23baff51_z.jpg,5,0
awe,http://farm8.staticflickr.com/7534/16190217411_e22afc73b0_z.jpg,5,0
awe,http://farm9.staticflickr.com/8593/16077866471_7e98bc94ee_z.jpg,5,0
awe,http://farm8.staticflickr.com/7289/9689839852_6db4c02da8_z.jpg,5,0
awe,http://farm9.staticflickr.com/8346/8264553899_f5564b0d3e_z.jpg,1,4
awe,http://farm4.staticflickr.com/3784/11143991366_d7bdec2c69_z.jpg,3,2
awe,http://farm9.staticflickr.com/8550/8874587001_993d46daa2_z.jpg,4,1
awe,http://farm6.staticflickr.com/5477/12002307586_12d5b2b316_z.jpg,5,0
awe,http://farm9.staticflickr.com/8031/8067197329_de85decff9_z.jpg,5,0
awe,http://farm9.staticflickr.com/8324/8102605238_4667a79730_z.jpg,5,0
awe,http://farm6.staticflickr.com/5591/14538700808_3d31bcbc89_z.jpg,5,0
awe,http://farm6.staticflickr.com/5325/9023230413_3d2c78e0d8_z.jpg,5,0
awe,http://farm6.staticflickr.com/5508/9993961865_e1bf0aed00_z.jpg,5,0
awe,http://farm9.staticflickr.com/8401/8675270845_faf8aff09b_z.jpg,4,1
awe,http://farm8.staticflickr.com/7416/14185735933_375c24b9f7_z.jpg,0,5
awe,http://farm9.staticflickr.com/8215/8342909266_60a55e6e63_z.jpg,5,0
awe,http://farm4.staticflickr.com/3947/15591456691_3f9e1bfc23_z.jpg,5,0
awe,http://farm6.staticflickr.com/5339/6952589360_9f6b98105e_z.jpg,2,3
awe,http://farm3.staticflickr.com/2940/14596613088_a31939cae4_z.jpg,5,0
awe,http://farm4.staticflickr.com/3688/11822443864_b078e772f6_z.jpg,4,1
awe,http://farm8.staticflickr.com/7266/7729933766_e3d60da3fd_z.jpg,2,3
awe,http://farm8.staticflickr.com/7439/9332297908_15f44504a4_z.jpg,5,0
awe,http://farm4.staticflickr.com/3878/14801916907_c92cfbfda6_z.jpg,1,4
awe,http://farm9.staticflickr.com/8222/8264865545_31c1ac6767_z.jpg,5,0
awe,http://farm8.staticflickr.com/7338/9695788621_a8cef057f6_z.jpg,5,0
awe,http://farm8.staticflickr.com/7185/7008309291_823f793a6a_z.jpg,4,1
awe,http://farm8.staticflickr.com/7074/7204024536_0f345b2646_z.jpg,5,0
awe,http://farm6.staticflickr.com/5615/15410139938_dbf3a84d6f_z.jpg,5,0
awe,http://farm6.staticflickr.com/5476/14038465377_76b70b1e01_z.jpg,3,2
awe,http://farm8.staticflickr.com/7576/16305208986_a20884fc64_z.jpg,1,4
awe,http://farm9.staticflickr.com/8238/8593377842_ba8ae521a2_z.jpg,1,4
awe,http://farm9.staticflickr.com/8029/7981307128_20971aedaa_z.jpg,5,0
awe,http://farm4.staticflickr.com/3922/14502061905_f59a12ec0a_z.jpg,5,0
awe,http://farm9.staticflickr.com/8248/8628561721_6f10eb9c6d_z.jpg,0,5
awe,http://farm9.staticflickr.com/8060/8246725263_ac871451fe_z.jpg,4,1
awe,http://farm9.staticflickr.com/8337/8196191444_8b53b8b214_z.jpg,5,0
awe,http://farm9.staticflickr.com/8245/8637536351_6e63269343_z.jpg,5,0
awe,http://farm6.staticflickr.com/5599/15322392679_914935d884_z.jpg,5,0
awe,http://farm8.staticflickr.com/7071/7313214762_8c07047284_z.jpg,5,0
awe,http://farm9.staticflickr.com/8020/7494162512_80d819b8ae_z.jpg,4,1
awe,http://farm6.staticflickr.com/5547/10717489416_44db2d4b58_z.jpg,3,2
awe,http://farm4.staticflickr.com/3755/10698376084_0e90945245_z.jpg,5,0
awe,http://farm4.staticflickr.com/3846/14352330915_68b5d568d1_z.jpg,1,4
awe,http://farm9.staticflickr.com/8167/7456308206_e0985e9aaa_z.jpg,5,0
awe,http://farm8.staticflickr.com/7553/15891872498_4c7a3cc94a_z.jpg,4,1
awe,http://farm6.staticflickr.com/5609/15619246102_d1769d7b7b_z.jpg,5,0
awe,http://farm6.staticflickr.com/5474/10717382514_8b584b5227_z.jpg,4,1
awe,http://farm4.staticflickr.com/3950/15670276776_9196a19770_z.jpg,5,0
awe,http://farm8.staticflickr.com/7253/7523846468_dda4f1ca40_z.jpg,0,5
awe,http://farm3.staticflickr.com/2917/14198888496_d3f43e9a52_z.jpg,4,1
awe,http://farm4.staticflickr.com/3955/14998196333_77124bbb7d_z.jpg,3,2
awe,http://farm9.staticflickr.com/8440/8702873383_44b84c6dc2_z.jpg,5,0
awe,http://farm8.staticflickr.com/7123/8168892121_d1335f2a82_z.jpg,0,5
awe,http://farm3.staticflickr.com/2932/14573110954_5c3deaa7c0_z.jpg,5,0
awe,http://farm6.staticflickr.com/5474/10863277565_541d8c779b_z.jpg,5,0
awe,http://farm8.staticflickr.com/7304/12169626776_0b5860b468_z.jpg,5,0
awe,http://farm9.staticflickr.com/8454/8004370043_f24d0ee4fa_z.jpg,5,0
awe,http://farm4.staticflickr.com/3681/9049197194_f0321a6dcd_z.jpg,3,2
awe,http://farm9.staticflickr.com/8586/16056834111_ec5f624c90_z.jpg,1,4
awe,http://farm8.staticflickr.com/7223/7151451001_15b66b387d_z.jpg,2,2
awe,http://farm9.staticflickr.com/8183/8130721819_c21ba0feab_z.jpg,1,4
awe,http://farm4.staticflickr.com/3855/14315507879_3e5ce76c56_z.jpg,5,0
awe,http://farm8.staticflickr.com/7373/9397243909_31a5aea116_z.jpg,5,0
awe,http://farm4.staticflickr.com/3744/9329502615_0fc48b29cf_z.jpg,5,0
awe,http://farm3.staticflickr.com/2850/10260106774_7693b0630f_z.jpg,5,0
awe,http://farm9.staticflickr.com/8328/8097900197_4af1ee11b4_z.jpg,5,0
awe,http://farm6.staticflickr.com/5538/10782715624_b53f04fbb4_z.jpg,1,4
awe,http://farm3.staticflickr.com/2858/8757220882_d65c8178ba_z.jpg,1,4
awe,http://farm3.staticflickr.com/2937/14082256290_c5a61ae742_z.jpg,5,0
awe,http://farm4.staticflickr.com/3869/14576113219_ed122809e8_z.jpg,4,1
awe,http://farm3.staticflickr.com/2915/14595512668_8997070292_z.jpg,4,1
awe,http://farm4.staticflickr.com/3722/13655892173_15f4654886_z.jpg,4,1
awe,http://farm8.staticflickr.com/7479/15891994559_0179a6415f_z.jpg,5,0
awe,http://farm3.staticflickr.com/2843/13272210794_979b2a4ed7_z.jpg,4,0
awe,http://farm6.staticflickr.com/5552/15197809705_da3c98de1a_z.jpg,3,2
awe,http://farm8.staticflickr.com/7421/10770433416_359f3daf29_z.jpg,5,0
awe,http://farm3.staticflickr.com/2897/14445091582_3b1b5147ae_z.jpg,5,0
awe,http://farm9.staticflickr.com/8262/8624829713_7e34b35499_z.jpg,5,0
awe,http://farm8.staticflickr.com/7432/9131696984_91e1774c01_z.jpg,5,0
awe,http://farm4.staticflickr.com/3875/14343348898_da331ee3b7_z.jpg,1,4
awe,http://farm9.staticflickr.com/8183/8134642954_8ab34006ab_z.jpg,4,1
awe,http://farm8.staticflickr.com/7401/13511361355_7c3b0f5112_z.jpg,5,0
awe,http://farm8.staticflickr.com/7377/15741518854_82bde4f96f_z.jpg,2,3
awe,http://farm8.staticflickr.com/7393/10716990514_f2772e3ca6_z.jpg,5,0
awe,http://farm4.staticflickr.com/3762/8767565253_53846a662d_z.jpg,5,0
awe,http://farm9.staticflickr.com/8351/8421775935_90c08e431e_z.jpg,2,3
awe,http://farm8.staticflickr.com/7137/7436709994_2c07449bd2_z.jpg,2,3
awe,http://farm9.staticflickr.com/8208/8195256507_01dd4daf6d_z.jpg,5,0
awe,http://farm4.staticflickr.com/3766/11992423515_a5dd511edc_z.jpg,4,1
awe,http://farm9.staticflickr.com/8521/8679027531_3a76c4d21e_z.jpg,4,1
awe,http://farm3.staticflickr.com/2898/14492890630_c27a69099f_z.jpg,4,1
awe,http://farm9.staticflickr.com/8309/8067202414_ed0e3a71b5_z.jpg,5,0
awe,http://farm3.staticflickr.com/2806/12469767155_e929dfb7ea_z.jpg,5,0
awe,http://farm9.staticflickr.com/8612/16293271365_170887af75_z.jpg,5,0
awe,http://farm8.staticflickr.com/7063/6999241172_9ed5202f74_z.jpg,0,5
awe,http://farm3.staticflickr.com/2925/14262447140_6ae3575360_z.jpg,5,0
awe,http://farm6.staticflickr.com/5462/9283215164_d83c156b03_z.jpg,4,1
awe,http://farm3.staticflickr.com/2918/14340193973_0a4bb659d2_z.jpg,3,2
awe,http://farm8.staticflickr.com/7408/8966413468_ccf2f910ae_z.jpg,5,0
awe,http://farm9.staticflickr.com/8483/8248632435_e4ea0f6bd8_z.jpg,5,0
awe,http://farm8.staticflickr.com/7091/7035303721_7ddb006ec2_z.jpg,5,0
awe,http://farm8.staticflickr.com/7299/8736763914_aa40b9d359_z.jpg,5,0
awe,http://farm8.staticflickr.com/7106/7033244157_cf25c6b333_z.jpg,4,1
awe,http://farm6.staticflickr.com/5236/7204459850_060cb9cdb0_z.jpg,3,2
awe,http://farm8.staticflickr.com/7334/9043800233_e446e4db23_z.jpg,2,3
awe,http://farm8.staticflickr.com/7481/15777333791_a19f034838_z.jpg,5,0
awe,http://farm9.staticflickr.com/8523/8593578819_4f4074786b_z.jpg,5,0
awe,http://farm9.staticflickr.com/8109/8599941785_7c38cde86f_z.jpg,3,2
awe,http://farm6.staticflickr.com/5593/15092517319_93ef51ae20_z.jpg,2,3
awe,http://farm8.staticflickr.com/7045/8690901772_641ed6f942_z.jpg,2,3
awe,http://farm8.staticflickr.com/7248/6976996406_eb90780cfe_z.jpg,2,3
awe,http://farm8.staticflickr.com/7337/13913141148_5d16689634_z.jpg,1,4
awe,http://farm8.staticflickr.com/7056/7039927783_81ee362aea_z.jpg,4,1
awe,http://farm9.staticflickr.com/8327/8134474598_94ff8e8720_z.jpg,5,0
awe,http://farm6.staticflickr.com/5494/12137668365_d2a4eed05d_z.jpg,0,5
awe,http://farm4.staticflickr.com/3902/15089866311_8bc7387b0b_z.jpg,5,0
awe,http://farm6.staticflickr.com/5480/11857586114_39ce6239f8_z.jpg,4,1
awe,http://farm6.staticflickr.com/5566/14781152441_474bfbbbaf_z.jpg,5,0
awe,http://farm8.staticflickr.com/7340/9319609253_ae45ea3290_z.jpg,5,0
awe,http://farm3.staticflickr.com/2844/9994033823_a3c3865384_z.jpg,4,1
awe,http://farm3.staticflickr.com/2904/14249402385_f6f9f2afd4_z.jpg,0,4
awe,http://farm6.staticflickr.com/5443/9627171714_fc5cc2c00a_z.jpg,0,5
awe,http://farm3.staticflickr.com/2925/14242707516_ce9f7d9f09_z.jpg,1,4
awe,http://farm6.staticflickr.com/5525/11488893805_638b5970a7_z.jpg,1,4
awe,http://farm9.staticflickr.com/8292/7756070662_a7d94bd74e_z.jpg,5,0
awe,http://farm9.staticflickr.com/8484/8231980346_c9974a90c4_z.jpg,0,5
awe,http://farm9.staticflickr.com/8099/8624277331_cf370de9d3_z.jpg,2,3
awe,http://farm8.staticflickr.com/7415/11233571516_b5b4133847_z.jpg,0,5
awe,http://farm8.staticflickr.com/7520/15607927664_4db5de02d7_z.jpg,0,5
awe,http://farm4.staticflickr.com/3848/15039319901_78b67631ff_z.jpg,1,4
awe,http://farm9.staticflickr.com/8331/8089527007_221cc04077_z.jpg,1,4
awe,http://farm8.staticflickr.com/7224/7257689762_c308f05cc5_z.jpg,2,3
awe,http://farm9.staticflickr.com/8521/8472989342_86d4f0e10a_z.jpg,5,0
awe,http://farm6.staticflickr.com/5546/11167952843_bd6f484f1d_z.jpg,5,0
awe,http://farm9.staticflickr.com/8210/8195242671_3106a93b30_z.jpg,5,0
awe,http://farm8.staticflickr.com/7051/6842497642_4854bd6d8a_z.jpg,4,1
awe,http://farm6.staticflickr.com/5039/14207767806_5a6c1a603b_z.jpg,0,5
awe,http://farm4.staticflickr.com/3895/15228178306_f53202b876_z.jpg,2,3
awe,http://farm8.staticflickr.com/7118/8161846354_07020e9f7b_z.jpg,5,0
awe,http://farm8.staticflickr.com/7575/15178773814_ac8c9fc7e2_z.jpg,4,1
awe,http://farm8.staticflickr.com/7439/9083851830_c4a9306e68_z.jpg,5,0
awe,http://farm8.staticflickr.com/7169/6768255969_53c1e15b45_z.jpg,5,0
awe,http://farm4.staticflickr.com/3845/14493102597_b9ee0b5385_z.jpg,4,0
awe,http://farm3.staticflickr.com/2885/9149021475_2fc4e3009a_z.jpg,5,0
awe,http://farm8.staticflickr.com/7573/15893281747_d8dfddc50b_z.jpg,5,0
awe,http://farm9.staticflickr.com/8441/7865762506_9543ff13a9_z.jpg,4,1
awe,http://farm8.staticflickr.com/7204/6777757810_88aaf2fc93_z.jpg,5,0
awe,http://farm9.staticflickr.com/8516/8412223839_ba523d0a87_z.jpg,0,5
awe,http://farm9.staticflickr.com/8197/8196340618_9717755417_z.jpg,5,0
awe,http://farm8.staticflickr.com/7433/10372716686_ee7c3b11f4_z.jpg,4,1
awe,http://farm4.staticflickr.com/3742/10873932274_6cf4aeca35_z.jpg,5,0
awe,http://farm9.staticflickr.com/8554/8705078217_8394f74e2c_z.jpg,5,0
awe,http://farm3.staticflickr.com/2900/14546370253_2c307a3d00_z.jpg,4,1
awe,http://farm8.staticflickr.com/7026/6650753447_12cca222a8_z.jpg,3,2
awe,http://farm9.staticflickr.com/8117/8656178274_04cdd280e7_z.jpg,2,3
awe,http://farm4.staticflickr.com/3938/15359303959_267b9d9703_z.jpg,5,0
awe,http://farm9.staticflickr.com/8316/7984058468_5b5933e24f_z.jpg,1,4
awe,http://farm4.staticflickr.com/3843/14868599481_2cb49691f9_z.jpg,2,3
awe,http://farm8.staticflickr.com/7215/7001879565_e92d853faf_z.jpg,3,2
awe,http://farm9.staticflickr.com/8211/8405123314_b594974e5c_z.jpg,3,2
awe,http://farm9.staticflickr.com/8338/8180353554_f245d2f974_z.jpg,4,0
awe,http://farm8.staticflickr.com/7338/14182898035_d07723b9e5_z.jpg,0,5
awe,http://farm8.staticflickr.com/7259/6893828052_82a85d7e89_z.jpg,4,0
awe,http://farm9.staticflickr.com/8145/6985236488_e53f86e431_z.jpg,5,0
awe,http://farm9.staticflickr.com/8156/7338561956_ae1b957244_z.jpg,5,0
awe,http://farm8.staticflickr.com/7132/7048411913_55564a46f8_z.jpg,0,5
awe,http://farm8.staticflickr.com/7194/6781775062_708d00f8b2_z.jpg,5,0
awe,http://farm6.staticflickr.com/5565/15250648141_b97f4cdd71_z.jpg,3,2
awe,http://farm4.staticflickr.com/3729/12345558513_efc2cfa874_z.jpg,4,1
awe,http://farm8.staticflickr.com/7387/9695009046_fc0ee7a751_z.jpg,5,0
awe,http://farm9.staticflickr.com/8085/8559943105_a6a9cc8912_z.jpg,5,0
awe,http://farm9.staticflickr.com/8243/8503151234_d5e2b76c31_z.jpg,3,2
awe,http://farm9.staticflickr.com/8234/8450392875_a94a4abbfd_z.jpg,4,1
awe,http://farm3.staticflickr.com/2921/14340030003_f31a20ede2_z.jpg,3,2
awe,http://farm8.staticflickr.com/7522/15902644597_e6ea9202cf_z.jpg,5,0
awe,http://farm4.staticflickr.com/3940/15404282380_8752666ab1_z.jpg,1,4
awe,http://farm6.staticflickr.com/5606/15316789407_c5d44bbddb_z.jpg,5,0
awe,http://farm6.staticflickr.com/5456/9993947706_cf2752812a_z.jpg,5,0
awe,http://farm4.staticflickr.com/3698/9768437326_d9ce11dbda_z.jpg,5,0
awe,http://farm8.staticflickr.com/7243/7046450549_81804006db_z.jpg,1,4
awe,http://farm6.staticflickr.com/5593/14407235299_12f3e224ff_z.jpg,5,0
awe,http://farm4.staticflickr.com/3890/15137865901_6bc0bb3929_z.jpg,1,4
awe,http://farm9.staticflickr.com/8459/7979839098_5b9f8392d0_z.jpg,5,0
awe,http://farm4.staticflickr.com/3871/15146774890_3fc7e453f8_z.jpg,5,0
awe,http://farm4.staticflickr.com/3826/9544020008_47c5bd3eeb_z.jpg,2,3
awe,http://farm4.staticflickr.com/3767/9025032056_a29a109bee_z.jpg,5,0
awe,http://farm8.staticflickr.com/7213/7197636794_b0c8357f28_z.jpg,5,0
awe,http://farm9.staticflickr.com/8256/8602207295_71cdc2c7e7_z.jpg,4,1
awe,http://farm8.staticflickr.com/7211/7174953903_696407b27d_z.jpg,5,0
awe,http://farm6.staticflickr.com/5579/14198850376_b4e0f86b09_z.jpg,1,4
awe,http://farm9.staticflickr.com/8205/8195104983_2b434f3116_z.jpg,4,0
awe,http://farm6.staticflickr.com/5491/14259838330_c707154536_z.jpg,5,0
awe,http://farm8.staticflickr.com/7376/12974445525_32e57d9399_z.jpg,3,2
awe,http://farm4.staticflickr.com/3710/9360034458_9f3aeb69c4_z.jpg,3,2
awe,http://farm6.staticflickr.com/5501/10920270146_4a1b6cedc9_z.jpg,5,0
awe,http://farm4.staticflickr.com/3720/8754854668_231068f64f_z.jpg,2,3
awe,http://farm9.staticflickr.com/8124/8675509701_feb0703c5b_z.jpg,2,3
awe,http://farm6.staticflickr.com/5493/14414723039_7a0d4f9279_z.jpg,2,3
awe,http://farm9.staticflickr.com/8494/8321344708_fb777bd703_z.jpg,0,5
awe,http://farm9.staticflickr.com/8422/7665212822_a8d2fee927_z.jpg,5,0
awe,http://farm8.staticflickr.com/7519/15599064269_7313db146f_z.jpg,4,1
awe,http://farm8.staticflickr.com/7439/11248439435_10e52da542_z.jpg,4,1
awe,http://farm8.staticflickr.com/7266/7710345096_c129d7393d_z.jpg,3,2
awe,http://farm4.staticflickr.com/3823/10470733535_40399b51e4_z.jpg,5,0
awe,http://farm9.staticflickr.com/8192/8362583491_daf6aa3f37_z.jpg,5,0
awe,http://farm8.staticflickr.com/7254/7606754102_bcd2d18ac8_z.jpg,0,5
awe,http://farm4.staticflickr.com/3685/9993961774_d298b705a1_z.jpg,4,1
awe,http://farm6.staticflickr.com/5501/9079275245_2c9695e367_z.jpg,3,2
awe,http://farm6.staticflickr.com/5591/14781774421_c2183ddc21_z.jpg,3,2
awe,http://farm6.staticflickr.com/5566/14214509334_24de88e67e_z.jpg,5,0
awe,http://farm6.staticflickr.com/5604/15796898875_7ba678c4aa_z.jpg,2,3
awe,http://farm3.staticflickr.com/2854/11521196825_f77478bf2a_z.jpg,5,0
awe,http://farm6.staticflickr.com/5540/9447546419_4ce17a3c78_z.jpg,0,5
awe,http://farm8.staticflickr.com/7558/16145652532_f57246965e_z.jpg,0,5
awe,http://farm8.staticflickr.com/7280/7798084206_b588ce440d_z.jpg,0,5
awe,http://farm4.staticflickr.com/3700/12947761435_4595362a19_z.jpg,4,1
awe,http://farm8.staticflickr.com/7478/16189474171_ec144f7bb6_z.jpg,1,4
awe,http://farm4.staticflickr.com/3954/15346639840_f99ff7c22f_z.jpg,3,2
awe,http://farm9.staticflickr.com/8110/8465745508_a7b513ca0f_z.jpg,0,5
awe,http://farm9.staticflickr.com/8241/8638529580_bdb03db3a0_z.jpg,3,2
awe,http://farm6.staticflickr.com/5494/10696021165_53693ccb14_z.jpg,4,1
awe,http://farm9.staticflickr.com/8016/7211952492_c077ccd830_z.jpg,4,1
awe,http://farm8.staticflickr.com/7053/6988679965_ec3a40d8cb_z.jpg,5,0
awe,http://farm8.staticflickr.com/7272/7051100321_1e16cca122_z.jpg,5,0
awe,http://farm8.staticflickr.com/7313/9524542259_0e0c2a8c59_z.jpg,3,2
awe,http://farm4.staticflickr.com/3792/9449920111_6baaa50af4_z.jpg,5,0
awe,http://farm6.staticflickr.com/5459/6915442802_e5559d1acd_z.jpg,5,0
awe,http://farm8.staticflickr.com/7561/16130635235_d9a238ec5d_z.jpg,1,4
awe,http://farm4.staticflickr.com/3893/14574786437_cd494a9eac_z.jpg,5,0
awe,http://farm3.staticflickr.com/2837/11161902285_4167fe8265_z.jpg,0,4
awe,http://farm8.staticflickr.com/7062/6891033208_1b3c9a2762_z.jpg,2,3
awe,http://farm9.staticflickr.com/8504/8277115266_a8c89328eb_z.jpg,0,5
awe,http://farm4.staticflickr.com/3855/15153261821_45ebcd3db8_z.jpg,1,4
awe,http://farm4.staticflickr.com/3681/13705423995_f788527908_z.jpg,1,4
awe,http://farm4.staticflickr.com/3875/15172023251_ddc89767f5_z.jpg,2,3
awe,http://farm3.staticflickr.com/2896/14578214890_bbc52a4eaf_z.jpg,5,0
awe,http://farm9.staticflickr.com/8162/7621104610_fbac776c26_z.jpg,1,4
awe,http://farm8.staticflickr.com/7269/7686129402_e718611ecb_z.jpg,5,0
awe,http://farm9.staticflickr.com/8185/8130137623_70f6068fa0_z.jpg,2,3
awe,http://farm6.staticflickr.com/5608/15410173467_2b64c7248d_z.jpg,2,3
awe,http://farm3.staticflickr.com/2905/14466143886_119dd41c0f_z.jpg,5,0
awe,http://farm4.staticflickr.com/3748/12169639296_e98ff98804_z.jpg,3,0
awe,http://farm8.staticflickr.com/7391/9552426702_2cbb4c8982_z.jpg,2,3
awe,http://farm8.staticflickr.com/7329/11799930165_7c878442d3_z.jpg,1,4
awe,http://farm9.staticflickr.com/8027/7187096272_65d5768d9c_z.jpg,3,2
awe,http://farm4.staticflickr.com/3805/9677796487_90ddb43ae1_z.jpg,0,5
awe,http://farm9.staticflickr.com/8485/8253365694_61e2d6d148_z.jpg,3,2
awe,http://farm4.staticflickr.com/3864/14606103196_f81869bf48_z.jpg,5,0
awe,http://farm9.staticflickr.com/8300/7766514846_ce7c544a85_z.jpg,3,2
awe,http://farm8.staticflickr.com/7353/9283216928_57e41a5c89_z.jpg,2,3
awe,http://farm6.staticflickr.com/5502/11303876125_60c6bf2bf9_z.jpg,3,2
awe,http://farm3.staticflickr.com/2815/9151268966_da687578f2_z.jpg,1,4
awe,http://farm8.staticflickr.com/7201/6876918429_5d4f0c36f8_z.jpg,5,0
awe,http://farm4.staticflickr.com/3857/14517799461_741cb881ef_z.jpg,1,4
awe,http://farm8.staticflickr.com/7021/6830944271_35bf84ac07_z.jpg,4,1
awe,http://farm6.staticflickr.com/5308/13962185851_017dd20990_z.jpg,3,2
awe,http://farm9.staticflickr.com/8177/8010245415_3be2c93ec7_z.jpg,5,0
awe,http://farm8.staticflickr.com/7192/13640601494_9096e83c4d_z.jpg,5,0
awe,http://farm7.staticflickr.com/6215/6855741604_8191853180_z.jpg,3,2
awe,http://farm9.staticflickr.com/8570/16177673185_d6984f1ce0_z.jpg,3,2
awe,http://farm9.staticflickr.com/8303/7802521062_6a5cb4d4a1_z.jpg,2,3
awe,http://farm9.staticflickr.com/8511/8593625317_5e215ac091_z.jpg,5,0
awe,http://farm9.staticflickr.com/8262/8699800697_52aab2d3a1_z.jpg,5,0
awe,http://farm3.staticflickr.com/2831/8954268396_d9edb0beb6_z.jpg,0,5
awe,http://farm6.staticflickr.com/5537/14069824425_700078ea47_z.jpg,3,2
awe,http://farm8.staticflickr.com/7411/12540704933_698292ce3c_z.jpg,5,0
awe,http://farm9.staticflickr.com/8057/8241412134_e98fcf477c_z.jpg,1,4
awe,http://farm9.staticflickr.com/8461/7952871100_a62dcfd3af_z.jpg,1,4
awe,http://farm6.staticflickr.com/5231/14134043570_879f0e8913_z.jpg,1,4
awe,http://farm4.staticflickr.com/3697/10717699494_c411e80730_z.jpg,3,2
awe,http://farm9.staticflickr.com/8472/8134608997_2fcb27e840_z.jpg,4,1
awe,http://farm8.staticflickr.com/7318/11170493584_fa9deb9062_z.jpg,2,3
awe,http://farm9.staticflickr.com/8165/7312811852_c0abee1996_z.jpg,1,4
awe,http://farm4.staticflickr.com/3740/9962422066_055152b675_z.jpg,5,0
awe,http://farm8.staticflickr.com/7393/9993889635_cc5a54be9b_z.jpg,5,0
awe,http://farm4.staticflickr.com/3740/8925919142_8e184d7cd5_z.jpg,5,0
awe,http://farm9.staticflickr.com/8403/8675224738_f3a3a6e7df_z.jpg,4,1
awe,http://farm4.staticflickr.com/3888/14604800430_3029206026_z.jpg,0,5
awe,http://farm3.staticflickr.com/2914/14245322033_d89acdc3e8_z.jpg,4,1
awe,http://farm6.staticflickr.com/5588/14770105033_f1c997f6f1_z.jpg,5,0
awe,http://farm4.staticflickr.com/3677/11668891846_316e53ae82_z.jpg,4,1
awe,http://farm9.staticflickr.com/8215/8301976483_864c9caee7_z.jpg,2,2
awe,http://farm8.staticflickr.com/7133/6902332028_a5eecfea7b_z.jpg,2,3
awe,http://farm3.staticflickr.com/2903/14130353223_ab0a7e24a0_z.jpg,5,0
awe,http://farm3.staticflickr.com/2899/14780542973_14e0f38bbd_z.jpg,2,3
awe,http://farm3.staticflickr.com/2940/14224988734_402b2a819d_z.jpg,4,1
awe,http://farm9.staticflickr.com/8241/8561051508_2e9ef6a728_z.jpg,3,2
awe,http://farm6.staticflickr.com/5505/11123301576_43debac8fc_z.jpg,3,2
awe,http://farm3.staticflickr.com/2880/9836724285_3507e0a9f5_z.jpg,4,1
awe,http://farm6.staticflickr.com/5567/14574822367_77ba1bdf56_z.jpg,4,1
awe,http://farm9.staticflickr.com/8203/8202644711_dcab876e10_z.jpg,3,2
awe,http://farm4.staticflickr.com/3783/11166612135_596cb7140a_z.jpg,5,0
awe,http://farm6.staticflickr.com/5471/11419040786_99af981849_z.jpg,1,4
awe,http://farm6.staticflickr.com/5343/9168252150_3d0e0f4922_z.jpg,2,3
awe,http://farm4.staticflickr.com/3841/14571012226_528403fb4b_z.jpg,5,0
awe,http://farm9.staticflickr.com/8490/8233812374_74797971c4_z.jpg,5,0
awe,http://farm4.staticflickr.com/3799/8982228088_2470917fed_z.jpg,5,0
awe,http://farm3.staticflickr.com/2847/8883178595_0b137e4e8b_z.jpg,0,5
awe,http://farm8.staticflickr.com/7194/6970172475_e4c989654b_z.jpg,4,1
awe,http://farm9.staticflickr.com/8100/8585376003_175415e844_z.jpg,4,1
awe,http://farm9.staticflickr.com/8208/8195103049_96b116de44_z.jpg,4,1
awe,http://farm6.staticflickr.com/5119/7217066784_f4da24460b_z.jpg,5,0
awe,http://farm3.staticflickr.com/2907/14231368101_2920035930_z.jpg,5,0
awe,http://farm9.staticflickr.com/8012/7609755588_95500e7e95_z.jpg,3,2
awe,http://farm9.staticflickr.com/8052/8360049521_df89bce862_z.jpg,3,2
awe,http://farm4.staticflickr.com/3873/15228173886_408a82ff36_z.jpg,3,1
awe,http://farm8.staticflickr.com/7569/15891655218_782a082424_z.jpg,5,0
awe,http://farm3.staticflickr.com/2909/14501093792_e37ece1dd9_z.jpg,5,0
awe,http://farm7.staticflickr.com/6231/6996956883_17c0333897_z.jpg,5,0
awe,http://farm8.staticflickr.com/7205/6928517889_6a46c0ae77_z.jpg,5,0
awe,http://farm9.staticflickr.com/8447/7908212866_5e2d554208_z.jpg,1,4
awe,http://farm6.staticflickr.com/5590/14821388048_5822c5537c_z.jpg,0,5
awe,http://farm4.staticflickr.com/3941/15551913185_8234ae4172_z.jpg,1,4
awe,http://farm8.staticflickr.com/7366/11431146555_1c5e7c8184_z.jpg,5,0
awe,http://farm3.staticflickr.com/2896/14778691825_a7a4ba6459_z.jpg,4,1
awe,http://farm9.staticflickr.com/8160/7506519788_83d9b664a1_z.jpg,1,3
awe,http://farm4.staticflickr.com/3917/14663754138_c80eec36e6_z.jpg,4,1
awe,http://farm8.staticflickr.com/7465/15052378274_87e31e477f_z.jpg,3,2
awe,http://farm3.staticflickr.com/2817/11720314866_0dac24de18_z.jpg,2,2
awe,http://farm9.staticflickr.com/8104/8472232651_13e0a54a42_z.jpg,3,2
awe,http://farm8.staticflickr.com/7052/7026529495_f0da4c04ca_z.jpg,1,4
awe,http://farm8.staticflickr.com/7250/7597807428_10673e19f9_z.jpg,0,5
awe,http://farm8.staticflickr.com/7395/11224424143_1fa83b58bc_z.jpg,2,3
awe,http://farm8.staticflickr.com/7426/9723300082_d120d35b09_z.jpg,0,5
awe,http://farm4.staticflickr.com/3900/14490957922_60c648c130_z.jpg,1,4
awe,http://farm9.staticflickr.com/8095/8577624696_1fde2e119a_z.jpg,5,0
awe,http://farm8.staticflickr.com/7374/11810825886_573cbf3fd2_z.jpg,5,0
awe,http://farm9.staticflickr.com/8045/8130725597_2a38cba4bd_z.jpg,4,1
awe,http://farm4.staticflickr.com/3774/9508669135_2d937d00a3_z.jpg,1,4
awe,http://farm3.staticflickr.com/2925/13975323255_3a8c3f39e0_z.jpg,5,0
awe,http://farm8.staticflickr.com/7444/13975328975_d7fd3f4d38_z.jpg,4,1
awe,http://farm9.staticflickr.com/8056/8426338088_72aa3605fd_z.jpg,4,1
awe,http://farm9.staticflickr.com/8543/8797142367_123977b878_z.jpg,4,1
awe,http://farm8.staticflickr.com/7226/7381787514_6c2354c28b_z.jpg,5,0
awe,http://farm3.staticflickr.com/2853/12514457844_982a5ed9e4_z.jpg,5,0
awe,http://farm8.staticflickr.com/7343/8731249163_c6d62b9595_z.jpg,0,5
awe,http://farm8.staticflickr.com/7062/6808034578_a1e2f7630f_z.jpg,5,0
awe,http://farm8.staticflickr.com/7069/7089139095_467471a750_z.jpg,0,5
awe,http://farm4.staticflickr.com/3719/8776716776_9ffa308432_z.jpg,4,1
awe,http://farm6.staticflickr.com/5119/7204263310_e7f076eefc_z.jpg,1,4
awe,http://farm6.staticflickr.com/5568/14578744427_da02a1a76b_z.jpg,5,0
awe,http://farm4.staticflickr.com/3858/14689079641_221bc7e6dc_z.jpg,4,1
awe,http://farm8.staticflickr.com/7153/6656078655_2e24c8fbf9_z.jpg,5,0
awe,http://farm3.staticflickr.com/2896/14446008748_333b47bf47_z.jpg,0,5
awe,http://farm3.staticflickr.com/2946/15316844257_69b25d4ea5_z.jpg,5,0
awe,http://farm3.staticflickr.com/2898/14386858282_92334242d6_z.jpg,2,3
awe,http://farm4.staticflickr.com/3689/10501616535_ecf7668b69_z.jpg,1,4
awe,http://farm8.staticflickr.com/7417/15847754693_89c32f2b9a_z.jpg,5,0
awe,http://farm9.staticflickr.com/8388/8474503897_53c4016e72_z.jpg,1,4
awe,http://farm8.staticflickr.com/7359/11435366865_02f4db0067_z.jpg,5,0
awe,http://farm8.staticflickr.com/7537/15613010838_f3c362bee6_z.jpg,1,4
awe,http://farm9.staticflickr.com/8153/7197638984_d28aff5d40_z.jpg,5,0
awe,http://farm4.staticflickr.com/3737/13623929714_435f871278_z.jpg,1,4
awe,http://farm8.staticflickr.com/7543/15959146792_613393a48f_z.jpg,4,1
awe,http://farm9.staticflickr.com/8196/8423803249_c1c8e1dbe5_z.jpg,5,0
awe,http://farm6.staticflickr.com/5073/14200323898_096b53866a_z.jpg,2,3
awe,http://farm8.staticflickr.com/7016/6744507557_3382e02ff8_z.jpg,5,0
awe,http://farm4.staticflickr.com/3877/15035638807_41c5eca37b_z.jpg,0,5
awe,http://farm8.staticflickr.com/7256/7719671210_770d25bc39_z.jpg,4,1
awe,http://farm6.staticflickr.com/5327/9850671395_3db80f7a95_z.jpg,0,5
awe,http://farm9.staticflickr.com/8434/7550222826_1710e09558_z.jpg,5,0
awe,http://farm9.staticflickr.com/8189/8090655946_3636593366_z.jpg,5,0
awe,http://farm9.staticflickr.com/8339/8196429738_3fdf066b6f_z.jpg,5,0
awe,http://farm9.staticflickr.com/8287/7546184244_0280fe1d7f_z.jpg,5,0
awe,http://farm9.staticflickr.com/8138/10209733456_22dd9ff5b8_z.jpg,1,4
awe,http://farm9.staticflickr.com/8221/8370108852_b211fe61a8_z.jpg,4,1
awe,http://farm8.staticflickr.com/7270/13895559055_0a33c9c796_z.jpg,5,0
awe,http://farm8.staticflickr.com/7348/11431134375_471e88098e_z.jpg,5,0
awe,http://farm3.staticflickr.com/2829/10648609316_883211f941_z.jpg,5,0
awe,http://farm8.staticflickr.com/7245/13680934343_226dd787fd_z.jpg,1,4
awe,http://farm8.staticflickr.com/7040/6944464469_b58a5d6fe3_z.jpg,0,5
awe,http://farm4.staticflickr.com/3906/14578828858_3aac146561_z.jpg,4,1
awe,http://farm8.staticflickr.com/7533/15741770559_b926bbaf7b_z.jpg,5,0
awe,http://farm4.staticflickr.com/3792/12169006375_b3235f7162_z.jpg,3,2
awe,http://farm9.staticflickr.com/8055/8130587857_c42dea77fd_z.jpg,0,5
awe,http://farm9.staticflickr.com/8384/8618656681_0f97685e99_z.jpg,4,1
awe,http://farm9.staticflickr.com/8029/8046627720_e720fe61c9_z.jpg,1,4
awe,http://farm6.staticflickr.com/5569/15083636651_9bf97efb4b_z.jpg,4,1
awe,http://farm4.staticflickr.com/3817/10770047475_ed26acd6a7_z.jpg,5,0
awe,http://farm9.staticflickr.com/8488/8213700284_a69a08902c_z.jpg,4,1
awe,http://farm8.staticflickr.com/7516/16090707380_9943af4f08_z.jpg,1,4
awe,http://farm3.staticflickr.com/2846/13274506404_a396f34b72_z.jpg,2,2
awe,http://farm8.staticflickr.com/7224/7326464144_04f91ef6f4_z.jpg,5,0
awe,http://farm9.staticflickr.com/8421/7770345848_b4d68f77aa_z.jpg,5,0
awe,http://farm6.staticflickr.com/5599/15275706178_9fce618d6a_z.jpg,1,4
awe,http://farm8.staticflickr.com/7018/6636896713_fc388c4412_z.jpg,1,3
awe,http://farm6.staticflickr.com/5565/14904733725_1ff636d72a_z.jpg,4,1
awe,http://farm4.staticflickr.com/3796/13706726034_079c8790fe_z.jpg,0,5
awe,http://farm4.staticflickr.com/3911/15168057061_f88dab60eb_z.jpg,1,4
awe,http://farm9.staticflickr.com/8186/8136575139_7173e9898c_z.jpg,1,3
awe,http://farm8.staticflickr.com/7391/13447109544_9cf4cf5ec6_z.jpg,0,5
awe,http://farm9.staticflickr.com/8470/8134642253_4f049df86f_z.jpg,5,0
awe,http://farm4.staticflickr.com/3802/12073554344_8c7c4d970e_z.jpg,2,3
awe,http://farm9.staticflickr.com/8043/8107277440_390f914382_z.jpg,1,4
awe,http://farm9.staticflickr.com/8383/8581529328_b1bb430fe0_z.jpg,5,0
awe,http://farm3.staticflickr.com/2830/11377918404_9389b76529_z.jpg,4,1
awe,http://farm9.staticflickr.com/8365/8451434142_63a0f86223_z.jpg,1,4
awe,http://farm4.staticflickr.com/3862/14760856861_ebce79aed4_z.jpg,4,1
awe,http://farm9.staticflickr.com/8176/7982388969_89fc88f2bf_z.jpg,5,0
awe,http://farm8.staticflickr.com/7453/11325120693_d7edef2c4f_z.jpg,5,0
awe,http://farm8.staticflickr.com/7451/8717165508_62801ea1c3_z.jpg,4,1
awe,http://farm9.staticflickr.com/8055/8387183013_97a69fa7c9_z.jpg,5,0
awe,http://farm9.staticflickr.com/8122/8646990248_9c22dd62c5_z.jpg,5,0
awe,http://farm4.staticflickr.com/3768/8932683422_25a668aff1_z.jpg,5,0
awe,http://farm9.staticflickr.com/8606/16301385012_841e4b5e66_z.jpg,1,4
awe,http://farm9.staticflickr.com/8375/8534734849_ac2cfcc757_z.jpg,3,2
awe,http://farm8.staticflickr.com/7443/9570521364_a21a6f425f_z.jpg,3,2
awe,http://farm8.staticflickr.com/7074/7291944592_38d6f45aa1_z.jpg,3,2
awe,http://farm4.staticflickr.com/3906/14830902259_dbaa396c2e_z.jpg,5,0
awe,http://farm4.staticflickr.com/3911/14801747089_312aec0361_z.jpg,0,5
awe,http://farm9.staticflickr.com/8193/8118837673_8de9ca7aea_z.jpg,2,3
awe,http://farm4.staticflickr.com/3924/14584305819_59bfaf8c3a_z.jpg,5,0
awe,http://farm9.staticflickr.com/8188/8134250682_a4203b9521_z.jpg,1,4
awe,http://farm8.staticflickr.com/7269/7505305754_176803b054_z.jpg,1,4
awe,http://farm6.staticflickr.com/5556/15102431081_256f9b3e47_z.jpg,4,1
awe,http://farm8.staticflickr.com/7242/7211982246_3de4876466_z.jpg,4,1
awe,http://farm4.staticflickr.com/3716/11327135635_360bb9ddde_z.jpg,3,2
awe,http://farm4.staticflickr.com/3935/15494637741_31a812be03_z.jpg,4,0
awe,http://farm6.staticflickr.com/5115/7431079516_8596b834e6_z.jpg,4,1
awe,http://farm4.staticflickr.com/3876/14780491919_b7fbc96eb0_z.jpg,5,0
awe,http://farm3.staticflickr.com/2876/8775236744_d601084ec7_z.jpg,4,1
awe,http://farm9.staticflickr.com/8452/7982972582_5afee19039_z.jpg,0,5
awe,http://farm4.staticflickr.com/3748/9703750876_359bc1021f_z.jpg,5,0
awe,http://farm8.staticflickr.com/7140/7061740609_86ae250747_z.jpg,3,2
awe,http://farm6.staticflickr.com/5570/14884571738_2399525da4_z.jpg,5,0
awe,http://farm8.staticflickr.com/7408/13049743844_6773066eae_z.jpg,5,0
awe,http://farm8.staticflickr.com/7425/11258344626_92b8fdf5b4_z.jpg,3,2
awe,http://farm9.staticflickr.com/8283/7835929380_f8f014d4ed_z.jpg,3,2
awe,http://farm8.staticflickr.com/7302/9767823902_4fdee06c31_z.jpg,1,4
awe,http://farm9.staticflickr.com/8055/8090183815_2e28eeaa51_z.jpg,5,0
awe,http://farm9.staticflickr.com/8046/8393535791_48d343a8ba_z.jpg,5,0
awe,http://farm9.staticflickr.com/8340/8196201746_85a41915e6_z.jpg,5,0
awe,http://farm6.staticflickr.com/5510/9134547504_5d08460718_z.jpg,5,0
awe,http://farm8.staticflickr.com/7546/15331771963_32b4aec351_z.jpg,2,3
awe,http://farm3.staticflickr.com/2834/9830906834_8ef6e2c77c_z.jpg,0,5
awe,http://farm9.staticflickr.com/8145/7351999644_9546bfe4ec_z.jpg,4,1
awe,http://farm8.staticflickr.com/7424/16366735899_8ed3cdd264_z.jpg,5,0
awe,http://farm3.staticflickr.com/2810/12673270134_b4ae0009f0_z.jpg,4,1
awe,http://farm6.staticflickr.com/5516/12249809645_1b888cc76a_z.jpg,5,0
awe,http://farm4.staticflickr.com/3928/15410650715_caf5c8905f_z.jpg,3,2
awe,http://farm3.staticflickr.com/2856/9585592459_22dfcd0507_z.jpg,4,1
awe,http://farm6.staticflickr.com/5591/15015164487_e0089c66b1_z.jpg,5,0
awe,http://farm6.staticflickr.com/5517/11946152796_a558dae5d6_z.jpg,0,5
awe,http://farm8.staticflickr.com/7295/10401633796_df4622b126_z.jpg,4,1
awe,http://farm6.staticflickr.com/5615/15423831358_b4262a32a5_z.jpg,1,4
awe,http://farm4.staticflickr.com/3882/15017631275_ef87da233c_z.jpg,5,0
awe,http://farm9.staticflickr.com/8544/8713542669_ee21d64f97_z.jpg,0,5
awe,http://farm6.staticflickr.com/5442/8928505879_15e5a19a71_z.jpg,2,3
awe,http://farm8.staticflickr.com/7326/16476972825_c24d059c05_z.jpg,3,2
awe,http://farm6.staticflickr.com/5341/9481802062_2be4eef6e7_z.jpg,1,4
awe,http://farm9.staticflickr.com/8235/8507954192_ec2634ca42_z.jpg,5,0
awe,http://farm9.staticflickr.com/8321/7917600440_590e26cb15_z.jpg,1,4
awe,http://farm4.staticflickr.com/3727/9364646532_9759c95a91_z.jpg,2,3
awe,http://farm6.staticflickr.com/5459/9539500455_a497ff4b52_z.jpg,2,3
awe,http://farm8.staticflickr.com/7460/10717554243_8af81a760f_z.jpg,2,3
awe,http://farm6.staticflickr.com/5611/15432243268_6780b67d5a_z.jpg,5,0
awe,http://farm8.staticflickr.com/7191/6852906099_f7eeb7c33b_z.jpg,5,0
awe,http://farm8.staticflickr.com/7193/7031929621_f4a83b7132_z.jpg,5,0
awe,http://farm9.staticflickr.com/8535/8615785395_d7e72c9e48_z.jpg,4,0
awe,http://farm9.staticflickr.com/8196/8381752586_96d299625d_z.jpg,0,5
awe,http://farm6.staticflickr.com/5596/14664316078_a891a6cf37_z.jpg,5,0
awe,http://farm9.staticflickr.com/8571/15941766842_1a600ddcfd_z.jpg,5,0
awe,http://farm4.staticflickr.com/3746/11952195985_a50e22d3ef_z.jpg,0,5
awe,http://farm3.staticflickr.com/2816/10670033304_4f61b95754_z.jpg,5,0
awe,http://farm8.staticflickr.com/7135/7013301381_8ed454acd5_z.jpg,0,5
awe,http://farm9.staticflickr.com/8592/15532653783_01530d8f1f_z.jpg,3,2
awe,http://farm6.staticflickr.com/5599/15432048931_d83056ecca_z.jpg,1,4
awe,http://farm9.staticflickr.com/8070/8187115715_0eac467305_z.jpg,3,2
awe,http://farm3.staticflickr.com/2848/9531564429_95605c2110_z.jpg,3,2
awe,http://farm9.staticflickr.com/8174/7974033688_a39425af50_z.jpg,2,3
awe,http://farm9.staticflickr.com/8371/8521952846_c3703ff0ce_z.jpg,2,3
awe,http://farm9.staticflickr.com/8019/7536611638_9487aab772_z.jpg,1,4
awe,http://farm9.staticflickr.com/8065/8280352469_d7183c23fd_z.jpg,2,3
awe,http://farm9.staticflickr.com/8227/8484266768_2a35bfd953_z.jpg,0,5
awe,http://farm4.staticflickr.com/3844/14864345949_e439b140e2_z.jpg,5,0
awe,http://farm8.staticflickr.com/7188/13394403503_d81bddc3aa_z.jpg,5,0
awe,http://farm6.staticflickr.com/5460/7197200650_69d7ccdbc8_z.jpg,3,2
awe,http://farm4.staticflickr.com/3947/15595906532_21e4d3b52b_z.jpg,5,0
awe,http://farm6.staticflickr.com/5451/9400022986_b0ace6c7a4_z.jpg,5,0
awe,http://farm8.staticflickr.com/7333/8929226165_3c7389315b_z.jpg,0,5
awe,http://farm6.staticflickr.com/5040/7203890166_3fdd1fa82f_z.jpg,5,0
awe,http://farm8.staticflickr.com/7023/13640294175_0c7c082a15_z.jpg,4,1
awe,http://farm4.staticflickr.com/3845/14162083499_41ccd756ec_z.jpg,5,0
awe,http://farm8.staticflickr.com/7089/7358167338_c75f14bb58_z.jpg,3,2
awe,http://farm8.staticflickr.com/7227/7042842173_89d8a33b56_z.jpg,2,2
awe,http://farm9.staticflickr.com/8323/8130115077_7003a41101_z.jpg,3,2
awe,http://farm4.staticflickr.com/3918/14763932425_e038146015_z.jpg,5,0
awe,http://farm8.staticflickr.com/7109/7002300034_48039047a0_z.jpg,0,5
awe,http://farm8.staticflickr.com/7232/7317682166_65e1e551a4_z.jpg,5,0
awe,http://farm9.staticflickr.com/8110/8585345239_8c2ae20899_z.jpg,5,0
awe,http://farm4.staticflickr.com/3750/8929328161_fe24db9d45_z.jpg,4,1
awe,http://farm8.staticflickr.com/7330/9257903638_3359150a5d_z.jpg,0,5
awe,http://farm4.staticflickr.com/3724/9109494093_af87e31f6f_z.jpg,2,3
awe,http://farm8.staticflickr.com/7501/15533204643_fe635329f2_z.jpg,5,0
awe,http://farm4.staticflickr.com/3680/13792886324_ef834ba0d8_z.jpg,0,5
awe,http://farm9.staticflickr.com/8440/7976434011_f903053bce_z.jpg,0,5
awe,http://farm3.staticflickr.com/2853/9332301516_1c4d665de6_z.jpg,4,0
awe,http://farm9.staticflickr.com/8673/15768247421_81b94c974f_z.jpg,0,5
awe,http://farm7.staticflickr.com/6236/6877991846_8c5085bbc8_z.jpg,5,0
awe,http://farm8.staticflickr.com/7125/7409396076_846e551abc_z.jpg,3,2
awe,http://farm8.staticflickr.com/7579/16034435461_b7f7acbf40_z.jpg,4,1
awe,http://farm6.staticflickr.com/5039/7431552362_fa9eb99d68_z.jpg,4,1
awe,http://farm9.staticflickr.com/8239/8660478219_1610df0f02_z.jpg,5,0
awe,http://farm9.staticflickr.com/8376/8533641904_0bb6c8e1c4_z.jpg,5,0
awe,http://farm9.staticflickr.com/8025/7268400758_a73e6c93cf_z.jpg,4,1
awe,http://farm8.staticflickr.com/7574/16073188209_8d56f4d6c8_z.jpg,4,1
awe,http://farm9.staticflickr.com/8487/8240431710_08385451b0_z.jpg,3,2
awe,http://farm9.staticflickr.com/8264/8624139909_c18b4f807f_z.jpg,5,0
awe,http://farm9.staticflickr.com/8206/8196196942_98e6e230be_z.jpg,5,0
awe,http://farm3.staticflickr.com/2916/14223086682_409c43dab5_z.jpg,5,0
awe,http://farm8.staticflickr.com/7086/6902215616_982bfa1016_z.jpg,4,1
awe,http://farm4.staticflickr.com/3728/14109035009_9b5c9d7cdf_z.jpg,0,5
awe,http://farm9.staticflickr.com/8386/8543246497_b2c951cfea_z.jpg,1,4
awe,http://farm9.staticflickr.com/8071/8302024461_641c380dc7_z.jpg,4,1
awe,http://farm6.staticflickr.com/5596/14781961675_e391fa8192_z.jpg,5,0
awe,http://farm8.staticflickr.com/7351/9047357769_3cf09a878e_z.jpg,1,4
awe,http://farm4.staticflickr.com/3699/10789719976_eba408e499_z.jpg,3,2
awe,http://farm9.staticflickr.com/8146/7652424016_e4b36a8d37_z.jpg,3,2
awe,http://farm3.staticflickr.com/2901/14377806059_a9ba02ef87_z.jpg,5,0
awe,http://farm8.staticflickr.com/7426/10826033923_f16a5b22d9_z.jpg,5,0
awe,http://farm8.staticflickr.com/7376/11939545584_f7f4863f46_z.jpg,5,0
awe,http://farm3.staticflickr.com/2895/14130965804_be528c3b1c_z.jpg,5,0
awe,http://farm9.staticflickr.com/8477/8231366988_0f2ebd81e3_z.jpg,1,4
awe,http://farm4.staticflickr.com/3761/10718051216_b71bd399a4_z.jpg,5,0
awe,http://farm4.staticflickr.com/3677/9234227440_fc851495a2_z.jpg,4,1
awe,http://farm8.staticflickr.com/7477/16293565741_a260360477_z.jpg,4,1
awe,http://farm8.staticflickr.com/7076/6999266964_a2cdf61eca_z.jpg,0,5
awe,http://farm4.staticflickr.com/3836/15072762579_caa184e0ff_z.jpg,5,0
awe,http://farm9.staticflickr.com/8484/8196421330_643712bfe2_z.jpg,5,0
awe,http://farm9.staticflickr.com/8383/8536513704_b7edca3f94_z.jpg,4,0
awe,http://farm4.staticflickr.com/3673/13749314944_f8f8acdd63_z.jpg,5,0
awe,http://farm9.staticflickr.com/8365/8471076893_f606abef3f_z.jpg,5,0
awe,http://farm8.staticflickr.com/7572/15902139491_7c327fe724_z.jpg,5,0
awe,http://farm6.staticflickr.com/5557/15259124312_b72b342100_z.jpg,5,0
awe,http://farm9.staticflickr.com/8265/8624709762_63e7311720_z.jpg,5,0
awe,http://farm3.staticflickr.com/2905/14583227284_7833af6ce0_z.jpg,4,1
awe,http://farm3.staticflickr.com/2912/14305911634_3a35cc664b_z.jpg,4,1
awe,http://farm4.staticflickr.com/3876/14738827232_7aa7104d14_z.jpg,4,1
awe,http://farm3.staticflickr.com/2824/9030174740_c717d14fa7_z.jpg,5,0
awe,http://farm9.staticflickr.com/8233/8587825444_bf9b475a7b_z.jpg,5,0
awe,http://farm3.staticflickr.com/2861/9097393406_4dbbed4e55_z.jpg,0,5
awe,http://farm8.staticflickr.com/7079/7315893852_92d900a613_z.jpg,2,3
awe,http://farm9.staticflickr.com/8004/7389676680_e376750ec7_z.jpg,3,2
awe,http://farm8.staticflickr.com/7365/10456790425_d2a404ab5e_z.jpg,3,2
awe,http://farm6.staticflickr.com/5581/14918915697_372b2c8ca9_z.jpg,3,2
awe,http://farm8.staticflickr.com/7008/6679869957_9438a0dd15_z.jpg,5,0
awe,http://farm6.staticflickr.com/5564/14776436581_f417718fd8_z.jpg,4,1
awe,http://farm4.staticflickr.com/3731/9525210530_cd5d2d1d28_z.jpg,3,2
awe,http://farm6.staticflickr.com/5597/15460004945_fc2b18c81f_z.jpg,4,1
awe,http://farm8.staticflickr.com/7127/7145343003_f107e63a90_z.jpg,1,4
awe,http://farm9.staticflickr.com/8448/7745497818_8042702840_z.jpg,0,5
awe,http://farm8.staticflickr.com/7080/7241063884_caa464fd91_z.jpg,5,0
awe,http://farm6.staticflickr.com/5455/8791408386_75108b2b45_z.jpg,1,4
awe,http://farm4.staticflickr.com/3791/9441835459_85a74b6ac4_z.jpg,0,5
awe,http://farm3.staticflickr.com/2828/10282689844_76d4abfd71_z.jpg,2,3
awe,http://farm4.staticflickr.com/3891/14784412412_e5e2c97827_z.jpg,4,1
awe,http://farm8.staticflickr.com/7148/6811828853_e1096633ef_z.jpg,4,1
awe,http://farm3.staticflickr.com/2904/14465702968_815a707578_z.jpg,5,0
awe,http://farm8.staticflickr.com/7383/11519341095_98194cacce_z.jpg,5,0
awe,http://farm3.staticflickr.com/2915/14407414997_6d5dd07b8a_z.jpg,5,0
awe,http://farm9.staticflickr.com/8158/7313582822_612c7f6491_z.jpg,1,4
awe,http://farm8.staticflickr.com/7393/11816429075_17ca2edd67_z.jpg,5,0
awe,http://farm6.staticflickr.com/5606/15590667172_c82d8274fa_z.jpg,2,3
awe,http://farm6.staticflickr.com/5536/14340173735_9626a491b8_z.jpg,1,4
awe,http://farm4.staticflickr.com/3865/14951069975_9dcb9e0774_z.jpg,5,0
awe,http://farm6.staticflickr.com/5529/12648810734_5294b4da80_z.jpg,5,0
awe,http://farm3.staticflickr.com/2880/10922375306_af51f21c3a_z.jpg,1,4
awe,http://farm9.staticflickr.com/8383/8581986683_c02dca3469_z.jpg,0,5
awe,http://farm3.staticflickr.com/2872/11605287815_8a7ed704a2_z.jpg,1,4
awe,http://farm4.staticflickr.com/3907/15158406260_9d58998289_z.jpg,3,2
awe,http://farm3.staticflickr.com/2809/12674356243_8497b6efc8_z.jpg,3,2
awe,http://farm6.staticflickr.com/5031/7201745684_674ed1f1d6_z.jpg,2,3
awe,http://farm8.staticflickr.com/7460/11143353893_83c23f5480_z.jpg,4,1
awe,http://farm4.staticflickr.com/3819/9613956041_10d86f4783_z.jpg,3,2
awe,http://farm8.staticflickr.com/7575/15864019731_b33b1581c5_z.jpg,4,1
awe,http://farm8.staticflickr.com/7261/6902334124_d00d0ab50d_z.jpg,4,1
awe,http://farm6.staticflickr.com/5522/14219643962_86c860a6a2_z.jpg,3,2
awe,http://farm4.staticflickr.com/3765/10717162983_837e4253a8_z.jpg,3,2
awe,http://farm3.staticflickr.com/2905/13995851825_7edcd777fd_z.jpg,4,1
awe,http://farm9.staticflickr.com/8479/8231349424_2ee5698345_z.jpg,2,3
awe,http://farm8.staticflickr.com/7323/11284468153_dce7b48446_z.jpg,5,0
awe,http://farm6.staticflickr.com/5516/11772060125_707b074ed9_z.jpg,5,0
awe,http://farm3.staticflickr.com/2846/11265036195_8effa8ec98_z.jpg,1,4
awe,http://farm9.staticflickr.com/8171/7910778010_53018a74b3_z.jpg,5,0
awe,http://farm4.staticflickr.com/3942/15694553342_855d7ab25d_z.jpg,1,4
awe,http://farm4.staticflickr.com/3780/9683210385_3dae86a9ae_z.jpg,5,0
awe,http://farm9.staticflickr.com/8004/7486360836_01623d4294_z.jpg,1,4
awe,http://farm3.staticflickr.com/2899/14443526632_730a3435e5_z.jpg,1,4
awe,http://farm6.staticflickr.com/5527/14650012254_27e1cfd2ff_z.jpg,5,0
awe,http://farm6.staticflickr.com/5490/9603373826_cb50f2134a_z.jpg,3,2
awe,http://farm8.staticflickr.com/7430/15831749414_259ccbd177_z.jpg,4,1
awe,http://farm9.staticflickr.com/8439/7743425314_f727b9dca1_z.jpg,1,4
awe,http://farm8.staticflickr.com/7458/10583019615_4822cc643c_z.jpg,4,1
awe,http://farm8.staticflickr.com/7583/16143415638_4fa8b05e65_z.jpg,2,3
awe,http://farm8.staticflickr.com/7486/16079300595_7a6fa1f007_z.jpg,5,0
awe,http://farm9.staticflickr.com/8443/7986688094_ff0f9d65ba_z.jpg,4,1
awe,http://farm8.staticflickr.com/7387/10527885294_8b7f50fb73_z.jpg,2,3
awe,http://farm4.staticflickr.com/3777/9445671154_1af7ed53f0_z.jpg,4,1
awe,http://farm4.staticflickr.com/3901/14932266842_3a3bbf82f2_z.jpg,1,4
awe,http://farm4.staticflickr.com/3817/9465701761_f824bd1a99_z.jpg,5,0
awe,http://farm4.staticflickr.com/3696/12302550773_086b932edd_z.jpg,3,2
awe,http://farm6.staticflickr.com/5597/15504094208_16c5a24818_z.jpg,0,5
awe,http://farm9.staticflickr.com/8466/8090606108_9f15dfb9b9_z.jpg,4,0
awe,http://farm9.staticflickr.com/8392/8536560320_295a538ed6_z.jpg,4,1
awe,http://farm4.staticflickr.com/3831/10716562984_6483b970a0_z.jpg,5,0
awe,http://farm9.staticflickr.com/8285/7523857224_602644ea6f_z.jpg,2,3
awe,http://farm9.staticflickr.com/8155/7209917154_451440ee3a_z.jpg,0,5
awe,http://farm8.staticflickr.com/7024/13640289345_b071ec3468_z.jpg,4,1
awe,http://farm4.staticflickr.com/3810/12940249343_1521e6a473_z.jpg,5,0
awe,http://farm8.staticflickr.com/7363/9109622534_b9d9c56899_z.jpg,2,3
awe,http://farm9.staticflickr.com/8601/16291827318_c6636694f8_z.jpg,0,5
awe,http://farm8.staticflickr.com/7348/10528045023_2c7f19bd0c_z.jpg,3,2
awe,http://farm9.staticflickr.com/8192/8130765247_1751f366fe_z.jpg,4,1
awe,http://farm4.staticflickr.com/3920/14783928602_c9af158004_z.jpg,5,0
awe,http://farm3.staticflickr.com/2942/15343275965_9a4db9f709_z.jpg,1,4
awe,http://farm4.staticflickr.com/3780/9252795202_a7acf2f449_z.jpg,0,5
awe,http://farm3.staticflickr.com/2876/9511735967_7fd369db50_z.jpg,5,0
awe,http://farm8.staticflickr.com/7480/16077972522_83b49a12b9_z.jpg,3,1
awe,http://farm9.staticflickr.com/8119/8624491320_ae41cc90d0_z.jpg,3,2
awe,http://farm4.staticflickr.com/3730/13269786744_2d20a48d89_z.jpg,2,3
awe,http://farm8.staticflickr.com/7101/7359205050_73c2d76ef7_z.jpg,0,5
awe,http://farm4.staticflickr.com/3739/10294958915_bebacbee8e_z.jpg,4,1
awe,http://farm9.staticflickr.com/8542/8710179439_1b027a2b8f_z.jpg,3,2
awe,http://farm8.staticflickr.com/7007/13655581203_813fc823b9_z.jpg,2,3
awe,http://farm9.staticflickr.com/8206/8237843892_49ccc3bcf0_z.jpg,1,3
awe,http://farm9.staticflickr.com/8428/7646920080_669961ed41_z.jpg,5,0
awe,http://farm8.staticflickr.com/7284/8744153594_565d06fd24_z.jpg,1,4
awe,http://farm9.staticflickr.com/8191/8100315197_19c55ab0a6_z.jpg,5,0
awe,http://farm9.staticflickr.com/8032/7974768901_846ec30ab1_z.jpg,5,0
awe,http://farm9.staticflickr.com/8484/8179692173_e665dd2b57_z.jpg,1,4
awe,http://farm9.staticflickr.com/8212/8327476223_320f80c2ff_z.jpg,4,1
awe,http://farm9.staticflickr.com/8348/8195337111_b84c7d1c4a_z.jpg,5,0
awe,http://farm6.staticflickr.com/5328/13975781434_caa9503472_z.jpg,5,0
awe,http://farm9.staticflickr.com/8196/8081550337_6e4157408e_z.jpg,4,1
awe,http://farm9.staticflickr.com/8551/8745043241_65ce2d14e4_z.jpg,5,0
awe,http://farm3.staticflickr.com/2841/10717785794_8db6fb9efd_z.jpg,4,1
awe,http://farm8.staticflickr.com/7093/7179793521_94e3c16dd1_z.jpg,5,0
awe,http://farm3.staticflickr.com/2846/10043298695_ced97cd6fb_z.jpg,1,4
awe,http://farm8.staticflickr.com/7481/16054575665_ef9361a7b3_z.jpg,4,1
awe,http://farm6.staticflickr.com/5488/14219661912_4bda840e16_z.jpg,4,1
awe,http://farm8.staticflickr.com/7067/6902317890_796fa536e0_z.jpg,0,5
awe,http://farm9.staticflickr.com/8307/7770057700_122f90bf21_z.jpg,2,3
awe,http://farm8.staticflickr.com/7341/9359755757_97dba12b7f_z.jpg,0,5
awe,http://farm9.staticflickr.com/8287/7860493950_8b3c328a7b_z.jpg,1,4
awe,http://farm4.staticflickr.com/3864/14682275392_5dbcf6608b_z.jpg,4,1
awe,http://farm9.staticflickr.com/8387/8562740901_68e622b6e5_z.jpg,0,5
awe,http://farm8.staticflickr.com/7377/9568505436_37de6748d4_z.jpg,5,0
awe,http://farm9.staticflickr.com/8394/8613001666_86d0a14e88_z.jpg,2,3
awe,http://farm9.staticflickr.com/8191/8091249646_d0b8447d8c_z.jpg,4,1
awe,http://farm3.staticflickr.com/2819/10718371995_7cbb8e1780_z.jpg,5,0
awe,http://farm9.staticflickr.com/8185/8078551159_f2c4d21706_z.jpg,5,0
awe,http://farm4.staticflickr.com/3759/11240312634_eba95a734a_z.jpg,1,4
awe,http://farm8.staticflickr.com/7315/9197189762_51baed80ee_z.jpg,5,0
awe,http://farm6.staticflickr.com/5606/15570432216_a5c2306d8d_z.jpg,4,1
awe,http://farm9.staticflickr.com/8070/8275566323_482fb9d49d_z.jpg,5,0
awe,http://farm6.staticflickr.com/5327/7204241920_b978760612_z.jpg,5,0
awe,http://farm8.staticflickr.com/7320/8745040327_7e4d8da59b_z.jpg,5,0
awe,http://farm4.staticflickr.com/3913/15105092372_4fdcdbcdab_z.jpg,3,2
awe,http://farm6.staticflickr.com/5325/10072561146_52ab57bf76_z.jpg,1,3
awe,http://farm9.staticflickr.com/8422/7687278634_e13c4dac23_z.jpg,1,4
awe,http://farm9.staticflickr.com/8225/8553755626_894bd042ce_z.jpg,5,0
awe,http://farm9.staticflickr.com/8291/7586774466_974f93aa46_z.jpg,5,0
awe,http://farm9.staticflickr.com/8064/8196432402_7ed72f03ca_z.jpg,4,1
awe,http://farm9.staticflickr.com/8388/8681612871_01d12820dc_z.jpg,4,1
awe,http://farm3.staticflickr.com/2905/13988251068_f679598135_z.jpg,2,3
awe,http://farm8.staticflickr.com/7517/15892629120_4a610c9bb5_z.jpg,5,0
awe,http://farm6.staticflickr.com/5546/11990291334_859c7bf7d0_z.jpg,0,5
awe,http://farm3.staticflickr.com/2916/14315582567_37c57a8142_z.jpg,4,1
awe,http://farm8.staticflickr.com/7290/10129497014_eeed223e37_z.jpg,5,0
awe,http://farm8.staticflickr.com/7072/7077987049_a2a553c94d_z.jpg,5,0
awe,http://farm8.staticflickr.com/7242/13934502314_4b87bfa443_z.jpg,4,1
awe,http://farm9.staticflickr.com/8033/8047585484_c9cc442321_z.jpg,0,5
awe,http://farm6.staticflickr.com/5604/15695594412_96bed5a1e3_z.jpg,1,4
awe,http://farm4.staticflickr.com/3904/14604995077_92f4b3d83b_z.jpg,4,1
awe,http://farm4.staticflickr.com/3874/15333374115_6c86762699_z.jpg,5,0
awe,http://farm9.staticflickr.com/8024/7526959138_1255f0aab8_z.jpg,4,1
awe,http://farm8.staticflickr.com/7316/8819693050_ea71468cd3_z.jpg,4,1
awe,http://farm8.staticflickr.com/7237/7315866334_318f4ca3f9_z.jpg,1,4
awe,http://farm8.staticflickr.com/7256/7578944674_df93ac5b05_z.jpg,1,4
awe,http://farm4.staticflickr.com/3774/12262746665_6141b0ff62_z.jpg,5,0
awe,http://farm8.staticflickr.com/7002/6656647761_a59484d8a0_z.jpg,5,0
awe,http://farm3.staticflickr.com/2816/8897075989_c6d4c8ab96_z.jpg,1,4
awe,http://farm3.staticflickr.com/2917/14570777336_927a25dcb0_z.jpg,5,0
awe,http://farm8.staticflickr.com/7562/15891378988_78c448db9a_z.jpg,3,1
awe,http://farm4.staticflickr.com/3766/11446997376_304808fd60_z.jpg,5,0
awe,http://farm9.staticflickr.com/8482/8238587397_492f29807c_z.jpg,5,0
awe,http://farm8.staticflickr.com/7572/16048012576_2a25caa1e6_z.jpg,5,0
awe,http://farm9.staticflickr.com/8242/8499406578_d2427f819c_z.jpg,1,4
awe,http://farm4.staticflickr.com/3856/14670937828_d6fde2e41e_z.jpg,4,1
awe,http://farm6.staticflickr.com/5463/9596419508_873c1d508a_z.jpg,4,1
awe,http://farm6.staticflickr.com/5316/7090763181_4144be537c_z.jpg,5,0
awe,http://farm4.staticflickr.com/3838/14480633741_100ae4e8c6_z.jpg,4,1
awe,http://farm9.staticflickr.com/8659/16080490852_e8fc62828e_z.jpg,0,4
awe,http://farm9.staticflickr.com/8236/8473040599_8d95a61cde_z.jpg,4,1
awe,http://farm9.staticflickr.com/8317/8063578377_b085fdd31b_z.jpg,1,4
awe,http://farm8.staticflickr.com/7095/7145339191_037a4338b3_z.jpg,1,4
awe,http://farm4.staticflickr.com/3865/14834577059_f4ce548e9a_z.jpg,4,1
awe,http://farm8.staticflickr.com/7109/7614308134_c7b8ae5857_z.jpg,0,5
awe,http://farm9.staticflickr.com/8155/7117760625_e0c3a07562_z.jpg,5,0
awe,http://farm9.staticflickr.com/8088/8381728234_4abbf06c94_z.jpg,3,1
awe,http://farm8.staticflickr.com/7061/14102617212_9251813c21_z.jpg,2,3
awe,http://farm8.staticflickr.com/7056/6772909182_dc07153c13_z.jpg,4,1
awe,http://farm8.staticflickr.com/7303/14140712633_3471ba7ea0_z.jpg,2,3
awe,http://farm6.staticflickr.com/5594/14933113449_73f2aaa511_z.jpg,4,1
awe,http://farm4.staticflickr.com/3841/14759725196_ae12e606c3_z.jpg,4,1
awe,http://farm6.staticflickr.com/5476/9329498941_28e1220ca1_z.jpg,5,0
awe,http://farm8.staticflickr.com/7310/9829217834_2e79f9d6e1_z.jpg,4,1
awe,http://farm4.staticflickr.com/3796/9993962785_621d970291_z.jpg,4,1
awe,http://farm9.staticflickr.com/8023/7588941462_f18f4a1ba5_z.jpg,2,3
awe,http://farm8.staticflickr.com/7301/11331817855_da11986234_z.jpg,5,0
awe,http://farm8.staticflickr.com/7180/6964393404_f7a8628427_z.jpg,4,1
awe,http://farm4.staticflickr.com/3837/15105094592_3dcd052ecd_z.jpg,5,0
awe,http://farm9.staticflickr.com/8529/8473325118_6a1a21469d_z.jpg,5,0
awe,http://farm8.staticflickr.com/7471/15398690944_33fcd2a102_z.jpg,1,4
awe,http://farm8.staticflickr.com/7201/6806159788_928ac4b087_z.jpg,5,0
awe,http://farm8.staticflickr.com/7392/14028232442_9436747854_z.jpg,1,4
awe,http://farm8.staticflickr.com/7579/16002503906_1a5d37b37f_z.jpg,4,1
awe,http://farm9.staticflickr.com/8092/8390494326_c44e4411f4_z.jpg,5,0
awe,http://farm8.staticflickr.com/7405/8933858694_3b72c3d819_z.jpg,5,0
awe,http://farm3.staticflickr.com/2936/14785483663_8dda3da91f_z.jpg,5,0
awe,http://farm9.staticflickr.com/8591/15236689094_6480916692_z.jpg,5,0
awe,http://farm8.staticflickr.com/7155/6679819571_9d298629d1_z.jpg,3,2
awe,http://farm6.staticflickr.com/5553/14981710200_6bbd177297_z.jpg,4,1
awe,http://farm4.staticflickr.com/3763/11832396813_50ec38c65f_z.jpg,4,1
awe,http://farm9.staticflickr.com/8539/8772363088_d0666b67dd_z.jpg,3,2
awe,http://farm8.staticflickr.com/7278/7665183746_06b9d8e8b9_z.jpg,5,0
awe,http://farm8.staticflickr.com/7140/7764156208_357b938d6b_z.jpg,4,1
awe,http://farm9.staticflickr.com/8107/8630243535_5828bb024c_z.jpg,3,2
awe,http://farm4.staticflickr.com/3705/11340722946_e89fa11625_z.jpg,4,1
awe,http://farm6.staticflickr.com/5116/7430191852_62498f2f53_z.jpg,5,0
awe,http://farm4.staticflickr.com/3882/14757217186_f8c8dc06e5_z.jpg,3,2
awe,http://farm6.staticflickr.com/5614/15351013880_5659531761_z.jpg,5,0
awe,http://farm8.staticflickr.com/7005/6653153933_63cd05c339_z.jpg,4,1
awe,http://farm6.staticflickr.com/5329/9463576120_4ccf0dafe0_z.jpg,2,3
awe,http://farm6.staticflickr.com/5527/14377956917_f98de9cd44_z.jpg,5,0
awe,http://farm6.staticflickr.com/5195/7226287238_08893ac40c_z.jpg,4,1
awe,http://farm6.staticflickr.com/5572/14916915370_44db17b3ba_z.jpg,2,3
awe,http://farm4.staticflickr.com/3698/10922362616_b219fb20ba_z.jpg,1,4
awe,http://farm9.staticflickr.com/8500/8323838187_a4ce6a3fa8_z.jpg,4,1
awe,http://farm8.staticflickr.com/7260/13181766415_56a79e0e51_z.jpg,0,5
awe,http://farm9.staticflickr.com/8059/8225397332_03fb2fbe0e_z.jpg,2,3
awe,http://farm6.staticflickr.com/5115/6944574962_3ec228c7c5_z.jpg,0,4
awe,http://farm8.staticflickr.com/7322/9554907130_3c1d7eedb4_z.jpg,1,4
awe,http://farm3.staticflickr.com/2864/12664996903_b2ce35908e_z.jpg,3,2
awe,http://farm4.staticflickr.com/3717/13230894725_eb35176f63_z.jpg,3,2
awe,http://farm4.staticflickr.com/3922/14668681078_31d4a4a831_z.jpg,4,1
awe,http://farm9.staticflickr.com/8525/8476140355_cdcf274721_z.jpg,3,2
awe,http://farm8.staticflickr.com/7326/11719746494_2b368f4cfc_z.jpg,0,5
awe,http://farm9.staticflickr.com/8394/8620607825_f5bf0a695c_z.jpg,5,0
awe,http://farm8.staticflickr.com/7356/10527573376_fa6221ce64_z.jpg,5,0
awe,http://farm8.staticflickr.com/7223/6885832364_fa706b5087_z.jpg,4,0
awe,http://farm9.staticflickr.com/8112/8493227806_564bbae31c_z.jpg,0,5
awe,http://farm4.staticflickr.com/3703/11175632043_acf7c89ab8_z.jpg,0,5
awe,http://farm8.staticflickr.com/7349/9603372018_f5700e23a3_z.jpg,3,2
awe,http://farm3.staticflickr.com/2912/14070939917_87d13b194a_z.jpg,4,1
awe,http://farm8.staticflickr.com/7066/6962854067_b3beb616c8_z.jpg,1,4
awe,http://farm6.staticflickr.com/5585/14781145241_1347eaecc9_z.jpg,5,0
awe,http://farm6.staticflickr.com/5541/11443656344_b2ac814fa3_z.jpg,5,0
awe,http://farm3.staticflickr.com/2872/12711615394_1ab6327dfe_z.jpg,4,1
awe,http://farm9.staticflickr.com/8531/8519489747_63e4b9e946_z.jpg,5,0
awe,http://farm3.staticflickr.com/2915/14645406189_26f3517f7d_z.jpg,5,0
awe,http://farm6.staticflickr.com/5549/14264033984_4b069c670c_z.jpg,1,4
awe,http://farm6.staticflickr.com/5502/11708399824_1122a2e9bd_z.jpg,5,0
awe,http://farm4.staticflickr.com/3914/14768844592_07e342a44c_z.jpg,5,0
awe,http://farm8.staticflickr.com/7306/13156931263_d796afa0f3_z.jpg,5,0
awe,http://farm4.staticflickr.com/3335/12994564485_948a4bf28f_z.jpg,1,4
awe,http://farm9.staticflickr.com/8159/7145331237_0581528b00_z.jpg,3,2
awe,http://farm6.staticflickr.com/5608/15503050232_66b0be8b1d_z.jpg,5,0
awe,http://farm9.staticflickr.com/8510/8598432752_1a260b4d47_z.jpg,3,2
awe,http://farm6.staticflickr.com/5508/9572002585_8012e8f291_z.jpg,5,0
awe,http://farm6.staticflickr.com/5496/11327286023_56879c853d_z.jpg,0,5
awe,http://farm9.staticflickr.com/8218/8404097444_ce8b8e93f2_z.jpg,2,3
awe,http://farm6.staticflickr.com/5531/11284398406_a7f39beebd_z.jpg,5,0
awe,http://farm9.staticflickr.com/8382/8593504179_e54561d366_z.jpg,5,0
awe,http://farm9.staticflickr.com/8190/8134652040_6619581eb4_z.jpg,5,0
awe,http://farm8.staticflickr.com/7216/7211951956_5c38b01273_z.jpg,3,2
awe,http://farm6.staticflickr.com/5534/9840322056_2dd6f9ba98_z.jpg,4,1
awe,http://farm4.staticflickr.com/3861/15150855721_625732e340_z.jpg,2,3
awe,http://farm4.staticflickr.com/3801/12464773575_2b890dd424_z.jpg,3,1
awe,http://farm9.staticflickr.com/8160/7211950248_32bc74ef60_z.jpg,4,1
awe,http://farm4.staticflickr.com/3790/11140873016_206af582de_z.jpg,1,4
awe,http://farm9.staticflickr.com/8208/8180319381_6360ab0343_z.jpg,5,0
awe,http://farm8.staticflickr.com/7486/15473704738_941e18cda9_z.jpg,5,0
awe,http://farm8.staticflickr.com/7404/14215828293_a8f2f514b3_z.jpg,1,4
awe,http://farm9.staticflickr.com/8044/8083244801_aa7429a731_z.jpg,1,3
awe,http://farm8.staticflickr.com/7168/6716087415_e71aaf660c_z.jpg,3,2
awe,http://farm6.staticflickr.com/5567/14401799565_1c9065649d_z.jpg,2,2
awe,http://farm8.staticflickr.com/7428/12138633706_fdc0815ce9_z.jpg,3,2
awe,http://farm3.staticflickr.com/2947/15503439325_540aab080c_z.jpg,3,1
awe,http://farm6.staticflickr.com/5591/14761617576_18befa80b4_z.jpg,5,0
awe,http://farm8.staticflickr.com/7503/15819142261_796ee1607f_z.jpg,4,0
awe,http://farm4.staticflickr.com/3824/9556193084_83801cdc75_z.jpg,5,0
awe,http://farm8.staticflickr.com/7327/9411019611_75700c0211_z.jpg,5,0
awe,http://farm3.staticflickr.com/2825/12916254325_3e7cd10164_z.jpg,5,0
awe,http://farm4.staticflickr.com/3825/9504793842_e5fbedf431_z.jpg,5,0
awe,http://farm8.staticflickr.com/7024/6740907175_38487139c7_z.jpg,4,1
awe,http://farm9.staticflickr.com/8071/8407965341_7f24aa9076_z.jpg,1,4
awe,http://farm6.staticflickr.com/5348/8770683073_20cf33f9da_z.jpg,1,4
awe,http://farm4.staticflickr.com/3763/9433518034_14995eb2c2_z.jpg,3,2
awe,http://farm4.staticflickr.com/3729/10718221063_a2ce16fcf5_z.jpg,3,2
awe,http://farm6.staticflickr.com/5511/14396778439_2ec0b4d756_z.jpg,0,5
awe,http://farm9.staticflickr.com/8016/7116987169_b2d9ed9838_z.jpg,1,4
awe,http://farm9.staticflickr.com/8386/8624684104_d7797a5d05_z.jpg,1,4
awe,http://farm6.staticflickr.com/5489/11078611736_d207a5cbf7_z.jpg,4,1
awe,http://farm9.staticflickr.com/8071/8303174188_7a9e21e13c_z.jpg,1,4
awe,http://farm9.staticflickr.com/8073/8423697235_2877c9cf78_z.jpg,4,1
awe,http://farm8.staticflickr.com/7256/7447533470_b9b1a68c53_z.jpg,0,5
awe,http://farm3.staticflickr.com/2816/10717169763_0581e0dc03_z.jpg,2,3
awe,http://farm9.staticflickr.com/8260/8685634192_fb0defdd28_z.jpg,3,2
awe,http://farm3.staticflickr.com/2905/14542338141_41fbb60a05_z.jpg,4,0
awe,http://farm6.staticflickr.com/5607/15309017539_098fdd3782_z.jpg,0,5
awe,http://farm9.staticflickr.com/8393/8680526565_40ea1366ef_z.jpg,5,0
awe,http://farm4.staticflickr.com/3889/15353344132_a850c4ce7f_z.jpg,5,0
awe,http://farm3.staticflickr.com/2859/10034786813_c37d3f3a69_z.jpg,5,0
awe,http://farm9.staticflickr.com/8009/7331581598_ba811fab21_z.jpg,5,0
awe,http://farm8.staticflickr.com/7054/8690999710_451abeab2e_z.jpg,1,4
awe,http://farm8.staticflickr.com/7339/12606259785_7a60518281_z.jpg,5,0
awe,http://farm8.staticflickr.com/7456/10029999843_e9b5db126d_z.jpg,5,0
awe,http://farm9.staticflickr.com/8392/8499254488_3c4f5cc853_z.jpg,1,4
awe,http://farm3.staticflickr.com/2917/14149088025_04545d2067_z.jpg,5,0
awe,http://farm9.staticflickr.com/8323/8102721634_21c30889b6_z.jpg,5,0
awe,http://farm4.staticflickr.com/3905/14677208694_b4ae4f9634_z.jpg,5,0
awe,http://farm8.staticflickr.com/7364/8723234899_ee1d5429c6_z.jpg,4,1
awe,http://farm8.staticflickr.com/7322/11443603675_cf7050d90e_z.jpg,5,0
awe,http://farm3.staticflickr.com/2879/13215618394_4fa47844e0_z.jpg,3,2
awe,http://farm9.staticflickr.com/8007/7137146151_769b5e3497_z.jpg,0,4
awe,http://farm9.staticflickr.com/8246/8573502304_f043346d68_z.jpg,4,1
awe,http://farm9.staticflickr.com/8006/7204070410_be13de0019_z.jpg,5,0
awe,http://farm6.staticflickr.com/5525/14224903424_082584a642_z.jpg,5,0
awe,http://farm8.staticflickr.com/7266/7020189071_fdcf9212d2_z.jpg,5,0
awe,http://farm8.staticflickr.com/7340/8952055920_69eae2094c_z.jpg,2,3
awe,http://farm3.staticflickr.com/2901/14503329196_e6744c9c17_z.jpg,1,4
awe,http://farm9.staticflickr.com/8287/7748876876_637306068b_z.jpg,2,3
awe,http://farm6.staticflickr.com/5607/15189192984_05373ee4b6_z.jpg,4,1
awe,http://farm7.staticflickr.com/6214/6876872790_c4a05a77fe_z.jpg,4,1
awe,http://farm6.staticflickr.com/5448/9814987755_3a45819c00_z.jpg,0,5
awe,http://farm6.staticflickr.com/5567/14760711866_65151bded8_z.jpg,4,1
awe,http://farm3.staticflickr.com/2900/13988970472_97d5ed0d79_z.jpg,3,2
awe,http://farm4.staticflickr.com/3682/12643886513_07bc3191b7_z.jpg,5,0
awe,http://farm6.staticflickr.com/5616/15807379945_8023ebbcbd_z.jpg,5,0
awe,http://farm3.staticflickr.com/2933/14189385658_78c3e7700a_z.jpg,5,0
awe,http://farm4.staticflickr.com/3933/15432377757_25e1874312_z.jpg,5,0
