awe,http://farm4.staticflickr.com/3880/14804178548_87b880f587_z.jpg,3,2
awe,http://farm6.staticflickr.com/5483/10379172303_86c1f6cec2_z.jpg,5,0
awe,http://farm4.staticflickr.com/3825/10717848523_905c91bc49_z.jpg,4,1
awe,http://farm9.staticflickr.com/8395/8609624951_e801630352_z.jpg,0,5
awe,http://farm8.staticflickr.com/7425/12948190644_934e047f4e_z.jpg,2,3
awe,http://farm9.staticflickr.com/8285/7678924786_e88f402ac8_z.jpg,3,2
awe,http://farm3.staticflickr.com/2841/10492075606_447909dda5_z.jpg,0,5
awe,http://farm9.staticflickr.com/8484/8206469803_3748024eca_z.jpg,4,1
awe,http://farm9.staticflickr.com/8144/7171354611_d63e7b1f81_z.jpg,1,4
awe,http://farm3.staticflickr.com/2924/14767151281_2aeac1c104_z.jpg,4,1
awe,http://farm6.staticflickr.com/5596/14726694806_495b31a0e7_z.jpg,4,1
awe,http://farm3.staticflickr.com/2945/15316633240_463f720ec5_z.jpg,5,0
awe,http://farm9.staticflickr.com/8201/8190691907_df89cb92ab_z.jpg,0,5
awe,http://farm9.staticflickr.com/8072/8381736224_eba422e80e_z.jpg,5,0
awe,http://farm9.staticflickr.com/8215/8363290006_695790a2bd_z.jpg,0,5
awe,http://farm8.staticflickr.com/7239/7157124367_e70bca4147_z.jpg,2,3
awe,http://farm4.staticflickr.com/3819/9234260178_483506f13d_z.jpg,2,3
awe,http://farm8.staticflickr.com/7452/10718399093_85e46e6c37_z.jpg,5,0
awe,http://farm6.staticflickr.com/5565/14339247005_1835c1fa99_z.jpg,2,3
awe,http://farm6.staticflickr.com/5535/12169650526_27daf8c7af_z.jpg,4,1
awe,http://farm3.staticflickr.com/2912/14028253607_b63caca3d3_z.jpg,5,0
awe,http://farm6.staticflickr.com/5485/14628619912_6856324527_z.jpg,5,0
awe,http://farm4.staticflickr.com/3954/15571978682_43cfe6cc96_z.jpg,5,0
awe,http://farm4.staticflickr.com/3669/9399986712_1ae73627d1_z.jpg,3,2
awe,http://farm4.staticflickr.com/3947/14998284013_83cf6ab7f0_z.jpg,5,0
awe,http://farm8.staticflickr.com/7040/6986456023_69e39af86d_z.jpg,5,0
awe,http://farm6.staticflickr.com/5584/14743179696_0a7bdc0ec5_z.jpg,5,0
awe,http://farm9.staticflickr.com/8206/8195107939_a83839c480_z.jpg,5,0
awe,http://farm3.staticflickr.com/2936/13656017624_86873152b4_z.jpg,3,2
awe,http://farm9.staticflickr.com/8293/7564614022_d951c62fd5_z.jpg,3,2
awe,http://farm6.staticflickr.com/5221/14078428864_fdc8f17d79_z.jpg,1,4
awe,http://farm3.staticflickr.com/2910/14544663848_3e0589da98_z.jpg,1,4
awe,http://farm9.staticflickr.com/8291/7506438358_ef6f276023_z.jpg,1,4
awe,http://farm3.staticflickr.com/2854/8914137382_857d423de5_z.jpg,3,2
awe,http://farm3.staticflickr.com/2840/9483649937_528283606c_z.jpg,5,0
awe,http://farm4.staticflickr.com/3884/14749966956_b03956d39b_z.jpg,4,1
awe,http://farm8.staticflickr.com/7041/6805001734_f3c7af1435_z.jpg,2,3
awe,http://farm3.staticflickr.com/2870/11296687254_99fc54b9f9_z.jpg,5,0
awe,http://farm9.staticflickr.com/8363/8355921327_668232367b_z.jpg,0,5
awe,http://farm3.staticflickr.com/2937/14679375606_f8f03c77d2_z.jpg,5,0
awe,http://farm4.staticflickr.com/3683/14092821598_887db67e47_z.jpg,5,0
awe,http://farm4.staticflickr.com/3868/14597198908_dcf9454283_z.jpg,5,0
awe,http://farm8.staticflickr.com/7134/6981545196_8b445fc2d3_z.jpg,5,0
awe,http://farm8.staticflickr.com/7145/6716005891_41cee02a13_z.jpg,5,0
awe,http://farm9.staticflickr.com/8201/8160275497_02df84f8b3_z.jpg,5,0
awe,http://farm3.staticflickr.com/2820/11013050333_c238ce0b68_z.jpg,5,0
awe,http://farm6.staticflickr.com/5484/9417022191_1c34b5c979_z.jpg,5,0
awe,http://farm9.staticflickr.com/8372/8482585679_2d3cdd46c4_z.jpg,0,5
awe,http://farm3.staticflickr.com/2899/14067001631_641c181174_z.jpg,4,1
awe,http://farm8.staticflickr.com/7475/15463823193_bd0b92069e_z.jpg,4,1
awe,http://farm6.staticflickr.com/5473/14320320714_d124eb5e87_z.jpg,5,0
awe,http://farm3.staticflickr.com/2883/11795464556_ff53153664_z.jpg,4,1
awe,http://farm3.staticflickr.com/2838/12854330575_ae8da5f45c_z.jpg,1,4
awe,http://farm9.staticflickr.com/8246/8507654863_807118f093_z.jpg,0,5
awe,http://farm4.staticflickr.com/3912/14981203065_9a377dfea6_z.jpg,0,5
awe,http://farm6.staticflickr.com/5488/14407357807_e26614b698_z.jpg,5,0
awe,http://farm9.staticflickr.com/8304/7824536866_50b9a8bb66_z.jpg,5,0
awe,http://farm3.staticflickr.com/2835/9933474694_0de0cfb89e_z.jpg,1,4
awe,http://farm8.staticflickr.com/7471/15783851835_f96d45baa0_z.jpg,0,5
awe,http://farm4.staticflickr.com/3723/9569231634_e09242b52b_z.jpg,0,5
awe,http://farm8.staticflickr.com/7215/6902203764_d47669b696_z.jpg,4,1
awe,http://farm8.staticflickr.com/7305/11918922654_1f67ef48a8_z.jpg,4,1
awe,http://farm4.staticflickr.com/3782/10770612476_ce1faa0547_z.jpg,5,0
awe,http://farm8.staticflickr.com/7089/7048311949_9e6ea28eae_z.jpg,5,0
awe,http://farm8.staticflickr.com/7071/7297118334_8aa912e5ca_z.jpg,5,0
awe,http://farm4.staticflickr.com/3940/15705285262_11c61e3449_z.jpg,4,1
awe,http://farm8.staticflickr.com/7233/6851819388_50f496c3f3_z.jpg,4,1
awe,http://farm6.staticflickr.com/5238/14221088276_371403787f_z.jpg,0,5
awe,http://farm6.staticflickr.com/5532/11434732063_e92dcb1b0e_z.jpg,5,0
awe,http://farm3.staticflickr.com/2822/10371407236_06e8055d2a_z.jpg,5,0
awe,http://farm6.staticflickr.com/5478/10718058884_996935a1a0_z.jpg,4,1
awe,http://farm8.staticflickr.com/7207/6932617600_05c2a98325_z.jpg,5,0
awe,http://farm9.staticflickr.com/8106/8594705308_3751e4af24_z.jpg,5,0
awe,http://farm8.staticflickr.com/7173/6713028599_9c729c0206_z.jpg,2,3
awe,http://farm8.staticflickr.com/7402/8819691976_67df7e0923_z.jpg,4,1
awe,http://farm3.staticflickr.com/2925/14203813915_0f4d66770b_z.jpg,1,4
awe,http://farm9.staticflickr.com/8036/7958690892_d19c184b0e_z.jpg,0,5
awe,http://farm9.staticflickr.com/8226/8538623239_651e8532bb_z.jpg,0,5
awe,http://farm6.staticflickr.com/5602/15590735562_23731e012d_z.jpg,0,5
awe,http://farm6.staticflickr.com/5348/9163664469_a5506387d8_z.jpg,0,5
awe,http://farm3.staticflickr.com/2820/11716463135_02450f17bc_z.jpg,3,2
awe,http://farm6.staticflickr.com/5329/8954268474_a3f7c5b0ce_z.jpg,0,5
awe,http://farm3.staticflickr.com/2888/8966425484_9c1dda04ef_z.jpg,5,0
awe,http://farm3.staticflickr.com/2828/9655799830_bf6c3b0bab_z.jpg,5,0
awe,http://farm9.staticflickr.com/8151/7187009274_d1f9ab9d3b_z.jpg,1,4
awe,http://farm9.staticflickr.com/8313/7990164865_1de82cf41b_z.jpg,5,0
awe,http://farm8.staticflickr.com/7513/15687273045_005947c5a6_z.jpg,4,1
awe,http://farm8.staticflickr.com/7111/7554921516_0c890b2b5c_z.jpg,3,2
awe,http://farm4.staticflickr.com/3888/14259835618_273421ac4a_z.jpg,5,0
awe,http://farm3.staticflickr.com/2820/10648611874_12dd1cc997_z.jpg,4,1
awe,http://farm8.staticflickr.com/7486/16079853675_071c68a160_z.jpg,4,1
awe,http://farm6.staticflickr.com/5199/14386905752_ae1d17fcf1_z.jpg,1,4
awe,http://farm3.staticflickr.com/2878/13394299405_041aced008_z.jpg,5,0
awe,http://farm3.staticflickr.com/2884/12546449175_08a1f6de35_z.jpg,0,5
awe,http://farm3.staticflickr.com/2936/13494063185_4a80a8814e_z.jpg,3,2
awe,http://farm9.staticflickr.com/8187/8134596889_29b80d82a1_z.jpg,1,4
awe,http://farm4.staticflickr.com/3835/14563817390_d2fddfc7ea_z.jpg,5,0
awe,http://farm3.staticflickr.com/2811/13679492854_0f34bedb6c_z.jpg,4,1
awe,http://farm9.staticflickr.com/8065/8227215257_af5fdf40da_z.jpg,5,0
awe,http://farm3.staticflickr.com/2904/14328971149_534ac3fba4_z.jpg,5,0
awe,http://farm3.staticflickr.com/2850/11764256705_9f6f5fb04d_z.jpg,0,5
awe,http://farm9.staticflickr.com/8317/8025666814_fb6270acc2_z.jpg,5,0
awe,http://farm8.staticflickr.com/7271/7154294028_1fa4d06526_z.jpg,5,0
awe,http://farm9.staticflickr.com/8064/8195249485_c8a3157f6c_z.jpg,4,1
awe,http://farm6.staticflickr.com/5545/9274652152_c9135376f3_z.jpg,5,0
awe,http://farm8.staticflickr.com/7007/6784766425_448c90908d_z.jpg,5,0
awe,http://farm4.staticflickr.com/3831/10174029585_9b13d19f33_z.jpg,4,1
awe,http://farm9.staticflickr.com/8097/8566211353_36c274c766_z.jpg,5,0
awe,http://farm6.staticflickr.com/5486/11167441606_3b7fb281dd_z.jpg,3,2
awe,http://farm8.staticflickr.com/7298/9829600366_1bb57a9490_z.jpg,5,0
awe,http://farm4.staticflickr.com/3943/15523328609_6cc9fefd8f_z.jpg,0,5
awe,http://farm9.staticflickr.com/8528/8553755086_2ff18860ca_z.jpg,4,1
awe,http://farm9.staticflickr.com/8387/8683466995_107b483779_z.jpg,1,4
awe,http://farm4.staticflickr.com/3903/14773424245_0894895b21_z.jpg,5,0
awe,http://farm9.staticflickr.com/8420/8713488778_e1ac642aff_z.jpg,1,4
awe,http://farm4.staticflickr.com/3827/9544773518_4c08e5d97f_z.jpg,5,0
awe,http://farm4.staticflickr.com/3826/11327197736_3199422f94_z.jpg,1,4
awe,http://farm6.staticflickr.com/5493/9188382686_b1f09ba371_z.jpg,5,0
awe,http://farm4.staticflickr.com/3828/10018052893_8a94d93634_z.jpg,5,0
awe,http://farm6.staticflickr.com/5538/9222961193_db046886f9_z.jpg,4,1
awe,http://farm4.staticflickr.com/3936/15479598988_e5b8cf1689_z.jpg,5,0
awe,http://farm8.staticflickr.com/7321/10393999046_3385814700_z.jpg,0,5
awe,http://farm9.staticflickr.com/8438/7802514284_6db106c175_z.jpg,0,5
awe,http://farm9.staticflickr.com/8068/8223314560_69c8d91fdd_z.jpg,4,1
awe,http://farm9.staticflickr.com/8506/8490879101_482e829e48_z.jpg,5,0
awe,http://farm9.staticflickr.com/8365/8474520043_d74a089914_z.jpg,1,4
awe,http://farm9.staticflickr.com/8113/8655022739_13b3cc6857_z.jpg,2,3
awe,http://farm9.staticflickr.com/8160/7203879772_44da2bc969_z.jpg,5,0
awe,http://farm9.staticflickr.com/8492/8385385667_c00e14563d_z.jpg,5,0
awe,http://farm6.staticflickr.com/5510/9049232694_a9e63acd41_z.jpg,0,5
awe,http://farm3.staticflickr.com/2843/10680924985_5fcee8898e_z.jpg,4,1
awe,http://farm6.staticflickr.com/5520/10798786174_1ac1c2db5f_z.jpg,0,5
awe,http://farm8.staticflickr.com/7243/13604120424_d9bdecb415_z.jpg,5,0
awe,http://farm8.staticflickr.com/7291/9962509073_abf5fc6041_z.jpg,5,0
awe,http://farm8.staticflickr.com/7081/7211983368_a69305dcf0_z.jpg,4,1
awe,http://farm8.staticflickr.com/7010/6716077055_a35d64f9e2_z.jpg,2,3
awe,http://farm8.staticflickr.com/7219/7166265678_a5dc66e60c_z.jpg,0,5
awe,http://farm9.staticflickr.com/8471/8134605273_1ccb73a126_z.jpg,4,1
awe,http://farm4.staticflickr.com/3893/15337295805_648603db93_z.jpg,4,1
awe,http://farm9.staticflickr.com/8253/8612130581_451ce38f56_z.jpg,5,0
awe,http://farm6.staticflickr.com/5505/12491225105_42cc0f6f3c_z.jpg,5,0
awe,http://farm9.staticflickr.com/8471/8130650276_d3edabe9d7_z.jpg,1,4
awe,http://farm9.staticflickr.com/8207/8194064133_84e1ef513e_z.jpg,2,2
awe,http://farm8.staticflickr.com/7318/11141841763_8940b92cff_z.jpg,1,4
awe,http://farm9.staticflickr.com/8344/8228020795_5aa702f28a_z.jpg,3,2
awe,http://farm8.staticflickr.com/7232/6964210556_7c80762185_z.jpg,5,0
awe,http://farm9.staticflickr.com/8064/8196192662_607a98f8f8_z.jpg,5,0
awe,http://farm8.staticflickr.com/7021/6716144623_fe21fe86d0_z.jpg,5,0
awe,http://farm8.staticflickr.com/7443/13968082359_8810c55332_z.jpg,4,1
awe,http://farm4.staticflickr.com/3948/15503369755_be2b8b0033_z.jpg,5,0
awe,http://farm8.staticflickr.com/7416/13952204506_135720187b_z.jpg,5,0
awe,http://farm9.staticflickr.com/8478/8194634270_a3d273a07d_z.jpg,2,3
awe,http://farm9.staticflickr.com/8644/15830740552_f0271d8a98_z.jpg,2,3
awe,http://farm4.staticflickr.com/3943/14957053934_6a1c0274cd_z.jpg,1,4
awe,http://farm6.staticflickr.com/5499/14447720882_64557544c6_z.jpg,5,0
awe,http://farm8.staticflickr.com/7357/9496027411_3f2f3cdd73_z.jpg,0,5
awe,http://farm4.staticflickr.com/3905/15181635461_e438388b44_z.jpg,0,5
awe,http://farm8.staticflickr.com/7186/6881210224_7d896a18b4_z.jpg,4,1
awe,http://farm9.staticflickr.com/8349/8185781383_6c5669ba92_z.jpg,4,1
awe,http://farm9.staticflickr.com/8051/8113100760_9128374b3e_z.jpg,5,0
awe,http://farm8.staticflickr.com/7257/7878126552_de24375942_z.jpg,4,1
awe,http://farm9.staticflickr.com/8173/8025299379_9933a2f7c4_z.jpg,5,0
awe,http://farm3.staticflickr.com/2914/14536114071_b1f28b5564_z.jpg,4,1
awe,http://farm8.staticflickr.com/7239/7186030993_22cf466e12_z.jpg,0,5
awe,http://farm8.staticflickr.com/7362/9840705023_ea9fcfd5aa_z.jpg,2,3
awe,http://farm3.staticflickr.com/2846/10723543066_253896cf29_z.jpg,5,0
awe,http://farm4.staticflickr.com/3917/14833794294_2576c826bf_z.jpg,0,5
awe,http://farm9.staticflickr.com/8367/8472231225_040a027810_z.jpg,5,0
awe,http://farm8.staticflickr.com/7358/10129699493_9d9cff6c5a_z.jpg,5,0
awe,http://farm9.staticflickr.com/8327/8085779931_633d5ee209_z.jpg,5,0
awe,http://farm6.staticflickr.com/5587/14445713741_943d4cfcf8_z.jpg,5,0
awe,http://farm3.staticflickr.com/2947/15177392630_e7886cd9f7_z.jpg,3,2
awe,http://farm9.staticflickr.com/8008/7204184678_b56259cfff_z.jpg,5,0
awe,http://farm6.staticflickr.com/5501/11434907984_60a9df82f1_z.jpg,5,0
awe,http://farm3.staticflickr.com/2903/14223137612_1c91bbb2c9_z.jpg,5,0
awe,http://farm8.staticflickr.com/7495/16330147382_1423a07b6c_z.jpg,0,5
awe,http://farm9.staticflickr.com/8450/8028767817_131f34847a_z.jpg,5,0
awe,http://farm9.staticflickr.com/8506/8446735416_7258e22d61_z.jpg,5,0
awe,http://farm6.staticflickr.com/5492/14443049021_bff575807e_z.jpg,4,1
awe,http://farm8.staticflickr.com/7421/13408472705_d13d6d3acd_z.jpg,0,5
awe,http://farm3.staticflickr.com/2887/10717763643_831726ee7d_z.jpg,5,0
awe,http://farm8.staticflickr.com/7103/6928305340_c08fe839d2_z.jpg,0,5
awe,http://farm6.staticflickr.com/5595/15083925478_28c23e12d5_z.jpg,0,5
awe,http://farm6.staticflickr.com/5330/9511735845_806d5a763c_z.jpg,5,0
awe,http://farm9.staticflickr.com/8240/8577623434_7495a042e2_z.jpg,5,0
awe,http://farm3.staticflickr.com/2811/8788125930_28c8c77dc1_z.jpg,4,1
awe,http://farm8.staticflickr.com/7142/6712935707_3da5ed7900_z.jpg,4,1
awe,http://farm4.staticflickr.com/3845/14740370805_76316f80ac_z.jpg,5,0
awe,http://farm9.staticflickr.com/8498/8439346257_50a3f416b7_z.jpg,4,1
awe,http://farm8.staticflickr.com/7452/9583786499_4cd7ac9a49_z.jpg,5,0
awe,http://farm4.staticflickr.com/3749/13697282625_6b29ea1591_z.jpg,5,0
awe,http://farm8.staticflickr.com/7197/6861253426_179e223ba7_z.jpg,5,0
awe,http://farm6.staticflickr.com/5513/14017143468_ae76cb9516_z.jpg,0,5
awe,http://farm8.staticflickr.com/7310/13446636915_c108cb81b2_z.jpg,3,2
awe,http://farm9.staticflickr.com/8208/8196327640_09510ee10b_z.jpg,5,0
awe,http://farm9.staticflickr.com/8247/8628658103_b22df53a1f_z.jpg,5,0
awe,http://farm8.staticflickr.com/7208/6882537701_b25cee5920_z.jpg,3,2
awe,http://farm6.staticflickr.com/5528/9152848591_1170bff509_z.jpg,3,2
awe,http://farm9.staticflickr.com/8196/8120938262_88e4fdb956_z.jpg,5,0
awe,http://farm8.staticflickr.com/7099/7211983904_f74fa031e7_z.jpg,4,1
awe,http://farm6.staticflickr.com/5516/10698234264_b55a3fab52_z.jpg,5,0
awe,http://farm8.staticflickr.com/7409/10717098473_5826d42c13_z.jpg,4,1
awe,http://farm9.staticflickr.com/8239/8603862693_374c7c0bff_z.jpg,5,0
awe,http://farm4.staticflickr.com/3890/14579291972_31411461b0_z.jpg,2,3
awe,http://farm8.staticflickr.com/7100/7254850662_e65f75eaa8_z.jpg,5,0
awe,http://farm9.staticflickr.com/8200/8196343816_76b37a41c0_z.jpg,3,2
awe,http://farm8.staticflickr.com/7579/15892660069_0a5f4b6b15_z.jpg,5,0
awe,http://farm8.staticflickr.com/7297/10499643666_62ec5e71cd_z.jpg,0,5
awe,http://farm6.staticflickr.com/5547/9559342959_ca884a104a_z.jpg,4,1
awe,http://farm6.staticflickr.com/5533/10499155946_c461287f88_z.jpg,4,1
awe,http://farm9.staticflickr.com/8109/8563358690_75ebccb024_z.jpg,0,5
awe,http://farm8.staticflickr.com/7325/13640599564_364a2c06bf_z.jpg,5,0
awe,http://farm8.staticflickr.com/7359/8988820599_6fcb4ce96e_z.jpg,1,4
awe,http://farm4.staticflickr.com/3872/14757785181_d70fab1606_z.jpg,5,0
awe,http://farm9.staticflickr.com/8264/8680074330_f3620905a1_z.jpg,5,0
awe,http://farm3.staticflickr.com/2893/9546960946_577029531a_z.jpg,4,1
awe,http://farm4.staticflickr.com/3877/14896456080_61dd75a2ea_z.jpg,0,5
awe,http://farm9.staticflickr.com/8093/8571358625_d6bf9f2e0d_z.jpg,3,2
awe,http://farm9.staticflickr.com/8428/7518456470_c3c2898367_z.jpg,3,2
awe,http://farm9.staticflickr.com/8622/15596156643_248d7f663c_z.jpg,5,0
awe,http://farm9.staticflickr.com/8504/8312324727_a26f8bb7aa_z.jpg,4,1
awe,http://farm4.staticflickr.com/3898/14780042691_06408325d1_z.jpg,5,0
awe,http://farm8.staticflickr.com/7228/7211965418_6a6b59b8c8_z.jpg,5,0
awe,http://farm3.staticflickr.com/2902/14259804409_b31fa2f985_z.jpg,5,0
awe,http://farm4.staticflickr.com/3800/14276189392_cf4c80c837_z.jpg,5,0
awe,http://farm6.staticflickr.com/5591/14773496132_0c13241d89_z.jpg,4,1
awe,http://farm9.staticflickr.com/8249/8641852593_c865736f72_z.jpg,5,0
awe,http://farm9.staticflickr.com/8535/8651407573_fa504fba1e_z.jpg,0,5
awe,http://farm9.staticflickr.com/8305/7806768736_7f1618491d_z.jpg,4,1
awe,http://farm8.staticflickr.com/7488/15239263714_891acdb521_z.jpg,1,4
awe,http://farm9.staticflickr.com/8337/8191580692_608e3e3151_z.jpg,0,5
awe,http://farm9.staticflickr.com/8085/8594444465_671d5fc9dd_z.jpg,5,0
awe,http://farm8.staticflickr.com/7417/9050988129_cd12acf65f_z.jpg,3,2
awe,http://farm4.staticflickr.com/3792/10917955786_0f536ec13b_z.jpg,5,0
awe,http://farm3.staticflickr.com/2629/13150057275_5e9dfd5619_z.jpg,1,4
awe,http://farm9.staticflickr.com/8151/6999241490_0df9478108_z.jpg,2,3
awe,http://farm3.staticflickr.com/2835/9089694810_be093c9975_z.jpg,4,1
awe,http://farm8.staticflickr.com/7273/7003014892_ab6ea88673_z.jpg,5,0
awe,http://farm9.staticflickr.com/8620/16517640970_a42e61c73d_z.jpg,0,5
awe,http://farm8.staticflickr.com/7040/7126665547_025b27622c_z.jpg,2,3
awe,http://farm8.staticflickr.com/7422/10281800594_87e9789342_z.jpg,4,1
awe,http://farm9.staticflickr.com/8565/15891225178_3a4477cf58_z.jpg,5,0
awe,http://farm8.staticflickr.com/7338/10717864006_09082ed1b5_z.jpg,3,2
awe,http://farm8.staticflickr.com/7038/13898928913_e65577e670_z.jpg,0,5
awe,http://farm3.staticflickr.com/2932/14577932079_eabc5fe3cd_z.jpg,5,0
awe,http://farm6.staticflickr.com/5599/15430314031_06d3cb6d2e_z.jpg,3,2
awe,http://farm8.staticflickr.com/7222/7187326408_e2ec04c961_z.jpg,0,5
awe,http://farm6.staticflickr.com/5585/14765834885_5e71e7f464_z.jpg,5,0
awe,http://farm9.staticflickr.com/8337/8195256777_354e4a4c78_z.jpg,5,0
awe,http://farm9.staticflickr.com/8205/8196723413_8fd85b54a1_z.jpg,5,0
awe,http://farm9.staticflickr.com/8200/8197193877_c73a1e92d7_z.jpg,5,0
awe,http://farm4.staticflickr.com/3933/15311414147_fcf9e6f638_z.jpg,0,5
awe,http://farm4.staticflickr.com/3804/11717256895_2c9b93b285_z.jpg,3,2
awe,http://farm4.staticflickr.com/3830/9242046299_71aa726de4_z.jpg,5,0
awe,http://farm9.staticflickr.com/8174/8063011744_289fd287ee_z.jpg,1,4
awe,http://farm9.staticflickr.com/8206/8240404793_c506fb0812_z.jpg,4,1
awe,http://farm8.staticflickr.com/7294/9840368026_4ef06c2dcd_z.jpg,2,3
awe,http://farm6.staticflickr.com/5476/14511062654_ff8c259158_z.jpg,1,4
awe,http://farm6.staticflickr.com/5599/15503058652_3981ed7f86_z.jpg,5,0
awe,http://farm8.staticflickr.com/7047/6958852829_76037e71cc_z.jpg,0,5
awe,http://farm9.staticflickr.com/8082/8424862719_70bca9a917_z.jpg,5,0
awe,http://farm9.staticflickr.com/8015/7187444986_f5d09b4a08_z.jpg,0,5
awe,http://farm4.staticflickr.com/3690/9719723291_90e9c4c8c3_z.jpg,0,5
awe,http://farm6.staticflickr.com/5563/14770882135_4a90920331_z.jpg,4,1
awe,http://farm8.staticflickr.com/7227/7248125120_46776d780f_z.jpg,4,1
awe,http://farm3.staticflickr.com/2920/14072907651_5845970a04_z.jpg,5,0
awe,http://farm8.staticflickr.com/7503/16078064362_eced1c2a2d_z.jpg,5,0
awe,http://farm4.staticflickr.com/3926/14989240708_ebf7ffc0e0_z.jpg,5,0
awe,http://farm9.staticflickr.com/8331/8085783472_ddf93f4f53_z.jpg,4,1
awe,http://farm4.staticflickr.com/3917/15256414431_4f2f7f8b60_z.jpg,5,0
awe,http://farm8.staticflickr.com/7290/8718584477_b7867dd56d_z.jpg,4,1
awe,http://farm8.staticflickr.com/7424/11459554125_e32cb7b82b_z.jpg,2,3
awe,http://farm3.staticflickr.com/2926/14772907352_e5594a8143_z.jpg,4,1
awe,http://farm9.staticflickr.com/8371/8480206507_8ef9db7266_z.jpg,5,0
awe,http://farm6.staticflickr.com/5569/14779366733_bd3c865fd0_z.jpg,5,0
awe,http://farm9.staticflickr.com/8102/8655084805_b00e83d719_z.jpg,4,1
awe,http://farm4.staticflickr.com/3926/14684379466_3e096e3608_z.jpg,0,5
awe,http://farm4.staticflickr.com/3707/9580869884_09485ddda9_z.jpg,5,0
awe,http://farm4.staticflickr.com/3904/14576579349_d57d8ae831_z.jpg,4,1
awe,http://farm9.staticflickr.com/8118/8656141218_724ce34537_z.jpg,4,1
awe,http://farm6.staticflickr.com/5197/14445698601_4532247086_z.jpg,5,0
awe,http://farm6.staticflickr.com/5571/14595867367_4e2746e52c_z.jpg,4,1
awe,http://farm6.staticflickr.com/5500/11296713383_e16ed78b37_z.jpg,5,0
awe,http://farm4.staticflickr.com/3773/10877361165_821dea8630_z.jpg,2,3
awe,http://farm6.staticflickr.com/5581/14918710210_a32d5272eb_z.jpg,5,0
awe,http://farm8.staticflickr.com/7150/6767954527_e66daf0a82_z.jpg,5,0
awe,http://farm9.staticflickr.com/8377/8597329443_2be4450699_z.jpg,5,0
awe,http://farm8.staticflickr.com/7567/16074632736_abe1685452_z.jpg,5,0
awe,http://farm4.staticflickr.com/3874/14768581085_20c32190d1_z.jpg,5,0
awe,http://farm9.staticflickr.com/8354/8252876529_f71004c790_z.jpg,2,3
awe,http://farm6.staticflickr.com/5505/9521457860_2bae7c4574_z.jpg,4,1
awe,http://farm8.staticflickr.com/7464/15458419073_bc1211690e_z.jpg,5,0
awe,http://farm3.staticflickr.com/2938/14472130457_64b579b2ea_z.jpg,5,0
awe,http://farm9.staticflickr.com/8397/8646507787_4936232e22_z.jpg,2,3
awe,http://farm6.staticflickr.com/5559/15061392970_01089846e4_z.jpg,1,4
awe,http://farm8.staticflickr.com/7335/9613945161_551b7f9620_z.jpg,3,2
awe,http://farm9.staticflickr.com/8331/8130472685_54b322a711_z.jpg,1,4
awe,http://farm8.staticflickr.com/7097/7317695018_dc32e2e18c_z.jpg,5,0
awe,http://farm6.staticflickr.com/5552/14841712941_b045e3d0f0_z.jpg,4,1
awe,http://farm9.staticflickr.com/8437/7810735668_27bfbb188e_z.jpg,1,4
awe,http://farm6.staticflickr.com/5470/9469046442_9bd056a3a9_z.jpg,5,0
awe,http://farm8.staticflickr.com/7566/15857632465_3661b31070_z.jpg,5,0
awe,http://farm9.staticflickr.com/8155/7277396894_be46b79baa_z.jpg,0,5
awe,http://farm4.staticflickr.com/3847/14672229245_b99ce5aea3_z.jpg,1,4
awe,http://farm8.staticflickr.com/7007/6733404487_89fd612775_z.jpg,5,0
awe,http://farm8.staticflickr.com/7428/12122219934_52c88da043_z.jpg,0,5
awe,http://farm4.staticflickr.com/3679/13655952633_8fb4f533ac_z.jpg,5,0
awe,http://farm9.staticflickr.com/8197/8184309218_02839fe887_z.jpg,4,1
awe,http://farm4.staticflickr.com/3692/14276137351_5eab3718ea_z.jpg,5,0
awe,http://farm9.staticflickr.com/8471/8424511883_689bd587a5_z.jpg,0,5
awe,http://farm8.staticflickr.com/7039/14096321824_1dbe3d97a6_z.jpg,1,4
awe,http://farm4.staticflickr.com/3874/14962967130_87ed0e0c38_z.jpg,0,5
awe,http://farm9.staticflickr.com/8285/7741897546_acceea1008_z.jpg,5,0
awe,http://farm8.staticflickr.com/7580/15457526144_5b88e902ba_z.jpg,4,1
awe,http://farm8.staticflickr.com/7572/15790914320_e6ac5beefc_z.jpg,4,1
awe,http://farm9.staticflickr.com/8217/8342445201_072307f31a_z.jpg,1,4
awe,http://farm9.staticflickr.com/8336/8137582391_49c88e6f13_z.jpg,4,1
awe,http://farm9.staticflickr.com/8467/8125049762_a7441806ba_z.jpg,5,0
awe,http://farm9.staticflickr.com/8102/8591696594_12b844cfee_z.jpg,5,0
awe,http://farm8.staticflickr.com/7458/11447233066_56ba7b691c_z.jpg,0,5
awe,http://farm6.staticflickr.com/5611/15567289882_b98bfc2aa1_z.jpg,4,1
awe,http://farm9.staticflickr.com/8052/8118791543_b215f3b69a_z.jpg,5,0
awe,http://farm3.staticflickr.com/2817/9407472164_550e19d5f2_z.jpg,5,0
awe,http://farm9.staticflickr.com/8426/7772699388_bfaf477a50_z.jpg,3,2
awe,http://farm6.staticflickr.com/5335/7211986140_36dfd39c7b_z.jpg,3,2
awe,http://farm9.staticflickr.com/8108/8537699681_d7c07b0595_z.jpg,5,0
awe,http://farm8.staticflickr.com/7344/14051664982_112dce7196_z.jpg,1,4
awe,http://farm4.staticflickr.com/3741/9573799671_e921e1aa3e_z.jpg,0,5
awe,http://farm4.staticflickr.com/3914/14445309294_34dd5a41f2_z.jpg,5,0
awe,http://farm9.staticflickr.com/8186/8077929888_fcf6a3c0c9_z.jpg,4,1
awe,http://farm4.staticflickr.com/3850/14595817778_bc213e486e_z.jpg,5,0
awe,http://farm3.staticflickr.com/2929/14458315622_f8cf8578da_z.jpg,5,0
awe,http://farm9.staticflickr.com/8388/8682287901_c3034559d1_z.jpg,5,0
awe,http://farm8.staticflickr.com/7569/15892853709_f3faeac1e3_z.jpg,5,0
awe,http://farm3.staticflickr.com/2890/11752284096_311a98fa1b_z.jpg,5,0
awe,http://farm8.staticflickr.com/7422/9998370765_423dd4f11f_z.jpg,4,1
awe,http://farm8.staticflickr.com/7051/6923875601_706effe4d5_z.jpg,3,2
awe,http://farm9.staticflickr.com/8345/8250996043_0e717bd3f1_z.jpg,2,3
awe,http://farm9.staticflickr.com/8325/8438533893_8c1f01f374_z.jpg,2,3
awe,http://farm9.staticflickr.com/8017/7129872899_be7655fa16_z.jpg,5,0
awe,http://farm4.staticflickr.com/3926/15185608211_991e669364_z.jpg,5,0
awe,http://farm8.staticflickr.com/7426/9487179248_ea52928a78_z.jpg,4,1
awe,http://farm9.staticflickr.com/8360/8306777749_f20c48c3e5_z.jpg,5,0
awe,http://farm9.staticflickr.com/8230/8532942153_02cfe8c2b2_z.jpg,5,0
awe,http://farm8.staticflickr.com/7423/10717717075_e152c78348_z.jpg,3,2
awe,http://farm9.staticflickr.com/8317/8070958808_1afdd9f1a9_z.jpg,1,4
awe,http://farm8.staticflickr.com/7496/15279865063_b09308c4ba_z.jpg,5,0
awe,http://farm6.staticflickr.com/5583/14821829016_cc43191b3e_z.jpg,5,0
awe,http://farm4.staticflickr.com/3774/9137521915_5bd4c540d2_z.jpg,4,1
awe,http://farm8.staticflickr.com/7540/15746409506_4106ef1b6c_z.jpg,2,3
awe,http://farm6.staticflickr.com/5519/10675712923_125205c9fe_z.jpg,4,1
awe,http://farm8.staticflickr.com/7130/7659293186_e587eb5993_z.jpg,4,1
awe,http://farm9.staticflickr.com/8312/7986667059_a61ee5e801_z.jpg,5,0
awe,http://farm8.staticflickr.com/7102/7317662114_9edff12723_z.jpg,5,0
awe,http://farm9.staticflickr.com/8219/8293009331_f54acc417c_z.jpg,5,0
awe,http://farm8.staticflickr.com/7072/7209831820_e6f6d3fb2e_z.jpg,4,1
awe,http://farm9.staticflickr.com/8108/8524147731_c36c331404_z.jpg,4,1
awe,http://farm9.staticflickr.com/8485/8190989564_a33d2f3601_z.jpg,0,5
awe,http://farm4.staticflickr.com/3917/14201802307_3562f35387_z.jpg,1,4
awe,http://farm6.staticflickr.com/5607/15640719771_dfc880f972_z.jpg,4,1
awe,http://farm9.staticflickr.com/8083/8407902570_e82ab59f00_z.jpg,0,5
awe,http://farm8.staticflickr.com/7011/6804275969_7233d77384_z.jpg,5,0
awe,http://farm8.staticflickr.com/7032/6687200393_e2710b5c7a_z.jpg,4,1
awe,http://farm4.staticflickr.com/3754/9397218517_a0e979f938_z.jpg,4,1
awe,http://farm9.staticflickr.com/8017/7250803246_36f6944e62_z.jpg,5,0
awe,http://farm8.staticflickr.com/7120/7511830174_b766515c1f_z.jpg,4,1
awe,http://farm4.staticflickr.com/3710/11576683004_7d2e6231b8_z.jpg,5,0
awe,http://farm8.staticflickr.com/7351/14171665604_f584d6a8da_z.jpg,2,3
awe,http://farm9.staticflickr.com/8010/7612461032_b8e6eebfe0_z.jpg,0,5
awe,http://farm3.staticflickr.com/2848/12848354724_32f6a16bdf_z.jpg,1,4
awe,http://farm9.staticflickr.com/8050/8100332769_e3facea952_z.jpg,5,0
awe,http://farm8.staticflickr.com/7036/7048417883_d9cc81dc2f_z.jpg,1,4
awe,http://farm9.staticflickr.com/8389/8500017464_a627ec5983_z.jpg,5,0
awe,http://farm6.staticflickr.com/5589/15259515035_f649da1de2_z.jpg,5,0
awe,http://farm4.staticflickr.com/3952/15503041052_2e454b3c32_z.jpg,5,0
awe,http://farm3.staticflickr.com/2873/10477631133_fee1eb694a_z.jpg,5,0
awe,http://farm8.staticflickr.com/7264/7154294768_4a98c3488b_z.jpg,5,0
awe,http://farm6.staticflickr.com/5526/9462266847_1cd52ccde8_z.jpg,1,4
awe,http://farm4.staticflickr.com/3898/14595797407_b883249ce8_z.jpg,5,0
awe,http://farm9.staticflickr.com/8239/8577624454_53c905f9b1_z.jpg,5,0
awe,http://farm9.staticflickr.com/8499/8339084757_e9e01c1615_z.jpg,2,3
awe,http://farm8.staticflickr.com/7485/15858623340_7c08bb07f7_z.jpg,2,3
awe,http://farm8.staticflickr.com/7564/15261868614_e9ed341d87_z.jpg,2,3
awe,http://farm4.staticflickr.com/3829/13649310615_9a2d2aa646_z.jpg,4,1
awe,http://farm9.staticflickr.com/8481/8289257020_2dcaf33679_z.jpg,5,0
awe,http://farm9.staticflickr.com/8078/8309903713_b98635f8e2_z.jpg,3,2
awe,http://farm9.staticflickr.com/8348/8195323109_36411486ef_z.jpg,5,0
awe,http://farm8.staticflickr.com/7027/6828061309_464bd79555_z.jpg,5,0
awe,http://farm8.staticflickr.com/7415/11717662844_bc5951dece_z.jpg,5,0
awe,http://farm4.staticflickr.com/3744/10195201773_fa44605f63_z.jpg,1,4
awe,http://farm6.staticflickr.com/5559/14919556840_bc207c46b2_z.jpg,0,5
awe,http://farm9.staticflickr.com/8265/8606074007_f83fc4817e_z.jpg,3,2
awe,http://farm3.staticflickr.com/2819/10717852094_82753f972f_z.jpg,3,2
awe,http://farm3.staticflickr.com/2916/14315702118_e394d48ea6_z.jpg,5,0
awe,http://farm4.staticflickr.com/3889/14500762554_838d113abc_z.jpg,5,0
awe,http://farm4.staticflickr.com/3871/14570801046_c148112cb4_z.jpg,5,0
awe,http://farm4.staticflickr.com/3877/14771871383_eafbf39b26_z.jpg,5,0
awe,http://farm8.staticflickr.com/7276/7855313682_b143afa30d_z.jpg,3,2
awe,http://farm6.staticflickr.com/5463/13797006723_8437984c18_z.jpg,0,5
awe,http://farm9.staticflickr.com/8058/8195104045_6f98d8d2c1_z.jpg,5,0
awe,http://farm4.staticflickr.com/3722/14279465855_703f5242da_z.jpg,4,1
awe,http://farm4.staticflickr.com/3783/9381824471_f8aa456497_z.jpg,2,3
awe,http://farm6.staticflickr.com/5334/9850693896_9a084c67e6_z.jpg,4,1
awe,http://farm6.staticflickr.com/5613/15802961651_7c71262260_z.jpg,4,1
awe,http://farm9.staticflickr.com/8400/8604193528_1fceb1db03_z.jpg,4,1
awe,http://farm4.staticflickr.com/3900/14262424959_3dd76c1427_z.jpg,5,0
awe,http://farm8.staticflickr.com/7245/7317594718_c5fb65a7da_z.jpg,0,5
awe,http://farm3.staticflickr.com/2928/14017155219_377080a6dc_z.jpg,0,5
awe,http://farm8.staticflickr.com/7300/10038557764_cea8f54a5d_z.jpg,1,4
awe,http://farm4.staticflickr.com/3823/8991484059_9abed466ee_z.jpg,0,5
awe,http://farm8.staticflickr.com/7314/9968015934_47a4de5858_z.jpg,4,1
awe,http://farm9.staticflickr.com/8623/16144984969_3f24855b0c_z.jpg,2,3
awe,http://farm8.staticflickr.com/7356/10366193996_0f6ae9428e_z.jpg,5,0
awe,http://farm6.staticflickr.com/5192/7211961798_72011a6070_z.jpg,2,3
awe,http://farm9.staticflickr.com/8456/8068059951_cc9d29a767_z.jpg,5,0
awe,http://farm6.staticflickr.com/5505/14259720033_a221b4452a_z.jpg,5,0
awe,http://farm8.staticflickr.com/7365/12514458424_9d5d03f709_z.jpg,4,1
awe,http://farm3.staticflickr.com/2829/12260828005_dc8cf4c5bb_z.jpg,5,0
awe,http://farm9.staticflickr.com/8191/8132105032_3deabda739_z.jpg,5,0
awe,http://farm8.staticflickr.com/7122/7499329600_7112a5b448_z.jpg,0,5
awe,http://farm3.staticflickr.com/2912/14578576109_77b616ec53_z.jpg,5,0
awe,http://farm3.staticflickr.com/2826/9465058302_e8e3210f7c_z.jpg,1,4
awe,http://farm6.staticflickr.com/5337/9701434641_308bc26c7c_z.jpg,5,0
awe,http://farm8.staticflickr.com/7309/12405968015_f5e25a78da_z.jpg,2,3
awe,http://farm8.staticflickr.com/7299/13558782155_a0c1423fc0_z.jpg,5,0
awe,http://farm4.staticflickr.com/3723/11434586184_f20065cb31_z.jpg,4,1
awe,http://farm8.staticflickr.com/7106/6885832838_86a3d78e98_z.jpg,5,0
awe,http://farm8.staticflickr.com/7542/16124615665_dd45eec872_z.jpg,4,1
awe,http://farm8.staticflickr.com/7404/13995324753_f80ab3dff3_z.jpg,5,0
awe,http://farm4.staticflickr.com/3885/15014749680_5f3340cbca_z.jpg,5,0
awe,http://farm8.staticflickr.com/7571/15377432264_061fa42ae5_z.jpg,1,4
awe,http://farm4.staticflickr.com/3870/14761051121_b6fc0e3b67_z.jpg,5,0
awe,http://farm8.staticflickr.com/7030/6663347739_f6a084efd2_z.jpg,5,0
awe,http://farm8.staticflickr.com/7221/7317688264_984bf50f22_z.jpg,5,0
awe,http://farm6.staticflickr.com/5476/11445182883_2d2fd568ca_z.jpg,4,1
awe,http://farm8.staticflickr.com/7330/10281954385_481a9eae3f_z.jpg,4,1
awe,http://farm8.staticflickr.com/7454/9212521860_3e59e03537_z.jpg,1,4
awe,http://farm8.staticflickr.com/7193/7006180283_1404b0c674_z.jpg,3,2
awe,http://farm8.staticflickr.com/7158/6716052709_da500d3e8e_z.jpg,2,3
awe,http://farm8.staticflickr.com/7214/7209938134_35a868bfba_z.jpg,0,5
awe,http://farm3.staticflickr.com/2879/11450746663_d3f638499c_z.jpg,5,0
awe,http://farm3.staticflickr.com/2940/14038493069_8e4e51cf84_z.jpg,5,0
awe,http://farm6.staticflickr.com/5445/9119178029_5081711b93_z.jpg,0,5
awe,http://farm9.staticflickr.com/8094/8534733939_23a640856b_z.jpg,5,0
awe,http://farm3.staticflickr.com/2830/12502796614_28ddfe53ec_z.jpg,5,0
awe,http://farm9.staticflickr.com/8586/15902870591_281ce9cc37_z.jpg,5,0
awe,http://farm6.staticflickr.com/5571/14965750486_a7de8796bb_z.jpg,0,5
awe,http://farm3.staticflickr.com/2840/12302634784_4d5c268e21_z.jpg,0,5
awe,http://farm6.staticflickr.com/5584/14767395470_c55e030367_z.jpg,4,1
awe,http://farm9.staticflickr.com/8604/15929352817_842b71591e_z.jpg,4,1
awe,http://farm9.staticflickr.com/8059/8158185281_7d5122e040_z.jpg,1,4
awe,http://farm9.staticflickr.com/8368/8578051083_30c7de775f_z.jpg,5,0
awe,http://farm8.staticflickr.com/7129/7766584456_11bb5716b7_z.jpg,5,0
awe,http://farm9.staticflickr.com/8305/7856138320_b47be1e3dc_z.jpg,0,5
awe,http://farm6.staticflickr.com/5473/9631681250_aa178df83b_z.jpg,5,0
awe,http://farm8.staticflickr.com/7376/11656355265_9a7939a086_z.jpg,4,1
awe,http://farm9.staticflickr.com/8251/8638780410_5a2d6f1dae_z.jpg,1,4
awe,http://farm6.staticflickr.com/5587/15141291340_c28143009d_z.jpg,3,2
awe,http://farm4.staticflickr.com/3897/14500841674_8971b4224a_z.jpg,5,0
awe,http://farm6.staticflickr.com/5596/15093949241_bf76a75635_z.jpg,3,2
awe,http://farm8.staticflickr.com/7462/15916049236_2fa6fa3b9a_z.jpg,5,0
awe,http://farm9.staticflickr.com/8381/8535843864_3edd1b0e4a_z.jpg,3,2
awe,http://farm9.staticflickr.com/8389/8472233273_b7315a9e62_z.jpg,5,0
awe,http://farm9.staticflickr.com/8186/8134632975_b10e7ddaa8_z.jpg,3,2
awe,http://farm9.staticflickr.com/8365/8466809246_f1fed03cb7_z.jpg,5,0
awe,http://farm9.staticflickr.com/8520/8615183416_8cd7642637_z.jpg,5,0
awe,http://farm6.staticflickr.com/5550/10740544724_79db1588c7_z.jpg,0,5
awe,http://farm8.staticflickr.com/7125/13958334513_4553f711fc_z.jpg,1,4
awe,http://farm6.staticflickr.com/5577/14771327001_52f0fe326a_z.jpg,5,0
awe,http://farm6.staticflickr.com/5330/9359296813_3a64ffba39_z.jpg,4,1
awe,http://farm8.staticflickr.com/7201/6888698351_134de682b4_z.jpg,4,1
awe,http://farm8.staticflickr.com/7491/15891453528_67272f7100_z.jpg,5,0
awe,http://farm9.staticflickr.com/8121/8680515977_52d94a3fef_z.jpg,5,0
awe,http://farm4.staticflickr.com/3753/9465056648_9c4bdacbf3_z.jpg,0,5
awe,http://farm8.staticflickr.com/7488/15936951072_b3fbece9ff_z.jpg,4,1
awe,http://farm9.staticflickr.com/8167/7145327201_0c4ff190ea_z.jpg,0,5
awe,http://farm4.staticflickr.com/3739/9571270205_43211d812e_z.jpg,4,1
awe,http://farm4.staticflickr.com/3759/9922316336_0fdf18571f_z.jpg,0,5
awe,http://farm3.staticflickr.com/2825/8883985126_68cf30db92_z.jpg,1,4
awe,http://farm9.staticflickr.com/8019/7483272870_778f389fe4_z.jpg,5,0
awe,http://farm3.staticflickr.com/2902/13946575038_0129ca52dd_z.jpg,5,0
awe,http://farm8.staticflickr.com/7269/7586799742_f7052f0ab5_z.jpg,5,0
awe,http://farm8.staticflickr.com/7397/10975974315_9693f60574_z.jpg,4,1
awe,http://farm4.staticflickr.com/3684/11119528225_fa34a9021c_z.jpg,2,3
awe,http://farm9.staticflickr.com/8111/8531155261_a4abdb23b7_z.jpg,5,0
awe,http://farm8.staticflickr.com/7075/7349160430_860ff52ce3_z.jpg,5,0
awe,http://farm4.staticflickr.com/3888/14594719029_a9b87f09c9_z.jpg,5,0
awe,http://farm9.staticflickr.com/8531/8597293085_19dd539f09_z.jpg,2,3
awe,http://farm8.staticflickr.com/7581/15460232113_0e75a6eee6_z.jpg,2,3
awe,http://farm9.staticflickr.com/8454/8021601887_9c63e0c013_z.jpg,5,0
awe,http://farm4.staticflickr.com/3805/11056515785_fb847c19d3_z.jpg,0,5
awe,http://farm6.staticflickr.com/5552/15006719080_880cd42456_z.jpg,5,0
awe,http://farm4.staticflickr.com/3835/14570800066_3ff2684fc9_z.jpg,5,0
awe,http://farm9.staticflickr.com/8069/8195239891_ae1235bd19_z.jpg,5,0
awe,http://farm8.staticflickr.com/7074/6889873444_b3d3e19ec2_z.jpg,3,2
awe,http://farm9.staticflickr.com/8197/8204031986_de157e85c5_z.jpg,5,0
awe,http://farm4.staticflickr.com/3938/15490980138_fd7e3a73fa_z.jpg,2,3
awe,http://farm4.staticflickr.com/3853/14660223024_a6fe3eaeb7_z.jpg,5,0
awe,http://farm4.staticflickr.com/3895/14593309079_0221dddd29_z.jpg,5,0
awe,http://farm3.staticflickr.com/2855/10449617693_7215c2a890_z.jpg,5,0
awe,http://farm9.staticflickr.com/8325/8114881124_a10400f524_z.jpg,5,0
awe,http://farm4.staticflickr.com/3743/12290334195_28501515e4_z.jpg,0,5
awe,http://farm9.staticflickr.com/8369/8567553323_bd00b262ef_z.jpg,5,0
awe,http://farm8.staticflickr.com/7288/8788139716_40e6292509_z.jpg,4,1
awe,http://farm6.staticflickr.com/5472/10160989806_12e21d64dc_z.jpg,0,5
awe,http://farm9.staticflickr.com/8006/7486451598_d8692099c1_z.jpg,5,0
awe,http://farm8.staticflickr.com/7106/6999268592_14cd6f4c9d_z.jpg,4,1
awe,http://farm6.staticflickr.com/5526/10698600333_ca7742ecf9_z.jpg,5,0
awe,http://farm9.staticflickr.com/8636/15971258046_f03c1a1278_z.jpg,5,0
awe,http://farm4.staticflickr.com/3788/10179991145_15a4d6fe1e_z.jpg,3,2
awe,http://farm3.staticflickr.com/2838/12907945605_af52c20be8_z.jpg,0,5
awe,http://farm8.staticflickr.com/7182/6924304535_29745fe8f0_z.jpg,3,2
awe,http://farm6.staticflickr.com/5326/6921574982_4a8697531e_z.jpg,5,0
awe,http://farm8.staticflickr.com/7425/12929919083_9635ba9965_z.jpg,3,2
awe,http://farm9.staticflickr.com/8539/8676479860_600392db55_z.jpg,5,0
awe,http://farm9.staticflickr.com/8526/8519453383_f11b7cd832_z.jpg,5,0
awe,http://farm8.staticflickr.com/7416/11717781653_cc49455de1_z.jpg,5,0
awe,http://farm8.staticflickr.com/7070/13519125744_3782c8e204_z.jpg,3,2
awe,http://farm4.staticflickr.com/3689/9691712473_4b43065562_z.jpg,5,0
awe,http://farm9.staticflickr.com/8040/8036395789_6133d2ebd0_z.jpg,5,0
awe,http://farm8.staticflickr.com/7447/16466300432_b94bc597e4_z.jpg,1,4
awe,http://farm4.staticflickr.com/3884/14774378134_4e7a7023b7_z.jpg,5,0
awe,http://farm4.staticflickr.com/3711/9867908355_490841ecac_z.jpg,5,0
awe,http://farm6.staticflickr.com/5523/10717901336_20e16c2e34_z.jpg,4,1
awe,http://farm4.staticflickr.com/3881/15291492911_409ba0de11_z.jpg,0,5
awe,http://farm8.staticflickr.com/7450/12638321544_ff0ae3d0df_z.jpg,4,1
awe,http://farm8.staticflickr.com/7073/7087652505_901781ae3d_z.jpg,3,2
awe,http://farm9.staticflickr.com/8444/7888774310_cdf3141f37_z.jpg,5,0
awe,http://farm9.staticflickr.com/8111/8579292280_2838fe8cda_z.jpg,5,0
awe,http://farm3.staticflickr.com/2935/14770672363_88200615a9_z.jpg,5,0
awe,http://farm4.staticflickr.com/3763/9468467238_830414a71c_z.jpg,0,5
awe,http://farm6.staticflickr.com/5487/11443610155_025bc2da1a_z.jpg,4,1
awe,http://farm8.staticflickr.com/7170/6722109969_2d1d13050e_z.jpg,3,2
awe,http://farm3.staticflickr.com/2910/14569412215_1aca797a48_z.jpg,4,1
awe,http://farm9.staticflickr.com/8583/15499440154_9bf154fbff_z.jpg,5,0
awe,http://farm8.staticflickr.com/7190/6904713489_faff6fd205_z.jpg,3,2
awe,http://farm3.staticflickr.com/2946/15462552202_20fbbf85ea_z.jpg,0,5
awe,http://farm4.staticflickr.com/3839/14531007510_d2763fecac_z.jpg,4,1
awe,http://farm9.staticflickr.com/8489/8270134276_18021ac159_z.jpg,5,0
awe,http://farm8.staticflickr.com/7323/9332301754_092bc17f34_z.jpg,5,0
awe,http://farm4.staticflickr.com/3791/9479517419_5890ba0596_z.jpg,4,1
awe,http://farm4.staticflickr.com/3711/12903876515_d92b519fd3_z.jpg,3,2
awe,http://farm8.staticflickr.com/7472/16077822971_ed77ca97ff_z.jpg,5,0
awe,http://farm9.staticflickr.com/8553/8748557569_464f951109_z.jpg,0,5
awe,http://farm4.staticflickr.com/3742/9756928285_412b734e50_z.jpg,5,0
awe,http://farm9.staticflickr.com/8249/8454994025_ee0e84ee59_z.jpg,2,3
awe,http://farm4.staticflickr.com/3900/14784383905_c8a7f44e4d_z.jpg,4,1
awe,http://farm9.staticflickr.com/8236/8481545164_2e7cbb593c_z.jpg,0,5
awe,http://farm8.staticflickr.com/7313/8734434067_432b896883_z.jpg,0,5
awe,http://farm4.staticflickr.com/3928/15423913632_0ffdf98be9_z.jpg,3,2
awe,http://farm9.staticflickr.com/8374/8521287350_cc4e13df48_z.jpg,1,4
awe,http://farm8.staticflickr.com/7555/16028803815_81be7f9f3e_z.jpg,2,3
awe,http://farm9.staticflickr.com/8392/8636143677_57f4999074_z.jpg,4,1
awe,http://farm6.staticflickr.com/5512/10144396034_b6a99c54a2_z.jpg,1,4
awe,http://farm4.staticflickr.com/3843/14783244875_1745ca8e60_z.jpg,3,2
awe,http://farm6.staticflickr.com/5342/8883272047_15ccf14c3d_z.jpg,1,4
awe,http://farm9.staticflickr.com/8477/8195241691_2b9667c256_z.jpg,4,1
awe,http://farm8.staticflickr.com/7353/9402084745_24f035b42a_z.jpg,5,0
awe,http://farm6.staticflickr.com/5523/11284398766_afedfcc358_z.jpg,5,0
awe,http://farm8.staticflickr.com/7555/15611375969_4208f56390_z.jpg,2,3
awe,http://farm4.staticflickr.com/3860/14589983907_3fe6047946_z.jpg,5,0
awe,http://farm6.staticflickr.com/5535/14154480151_f01e56b35a_z.jpg,2,3
awe,http://farm8.staticflickr.com/7289/11278857463_17d5e7645f_z.jpg,1,4
awe,http://farm9.staticflickr.com/8190/8109429314_df01a7ce29_z.jpg,0,5
awe,http://farm9.staticflickr.com/8446/7865620522_f16ce3036f_z.jpg,0,5
awe,http://farm9.staticflickr.com/8403/8651953879_bc223c9bce_z.jpg,2,3
awe,http://farm8.staticflickr.com/7529/15553491843_9137e59084_z.jpg,2,3
awe,http://farm8.staticflickr.com/7058/6876178435_9f42a372fa_z.jpg,5,0
awe,http://farm8.staticflickr.com/7020/6756801287_647c99f7f5_z.jpg,1,4
awe,http://farm9.staticflickr.com/8526/8507642367_e18f7eec7a_z.jpg,4,1
awe,http://farm4.staticflickr.com/3731/11182856826_caacec9382_z.jpg,2,3
awe,http://farm3.staticflickr.com/2907/14011924113_6e4dfd0be5_z.jpg,0,5
awe,http://farm9.staticflickr.com/8203/8281955920_b54f5d332f_z.jpg,5,0
awe,http://farm8.staticflickr.com/7033/6712986089_7a4faaeb0d_z.jpg,3,2
awe,http://farm8.staticflickr.com/7323/12563025575_37d657cb2b_z.jpg,5,0
awe,http://farm8.staticflickr.com/7285/8743034259_2debbeb5ff_z.jpg,3,2
awe,http://farm9.staticflickr.com/8356/8269702613_1b8216313c_z.jpg,0,5
awe,http://farm4.staticflickr.com/3764/9089691940_3f34e5e057_z.jpg,2,3
awe,http://farm4.staticflickr.com/3698/11284468453_5531356798_z.jpg,5,0
awe,http://farm4.staticflickr.com/3843/14764577192_dbf28335ce_z.jpg,1,4
awe,http://farm8.staticflickr.com/7200/6987547991_4f747cfd84_z.jpg,2,3
awe,http://farm8.staticflickr.com/7464/15467131020_20ac325b21_z.jpg,5,0
awe,http://farm9.staticflickr.com/8337/8270471426_bf86b7dc23_z.jpg,1,4
awe,http://farm9.staticflickr.com/8105/8659685786_c11c1e292b_z.jpg,3,2
awe,http://farm4.staticflickr.com/3891/14856500608_cd9735e4a9_z.jpg,3,2
awe,http://farm4.staticflickr.com/3816/13357769915_4a1645cc08_z.jpg,5,0
awe,http://farm4.staticflickr.com/3860/15197769755_40f13ccf7d_z.jpg,1,4
awe,http://farm9.staticflickr.com/8069/8187219884_39fa402a94_z.jpg,5,0
awe,http://farm3.staticflickr.com/2829/13411888443_dd53365641_z.jpg,5,0
awe,http://farm6.staticflickr.com/5192/14445635385_603dcb9f4e_z.jpg,1,4
awe,http://farm3.staticflickr.com/2862/11125461606_cb8befcb4e_z.jpg,1,4
awe,http://farm3.staticflickr.com/2909/14591444857_e4aca96794_z.jpg,5,0
awe,http://farm4.staticflickr.com/3672/9411968422_92e377c4f9_z.jpg,1,4
awe,http://farm9.staticflickr.com/8190/8134632264_15c330b45b_z.jpg,0,5
awe,http://farm3.staticflickr.com/2857/10164245075_c8ed2934cd_z.jpg,3,2
awe,http://farm4.staticflickr.com/3751/9599145816_9bca8e5efb_z.jpg,5,0
awe,http://farm9.staticflickr.com/8258/8925440105_a262656dd2_z.jpg,3,2
awe,http://farm6.staticflickr.com/5467/9025101428_ac7c9ed375_z.jpg,5,0
awe,http://farm3.staticflickr.com/2882/9613952553_9e42976725_z.jpg,4,1
awe,http://farm9.staticflickr.com/8057/8229019920_98f1dfa1a6_z.jpg,4,1
awe,http://farm9.staticflickr.com/8194/8134331712_60b980a595_z.jpg,3,2
awe,http://farm8.staticflickr.com/7534/15782642951_b3d5379044_z.jpg,5,0
awe,http://farm8.staticflickr.com/7283/8743035103_9bebe9698f_z.jpg,3,2
awe,http://farm6.staticflickr.com/5239/6999265606_8658e5fabd_z.jpg,1,4
awe,http://farm8.staticflickr.com/7416/11663038743_2dd8b28e54_z.jpg,0,5
awe,http://farm8.staticflickr.com/7400/11213217406_167974dd28_z.jpg,1,4
awe,http://farm8.staticflickr.com/7047/6982205967_3d2de06295_z.jpg,3,2
awe,http://farm9.staticflickr.com/8112/8654162958_3aa7bbd2a9_z.jpg,4,1
awe,http://farm3.staticflickr.com/2848/10430226016_00e6d3f410_z.jpg,3,2
awe,http://farm9.staticflickr.com/8053/8142430738_73f96569d5_z.jpg,4,1
awe,http://farm6.staticflickr.com/5347/8925182479_f48072ed99_z.jpg,2,3
awe,http://farm4.staticflickr.com/3666/9123625863_aaf1169e07_z.jpg,0,5
awe,http://farm6.staticflickr.com/5579/14773594605_1c33ca2876_z.jpg,5,0
awe,http://farm9.staticflickr.com/8232/8501509060_52852ebce1_z.jpg,4,1
awe,http://farm4.staticflickr.com/3692/13655494213_8f01743d3e_z.jpg,1,4
awe,http://farm9.staticflickr.com/8092/8568540638_78fa53a185_z.jpg,4,1
awe,http://farm8.staticflickr.com/7436/9153480468_0d42dbbac7_z.jpg,5,0
awe,http://farm4.staticflickr.com/3890/14881793915_7e078da959_z.jpg,0,5
awe,http://farm4.staticflickr.com/3767/9358323766_8a91f8ca88_z.jpg,5,0
awe,http://farm9.staticflickr.com/8286/7745509896_b7f3ac150e_z.jpg,5,0
awe,http://farm3.staticflickr.com/2941/15177556707_99a2ec89b2_z.jpg,1,4
awe,http://farm4.staticflickr.com/3883/14778462521_425e141b31_z.jpg,4,1
awe,http://farm9.staticflickr.com/8231/8580713614_1d40c3160c_z.jpg,2,3
awe,http://farm8.staticflickr.com/7491/15764384899_cb15e86d9d_z.jpg,5,0
awe,http://farm9.staticflickr.com/8217/8294925295_f8727f8dbe_z.jpg,5,0
awe,http://farm9.staticflickr.com/8362/8262431803_3eb473bacf_z.jpg,1,4
awe,http://farm3.staticflickr.com/2894/9416597648_5fa30bfbea_z.jpg,1,4
awe,http://farm4.staticflickr.com/3949/15597602295_09e9df4e14_z.jpg,5,0
awe,http://farm9.staticflickr.com/8097/8479177033_8504f07f0c_z.jpg,5,0
awe,http://farm3.staticflickr.com/2903/14679560775_403037d744_z.jpg,5,0
awe,http://farm4.staticflickr.com/3955/15543958989_c588b1e9bd_z.jpg,5,0
awe,http://farm9.staticflickr.com/8200/8224744088_c6945d0a5e_z.jpg,0,5
awe,http://farm8.staticflickr.com/7027/6778851483_9e231283e7_z.jpg,1,4
awe,http://farm8.staticflickr.com/7453/14013496518_595d3fdc7f_z.jpg,3,2
awe,http://farm8.staticflickr.com/7375/10450638843_9a3a3f7959_z.jpg,5,0
awe,http://farm6.staticflickr.com/5585/14407259579_5b894307c8_z.jpg,5,0
awe,http://farm9.staticflickr.com/8376/8572622164_4c7e961eea_z.jpg,5,0
awe,http://farm8.staticflickr.com/7538/15703294221_5fbe6bdcf9_z.jpg,5,0
awe,http://farm9.staticflickr.com/8327/8097161389_554e0c8b91_z.jpg,5,0
awe,http://farm3.staticflickr.com/2910/14613852573_d4f389555b_z.jpg,5,0
awe,http://farm4.staticflickr.com/3944/15109885864_2aa5c63a65_z.jpg,4,1
awe,http://farm8.staticflickr.com/7482/15419893414_d00243b41d_z.jpg,4,1
awe,http://farm4.staticflickr.com/3681/13341144695_963f397dd3_z.jpg,5,0
awe,http://farm3.staticflickr.com/2809/10716799733_8d495b2c39_z.jpg,5,0
awe,http://farm9.staticflickr.com/8184/8117114613_ac3a8f6e80_z.jpg,5,0
awe,http://farm6.staticflickr.com/5336/13995309623_ba2eba2ac0_z.jpg,2,3
awe,http://farm9.staticflickr.com/8004/7321667158_68518a57c7_z.jpg,5,0
awe,http://farm4.staticflickr.com/3895/15259518645_4b4e0b39bd_z.jpg,5,0
awe,http://farm4.staticflickr.com/3935/15615626821_b3af5cfff6_z.jpg,5,0
awe,http://farm3.staticflickr.com/2923/14765319492_686501a14d_z.jpg,5,0
awe,http://farm9.staticflickr.com/8424/7856123760_276b69fd14_z.jpg,4,1
awe,http://farm4.staticflickr.com/3739/12916250875_9e3b37e839_z.jpg,5,0
awe,http://farm9.staticflickr.com/8112/8656156564_cc96a69156_z.jpg,3,2
awe,http://farm8.staticflickr.com/7314/16455120375_bd50510b37_z.jpg,4,1
awe,http://farm8.staticflickr.com/7036/6832044814_1caedd45aa_z.jpg,5,0
awe,http://farm9.staticflickr.com/8162/7467498102_f51fb7af25_z.jpg,5,0
awe,http://farm8.staticflickr.com/7412/8721311157_44a1fa8373_z.jpg,1,4
awe,http://farm4.staticflickr.com/3892/14562729044_2bba825caf_z.jpg,5,0
awe,http://farm9.staticflickr.com/8464/8085502826_ba124c3403_z.jpg,5,0
awe,http://farm4.staticflickr.com/3846/14591943844_9bc9383d5e_z.jpg,5,0
awe,http://farm4.staticflickr.com/3941/15412927218_64acfcb858_z.jpg,3,2
awe,http://farm8.staticflickr.com/7538/15462237594_4b92ea70ea_z.jpg,5,0
awe,http://farm6.staticflickr.com/5340/10279046973_d0898a601f_z.jpg,3,2
awe,http://farm9.staticflickr.com/8260/8667344518_ce782fe414_z.jpg,5,0
awe,http://farm9.staticflickr.com/8018/7106667223_d9baaf4bc9_z.jpg,0,5
awe,http://farm6.staticflickr.com/5480/9234038564_805a841c99_z.jpg,1,4
awe,http://farm8.staticflickr.com/7380/9112666853_d191284979_z.jpg,0,5
awe,http://farm9.staticflickr.com/8056/8090537791_a2bd984aff_z.jpg,5,0
awe,http://farm6.staticflickr.com/5560/14576609528_07e0884389_z.jpg,5,0
awe,http://farm6.staticflickr.com/5590/14898434175_48145315a8_z.jpg,5,0
awe,http://farm4.staticflickr.com/3841/14590683279_efc165080e_z.jpg,4,1
awe,http://farm9.staticflickr.com/8399/8610042655_03ff74ef69_z.jpg,5,0
awe,http://farm9.staticflickr.com/8102/8615039839_c19603bd4f_z.jpg,1,4
awe,http://farm9.staticflickr.com/8313/8071200840_2469decab2_z.jpg,3,2
awe,http://farm6.staticflickr.com/5567/15092513319_812a8e623c_z.jpg,0,5
awe,http://farm8.staticflickr.com/7336/14211962043_91789d200d_z.jpg,5,0
awe,http://farm6.staticflickr.com/5495/10648826983_07402f303a_z.jpg,5,0
awe,http://farm8.staticflickr.com/7444/9976098035_45481ce862_z.jpg,2,3
awe,http://farm4.staticflickr.com/3904/15322444092_95fac9be09_z.jpg,0,5
awe,http://farm9.staticflickr.com/8260/8654811150_6ff92b5e9f_z.jpg,1,4
awe,http://farm3.staticflickr.com/2948/15231506878_f24d0588a7_z.jpg,0,5
awe,http://farm4.staticflickr.com/3914/14325234026_984ae91584_z.jpg,5,0
awe,http://farm8.staticflickr.com/7366/9579173773_251012d100_z.jpg,5,0
awe,http://farm9.staticflickr.com/8465/8142399807_c3f3b6e8c5_z.jpg,2,3
awe,http://farm9.staticflickr.com/8333/8134601590_41636bd2a1_z.jpg,0,5
awe,http://farm8.staticflickr.com/7355/9371476485_ce65a03fc2_z.jpg,5,0
awe,http://farm8.staticflickr.com/7045/7031928655_698b6dce11_z.jpg,4,1
awe,http://farm8.staticflickr.com/7434/13021198515_b88332bc8d_z.jpg,2,3
awe,http://farm4.staticflickr.com/3888/14504622806_0c2796fae7_z.jpg,0,5
awe,http://farm4.staticflickr.com/3889/14598272067_b0080bf6fd_z.jpg,3,2
awe,http://farm9.staticflickr.com/8333/8130737974_8f6252c98c_z.jpg,1,4
awe,http://farm8.staticflickr.com/7325/11716427455_88bc5334b5_z.jpg,4,1
awe,http://farm4.staticflickr.com/3947/15548156969_b5826a9975_z.jpg,1,4
awe,http://farm3.staticflickr.com/2927/14591300653_7fdd428688_z.jpg,0,5
awe,http://farm9.staticflickr.com/8509/8579936066_2747f8e739_z.jpg,0,5
awe,http://farm3.staticflickr.com/2916/14011854333_6ed1fbc38b_z.jpg,1,4
awe,http://farm4.staticflickr.com/3822/10303436374_0c5a63df62_z.jpg,0,5
awe,http://farm9.staticflickr.com/8528/8614466350_d14532c349_z.jpg,5,0
awe,http://farm8.staticflickr.com/7279/6964227256_b0bcb4e7f3_z.jpg,4,1
awe,http://farm9.staticflickr.com/8468/8129488706_235dfc04c6_z.jpg,4,1
awe,http://farm8.staticflickr.com/7087/7197639952_2c2b6efc62_z.jpg,5,0
awe,http://farm8.staticflickr.com/7433/9993897014_ff13c8a57d_z.jpg,4,1
awe,http://farm8.staticflickr.com/7453/8849477830_7c1ff55c20_z.jpg,3,2
awe,http://farm9.staticflickr.com/8306/7786834954_00cd7d1dd2_z.jpg,4,1
awe,http://farm9.staticflickr.com/8601/15974635250_5d1bd99e5a_z.jpg,3,2
awe,http://farm8.staticflickr.com/7065/6991655003_51dfd27c52_z.jpg,5,0
awe,http://farm4.staticflickr.com/3776/10689553295_a0ee203633_z.jpg,5,0
awe,http://farm9.staticflickr.com/8025/7384463398_e84aaa6184_z.jpg,2,3
awe,http://farm8.staticflickr.com/7137/6902216012_21f0a2f038_z.jpg,3,2
awe,http://farm9.staticflickr.com/8374/8474518571_83c017f010_z.jpg,0,5
awe,http://farm4.staticflickr.com/3784/13657738433_4b6cb0259c_z.jpg,5,0
awe,http://farm6.staticflickr.com/5344/8950660949_9dbfa5e748_z.jpg,5,0
awe,http://farm4.staticflickr.com/3948/15471755528_b204bbbd9b_z.jpg,3,2
awe,http://farm9.staticflickr.com/8068/8196425690_37eaaac7ff_z.jpg,4,1
awe,http://farm9.staticflickr.com/8248/8628484667_76eaf22022_z.jpg,2,3
awe,http://farm9.staticflickr.com/8210/8195334993_76d4f099cc_z.jpg,4,1
awe,http://farm3.staticflickr.com/2908/14577116908_5aaef70975_z.jpg,5,0
awe,http://farm8.staticflickr.com/7274/7531468392_a8998f9ae6_z.jpg,0,5
awe,http://farm8.staticflickr.com/7078/7264837742_04ef616519_z.jpg,5,0
awe,http://farm3.staticflickr.com/2933/14194067448_c3e5532581_z.jpg,1,4
awe,http://farm4.staticflickr.com/3924/14593643507_ed1d1c3e3c_z.jpg,4,1
awe,http://farm9.staticflickr.com/8185/8084930781_22ae2fc2a6_z.jpg,5,0
awe,http://farm9.staticflickr.com/8451/8070956100_a80b3a8e5b_z.jpg,0,5
awe,http://farm9.staticflickr.com/8230/8510082326_7bd3af6867_z.jpg,5,0
awe,http://farm4.staticflickr.com/3748/11047741466_be18545a14_z.jpg,5,0
awe,http://farm3.staticflickr.com/2896/14173976689_d5bf71a953_z.jpg,4,1
awe,http://farm8.staticflickr.com/7317/9207946747_261a46dfc9_z.jpg,1,4
awe,http://farm4.staticflickr.com/3862/14981104589_0415b7414d_z.jpg,5,0
awe,http://farm8.staticflickr.com/7102/7203935652_cdb44827dd_z.jpg,5,0
awe,http://farm4.staticflickr.com/3891/14153561920_2694897bf7_z.jpg,0,5
awe,http://farm3.staticflickr.com/2928/14200515051_48a2ddabc6_z.jpg,0,5
awe,http://farm6.staticflickr.com/5607/15615912861_e10d3eac7f_z.jpg,5,0
awe,http://farm4.staticflickr.com/3848/14423536381_6160a819c4_z.jpg,2,3
awe,http://farm8.staticflickr.com/7226/7162470632_76ed6b034c_z.jpg,5,0
awe,http://farm9.staticflickr.com/8046/8132127536_1983c90260_z.jpg,0,5
awe,http://farm6.staticflickr.com/5318/14017118799_f399eec1f9_z.jpg,5,0
awe,http://farm4.staticflickr.com/3742/13731101503_9fd7b3f1e0_z.jpg,3,2
awe,http://farm9.staticflickr.com/8015/7646922092_21662054d3_z.jpg,1,4
awe,http://farm7.staticflickr.com/6240/6872868478_be1599b96b_z.jpg,4,1
awe,http://farm8.staticflickr.com/7302/13268970075_5b30c747b0_z.jpg,5,0
awe,http://farm9.staticflickr.com/8434/7802506890_d217034edb_z.jpg,0,5
awe,http://farm8.staticflickr.com/7165/6777738563_06db720c80_z.jpg,2,3
awe,http://farm8.staticflickr.com/7375/9767825631_23dcffd380_z.jpg,0,5
awe,http://farm9.staticflickr.com/8367/8531321229_163fb45cbf_z.jpg,4,1
awe,http://farm8.staticflickr.com/7423/9403844691_9c4c713d84_z.jpg,5,0
awe,http://farm8.staticflickr.com/7413/11299312903_792439f924_z.jpg,5,0
awe,http://farm3.staticflickr.com/2825/8982574355_d9059a9456_z.jpg,3,2
awe,http://farm4.staticflickr.com/3693/11882781905_e2ed47e305_z.jpg,0,5
awe,http://farm8.staticflickr.com/7202/6877559548_d29d3fcc00_z.jpg,5,0
awe,http://farm4.staticflickr.com/3668/9803944566_464d8d3e34_z.jpg,5,0
awe,http://farm4.staticflickr.com/3835/14833759477_e4cf0a30b3_z.jpg,0,5
awe,http://farm4.staticflickr.com/3869/14457724934_1730db7810_z.jpg,4,1
awe,http://farm9.staticflickr.com/8123/8693180891_4e867d71cc_z.jpg,5,0
awe,http://farm8.staticflickr.com/7176/6793096896_8c12ce2593_z.jpg,0,5
awe,http://farm9.staticflickr.com/8377/8472232421_1895d467ec_z.jpg,5,0
awe,http://farm9.staticflickr.com/8529/8500036542_be66af5ed6_z.jpg,0,5
awe,http://farm9.staticflickr.com/8334/8130125297_7ea0a2b152_z.jpg,3,2
awe,http://farm8.staticflickr.com/7160/6815753011_54cd320c83_z.jpg,5,0
awe,http://farm8.staticflickr.com/7224/7203224520_29330a9208_z.jpg,2,3
awe,http://farm8.staticflickr.com/7410/9973904793_91d600cb62_z.jpg,5,0
awe,http://farm8.staticflickr.com/7198/6885832076_42f36f46df_z.jpg,5,0
awe,http://farm6.staticflickr.com/5575/15014540067_a84bf62fe3_z.jpg,0,5
awe,http://farm6.staticflickr.com/5614/15503007192_89c0b96bd2_z.jpg,5,0
awe,http://farm9.staticflickr.com/8334/8085531385_c5ce6bbb49_z.jpg,5,0
awe,http://farm8.staticflickr.com/7079/7211964172_5635dd8564_z.jpg,3,2
awe,http://farm8.staticflickr.com/7127/6893828474_f707431783_z.jpg,5,0
awe,http://farm8.staticflickr.com/7020/6716173921_3c9857cfcf_z.jpg,4,1
awe,http://farm4.staticflickr.com/3760/9103093223_1558f63f95_z.jpg,4,1
awe,http://farm8.staticflickr.com/7377/9329496501_0c9be016c4_z.jpg,4,1
awe,http://farm6.staticflickr.com/5608/15139591174_2ab4c22287_z.jpg,1,4
awe,http://farm9.staticflickr.com/8322/8045724598_b34cbbdec5_z.jpg,5,0
awe,http://farm6.staticflickr.com/5485/14226825623_e92874c1e6_z.jpg,5,0
awe,http://farm4.staticflickr.com/3742/13856161235_6be4269e9b_z.jpg,1,4
awe,http://farm9.staticflickr.com/8265/8625229962_dcac5200df_z.jpg,5,0
awe,http://farm8.staticflickr.com/7161/6713137601_33e0160f43_z.jpg,2,3
awe,http://farm9.staticflickr.com/8168/7591957364_e6f715db88_z.jpg,1,4
awe,http://farm9.staticflickr.com/8462/8056536538_f58e1e88ff_z.jpg,0,5
awe,http://farm3.staticflickr.com/2931/14408405123_12a7206d45_z.jpg,1,4
awe,http://farm4.staticflickr.com/3723/9479694195_3afe3ce868_z.jpg,4,1
awe,http://farm4.staticflickr.com/3851/15065034918_8e976c8558_z.jpg,5,0
awe,http://farm4.staticflickr.com/3932/15657914025_4389e102dd_z.jpg,5,0
awe,http://farm6.staticflickr.com/5273/14307172287_29fc1635a9_z.jpg,5,0
awe,http://farm6.staticflickr.com/5074/14262412059_3706448488_z.jpg,5,0
awe,http://farm8.staticflickr.com/7088/7265475814_5129bf63b5_z.jpg,5,0
awe,http://farm8.staticflickr.com/7133/7425476924_31bace7f7b_z.jpg,5,0
awe,http://farm8.staticflickr.com/7502/15465738188_02ee6a3e60_z.jpg,3,2
awe,http://farm9.staticflickr.com/8488/8196437160_ec1d002a12_z.jpg,5,0
awe,http://farm9.staticflickr.com/8374/8594552474_cd0c7fa06d_z.jpg,5,0
awe,http://farm6.staticflickr.com/5569/14214769895_77ff363824_z.jpg,5,0
awe,http://farm9.staticflickr.com/8423/7496643548_83c3d35531_z.jpg,2,3
awe,http://farm4.staticflickr.com/3703/9135030831_4bd4cc0caf_z.jpg,1,4
awe,http://farm4.staticflickr.com/3948/15373909849_191a72e5e9_z.jpg,2,3
awe,http://farm9.staticflickr.com/8211/8402856652_64d4ae6882_z.jpg,5,0
awe,http://farm3.staticflickr.com/2942/15168934809_45a96976f4_z.jpg,4,1
awe,http://farm9.staticflickr.com/8527/8675283415_e48a91ab42_z.jpg,3,2
awe,http://farm8.staticflickr.com/7240/7204436890_8f0e5308f3_z.jpg,5,0
awe,http://farm8.staticflickr.com/7519/15492071039_088a01502a_z.jpg,5,0
awe,http://farm9.staticflickr.com/8049/8075738749_f6a9151ef7_z.jpg,1,4
awe,http://farm9.staticflickr.com/8236/8475308326_65f3c82e66_z.jpg,5,0
awe,http://farm8.staticflickr.com/7391/11257360764_a54ffd99b4_z.jpg,5,0
awe,http://farm4.staticflickr.com/3842/15167430002_831a7bfdeb_z.jpg,4,1
awe,http://farm3.staticflickr.com/2901/14613851453_f3d9b7365e_z.jpg,5,0
awe,http://farm8.staticflickr.com/7107/7557290266_c98191b69a_z.jpg,5,0
awe,http://farm9.staticflickr.com/8048/8116658191_2375971faf_z.jpg,0,5
awe,http://farm3.staticflickr.com/2939/13931020264_13e25cd2c7_z.jpg,5,0
awe,http://farm8.staticflickr.com/7066/7001092101_5fc7cdc692_z.jpg,5,0
awe,http://farm4.staticflickr.com/3809/14112192657_2323d0f5cd_z.jpg,3,2
awe,http://farm3.staticflickr.com/2872/9051532377_4b49257c5d_z.jpg,2,3
awe,http://farm3.staticflickr.com/2900/14774914422_ba7539196c_z.jpg,5,0
awe,http://farm3.staticflickr.com/2896/14038466137_d20ddaed91_z.jpg,4,1
awe,http://farm4.staticflickr.com/3899/14878028105_059264c5eb_z.jpg,5,0
awe,http://farm6.staticflickr.com/5449/6936635482_b9f61374b9_z.jpg,5,0
awe,http://farm9.staticflickr.com/8346/8167673734_bcde2ea9a6_z.jpg,5,0
awe,http://farm9.staticflickr.com/8196/8108261873_5823e7c91f_z.jpg,4,1
awe,http://farm9.staticflickr.com/8651/15227267603_073d5cbace_z.jpg,1,4
awe,http://farm9.staticflickr.com/8556/8701630969_fe905f17a9_z.jpg,5,0
awe,http://farm6.staticflickr.com/5518/11298439386_bd8c3bffb5_z.jpg,5,0
awe,http://farm8.staticflickr.com/7392/9629569495_fff29a9640_z.jpg,4,1
awe,http://farm8.staticflickr.com/7078/7048370561_7d05b5fd67_z.jpg,4,1
awe,http://farm8.staticflickr.com/7551/15672939264_29ea4de5c7_z.jpg,3,2
awe,http://farm8.staticflickr.com/7390/10172652265_d5a370f026_z.jpg,4,1
awe,http://farm9.staticflickr.com/8357/8445646033_0dced1d788_z.jpg,5,0
awe,http://farm9.staticflickr.com/8195/8130141625_8ae1212947_z.jpg,4,1
awe,http://farm9.staticflickr.com/8511/8490484696_f81e11af63_z.jpg,0,5
awe,http://farm8.staticflickr.com/7194/6888704943_abd8b73b3c_z.jpg,3,2
awe,http://farm9.staticflickr.com/8044/8119966777_88cff827f2_z.jpg,0,5
awe,http://farm8.staticflickr.com/7069/13972151791_3f51934dac_z.jpg,2,3
awe,http://farm9.staticflickr.com/8069/8205784249_af990b1e3d_z.jpg,4,1
awe,http://farm9.staticflickr.com/8142/7611919078_a95c64fa36_z.jpg,5,0
awe,http://farm9.staticflickr.com/8106/8656165252_6d34fe8a74_z.jpg,3,2
awe,http://farm9.staticflickr.com/8578/16666820756_0c937343f9_z.jpg,4,1
awe,http://farm3.staticflickr.com/2862/10794414116_720bdaf86f_z.jpg,1,4
awe,http://farm3.staticflickr.com/2873/9020640822_4555565f28_z.jpg,4,1
awe,http://farm9.staticflickr.com/8173/8058901819_84d4dbe778_z.jpg,1,4
awe,http://farm8.staticflickr.com/7050/13640541604_13368de252_z.jpg,5,0
awe,http://farm8.staticflickr.com/7132/13392416594_59c05f1562_z.jpg,5,0
awe,http://farm8.staticflickr.com/7465/15979213366_facb83cdc1_z.jpg,5,0
awe,http://farm4.staticflickr.com/3702/9077801930_39895acabe_z.jpg,5,0
awe,http://farm3.staticflickr.com/2858/11951078185_05777a2aef_z.jpg,4,1
awe,http://farm4.staticflickr.com/3671/10718128466_74f14feb60_z.jpg,5,0
awe,http://farm8.staticflickr.com/7210/6810381324_861e85a4e6_z.jpg,0,5
awe,http://farm4.staticflickr.com/3810/13549688383_41f9fa2a03_z.jpg,5,0
awe,http://farm6.staticflickr.com/5279/7054451223_0b89b46381_z.jpg,0,5
awe,http://farm4.staticflickr.com/3872/14918815170_42e8433dae_z.jpg,5,0
awe,http://farm8.staticflickr.com/7444/12550726253_537f47cb65_z.jpg,5,0
awe,http://farm6.staticflickr.com/5588/14794525650_9bdcefae6a_z.jpg,1,4
awe,http://farm4.staticflickr.com/3885/14500957384_8caf32bfd0_z.jpg,5,0
awe,http://farm6.staticflickr.com/5601/15530509085_b599aa4215_z.jpg,0,5
awe,http://farm9.staticflickr.com/8454/8040951023_65bcde5c94_z.jpg,1,4
awe,http://farm4.staticflickr.com/3698/13640526064_9bf3a227d1_z.jpg,5,0
awe,http://farm8.staticflickr.com/7415/9740228506_c7f0678955_z.jpg,0,5
awe,http://farm8.staticflickr.com/7089/7031929377_bd612e86bb_z.jpg,5,0
awe,http://farm6.staticflickr.com/5446/7420314808_e2583ab8e4_z.jpg,5,0
awe,http://farm4.staticflickr.com/3951/14991258393_4d332b49ff_z.jpg,0,5
awe,http://farm8.staticflickr.com/7452/12843294784_5d80e211d0_z.jpg,5,0
awe,http://farm9.staticflickr.com/8084/8351907480_00d1a0d12f_z.jpg,5,0
awe,http://farm8.staticflickr.com/7443/12258963856_6a545b3c25_z.jpg,5,0
awe,http://farm9.staticflickr.com/8658/16045208822_448b318200_z.jpg,5,0
awe,http://farm4.staticflickr.com/3919/14359251537_5bcf11c6b0_z.jpg,5,0
awe,http://farm4.staticflickr.com/3888/14764433505_fefc4e3712_z.jpg,5,0
awe,http://farm6.staticflickr.com/5232/14043473599_9cbddd569c_z.jpg,5,0
awe,http://farm4.staticflickr.com/3904/15167961030_0dcb02031a_z.jpg,0,5
awe,http://farm3.staticflickr.com/2870/9216588720_527cc4c7f8_z.jpg,0,5
awe,http://farm9.staticflickr.com/8477/8249707334_c1ed8f06ea_z.jpg,5,0
awe,http://farm4.staticflickr.com/3903/14560959682_543efca61f_z.jpg,5,0
awe,http://farm6.staticflickr.com/5615/15350101390_20c77f8953_z.jpg,5,0
awe,http://farm8.staticflickr.com/7416/14127905283_3401e1c8c7_z.jpg,5,0
awe,http://farm8.staticflickr.com/7341/10718288534_492c13fb42_z.jpg,5,0
awe,http://farm6.staticflickr.com/5343/8889399723_8d3d360e97_z.jpg,0,5
awe,http://farm8.staticflickr.com/7047/6796457360_9146d34e5a_z.jpg,5,0
awe,http://farm4.staticflickr.com/3907/14677209374_3bc9363710_z.jpg,5,0
awe,http://farm6.staticflickr.com/5563/15098851127_8bdd755a16_z.jpg,0,5
awe,http://farm6.staticflickr.com/5522/10660477176_b842ab54b9_z.jpg,4,1
awe,http://farm3.staticflickr.com/2866/10528898885_7b200879d8_z.jpg,5,0
awe,http://farm6.staticflickr.com/5316/7065717555_38e5c241db_z.jpg,5,0
awe,http://farm3.staticflickr.com/2916/14295415831_0da1bfe268_z.jpg,0,5
awe,http://farm4.staticflickr.com/3874/14779249674_9271842b0e_z.jpg,5,0
awe,http://farm4.staticflickr.com/3878/14777925941_73d6129706_z.jpg,5,0
awe,http://farm8.staticflickr.com/7247/7523860302_2d57197717_z.jpg,0,5
awe,http://farm6.staticflickr.com/5557/14757822664_683cdb261f_z.jpg,3,2
awe,http://farm8.staticflickr.com/7374/9400020372_e0eacbcb9b_z.jpg,3,2
awe,http://farm6.staticflickr.com/5459/9462923788_8255dc26e1_z.jpg,0,5
awe,http://farm6.staticflickr.com/5550/9397030084_690dea296d_z.jpg,3,2
awe,http://farm8.staticflickr.com/7090/7186974590_9061c5abc3_z.jpg,0,5
awe,http://farm9.staticflickr.com/8170/7938441646_909ee59e7e_z.jpg,4,1
awe,http://farm9.staticflickr.com/8557/8699661800_6d3d03933c_z.jpg,5,0
awe,http://farm9.staticflickr.com/8030/8013304653_ae6f977f72_z.jpg,3,2
awe,http://farm9.staticflickr.com/8204/8196199660_9c2ffbc814_z.jpg,5,0
awe,http://farm6.staticflickr.com/5498/11446956654_b4842d4618_z.jpg,5,0
awe,http://farm9.staticflickr.com/8047/8076993493_2756c7845e_z.jpg,5,0
awe,http://farm9.staticflickr.com/8099/8656178786_ef9be40e55_z.jpg,3,2
awe,http://farm4.staticflickr.com/3845/14629093785_1c932277d1_z.jpg,5,0
awe,http://farm6.staticflickr.com/5555/14345036011_7a015d07bf_z.jpg,5,0
awe,http://farm8.staticflickr.com/7366/12637965733_f637350a81_z.jpg,4,1
awe,http://farm4.staticflickr.com/3941/15330223939_84c68fc0e2_z.jpg,5,0
awe,http://farm3.staticflickr.com/2925/14108289167_4afd4b466c_z.jpg,4,1
awe,http://farm4.staticflickr.com/3728/13711960075_c7e6806ddd_z.jpg,5,0
awe,http://farm4.staticflickr.com/3802/8966790639_434963cd47_z.jpg,0,5
awe,http://farm8.staticflickr.com/7411/10812438033_73f494a03d_z.jpg,4,1
awe,http://farm4.staticflickr.com/3777/9345875374_2fd86fffe3_z.jpg,1,4
awe,http://farm4.staticflickr.com/3848/14428583331_a117a2d317_z.jpg,2,3
awe,http://farm9.staticflickr.com/8676/16078388382_5080675c8d_z.jpg,5,0
awe,http://farm9.staticflickr.com/8030/8073166279_eeb3989e3b_z.jpg,4,1
awe,http://farm8.staticflickr.com/7041/7049626453_38406215b5_z.jpg,5,0
awe,http://farm9.staticflickr.com/8033/8054857961_8d0487c455_z.jpg,5,0
awe,http://farm6.staticflickr.com/5473/14038690759_bd6012dd9b_z.jpg,4,1
awe,http://farm8.staticflickr.com/7371/9829893056_efdbc13be6_z.jpg,3,2
awe,http://farm6.staticflickr.com/5487/11977464313_0acf1fbfa3_z.jpg,4,1
awe,http://farm9.staticflickr.com/8014/7420305412_5b83e5f21f_z.jpg,5,0
awe,http://farm6.staticflickr.com/5569/14012732230_c8cf8a7b1d_z.jpg,3,2
awe,http://farm8.staticflickr.com/7502/15855535691_0f929b7bdb_z.jpg,1,4
awe,http://farm4.staticflickr.com/3781/9051115991_dafac49884_z.jpg,5,0
awe,http://farm9.staticflickr.com/8203/8200438023_d36bb0abe1_z.jpg,5,0
awe,http://farm9.staticflickr.com/8660/16079028645_3828c0337e_z.jpg,5,0
awe,http://farm9.staticflickr.com/8514/8473324917_b8420d9009_z.jpg,5,0
awe,http://farm9.staticflickr.com/8106/8655090921_65c58eac6b_z.jpg,4,1
awe,http://farm6.staticflickr.com/5552/14777676751_a02c5ef327_z.jpg,3,2
awe,http://farm8.staticflickr.com/7334/10744658643_3cbd28b97c_z.jpg,2,3
awe,http://farm8.staticflickr.com/7527/15758050908_9cc8a650b2_z.jpg,1,4
awe,http://farm4.staticflickr.com/3912/15087333445_37b5817615_z.jpg,0,5
awe,http://farm4.staticflickr.com/3850/14901335153_36419a9bd4_z.jpg,5,0
awe,http://farm9.staticflickr.com/8593/16179415132_e4bc14fc52_z.jpg,4,1
awe,http://farm8.staticflickr.com/7057/13992420715_61fe7aa7dd_z.jpg,0,5
awe,http://farm6.staticflickr.com/5321/8902737192_9c1b2bae87_z.jpg,4,1
awe,http://farm9.staticflickr.com/8240/8532326125_41d16a944e_z.jpg,5,0
awe,http://farm4.staticflickr.com/3773/13497661593_35097f7b77_z.jpg,0,5
awe,http://farm8.staticflickr.com/7228/6913941044_6a315cf8df_z.jpg,5,0
awe,http://farm8.staticflickr.com/7536/15896884037_38c17043c0_z.jpg,0,5
awe,http://farm8.staticflickr.com/7316/10679044356_a227981ba9_z.jpg,0,5
awe,http://farm8.staticflickr.com/7035/6718436601_c2915e5c9e_z.jpg,1,4
awe,http://farm4.staticflickr.com/3815/11338660764_80c872d411_z.jpg,4,1
awe,http://farm9.staticflickr.com/8030/8017308811_9a6f491ddd_z.jpg,2,3
awe,http://farm8.staticflickr.com/7581/15858341202_905745fb71_z.jpg,5,0
awe,http://farm4.staticflickr.com/3842/14445071772_e392e46bfd_z.jpg,5,0
awe,http://farm9.staticflickr.com/8286/7635683650_881d83b7c0_z.jpg,0,5
awe,http://farm3.staticflickr.com/2857/10769335143_8d0697c369_z.jpg,5,0
awe,http://farm8.staticflickr.com/7085/6889397820_778cab0074_z.jpg,5,0
awe,http://farm4.staticflickr.com/3830/11435496523_aa2869bc72_z.jpg,4,1
awe,http://farm9.staticflickr.com/8207/8195251329_2a00cb123f_z.jpg,5,0
awe,http://farm4.staticflickr.com/3839/14479837933_0f04a54b71_z.jpg,5,0
awe,http://farm8.staticflickr.com/7050/6908677105_ea3e904f05_z.jpg,4,1
awe,http://farm8.staticflickr.com/7161/13220507943_2c18046f0c_z.jpg,0,5
awe,http://farm6.staticflickr.com/5560/14225515985_a463339262_z.jpg,5,0
awe,http://farm9.staticflickr.com/8177/8070962298_19d0d1fc41_z.jpg,1,4
awe,http://farm8.staticflickr.com/7440/11441354685_801f8fcb34_z.jpg,1,4
awe,http://farm9.staticflickr.com/8074/8385166087_91799503be_z.jpg,4,1
awe,http://farm9.staticflickr.com/8233/8577571257_6e57e6065c_z.jpg,5,0
awe,http://farm8.staticflickr.com/7221/7002928531_f0c7181eb0_z.jpg,2,3
awe,http://farm4.staticflickr.com/3843/14372094470_ee1f16c68f_z.jpg,2,3
awe,http://farm8.staticflickr.com/7223/7145897539_98e5c4dc8e_z.jpg,3,2
awe,http://farm8.staticflickr.com/7438/9221456298_c2f2cb85db_z.jpg,5,0
awe,http://farm8.staticflickr.com/7433/10522249375_248686dbed_z.jpg,4,1
awe,http://farm3.staticflickr.com/2906/14597322660_c5e5dca981_z.jpg,4,1
awe,http://farm3.staticflickr.com/2901/14031553118_c5f7963a23_z.jpg,5,0
awe,http://farm9.staticflickr.com/8159/7480357672_8cde127b93_z.jpg,5,0
awe,http://farm9.staticflickr.com/8035/7945629338_c752b46652_z.jpg,0,5
awe,http://farm4.staticflickr.com/3938/15682689246_15b012664b_z.jpg,0,5
awe,http://farm8.staticflickr.com/7216/7317661688_d50b640a9b_z.jpg,5,0
awe,http://farm9.staticflickr.com/8661/16511848158_e6890d53c7_z.jpg,3,2
awe,http://farm3.staticflickr.com/2851/9962536093_96a0dc12c1_z.jpg,5,0
awe,http://farm8.staticflickr.com/7301/11907427143_867ec049c6_z.jpg,5,0
awe,http://farm8.staticflickr.com/7467/15892733039_30985b29a2_z.jpg,4,1
awe,http://farm4.staticflickr.com/3898/14315405899_177dda142f_z.jpg,5,0
awe,http://farm8.staticflickr.com/7336/13341063595_d64bd0e2dd_z.jpg,3,2
awe,http://farm4.staticflickr.com/3942/15409531909_f45ea223a4_z.jpg,5,0
awe,http://farm6.staticflickr.com/5034/7375333094_dc3249290c_z.jpg,0,5
awe,http://farm8.staticflickr.com/7148/6753070319_1682bb9651_z.jpg,4,1
awe,http://farm6.staticflickr.com/5593/14518337763_bd33cc237e_z.jpg,5,0
awe,http://farm9.staticflickr.com/8508/8378405381_ebff6f2ab3_z.jpg,3,2
awe,http://farm6.staticflickr.com/5470/7381292476_01e161ced7_z.jpg,2,3
awe,http://farm4.staticflickr.com/3711/11434432734_165a29c258_z.jpg,5,0
awe,http://farm6.staticflickr.com/5313/14259834628_258493521a_z.jpg,5,0
awe,http://farm9.staticflickr.com/8345/8284186452_b93718a4dd_z.jpg,1,4
awe,http://farm6.staticflickr.com/5531/14133334788_7b8d4138c9_z.jpg,5,0
awe,http://farm4.staticflickr.com/3692/12698176503_5e8732245f_z.jpg,5,0
awe,http://farm6.staticflickr.com/5338/8997686522_dc30cc4905_z.jpg,2,3
awe,http://farm8.staticflickr.com/7479/15644411623_47df687504_z.jpg,1,4
awe,http://farm4.staticflickr.com/3886/14737885726_57071e9906_z.jpg,5,0
awe,http://farm6.staticflickr.com/5480/14266115478_56a2ff9a85_z.jpg,5,0
awe,http://farm6.staticflickr.com/5512/10806799294_efb8c2a4f6_z.jpg,2,3
awe,http://farm9.staticflickr.com/8323/8109989219_b6f8f7420b_z.jpg,0,5
awe,http://farm8.staticflickr.com/7522/15602340887_238d066c99_z.jpg,5,0
awe,http://farm9.staticflickr.com/8263/8676398254_513f66d432_z.jpg,5,0
awe,http://farm8.staticflickr.com/7181/7032630093_51b6538c4b_z.jpg,5,0
awe,http://farm8.staticflickr.com/7289/10718167566_a60f032c2d_z.jpg,4,1
awe,http://farm6.staticflickr.com/5326/9051419993_4f7e9377d6_z.jpg,1,4
awe,http://farm9.staticflickr.com/8142/7522783502_4a433f68b5_z.jpg,0,5
awe,http://farm9.staticflickr.com/8187/8130905561_1804d3bcec_z.jpg,3,2
awe,http://farm9.staticflickr.com/8449/7886216406_a023dee8b9_z.jpg,1,4
awe,http://farm9.staticflickr.com/8238/8541279124_35f5089814_z.jpg,2,3
awe,http://farm8.staticflickr.com/7282/8736712219_3c19bbc0b7_z.jpg,5,0
awe,http://farm4.staticflickr.com/3707/10501786764_e180f95708_z.jpg,2,3
awe,http://farm6.staticflickr.com/5567/14010471259_9594500fab_z.jpg,3,2
awe,http://farm4.staticflickr.com/3799/11434497264_1ee5590a59_z.jpg,5,0
awe,http://farm4.staticflickr.com/3910/14580269977_33ee3f2cb2_z.jpg,5,0
awe,http://farm8.staticflickr.com/7135/6989942820_a3a1f7d509_z.jpg,0,5
awe,http://farm9.staticflickr.com/8150/7163710625_b9ae69694a_z.jpg,0,5
awe,http://farm9.staticflickr.com/8335/8450143405_088e8a94dc_z.jpg,2,3
awe,http://farm8.staticflickr.com/7244/7330479956_5fbc8fc369_z.jpg,4,1
awe,http://farm9.staticflickr.com/8400/8701629465_570dec6e15_z.jpg,5,0
