awe,http://farm6.staticflickr.com/5599/15278885318_19bf9bf107_z.jpg,0,5
awe,http://farm6.staticflickr.com/5520/14103878810_eca3dee22e_z.jpg,1,4
awe,http://farm6.staticflickr.com/5527/10088202306_fe54631634_z.jpg,5,0
awe,http://farm9.staticflickr.com/8371/8591758927_4eb6f799f9_z.jpg,1,4
awe,http://farm6.staticflickr.com/5536/14035440357_eabf241047_z.jpg,5,0
awe,http://farm6.staticflickr.com/5342/9706554534_9a7fd3d3dd_z.jpg,3,2
awe,http://farm9.staticflickr.com/8172/8040311199_00bae6baa9_z.jpg,5,0
awe,http://farm4.staticflickr.com/3838/15123464148_d62d3e92fa_z.jpg,4,1
awe,http://farm8.staticflickr.com/7369/9837328336_6c4b99b1ae_z.jpg,1,4
awe,http://farm4.staticflickr.com/3733/14266150932_8d98a022f9_z.jpg,1,4
awe,http://farm8.staticflickr.com/7382/12563708934_27798c53e2_z.jpg,5,0
awe,http://farm8.staticflickr.com/7415/8716047362_568c4b59f4_z.jpg,5,0
awe,http://farm8.staticflickr.com/7272/8158500987_acfd28393c_z.jpg,0,4
awe,http://farm3.staticflickr.com/2868/9332292514_6f028dca35_z.jpg,3,0
awe,http://farm8.staticflickr.com/7095/7223329576_a928917497_z.jpg,4,1
awe,http://farm9.staticflickr.com/8179/8064558596_c355225f25_z.jpg,0,5
awe,http://farm4.staticflickr.com/3766/12762761423_7e606c3f19_z.jpg,3,2
awe,http://farm6.staticflickr.com/5589/15064619518_bb69fc99b6_z.jpg,5,0
awe,http://farm9.staticflickr.com/8302/8009097304_44b57cbf7e_z.jpg,3,2
awe,http://farm8.staticflickr.com/7205/6795829852_369cd4973c_z.jpg,5,0
awe,http://farm8.staticflickr.com/7166/6835331633_0a389248b8_z.jpg,4,0
awe,http://farm4.staticflickr.com/3714/9206265995_4b647770e9_z.jpg,3,2
awe,http://farm6.staticflickr.com/5511/10717734584_638f995da9_z.jpg,5,0
awe,http://farm3.staticflickr.com/2911/14028031648_dc955fa01c_z.jpg,5,0
awe,http://farm9.staticflickr.com/8369/8460304039_42732d72dc_z.jpg,4,1
awe,http://farm9.staticflickr.com/8323/8135987147_bc0fcb32e6_z.jpg,2,3
awe,http://farm4.staticflickr.com/3911/15355411795_325365b3d5_z.jpg,1,4
awe,http://farm8.staticflickr.com/7128/7002953120_541c2b3b3c_z.jpg,3,2
awe,http://farm3.staticflickr.com/2913/14095027962_d883da6d02_z.jpg,5,0
awe,http://farm8.staticflickr.com/7396/13166983775_69eba5e084_z.jpg,2,3
awe,http://farm6.staticflickr.com/5545/10718043774_4aa6e250a3_z.jpg,5,0
awe,http://farm9.staticflickr.com/8078/8310234020_de270b333a_z.jpg,3,1
awe,http://farm4.staticflickr.com/3835/14408473103_697860f971_z.jpg,2,3
awe,http://farm9.staticflickr.com/8252/8551674382_220b3036a2_z.jpg,5,0
awe,http://farm4.staticflickr.com/3882/14598031960_9c5412c9f3_z.jpg,5,0
awe,http://farm8.staticflickr.com/7122/7645604916_ba39a4b7af_z.jpg,2,3
awe,http://farm8.staticflickr.com/7364/9081500662_6b3bc5e34c_z.jpg,3,2
awe,http://farm8.staticflickr.com/7448/15924152394_2e8a33884d_z.jpg,4,0
awe,http://farm9.staticflickr.com/8431/7582259042_e3f932117f_z.jpg,1,4
awe,http://farm9.staticflickr.com/8302/7741902578_d6057bd346_z.jpg,5,0
awe,http://farm6.staticflickr.com/5497/10683597576_363904d079_z.jpg,5,0
awe,http://farm8.staticflickr.com/7562/15860751168_3648c76f30_z.jpg,5,0
awe,http://farm8.staticflickr.com/7099/7163571444_57b1a8c044_z.jpg,5,0
awe,http://farm9.staticflickr.com/8145/7177945970_c80d484b22_z.jpg,1,4
awe,http://farm9.staticflickr.com/8599/15616724010_cb160835e3_z.jpg,3,2
awe,http://farm9.staticflickr.com/8073/8346412516_fe7fe1f1ec_z.jpg,3,2
awe,http://farm3.staticflickr.com/2881/9155406502_e102a68ec5_z.jpg,5,0
awe,http://farm9.staticflickr.com/8647/16419226960_9b7cd7be25_z.jpg,2,3
awe,http://farm8.staticflickr.com/7275/7742555940_07d787c801_z.jpg,4,1
awe,http://farm4.staticflickr.com/3919/14757734941_9321120eee_z.jpg,5,0
awe,http://farm4.staticflickr.com/3686/10364773313_b3e2292bd4_z.jpg,2,3
awe,http://farm8.staticflickr.com/7576/15904760071_2020105ca5_z.jpg,1,3
awe,http://farm9.staticflickr.com/8337/8259620735_77e51557d8_z.jpg,1,4
awe,http://farm9.staticflickr.com/8324/8106294069_0bfce69517_z.jpg,0,5
awe,http://farm4.staticflickr.com/3921/14655891960_58d9254cc2_z.jpg,5,0
awe,http://farm3.staticflickr.com/2911/14407544647_7ea0d83384_z.jpg,5,0
awe,http://farm4.staticflickr.com/3910/14901959190_59c74eb74c_z.jpg,4,1
awe,http://farm8.staticflickr.com/7565/15734067527_05456b5f31_z.jpg,5,0
awe,http://farm9.staticflickr.com/8213/8295708222_cfd4f60df4_z.jpg,1,4
awe,http://farm8.staticflickr.com/7489/15519599599_14756c14f0_z.jpg,1,4
awe,http://farm8.staticflickr.com/7527/15658699022_19a8ba5cc6_z.jpg,4,0
awe,http://farm6.staticflickr.com/5571/14856512720_0a06d7b2f6_z.jpg,4,1
awe,http://farm6.staticflickr.com/5471/11477660023_a6b0241f86_z.jpg,3,2
awe,http://farm4.staticflickr.com/3733/9223541201_111d09cde4_z.jpg,1,4
awe,http://farm9.staticflickr.com/8638/16128643670_0d63bdb5c3_z.jpg,5,0
awe,http://farm6.staticflickr.com/5573/14765629481_6bc3c5441a_z.jpg,2,3
awe,http://farm9.staticflickr.com/8293/7770199876_941628af93_z.jpg,5,0
awe,http://farm4.staticflickr.com/3887/15319014245_24d5a9f5ec_z.jpg,4,1
awe,http://farm9.staticflickr.com/8124/8655039517_a544d38651_z.jpg,5,0
awe,http://farm6.staticflickr.com/5345/6938161828_9c19c85f61_z.jpg,4,1
awe,http://farm4.staticflickr.com/3682/9978619806_c08eb48d5d_z.jpg,4,1
awe,http://farm6.staticflickr.com/5326/7091607145_7c11bb0e45_z.jpg,5,0
awe,http://farm8.staticflickr.com/7028/6830940063_e00d183cb1_z.jpg,5,0
awe,http://farm3.staticflickr.com/2873/8953074469_08b7b789a1_z.jpg,2,3
awe,http://farm3.staticflickr.com/2874/11717162926_720ec5fa3b_z.jpg,5,0
awe,http://farm9.staticflickr.com/8107/8655094103_d2bbf2e660_z.jpg,3,1
awe,http://farm8.staticflickr.com/7112/7536607278_9e8309c17a_z.jpg,1,4
awe,http://farm4.staticflickr.com/3831/9053672424_6b50637aa8_z.jpg,3,2
awe,http://farm3.staticflickr.com/2823/9397242171_3c6451679a_z.jpg,3,2
awe,http://farm6.staticflickr.com/5275/14035427780_ca41f54579_z.jpg,5,0
awe,http://farm9.staticflickr.com/8181/8070779161_bb182eeeea_z.jpg,2,2
awe,http://farm6.staticflickr.com/5547/11645926374_ba656d5ceb_z.jpg,4,1
awe,http://farm9.staticflickr.com/8005/7469467140_a05eae1ea2_z.jpg,5,0
awe,http://farm9.staticflickr.com/8666/16078011782_f79cb77bd4_z.jpg,5,0
awe,http://farm9.staticflickr.com/8046/8118795397_1df00e152c_z.jpg,4,1
awe,http://farm6.staticflickr.com/5477/14259995077_739206e3ab_z.jpg,5,0
awe,http://farm8.staticflickr.com/7231/7291962376_14cd93ec24_z.jpg,1,4
awe,http://farm4.staticflickr.com/3714/9000330500_0ae9b0e753_z.jpg,5,0
awe,http://farm9.staticflickr.com/8467/8134327806_fde894ea89_z.jpg,4,1
awe,http://farm9.staticflickr.com/8624/16001469949_b94f3d0029_z.jpg,0,5
awe,http://farm4.staticflickr.com/3872/14804563333_1c0901abc0_z.jpg,5,0
awe,http://farm9.staticflickr.com/8429/7770377964_b42ab30276_z.jpg,5,0
awe,http://farm4.staticflickr.com/3886/14574857717_e3610f296f_z.jpg,5,0
awe,http://farm9.staticflickr.com/8466/8130750629_c012be63a0_z.jpg,3,2
awe,http://farm9.staticflickr.com/8478/8196199976_a97931d63e_z.jpg,5,0
awe,http://farm3.staticflickr.com/2912/14775792441_b9c50f5679_z.jpg,5,0
awe,http://farm3.staticflickr.com/2843/11076386453_abe8ced13f_z.jpg,5,0
awe,http://farm9.staticflickr.com/8562/16330397652_14643db0f4_z.jpg,4,1
awe,http://farm6.staticflickr.com/5558/14446425985_044b03eef7_z.jpg,5,0
awe,http://farm8.staticflickr.com/7099/7204214890_777275c105_z.jpg,5,0
awe,http://farm6.staticflickr.com/5334/9509817576_a4214679d7_z.jpg,3,2
awe,http://farm4.staticflickr.com/3853/14487127096_126f3e1d6c_z.jpg,0,5
awe,http://farm6.staticflickr.com/5552/14338280729_95d4783cf3_z.jpg,2,3
awe,http://farm9.staticflickr.com/8620/15672967059_1973807a0f_z.jpg,5,0
awe,http://farm8.staticflickr.com/7553/15774176048_550fc16c30_z.jpg,5,0
awe,http://farm3.staticflickr.com/2902/14171050775_e9100365ee_z.jpg,2,3
awe,http://farm8.staticflickr.com/7052/6943058005_f08ac7facc_z.jpg,5,0
awe,http://farm4.staticflickr.com/3884/14753094874_2a69356c48_z.jpg,4,1
awe,http://farm6.staticflickr.com/5528/14350341488_b78ca8a12e_z.jpg,5,0
awe,http://farm9.staticflickr.com/8426/7754048050_23a1557ba5_z.jpg,0,5
awe,http://farm9.staticflickr.com/8596/16151222432_e6e477607e_z.jpg,5,0
awe,http://farm8.staticflickr.com/7043/6999243010_5cc7502469_z.jpg,0,5
awe,http://farm4.staticflickr.com/3770/12954469913_02fff869a5_z.jpg,0,5
awe,http://farm4.staticflickr.com/3801/9249655310_a20352f928_z.jpg,5,0
awe,http://farm6.staticflickr.com/5341/9218112037_2996d00620_z.jpg,5,0
awe,http://farm9.staticflickr.com/8285/7734693288_65a6269786_z.jpg,1,4
awe,http://farm9.staticflickr.com/8349/8196335746_395d64b142_z.jpg,5,0
awe,http://farm8.staticflickr.com/7546/15542197273_75ef749e9c_z.jpg,5,0
awe,http://farm4.staticflickr.com/3846/14806494846_d68120a85f_z.jpg,1,4
awe,http://farm3.staticflickr.com/2869/13583708145_56250dd7f4_z.jpg,4,1
awe,http://farm4.staticflickr.com/3672/12279685925_2d6c0c2193_z.jpg,0,5
awe,http://farm3.staticflickr.com/2829/11039421903_21935ca8c6_z.jpg,5,0
awe,http://farm9.staticflickr.com/8176/7898429772_fbcb4e72b5_z.jpg,5,0
awe,http://farm8.staticflickr.com/7020/6828416331_8f68df1449_z.jpg,3,2
awe,http://farm8.staticflickr.com/7222/7211967882_d4e8f574ae_z.jpg,5,0
awe,http://farm6.staticflickr.com/5489/9339616035_08ffe747cc_z.jpg,2,3
awe,http://farm9.staticflickr.com/8341/8227072067_a57cefea4e_z.jpg,5,0
awe,http://farm6.staticflickr.com/5549/10648621406_203de96112_z.jpg,5,0
awe,http://farm8.staticflickr.com/7415/15810508773_c228e5069f_z.jpg,5,0
awe,http://farm8.staticflickr.com/7086/7238450170_df075de988_z.jpg,4,0
awe,http://farm4.staticflickr.com/3878/14902538446_e03845e474_z.jpg,5,0
awe,http://farm9.staticflickr.com/8084/8301463531_59ee240ab2_z.jpg,1,4
awe,http://farm8.staticflickr.com/7161/6783451947_9de0df8f0e_z.jpg,5,0
awe,http://farm3.staticflickr.com/2821/11717742315_b7a28f7316_z.jpg,4,1
awe,http://farm6.staticflickr.com/5507/13890191817_bbd9a28a67_z.jpg,0,5
awe,http://farm3.staticflickr.com/2939/14776488025_8cf45e4d35_z.jpg,5,0
awe,http://farm4.staticflickr.com/3888/14782568563_7032fef9de_z.jpg,4,0
awe,http://farm6.staticflickr.com/5499/14043521387_c7334be6ea_z.jpg,3,2
awe,http://farm4.staticflickr.com/3927/15316514509_44c767af00_z.jpg,5,0
awe,http://farm4.staticflickr.com/3808/12304047725_07e06ab71c_z.jpg,5,0
awe,http://farm9.staticflickr.com/8089/8567301512_138dc795d6_z.jpg,5,0
awe,http://farm6.staticflickr.com/5563/14919535540_6f55c261b3_z.jpg,1,4
awe,http://farm6.staticflickr.com/5505/10365348825_6b7500543c_z.jpg,5,0
awe,http://farm8.staticflickr.com/7161/6635304803_1f92b95dfb_z.jpg,2,3
awe,http://farm6.staticflickr.com/5562/14576564410_b2308869db_z.jpg,5,0
awe,http://farm4.staticflickr.com/3815/10789621675_a035145de5_z.jpg,5,0
awe,http://farm8.staticflickr.com/7424/9739712928_de1f4169f2_z.jpg,4,1
awe,http://farm6.staticflickr.com/5320/7062613571_a8f58606a9_z.jpg,1,4
awe,http://farm6.staticflickr.com/5602/15797260905_80b844b9f4_z.jpg,2,2
awe,http://farm6.staticflickr.com/5549/11589969846_785fde4686_z.jpg,2,3
awe,http://farm6.staticflickr.com/5459/8788075096_20b62b4e51_z.jpg,4,1
awe,http://farm9.staticflickr.com/8325/8131629480_8175fc81ec_z.jpg,3,2
awe,http://farm8.staticflickr.com/7029/6409366549_a0087a227a_z.jpg,4,1
awe,http://farm4.staticflickr.com/3720/13312505863_97610ed0f2_z.jpg,5,0
awe,http://farm9.staticflickr.com/8447/7874209610_407e1be32d_z.jpg,5,0
awe,http://farm9.staticflickr.com/8271/8702752992_b8a69ef022_z.jpg,5,0
awe,http://farm8.staticflickr.com/7071/7277691134_f9fda50841_z.jpg,0,5
awe,http://farm9.staticflickr.com/8299/8003749392_c70952029d_z.jpg,2,3
awe,http://farm8.staticflickr.com/7578/15965265781_a9ab2cabd3_z.jpg,2,3
awe,http://farm9.staticflickr.com/8040/8025506209_693afd871a_z.jpg,2,3
awe,http://farm9.staticflickr.com/8192/8380638085_706839d634_z.jpg,3,2
awe,http://farm9.staticflickr.com/8006/7136004735_80014d831a_z.jpg,3,2
awe,http://farm6.staticflickr.com/5492/9237401479_6bc7b1ae2a_z.jpg,5,0
awe,http://farm4.staticflickr.com/3701/12759471024_b714e02c3d_z.jpg,5,0
awe,http://farm9.staticflickr.com/8176/8070982905_efae35c562_z.jpg,3,2
awe,http://farm8.staticflickr.com/7442/14073344936_6fea44b846_z.jpg,5,0
awe,http://farm8.staticflickr.com/7336/10116248343_7b085bdee7_z.jpg,5,0
awe,http://farm3.staticflickr.com/2912/14478893296_1ef20ca8f8_z.jpg,5,0
awe,http://farm9.staticflickr.com/8022/7651400710_caceda89da_z.jpg,4,1
awe,http://farm9.staticflickr.com/8234/8385371013_a9d68f8c4d_z.jpg,5,0
awe,http://farm3.staticflickr.com/2932/13935212592_50268d7fc5_z.jpg,3,2
awe,http://farm4.staticflickr.com/3897/14757190786_45b0820a9a_z.jpg,3,2
awe,http://farm3.staticflickr.com/2876/11434896216_6ba543607f_z.jpg,5,0
awe,http://farm8.staticflickr.com/7104/13557333343_894788b232_z.jpg,4,1
awe,http://farm6.staticflickr.com/5506/9756632511_018210c43d_z.jpg,5,0
awe,http://farm6.staticflickr.com/5334/8972235576_52448b434b_z.jpg,3,2
awe,http://farm6.staticflickr.com/5564/14782312122_b5e97377ec_z.jpg,5,0
awe,http://farm4.staticflickr.com/3820/11717765064_c7d3b3fe54_z.jpg,5,0
awe,http://farm4.staticflickr.com/3767/12938070483_b1f74fc1d1_z.jpg,5,0
awe,http://farm4.staticflickr.com/3155/13018393605_400cdddd41_z.jpg,3,2
awe,http://farm3.staticflickr.com/2876/9756933473_c5d7752e6a_z.jpg,5,0
awe,http://farm8.staticflickr.com/7129/8156135566_f29780afd3_z.jpg,5,0
awe,http://farm9.staticflickr.com/8250/8636144661_267363b89a_z.jpg,3,2
awe,http://farm8.staticflickr.com/7216/7204177328_e164f63405_z.jpg,4,1
awe,http://farm4.staticflickr.com/3904/15130453307_9d7bee76bb_z.jpg,5,0
awe,http://farm8.staticflickr.com/7311/13510963423_2c841f9aaf_z.jpg,5,0
awe,http://farm9.staticflickr.com/8389/8481326537_3cc1f179d7_z.jpg,3,2
awe,http://farm9.staticflickr.com/8195/8090601390_2f5fa2402f_z.jpg,4,1
awe,http://farm9.staticflickr.com/8026/7187687303_1247ef50bb_z.jpg,3,2
awe,http://farm3.staticflickr.com/2882/10344493106_2a711ec3b1_z.jpg,0,5
awe,http://farm8.staticflickr.com/7297/8729006990_2321eaacfb_z.jpg,3,2
awe,http://farm8.staticflickr.com/7090/7157982490_607c3c8f96_z.jpg,5,0
awe,http://farm6.staticflickr.com/5590/15256129811_a5f2c43693_z.jpg,4,0
awe,http://farm4.staticflickr.com/3713/12643713415_8949a08456_z.jpg,5,0
awe,http://farm6.staticflickr.com/5342/9283224558_913d917f4c_z.jpg,2,3
awe,http://farm3.staticflickr.com/2900/14449062715_d542f2a936_z.jpg,5,0
awe,http://farm4.staticflickr.com/3872/14572575160_2332b17a20_z.jpg,5,0
awe,http://farm4.staticflickr.com/3719/10718092694_69c3aaaf0b_z.jpg,3,2
awe,http://farm9.staticflickr.com/8504/8404536451_3b69097330_z.jpg,5,0
awe,http://farm9.staticflickr.com/8077/8306426457_e1e67a8dfe_z.jpg,5,0
awe,http://farm4.staticflickr.com/3845/15259239035_24436e692c_z.jpg,5,0
awe,http://farm3.staticflickr.com/2884/13613422305_55f7399055_z.jpg,4,1
awe,http://farm9.staticflickr.com/8473/8130671068_7156b4e808_z.jpg,5,0
awe,http://farm6.staticflickr.com/5569/14431947406_e6c05dc6eb_z.jpg,3,0
awe,http://farm9.staticflickr.com/8200/8195095435_89183c7302_z.jpg,5,0
awe,http://farm9.staticflickr.com/8318/8047260205_bab23e56bb_z.jpg,1,4
awe,http://farm9.staticflickr.com/8429/7654534280_86a002cc53_z.jpg,5,0
awe,http://farm8.staticflickr.com/7243/7284996958_4ee4fa0499_z.jpg,4,1
awe,http://farm4.staticflickr.com/3855/15067124636_5c4bd6ea41_z.jpg,4,1
awe,http://farm3.staticflickr.com/2881/9348078350_50e32b47b7_z.jpg,0,5
awe,http://farm8.staticflickr.com/7135/6916726756_9bac5bbeed_z.jpg,5,0
awe,http://farm8.staticflickr.com/7469/16192034346_2a998a288c_z.jpg,1,4
awe,http://farm8.staticflickr.com/7446/16522523936_9ed35e2acf_z.jpg,2,2
awe,http://farm9.staticflickr.com/8439/8001555707_17ac527138_z.jpg,3,2
awe,http://farm4.staticflickr.com/3820/14300556442_353de8dbb3_z.jpg,0,5
awe,http://farm6.staticflickr.com/5578/14613918243_fb03110b3d_z.jpg,5,0
awe,http://farm9.staticflickr.com/8517/8473319168_ba36ffd9f2_z.jpg,4,0
awe,http://farm9.staticflickr.com/8535/8616894342_937c45a409_z.jpg,5,0
awe,http://farm3.staticflickr.com/2923/14626451704_3f8f8a1707_z.jpg,2,3
awe,http://farm9.staticflickr.com/8530/8627759135_a27c5d2c38_z.jpg,4,1
awe,http://farm9.staticflickr.com/8064/8195093561_151ea0c6ab_z.jpg,5,0
awe,http://farm6.staticflickr.com/5507/11114024006_2df0718e51_z.jpg,5,0
awe,http://farm6.staticflickr.com/5473/11167047414_e9a6ceac0a_z.jpg,3,2
awe,http://farm3.staticflickr.com/2948/15439744876_d8335735c1_z.jpg,1,4
awe,http://farm3.staticflickr.com/2912/14673282602_5348ce7387_z.jpg,5,0
awe,http://farm6.staticflickr.com/5333/9435981061_38103375f7_z.jpg,3,2
awe,http://farm4.staticflickr.com/3734/9643832385_61b4625e94_z.jpg,5,0
awe,http://farm4.staticflickr.com/3953/14911576413_18e574e9ef_z.jpg,4,1
awe,http://farm9.staticflickr.com/8112/8585010908_4bca565dd2_z.jpg,2,3
awe,http://farm9.staticflickr.com/8503/8318615589_a97e5580a2_z.jpg,5,0
awe,http://farm3.staticflickr.com/2941/15100542247_6e9c3f13ae_z.jpg,5,0
awe,http://farm8.staticflickr.com/7459/12742785583_fb47a8d2da_z.jpg,5,0
awe,http://farm4.staticflickr.com/3950/14999284183_9abfde424b_z.jpg,0,5
awe,http://farm8.staticflickr.com/7250/7564483138_0b4a74422a_z.jpg,4,1
awe,http://farm8.staticflickr.com/7094/7204195388_ba8537844e_z.jpg,5,0
awe,http://farm8.staticflickr.com/7226/6888748312_71f66b4b13_z.jpg,3,2
awe,http://farm4.staticflickr.com/3727/9839553596_88002a6e88_z.jpg,4,1
awe,http://farm9.staticflickr.com/8521/8524859690_54fb1ea6aa_z.jpg,3,2
awe,http://farm3.staticflickr.com/2903/14560880351_c07563595f_z.jpg,3,2
awe,http://farm9.staticflickr.com/8446/7809305972_e0fea6e465_z.jpg,4,1
awe,http://farm8.staticflickr.com/7338/10868726513_37813f9bd5_z.jpg,3,1
awe,http://farm6.staticflickr.com/5591/14924624867_868846b53c_z.jpg,4,1
awe,http://farm3.staticflickr.com/2837/9840518635_67993ece7f_z.jpg,3,2
awe,http://farm9.staticflickr.com/8516/8412800633_c3329c089d_z.jpg,4,1
awe,http://farm9.staticflickr.com/8488/8232844601_ec7b055fe4_z.jpg,3,2
awe,http://farm8.staticflickr.com/7292/9839748055_ee5294c4b0_z.jpg,5,0
awe,http://farm9.staticflickr.com/8210/8247235810_f49052a783_z.jpg,2,3
awe,http://farm8.staticflickr.com/7126/6885832130_6e142f6b63_z.jpg,5,0
awe,http://farm3.staticflickr.com/2929/14591628718_ed690c4cfb_z.jpg,5,0
awe,http://farm9.staticflickr.com/8565/16508713078_9c2434a517_z.jpg,4,1
awe,http://farm3.staticflickr.com/2905/14203669944_5e8429bda5_z.jpg,5,0
awe,http://farm8.staticflickr.com/7006/6767775857_ab3ca4569e_z.jpg,3,2
awe,http://farm9.staticflickr.com/8103/8483186362_cc9446969f_z.jpg,5,0
awe,http://farm4.staticflickr.com/3795/10718130626_2de735e5eb_z.jpg,4,1
awe,http://farm4.staticflickr.com/3932/15391185849_d6333a95b7_z.jpg,0,5
awe,http://farm4.staticflickr.com/3853/14593806985_0188fcb85a_z.jpg,4,0
awe,http://farm4.staticflickr.com/3684/9625892392_67b0ce2c87_z.jpg,2,3
awe,http://farm4.staticflickr.com/3849/14977684301_5870eba20d_z.jpg,5,0
awe,http://farm8.staticflickr.com/7293/11667549724_7273e6fc4a_z.jpg,5,0
awe,http://farm9.staticflickr.com/8648/15964341490_46c32790ac_z.jpg,5,0
awe,http://farm6.staticflickr.com/5599/15266294789_b137f870c3_z.jpg,5,0
awe,http://farm8.staticflickr.com/7065/14117407824_ff00a5d919_z.jpg,5,0
awe,http://farm8.staticflickr.com/7099/7300770692_220f0e5a5e_z.jpg,3,2
awe,http://farm4.staticflickr.com/3837/14502144165_c3bab110b5_z.jpg,5,0
awe,http://farm9.staticflickr.com/8505/8572523466_cdc2759624_z.jpg,3,2
awe,http://farm8.staticflickr.com/7201/6868062687_87deba295d_z.jpg,1,4
awe,http://farm9.staticflickr.com/8506/8366341291_cbc56ca9d3_z.jpg,3,2
awe,http://farm9.staticflickr.com/8330/8114873367_8437a7f9af_z.jpg,5,0
awe,http://farm9.staticflickr.com/8207/8196190292_dc6f9418ab_z.jpg,5,0
awe,http://farm6.staticflickr.com/5484/12168928475_8991fe5e41_z.jpg,5,0
awe,http://farm4.staticflickr.com/3826/9280444363_5ba0859e2b_z.jpg,5,0
awe,http://farm3.staticflickr.com/2842/9329015951_8b5b2b30b9_z.jpg,1,4
awe,http://farm4.staticflickr.com/3812/9993961264_1441da4f82_z.jpg,4,0
awe,http://farm4.staticflickr.com/3895/15097364091_8fd167cd83_z.jpg,5,0
awe,http://farm8.staticflickr.com/7431/10717386916_77c9b7eb89_z.jpg,2,3
awe,http://farm9.staticflickr.com/8434/7728896850_9f14871256_z.jpg,4,1
awe,http://farm9.staticflickr.com/8199/8195253821_f061a3d7c7_z.jpg,5,0
awe,http://farm8.staticflickr.com/7043/6917075873_e60f91b7ed_z.jpg,1,4
awe,http://farm8.staticflickr.com/7075/7235960560_1d39a59603_z.jpg,2,3
awe,http://farm3.staticflickr.com/2932/14028013328_dfd18c2bd7_z.jpg,5,0
awe,http://farm8.staticflickr.com/7185/6913216443_a097678061_z.jpg,5,0
awe,http://farm6.staticflickr.com/5543/14222803472_8c43fa0590_z.jpg,5,0
awe,http://farm4.staticflickr.com/3945/15020474393_64fb1604f8_z.jpg,1,4
awe,http://farm6.staticflickr.com/5483/12169371434_269a499e96_z.jpg,4,1
awe,http://farm9.staticflickr.com/8472/8384708647_3289581341_z.jpg,2,3
awe,http://farm6.staticflickr.com/5570/14593309547_e5fe0f7d5d_z.jpg,4,0
awe,http://farm8.staticflickr.com/7458/16270916749_28c73ca92b_z.jpg,5,0
awe,http://farm3.staticflickr.com/2906/14238281344_0afe33e9fb_z.jpg,2,2
awe,http://farm9.staticflickr.com/8049/8134637659_29f0756cd4_z.jpg,5,0
awe,http://farm3.staticflickr.com/2940/14782077544_8612fd30dd_z.jpg,5,0
awe,http://farm8.staticflickr.com/7249/13383829024_f4c19aab6b_z.jpg,5,0
awe,http://farm9.staticflickr.com/8466/8142400323_2092622261_z.jpg,2,3
awe,http://farm6.staticflickr.com/5530/10650631404_bbb0db4c8b_z.jpg,3,1
awe,http://farm4.staticflickr.com/3956/15339723537_cbd7175173_z.jpg,0,5
awe,http://farm8.staticflickr.com/7211/7284260594_087b9c1886_z.jpg,4,1
awe,http://farm9.staticflickr.com/8108/8660610686_fe7059384a_z.jpg,5,0
awe,http://farm9.staticflickr.com/8245/8640332021_42f2c7d25c_z.jpg,3,2
awe,http://farm8.staticflickr.com/7364/10718239215_0e78008b35_z.jpg,5,0
awe,http://farm3.staticflickr.com/2913/13872264855_493c86f396_z.jpg,5,0
awe,http://farm4.staticflickr.com/3877/14315406378_7f13f834bb_z.jpg,3,2
awe,http://farm4.staticflickr.com/3766/10717770176_bedb11c1fb_z.jpg,4,1
awe,http://farm6.staticflickr.com/5459/9768023255_630640ccd3_z.jpg,2,3
awe,http://farm8.staticflickr.com/7442/10060200505_0697029854_z.jpg,5,0
awe,http://farm6.staticflickr.com/5474/10717796545_3b4ff5623b_z.jpg,4,1
awe,http://farm6.staticflickr.com/5523/14222056251_2c3f96416a_z.jpg,3,1
awe,http://farm3.staticflickr.com/2822/10717832014_60ef969b32_z.jpg,5,0
awe,http://farm6.staticflickr.com/5338/8921498517_b911babfa9_z.jpg,1,4
awe,http://farm8.staticflickr.com/7341/10210526954_95b5bc312c_z.jpg,1,4
awe,http://farm6.staticflickr.com/5590/15113624920_02f24ba762_z.jpg,3,2
awe,http://farm6.staticflickr.com/5573/14782328995_be555b24cc_z.jpg,5,0
awe,http://farm4.staticflickr.com/3924/14978105421_1f1d6109b1_z.jpg,3,2
awe,http://farm3.staticflickr.com/2880/9152847575_8480d16141_z.jpg,4,1
awe,http://farm4.staticflickr.com/3882/14586422000_75fa62ed05_z.jpg,5,0
awe,http://farm9.staticflickr.com/8524/8475018064_5489882c34_z.jpg,0,5
awe,http://farm9.staticflickr.com/8247/8465295507_5223336a2b_z.jpg,4,0
awe,http://farm4.staticflickr.com/3890/15102856020_8376868e4e_z.jpg,4,1
awe,http://farm1.staticflickr.com/73/165251475_7bcbbaf8d8_z.jpg,5,0
awe,http://farm3.staticflickr.com/2805/12055289025_9a85b27249_z.jpg,5,0
awe,http://farm8.staticflickr.com/7194/6992748423_70bf508129_z.jpg,1,4
awe,http://farm9.staticflickr.com/8096/8420697147_ed2b0912ec_z.jpg,5,0
awe,http://farm3.staticflickr.com/2862/11125574654_42761ba4a3_z.jpg,3,2
awe,http://farm9.staticflickr.com/8336/8109960718_55ec3b2cc0_z.jpg,0,5
awe,http://farm4.staticflickr.com/3918/14590544141_952cfa3880_z.jpg,5,0
awe,http://farm3.staticflickr.com/2923/14225145665_b44345f7f6_z.jpg,5,0
awe,http://farm9.staticflickr.com/8264/8610365077_bfcc6eb96c_z.jpg,5,0
awe,http://farm6.staticflickr.com/5080/14245612043_635b82e358_z.jpg,5,0
awe,http://farm8.staticflickr.com/7096/6976780992_f43b51ac49_z.jpg,5,0
awe,http://farm8.staticflickr.com/7135/7039927059_06e11667ef_z.jpg,5,0
awe,http://farm6.staticflickr.com/5513/11180128585_5d855bedef_z.jpg,4,1
awe,http://farm8.staticflickr.com/7344/11695605954_9eea8c50e3_z.jpg,5,0
awe,http://farm9.staticflickr.com/8292/7748876986_97b9c1165d_z.jpg,5,0
awe,http://farm6.staticflickr.com/5611/15312687029_6687b05fa8_z.jpg,1,3
awe,http://farm4.staticflickr.com/3768/10744390376_3430bface0_z.jpg,5,0
awe,http://farm9.staticflickr.com/8443/7845579664_7653caa453_z.jpg,5,0
awe,http://farm6.staticflickr.com/5508/11166885523_6c1e508ab0_z.jpg,5,0
awe,http://farm9.staticflickr.com/8176/8033376851_5b62b360a1_z.jpg,2,3
awe,http://farm8.staticflickr.com/7193/6906302043_89a1840980_z.jpg,5,0
awe,http://farm3.staticflickr.com/2889/12169134273_8d500abf86_z.jpg,4,0
awe,http://farm6.staticflickr.com/5513/9051454535_5a48d582b3_z.jpg,0,5
awe,http://farm9.staticflickr.com/8097/8591011491_d16049deff_z.jpg,2,3
awe,http://farm9.staticflickr.com/8442/8030251356_68dfbb1bf5_z.jpg,0,5
awe,http://farm8.staticflickr.com/7356/8953071831_a8e3f70d8e_z.jpg,1,4
awe,http://farm8.staticflickr.com/7075/7071423455_406411f00a_z.jpg,3,2
awe,http://farm8.staticflickr.com/7170/6783525229_84712fb108_z.jpg,2,3
awe,http://farm9.staticflickr.com/8409/8701848365_3b8fe58e04_z.jpg,3,2
awe,http://farm8.staticflickr.com/7091/13571967884_0e71d96e12_z.jpg,3,2
awe,http://farm8.staticflickr.com/7145/6808800659_a71faaa2ab_z.jpg,2,2
awe,http://farm3.staticflickr.com/2930/14764659535_bff75a4edc_z.jpg,5,0
awe,http://farm6.staticflickr.com/5474/14545723345_8e634c76bc_z.jpg,5,0
awe,http://farm9.staticflickr.com/8217/8316164363_0cb368fc60_z.jpg,1,4
awe,http://farm3.staticflickr.com/2850/9756877675_7371735d60_z.jpg,4,1
awe,http://farm3.staticflickr.com/2833/10696119473_bcf5758257_z.jpg,5,0
awe,http://farm8.staticflickr.com/7375/11443611395_f236d0e944_z.jpg,5,0
awe,http://farm8.staticflickr.com/7293/10545679815_6de94cfa86_z.jpg,5,0
awe,http://farm9.staticflickr.com/8454/8045956448_d5110459bd_z.jpg,5,0
awe,http://farm9.staticflickr.com/8183/8110443080_2fc6c74947_z.jpg,5,0
awe,http://farm6.staticflickr.com/5542/9542129323_62e749a6c0_z.jpg,4,1
awe,http://farm8.staticflickr.com/7426/10196825815_4033ced8cf_z.jpg,4,1
awe,http://farm8.staticflickr.com/7211/7204053058_1668f27f97_z.jpg,5,0
awe,http://farm9.staticflickr.com/8224/8339705256_340a78b518_z.jpg,0,5
awe,http://farm4.staticflickr.com/3816/10129497964_a77df4b5df_z.jpg,5,0
awe,http://farm8.staticflickr.com/7167/6802698619_764f03f59a_z.jpg,3,2
awe,http://farm4.staticflickr.com/3751/9767665666_cd5e1faf5e_z.jpg,5,0
awe,http://farm9.staticflickr.com/8113/8611929150_c0e588f45c_z.jpg,5,0
awe,http://farm4.staticflickr.com/3855/14833894362_9054ca74c3_z.jpg,4,1
awe,http://farm6.staticflickr.com/5487/10865970673_f3fe9723c2_z.jpg,1,4
awe,http://farm6.staticflickr.com/5340/10282845706_a3a2f03ef2_z.jpg,5,0
awe,http://farm6.staticflickr.com/5597/15641480922_52de80a15f_z.jpg,0,5
awe,http://farm3.staticflickr.com/2929/14280999786_a88c2729ed_z.jpg,5,0
awe,http://farm9.staticflickr.com/8310/8013246961_0dc125a673_z.jpg,5,0
awe,http://farm6.staticflickr.com/5342/9042680206_36578cecb9_z.jpg,2,3
awe,http://farm9.staticflickr.com/8072/8302073435_f1cb48608e_z.jpg,3,2
awe,http://farm6.staticflickr.com/5523/10093505705_5ce4b84a04_z.jpg,4,0
awe,http://farm6.staticflickr.com/5570/14470664336_7f8d36d4ca_z.jpg,3,2
awe,http://farm9.staticflickr.com/8359/8305451967_c9ff8f5123_z.jpg,2,3
awe,http://farm4.staticflickr.com/3876/14259803788_da947d204c_z.jpg,5,0
awe,http://farm8.staticflickr.com/7096/7211966716_3d485156dd_z.jpg,5,0
awe,http://farm9.staticflickr.com/8068/8183616714_58c64bce0b_z.jpg,5,0
awe,http://farm8.staticflickr.com/7326/9709021002_a2a4789fb5_z.jpg,5,0
awe,http://farm6.staticflickr.com/5499/11907485223_57c5cb2407_z.jpg,0,5
awe,http://farm9.staticflickr.com/8501/8330337486_7a2bb39aac_z.jpg,5,0
awe,http://farm4.staticflickr.com/3740/11717952624_ba15bc71ae_z.jpg,5,0
awe,http://farm4.staticflickr.com/3679/10717809543_99d87a72cb_z.jpg,4,1
awe,http://farm9.staticflickr.com/8064/8198283206_9a87a6fc59_z.jpg,5,0
awe,http://farm8.staticflickr.com/7104/7312454764_0726e59014_z.jpg,5,0
awe,http://farm6.staticflickr.com/5565/14806226640_2749cf6aa9_z.jpg,3,2
awe,http://farm9.staticflickr.com/8217/8324165151_5f182de41f_z.jpg,5,0
awe,http://farm9.staticflickr.com/8388/8477155393_b2679b87c0_z.jpg,5,0
awe,http://farm9.staticflickr.com/8526/8577623902_61aeafb9d2_z.jpg,4,0
awe,http://farm4.staticflickr.com/3788/8761605424_d0d20baa21_z.jpg,2,3
awe,http://farm3.staticflickr.com/2885/12836481554_edcc8fb940_z.jpg,5,0
awe,http://farm6.staticflickr.com/5515/10296371415_da5b80a75e_z.jpg,0,5
awe,http://farm9.staticflickr.com/8082/8345354945_fa56f7692c_z.jpg,2,3
awe,http://farm3.staticflickr.com/2897/14375315139_e4a811c381_z.jpg,4,1
awe,http://farm3.staticflickr.com/2940/13921671000_595417c09e_z.jpg,2,3
awe,http://farm3.staticflickr.com/2838/13231162634_80a926dd43_z.jpg,3,2
awe,http://farm6.staticflickr.com/5609/15634019936_a2cb11b707_z.jpg,2,3
awe,http://farm9.staticflickr.com/8105/8521679912_bed1cecfa1_z.jpg,4,1
awe,http://farm6.staticflickr.com/5131/13934862722_cc5bb3776f_z.jpg,2,3
awe,http://farm8.staticflickr.com/7092/7291956782_f953b8b13f_z.jpg,2,3
awe,http://farm4.staticflickr.com/3843/14669855150_1cb8717edb_z.jpg,3,2
awe,http://farm6.staticflickr.com/5158/14540298275_502c7086fd_z.jpg,5,0
awe,http://farm4.staticflickr.com/3872/14758377336_15c480dcb0_z.jpg,4,1
awe,http://farm9.staticflickr.com/8094/8573086909_4e6786106d_z.jpg,5,0
awe,http://farm9.staticflickr.com/8498/8408354675_843617acb0_z.jpg,5,0
awe,http://farm9.staticflickr.com/8305/7945094800_3523dc3c8e_z.jpg,4,1
awe,http://farm6.staticflickr.com/5475/13991923239_c7e326088f_z.jpg,3,2
awe,http://farm4.staticflickr.com/3755/14269279405_55ee2f765b_z.jpg,1,4
awe,http://farm9.staticflickr.com/8153/7413505986_a5086ecbb5_z.jpg,5,0
awe,http://farm4.staticflickr.com/3851/14727894486_f605aa1702_z.jpg,5,0
awe,http://farm4.staticflickr.com/3873/15296737155_a76eec0f11_z.jpg,0,5
awe,http://farm4.staticflickr.com/3834/12506838583_c9b0cb1e65_z.jpg,5,0
awe,http://farm3.staticflickr.com/2300/13019773734_0eef17a0e7_z.jpg,5,0
awe,http://farm9.staticflickr.com/8096/8365718937_a8152a59ef_z.jpg,3,2
awe,http://farm6.staticflickr.com/5567/14785473753_ca95667070_z.jpg,2,3
awe,http://farm9.staticflickr.com/8330/8359384334_fe16ea08dd_z.jpg,3,2
awe,http://farm9.staticflickr.com/8111/8656802553_85db7998c8_z.jpg,5,0
awe,http://farm4.staticflickr.com/3937/15550065237_50f1e95d7e_z.jpg,3,2
awe,http://farm6.staticflickr.com/5329/9353838593_0a7c835b15_z.jpg,3,2
awe,http://farm4.staticflickr.com/3762/10254210915_623d64ecaa_z.jpg,0,5
awe,http://farm6.staticflickr.com/5451/7059859577_f23c3cfe1a_z.jpg,5,0
awe,http://farm9.staticflickr.com/8262/8650112011_db20912b43_z.jpg,3,2
awe,http://farm8.staticflickr.com/7212/7187444704_68e06c4206_z.jpg,1,4
awe,http://farm4.staticflickr.com/3855/14759583205_cb3e097338_z.jpg,1,4
awe,http://farm3.staticflickr.com/2933/14087125678_e7b1cc7187_z.jpg,5,0
awe,http://farm6.staticflickr.com/5274/14038388228_7e0c5c62e1_z.jpg,4,1
awe,http://farm8.staticflickr.com/7026/6736918199_ab02f68d32_z.jpg,0,5
awe,http://farm9.staticflickr.com/8340/8169205019_1ca7c78643_z.jpg,5,0
awe,http://farm3.staticflickr.com/2912/14224897054_e2c1860240_z.jpg,4,1
awe,http://farm8.staticflickr.com/7167/6776271145_38049ff082_z.jpg,0,5
awe,http://farm3.staticflickr.com/2906/14267350999_688335e608_z.jpg,5,0
awe,http://farm8.staticflickr.com/7343/9402179925_4dc99806bd_z.jpg,5,0
awe,http://farm9.staticflickr.com/8531/8561052838_b9e60822ef_z.jpg,5,0
awe,http://farm4.staticflickr.com/3712/12640331383_d9c2862d3a_z.jpg,5,0
awe,http://farm8.staticflickr.com/7192/6839936374_3c6e2f12ea_z.jpg,4,1
awe,http://farm9.staticflickr.com/8069/8195104381_969a9b865d_z.jpg,4,0
awe,http://farm3.staticflickr.com/2900/14407468269_5a05179dd1_z.jpg,5,0
awe,http://farm4.staticflickr.com/3728/12169359634_1fbcd68b2a_z.jpg,2,3
awe,http://farm8.staticflickr.com/7402/11908077386_acca145d71_z.jpg,1,4
awe,http://farm8.staticflickr.com/7074/7331354068_a9f07c24ef_z.jpg,4,1
awe,http://farm8.staticflickr.com/7223/7399357506_f4ffc08117_z.jpg,2,3
awe,http://farm4.staticflickr.com/3901/15047976292_701bb02258_z.jpg,5,0
awe,http://farm4.staticflickr.com/3778/9593952046_144f3aabb0_z.jpg,5,0
awe,http://farm4.staticflickr.com/3809/9400023450_1735dc7736_z.jpg,5,0
awe,http://farm9.staticflickr.com/8375/8596798487_ef1e333342_z.jpg,5,0
awe,http://farm6.staticflickr.com/5606/15799665072_989e171dd6_z.jpg,5,0
awe,http://farm6.staticflickr.com/5445/9684339304_2d965d6339_z.jpg,0,5
awe,http://farm8.staticflickr.com/7263/7460364188_d60766560c_z.jpg,0,5
awe,http://farm9.staticflickr.com/8671/15987822444_207468fda8_z.jpg,1,4
awe,http://farm8.staticflickr.com/7072/7211952696_36f6bfaba7_z.jpg,2,3
awe,http://farm8.staticflickr.com/7390/9976962375_0731895f67_z.jpg,5,0
awe,http://farm9.staticflickr.com/8048/8130062433_50d8bdd5ac_z.jpg,4,0
awe,http://farm8.staticflickr.com/7496/15280746883_02eecc1ebe_z.jpg,5,0
awe,http://farm4.staticflickr.com/3832/9158736621_0761de4b79_z.jpg,4,0
awe,http://farm6.staticflickr.com/5600/15615608611_44c6f070a1_z.jpg,5,0
awe,http://farm8.staticflickr.com/7325/9068783912_1d12136528_z.jpg,5,0
awe,http://farm4.staticflickr.com/3892/15129220749_2bbacb038f_z.jpg,5,0
awe,http://farm3.staticflickr.com/2879/11434525066_140b94cc70_z.jpg,4,0
awe,http://farm6.staticflickr.com/5614/15811913991_c38062fcb2_z.jpg,4,1
awe,http://farm9.staticflickr.com/8544/8636487457_77c37ee528_z.jpg,5,0
awe,http://farm9.staticflickr.com/8058/8248631209_9379fd573e_z.jpg,5,0
awe,http://farm6.staticflickr.com/5531/14211403681_274d604917_z.jpg,4,1
awe,http://farm9.staticflickr.com/8103/8623580987_6004b75191_z.jpg,4,1
awe,http://farm9.staticflickr.com/8228/8494326773_fbae6ef490_z.jpg,5,0
awe,http://farm8.staticflickr.com/7535/15712138550_d60e985c50_z.jpg,5,0
awe,http://farm8.staticflickr.com/7410/9547559643_d7eafcb684_z.jpg,4,1
awe,http://farm4.staticflickr.com/3711/9993899155_611c05f26a_z.jpg,5,0
awe,http://farm6.staticflickr.com/5547/10718501336_3d659772ae_z.jpg,5,0
awe,http://farm6.staticflickr.com/5522/10600702923_de2687688b_z.jpg,5,0
awe,http://farm4.staticflickr.com/3951/15570109261_84766d7356_z.jpg,2,3
awe,http://farm9.staticflickr.com/8098/8424833958_79dc896531_z.jpg,5,0
awe,http://farm4.staticflickr.com/3927/15218523618_656503d92b_z.jpg,1,4
awe,http://farm9.staticflickr.com/8334/8385379363_34ea984451_z.jpg,5,0
awe,http://farm8.staticflickr.com/7459/8775333229_9121260e4c_z.jpg,5,0
awe,http://farm8.staticflickr.com/7156/6713107139_b3c512863d_z.jpg,5,0
awe,http://farm4.staticflickr.com/3854/14381248279_20477f094f_z.jpg,5,0
awe,http://farm4.staticflickr.com/3891/14878583471_9d7c0c7149_z.jpg,1,4
awe,http://farm6.staticflickr.com/5534/10716731916_45bec3c4e1_z.jpg,5,0
awe,http://farm8.staticflickr.com/7346/8730121285_2657171be7_z.jpg,5,0
awe,http://farm3.staticflickr.com/2899/14318155261_2c20fbce55_z.jpg,4,1
awe,http://farm8.staticflickr.com/7028/13557336513_b2e109dc23_z.jpg,5,0
awe,http://farm6.staticflickr.com/5337/7077454941_f17761c7df_z.jpg,1,4
awe,http://farm6.staticflickr.com/5589/14593831595_4ea4940f68_z.jpg,5,0
awe,http://farm9.staticflickr.com/8099/8484915020_80a75d13ac_z.jpg,5,0
awe,http://farm6.staticflickr.com/5544/14222734472_cdf5f8c0c3_z.jpg,5,0
awe,http://farm4.staticflickr.com/3926/15369331466_ebff2b8b96_z.jpg,4,0
awe,http://farm9.staticflickr.com/8661/15508603228_bc7ebf7ba5_z.jpg,4,1
awe,http://farm8.staticflickr.com/7230/7305831926_defb55e171_z.jpg,5,0
awe,http://farm8.staticflickr.com/7383/8785417994_4873988bb2_z.jpg,5,0
awe,http://farm9.staticflickr.com/8245/8588626746_6e8883144a_z.jpg,4,1
awe,http://farm6.staticflickr.com/5569/15256419371_f00e4eedef_z.jpg,5,0
awe,http://farm8.staticflickr.com/7298/10718107456_484edf1530_z.jpg,4,1
awe,http://farm8.staticflickr.com/7076/6902316736_3bce367b78_z.jpg,5,0
awe,http://farm9.staticflickr.com/8150/7211981694_61c4c21108_z.jpg,5,0
awe,http://farm9.staticflickr.com/8336/8113233003_b8e5028585_z.jpg,5,0
awe,http://farm9.staticflickr.com/8372/8381936406_cb1b9721a6_z.jpg,2,3
awe,http://farm8.staticflickr.com/7343/9768099433_b52ca8c442_z.jpg,0,5
awe,http://farm3.staticflickr.com/2863/9458080415_3b0bac3b2d_z.jpg,3,2
awe,http://farm8.staticflickr.com/7153/6622358653_776621395f_z.jpg,3,2
awe,http://farm3.staticflickr.com/2874/9035987386_b4e5dc68af_z.jpg,0,5
awe,http://farm9.staticflickr.com/8049/8085102992_415a5a0d2b_z.jpg,4,1
awe,http://farm6.staticflickr.com/5527/10819661545_b7971ec53d_z.jpg,3,2
awe,http://farm4.staticflickr.com/3808/9993897534_8bc46734e3_z.jpg,5,0
awe,http://farm9.staticflickr.com/8262/8661808325_2cdbb87083_z.jpg,2,3
awe,http://farm8.staticflickr.com/7378/11935603675_3ed0b40b0d_z.jpg,4,1
awe,http://farm3.staticflickr.com/2923/14500757904_f0730d305f_z.jpg,4,0
awe,http://farm4.staticflickr.com/3864/14315369850_c45cfe9b10_z.jpg,4,1
awe,http://farm9.staticflickr.com/8027/7555300456_bd7dde74d4_z.jpg,5,0
awe,http://farm9.staticflickr.com/8456/7988993154_ac7cede7b0_z.jpg,4,1
awe,http://farm9.staticflickr.com/8326/8113254434_1bb4f6ae5e_z.jpg,5,0
awe,http://farm9.staticflickr.com/8174/8010370726_38f38201cd_z.jpg,1,4
awe,http://farm8.staticflickr.com/7228/7347983594_c2277b4767_z.jpg,3,2
awe,http://farm9.staticflickr.com/8145/7531470772_35afa1de81_z.jpg,0,5
awe,http://farm6.staticflickr.com/5528/14368032004_c565af8b4a_z.jpg,1,4
awe,http://farm9.staticflickr.com/8158/7570181082_758a990be4_z.jpg,0,5
awe,http://farm8.staticflickr.com/7181/7019820285_1721cbce01_z.jpg,5,0
awe,http://farm4.staticflickr.com/3847/14590974058_b687a149cc_z.jpg,5,0
awe,http://farm4.staticflickr.com/3899/14343799356_50f6b184e7_z.jpg,5,0
awe,http://farm3.staticflickr.com/2870/9129931776_a436853e84_z.jpg,5,0
awe,http://farm4.staticflickr.com/3823/11862763283_83550898ca_z.jpg,5,0
awe,http://farm8.staticflickr.com/7451/9341793555_f0690724b9_z.jpg,5,0
awe,http://farm8.staticflickr.com/7196/13640315823_f0d46c2ab1_z.jpg,5,0
awe,http://farm3.staticflickr.com/2874/11111836644_4d73193464_z.jpg,0,5
awe,http://farm9.staticflickr.com/8209/8152104839_70b527cb1b_z.jpg,5,0
awe,http://farm8.staticflickr.com/7233/13244820485_f6e7309767_z.jpg,5,0
awe,http://farm4.staticflickr.com/3752/9513440025_aefd35412c_z.jpg,4,0
awe,http://farm4.staticflickr.com/3902/14488595433_2cb7efd408_z.jpg,3,1
awe,http://farm9.staticflickr.com/8052/8134612315_b93ab8eabb_z.jpg,5,0
awe,http://farm9.staticflickr.com/8053/8132917557_5e6d60cf77_z.jpg,5,0
awe,http://farm9.staticflickr.com/8325/8146752718_a27772e82d_z.jpg,3,1
awe,http://farm6.staticflickr.com/5616/15509649728_04917f76af_z.jpg,4,1
awe,http://farm9.staticflickr.com/8242/8525339839_0a21540a83_z.jpg,5,0
awe,http://farm9.staticflickr.com/8512/8428624388_7a727c8ca6_z.jpg,3,2
awe,http://farm9.staticflickr.com/8021/6973227328_0f21e2f485_z.jpg,4,1
awe,http://farm4.staticflickr.com/3907/15091160339_17db4e534d_z.jpg,5,0
awe,http://farm4.staticflickr.com/3912/14147991827_ef9109ea11_z.jpg,4,1
awe,http://farm9.staticflickr.com/8190/8130043887_39c8f2145f_z.jpg,5,0
awe,http://farm9.staticflickr.com/8306/7785030484_97703bd1b6_z.jpg,0,5
awe,http://farm4.staticflickr.com/3698/8965239337_5ab9edf02a_z.jpg,5,0
awe,http://farm8.staticflickr.com/7376/10717590576_b8475a6864_z.jpg,5,0
awe,http://farm9.staticflickr.com/8241/8648476799_58ca0480e6_z.jpg,5,0
awe,http://farm4.staticflickr.com/3901/14780404394_c3d6742543_z.jpg,5,0
awe,http://farm9.staticflickr.com/8112/8486164681_d6bfb44fd7_z.jpg,0,5
awe,http://farm9.staticflickr.com/8053/8134345402_92cebe31ca_z.jpg,3,2
awe,http://farm6.staticflickr.com/5585/14492411322_94e5ace9ff_z.jpg,5,0
awe,http://farm8.staticflickr.com/7501/16141192526_f84c2b9b6f_z.jpg,2,3
awe,http://farm9.staticflickr.com/8604/15336020443_e338bf86c2_z.jpg,5,0
awe,http://farm9.staticflickr.com/8546/8635680424_44d338933d_z.jpg,4,1
awe,http://farm6.staticflickr.com/5332/7110460153_bd854c66e0_z.jpg,5,0
awe,http://farm8.staticflickr.com/7250/6964217194_5c912c0da4_z.jpg,5,0
awe,http://farm4.staticflickr.com/3897/15258841682_40836a265e_z.jpg,5,0
awe,http://farm8.staticflickr.com/7112/6871047994_958d0597ae_z.jpg,4,1
awe,http://farm8.staticflickr.com/7502/15506043324_4df373447e_z.jpg,1,4
awe,http://farm8.staticflickr.com/7044/7048822153_119ab32553_z.jpg,3,2
awe,http://farm3.staticflickr.com/2895/14580445507_090a63c7c4_z.jpg,5,0
awe,http://farm6.staticflickr.com/5120/7187190362_a417608216_z.jpg,2,3
awe,http://farm9.staticflickr.com/8158/7277506916_1ca242f6f6_z.jpg,0,5
awe,http://farm8.staticflickr.com/7574/15366221524_584c2d68cd_z.jpg,4,0
awe,http://farm8.staticflickr.com/7221/7258596290_d587daa924_z.jpg,5,0
awe,http://farm8.staticflickr.com/7149/6682315105_fd574eb17a_z.jpg,3,2
awe,http://farm4.staticflickr.com/3755/13480671523_c260006071_z.jpg,5,0
awe,http://farm3.staticflickr.com/2896/14592890148_16602181e2_z.jpg,5,0
awe,http://farm8.staticflickr.com/7201/6773426232_4417bf56e6_z.jpg,1,4
awe,http://farm9.staticflickr.com/8003/7352553890_2e3ea8a646_z.jpg,5,0
awe,http://farm3.staticflickr.com/2880/9234069976_124f9a115c_z.jpg,3,2
awe,http://farm9.staticflickr.com/8316/8015839980_0380e376fe_z.jpg,3,2
awe,http://farm9.staticflickr.com/8239/8450425295_9a0929d836_z.jpg,2,3
awe,http://farm9.staticflickr.com/8152/7469875662_20fde7b907_z.jpg,5,0
awe,http://farm3.staticflickr.com/2845/9962449584_a4c0ca7560_z.jpg,5,0
awe,http://farm6.staticflickr.com/5073/14533533671_a27c74dedf_z.jpg,5,0
awe,http://farm4.staticflickr.com/3717/11263844835_bd101a647f_z.jpg,0,5
awe,http://farm6.staticflickr.com/5612/15490422895_ede819813c_z.jpg,5,0
awe,http://farm9.staticflickr.com/8249/8623542121_7e455de8f0_z.jpg,4,1
awe,http://farm6.staticflickr.com/5345/8773452946_d6d85a97c1_z.jpg,1,4
awe,http://farm6.staticflickr.com/5577/14577919177_0f0753c6e8_z.jpg,4,1
awe,http://farm8.staticflickr.com/7266/7584333602_99b4ae8d9c_z.jpg,5,0
awe,http://farm6.staticflickr.com/5492/14377712520_9e49376c92_z.jpg,4,1
awe,http://farm6.staticflickr.com/5593/14797436813_5e42839c69_z.jpg,4,1
awe,http://farm8.staticflickr.com/7189/6903672465_ff5ce99cce_z.jpg,1,4
awe,http://farm8.staticflickr.com/7036/6779572632_e4db12f5a2_z.jpg,5,0
awe,http://farm6.staticflickr.com/5589/14591835920_7c9b1abb56_z.jpg,5,0
awe,http://farm8.staticflickr.com/7520/16330204092_b2ba139c0c_z.jpg,4,1
awe,http://farm8.staticflickr.com/7493/15635853927_1a22610e68_z.jpg,5,0
awe,http://farm8.staticflickr.com/7293/8739977967_8589125dbd_z.jpg,5,0
awe,http://farm4.staticflickr.com/3927/15454462065_713bedb6ef_z.jpg,4,0
awe,http://farm3.staticflickr.com/2875/10527470906_8593bb711e_z.jpg,4,1
awe,http://farm8.staticflickr.com/7407/9752664542_26168f5b23_z.jpg,5,0
awe,http://farm6.staticflickr.com/5456/8953070993_e29ce1b3bc_z.jpg,0,5
awe,http://farm4.staticflickr.com/3880/14880802449_49cf410dcc_z.jpg,5,0
awe,http://farm9.staticflickr.com/8523/8554179439_23350de022_z.jpg,3,2
awe,http://farm9.staticflickr.com/8660/15873566176_f3f8bf9d36_z.jpg,5,0
awe,http://farm9.staticflickr.com/8226/8485298908_862b5e8a98_z.jpg,4,1
awe,http://farm8.staticflickr.com/7287/9773985775_c0c0f5aceb_z.jpg,3,1
awe,http://farm9.staticflickr.com/8359/8288161958_1f29f370d1_z.jpg,3,2
awe,http://farm8.staticflickr.com/7484/15712055608_e463f10307_z.jpg,5,0
awe,http://farm9.staticflickr.com/8482/8196334820_1d234911fd_z.jpg,5,0
awe,http://farm8.staticflickr.com/7046/6889242070_5651f4e82e_z.jpg,5,0
awe,http://farm4.staticflickr.com/3937/15544661737_33c51c7e55_z.jpg,5,0
awe,http://farm8.staticflickr.com/7157/6744500723_3d4936cbc6_z.jpg,5,0
awe,http://farm4.staticflickr.com/3783/13645572775_6b5c89196c_z.jpg,5,0
awe,http://farm8.staticflickr.com/7147/13730857235_ebc5a390d1_z.jpg,4,1
awe,http://farm3.staticflickr.com/2950/15259281378_281789a6aa_z.jpg,1,4
awe,http://farm8.staticflickr.com/7062/6921857999_177f09fafe_z.jpg,3,2
awe,http://farm9.staticflickr.com/8240/8624488746_93ac413931_z.jpg,3,1
awe,http://farm6.staticflickr.com/5329/9505204893_26773fc37f_z.jpg,5,0
awe,http://farm9.staticflickr.com/8531/8624658968_a7cfdc47a7_z.jpg,4,1
awe,http://farm9.staticflickr.com/8216/8302040433_583b33745a_z.jpg,5,0
awe,http://farm6.staticflickr.com/5602/15078789023_2fe4026f9d_z.jpg,4,1
awe,http://farm3.staticflickr.com/2908/14366928947_075aa97860_z.jpg,5,0
awe,http://farm4.staticflickr.com/3691/12514586813_5daeafcf0a_z.jpg,3,2
awe,http://farm8.staticflickr.com/7292/8740149006_3cdc88d88b_z.jpg,5,0
awe,http://farm9.staticflickr.com/8025/7390410418_ebe56b624e_z.jpg,3,2
awe,http://farm9.staticflickr.com/8082/8427520393_384dc79983_z.jpg,5,0
awe,http://farm4.staticflickr.com/3822/9164821256_80b6ec16d1_z.jpg,3,2
awe,http://farm8.staticflickr.com/7219/7399361080_b5563e1d2c_z.jpg,3,1
awe,http://farm8.staticflickr.com/7023/13640066243_9ba7e0d3b6_z.jpg,5,0
awe,http://farm9.staticflickr.com/8248/8610872359_1f2bd72704_z.jpg,5,0
awe,http://farm4.staticflickr.com/3865/14761916414_89dae05191_z.jpg,5,0
awe,http://farm8.staticflickr.com/7174/13640063853_897af7942e_z.jpg,5,0
awe,http://farm8.staticflickr.com/7043/6802699546_870f929e74_z.jpg,4,1
awe,http://farm9.staticflickr.com/8145/7448093854_1a11d3b7fb_z.jpg,2,3
awe,http://farm6.staticflickr.com/5535/10718308423_b8b767a58c_z.jpg,5,0
awe,http://farm3.staticflickr.com/2917/14062866328_a331b06c96_z.jpg,5,0
awe,http://farm4.staticflickr.com/3760/11296745773_35b42e4afc_z.jpg,5,0
awe,http://farm3.staticflickr.com/2814/10129696673_59b8971ca6_z.jpg,5,0
awe,http://farm4.staticflickr.com/3954/15322707417_ff686289b9_z.jpg,5,0
awe,http://farm8.staticflickr.com/7341/10717572154_95514e3d72_z.jpg,5,0
awe,http://farm3.staticflickr.com/2907/14693699015_9be2f209e4_z.jpg,0,5
awe,http://farm6.staticflickr.com/5446/9481866314_90961ca834_z.jpg,2,3
awe,http://farm4.staticflickr.com/3710/9234204362_2f4ce48b12_z.jpg,4,1
awe,http://farm3.staticflickr.com/2818/9622704480_1e0947b3cf_z.jpg,5,0
awe,http://farm3.staticflickr.com/2850/12698172653_a1cb45139e_z.jpg,5,0
awe,http://farm9.staticflickr.com/8230/8473320278_6e9c308bc7_z.jpg,5,0
awe,http://farm6.staticflickr.com/5564/14775917374_0fdb02e387_z.jpg,5,0
awe,http://farm8.staticflickr.com/7551/15698539451_75623c446e_z.jpg,3,2
awe,http://farm3.staticflickr.com/2927/14315419578_c2ac481b3e_z.jpg,5,0
awe,http://farm8.staticflickr.com/7039/6845654556_a9eabbb92a_z.jpg,0,5
awe,http://farm9.staticflickr.com/8243/8594671098_8678be7cba_z.jpg,5,0
awe,http://farm6.staticflickr.com/5076/7172570432_0b03ee58d5_z.jpg,5,0
awe,http://farm4.staticflickr.com/3910/14597861247_823d8cd08b_z.jpg,5,0
awe,http://farm9.staticflickr.com/8162/7211979382_ab49782111_z.jpg,5,0
awe,http://farm3.staticflickr.com/2897/14377716237_73ca2ba6e7_z.jpg,4,1
awe,http://farm6.staticflickr.com/5477/11284467113_8fb6df7099_z.jpg,5,0
awe,http://farm9.staticflickr.com/8168/7614836488_de5d8c7278_z.jpg,4,1
awe,http://farm6.staticflickr.com/5471/9231199331_7d82876ca1_z.jpg,5,0
awe,http://farm8.staticflickr.com/7472/15858981275_ff3c9b0e0d_z.jpg,5,0
awe,http://farm8.staticflickr.com/7529/15268158953_63fc689c04_z.jpg,5,0
awe,http://farm9.staticflickr.com/8080/8401764073_a5bcd8a786_z.jpg,5,0
awe,http://farm8.staticflickr.com/7201/6776157566_4186046eb5_z.jpg,1,4
awe,http://farm4.staticflickr.com/3911/14443085731_703151c92f_z.jpg,4,0
awe,http://farm8.staticflickr.com/7443/11829434654_ed72e8740e_z.jpg,5,0
awe,http://farm4.staticflickr.com/3671/11284396666_d09bb6d0a2_z.jpg,5,0
awe,http://farm3.staticflickr.com/2891/9481858416_94ea841cdd_z.jpg,1,4
awe,http://farm8.staticflickr.com/7291/8743033777_07d572a541_z.jpg,4,1
awe,http://farm6.staticflickr.com/5072/7211951584_005cf6823c_z.jpg,5,0
awe,http://farm9.staticflickr.com/8566/15905951272_2eafc4619d_z.jpg,3,2
awe,http://farm8.staticflickr.com/7460/9118748285_fe4ce1b68a_z.jpg,2,3
awe,http://farm3.staticflickr.com/2928/14123085470_904b778cde_z.jpg,4,1
awe,http://farm4.staticflickr.com/3796/11449099694_bc941e04ae_z.jpg,4,1
awe,http://farm8.staticflickr.com/7230/13184094015_dd1bc4b78a_z.jpg,2,3
awe,http://farm8.staticflickr.com/7481/16257372605_695172b0e0_z.jpg,1,4
awe,http://farm9.staticflickr.com/8319/8010630469_3437113ede_z.jpg,5,0
awe,http://farm9.staticflickr.com/8578/15733957820_727eaff352_z.jpg,4,0
awe,http://farm8.staticflickr.com/7269/7031314929_413e82caba_z.jpg,2,3
awe,http://farm9.staticflickr.com/8109/8595952918_7c894dc67d_z.jpg,1,4
awe,http://farm9.staticflickr.com/8234/8514910676_a7979ec5b3_z.jpg,1,4
awe,http://farm4.staticflickr.com/3893/14649012453_cf821623ba_z.jpg,5,0
awe,http://farm4.staticflickr.com/3911/14259787449_b857b6e2fc_z.jpg,5,0
awe,http://farm3.staticflickr.com/2898/14777451101_e52fb350df_z.jpg,5,0
awe,http://farm9.staticflickr.com/8186/8113109601_2aba1f2b97_z.jpg,5,0
awe,http://farm6.staticflickr.com/5469/13988818351_7b5a270738_z.jpg,4,1
awe,http://farm4.staticflickr.com/3681/11719389263_c0762a29bb_z.jpg,3,2
awe,http://farm9.staticflickr.com/8520/8615863709_7343a10427_z.jpg,5,0
awe,http://farm9.staticflickr.com/8624/15459507763_1a28a25359_z.jpg,5,0
awe,http://farm8.staticflickr.com/7394/12491350563_bc003da4fd_z.jpg,5,0
awe,http://farm6.staticflickr.com/5568/14809070568_2669b3741d_z.jpg,4,1
awe,http://farm9.staticflickr.com/8637/15918530695_56817fc364_z.jpg,2,3
awe,http://farm8.staticflickr.com/7012/6779462547_a4cefd7487_z.jpg,5,0
awe,http://farm9.staticflickr.com/8480/8195346923_6a8e82073e_z.jpg,5,0
awe,http://farm4.staticflickr.com/3689/9207138745_3562034092_z.jpg,0,5
awe,http://farm8.staticflickr.com/7019/6636304117_44becff463_z.jpg,5,0
awe,http://farm9.staticflickr.com/8076/8303101470_d340b6811d_z.jpg,3,2
awe,http://farm9.staticflickr.com/8071/8329254048_e85eb1ed6b_z.jpg,5,0
awe,http://farm8.staticflickr.com/7416/8919462607_8bc9b34d74_z.jpg,5,0
awe,http://farm6.staticflickr.com/5514/9329499255_905ca36bc9_z.jpg,5,0
awe,http://farm8.staticflickr.com/7410/9829129963_b4af20fc5f_z.jpg,5,0
awe,http://farm8.staticflickr.com/7066/6799486812_d16317f7ec_z.jpg,4,1
awe,http://farm8.staticflickr.com/7473/15808054100_ac05e6ec64_z.jpg,5,0
awe,http://farm6.staticflickr.com/5517/11816686423_197f9913ef_z.jpg,5,0
awe,http://farm8.staticflickr.com/7492/15902881740_20585d5037_z.jpg,0,5
awe,http://farm4.staticflickr.com/3903/15093948631_3652dbe494_z.jpg,1,4
awe,http://farm6.staticflickr.com/5599/15423262645_26abc2793a_z.jpg,2,3
awe,http://farm6.staticflickr.com/5519/11127173156_e449d18294_z.jpg,3,1
awe,http://farm4.staticflickr.com/3760/9468500972_93604f7bbb_z.jpg,3,2
awe,http://farm9.staticflickr.com/8147/7472974072_6b3b198f0e_z.jpg,5,0
awe,http://farm4.staticflickr.com/3805/9192112699_c88a0a7b07_z.jpg,5,0
awe,http://farm8.staticflickr.com/7312/9735915439_0730aa1114_z.jpg,1,3
awe,http://farm4.staticflickr.com/3667/10648601056_bed3c79702_z.jpg,5,0
awe,http://farm6.staticflickr.com/5520/11144443764_5067e3da08_z.jpg,5,0
awe,http://farm9.staticflickr.com/8623/16452506905_1ba2cb804f_z.jpg,5,0
awe,http://farm8.staticflickr.com/7131/7664866406_802a8f4c59_z.jpg,4,0
awe,http://farm4.staticflickr.com/3843/14577257959_b20f312e37_z.jpg,5,0
awe,http://farm3.staticflickr.com/2811/13350140545_eb0e8f6510_z.jpg,2,3
awe,http://farm6.staticflickr.com/5472/14241034862_74af1c70a5_z.jpg,3,2
awe,http://farm8.staticflickr.com/7247/7745524332_ea8ab313b7_z.jpg,1,4
awe,http://farm8.staticflickr.com/7319/10002315006_f46bb29880_z.jpg,4,1
awe,http://farm4.staticflickr.com/3804/12464264604_566d2f5b3e_z.jpg,5,0
awe,http://farm4.staticflickr.com/3866/15278884582_b94728cbe2_z.jpg,1,4
awe,http://farm4.staticflickr.com/3774/14261578021_9ae29c7dcd_z.jpg,5,0
awe,http://farm8.staticflickr.com/7125/7547076586_302105745c_z.jpg,1,4
awe,http://farm9.staticflickr.com/8194/8359301239_981454da59_z.jpg,0,5
awe,http://farm9.staticflickr.com/8442/7882003114_eb52b2d95c_z.jpg,5,0
awe,http://farm8.staticflickr.com/7389/8925854300_e7a6fb3367_z.jpg,4,1
awe,http://farm9.staticflickr.com/8197/8174318173_b1d52f6eee_z.jpg,5,0
awe,http://farm3.staticflickr.com/2939/14252873162_d49e763e82_z.jpg,4,1
awe,http://farm8.staticflickr.com/7377/13655907895_0422a4f037_z.jpg,4,1
awe,http://farm8.staticflickr.com/7284/8738354412_24189ceec6_z.jpg,5,0
awe,http://farm8.staticflickr.com/7046/6925689309_4d150bed48_z.jpg,5,0
awe,http://farm6.staticflickr.com/5589/14669268919_2d16afdcf2_z.jpg,5,0
awe,http://farm9.staticflickr.com/8254/8632874563_43040c26fb_z.jpg,5,0
awe,http://farm8.staticflickr.com/7141/6636350533_66e157273a_z.jpg,5,0
awe,http://farm9.staticflickr.com/8679/15657607810_75c6f65139_z.jpg,5,0
awe,http://farm9.staticflickr.com/8115/8656136978_8198d24b34_z.jpg,3,1
awe,http://farm8.staticflickr.com/7044/6894669753_99db9c3a76_z.jpg,5,0
awe,http://farm9.staticflickr.com/8281/7503389282_c243c337c0_z.jpg,5,0
awe,http://farm8.staticflickr.com/7442/16411074828_8a768299de_z.jpg,3,2
awe,http://farm9.staticflickr.com/8247/8577399795_2517f207db_z.jpg,0,5
awe,http://farm8.staticflickr.com/7420/9397251595_ed78095716_z.jpg,2,3
awe,http://farm8.staticflickr.com/7125/7668267750_20bf73d359_z.jpg,5,0
awe,http://farm3.staticflickr.com/2926/14500946644_7b64150b03_z.jpg,5,0
awe,http://farm3.staticflickr.com/2924/14479110776_72b809f57d_z.jpg,4,0
awe,http://farm8.staticflickr.com/7463/15966864289_ac4eb8be57_z.jpg,5,0
awe,http://farm9.staticflickr.com/8525/8679804955_c35d3dfc40_z.jpg,5,0
awe,http://farm8.staticflickr.com/7269/8163193582_7f3d9d6714_z.jpg,5,0
awe,http://farm9.staticflickr.com/8361/8410048572_6b354c6543_z.jpg,0,5
awe,http://farm9.staticflickr.com/8289/7802611532_b3381aef56_z.jpg,2,3
awe,http://farm9.staticflickr.com/8556/15584694418_a2d224749b_z.jpg,1,4
awe,http://farm3.staticflickr.com/2916/13975787484_0b8d874f9f_z.jpg,5,0
awe,http://farm3.staticflickr.com/2919/14590739870_5d590c3e47_z.jpg,5,0
awe,http://farm9.staticflickr.com/8348/8233909596_83996e263f_z.jpg,2,3
awe,http://farm9.staticflickr.com/8043/8090238013_22b6824449_z.jpg,3,2
awe,http://farm8.staticflickr.com/7370/12975011065_960b1bb802_z.jpg,3,2
awe,http://farm6.staticflickr.com/5529/9179249592_414e3d9fcb_z.jpg,3,2
awe,http://farm9.staticflickr.com/8321/8037936482_24d73b7fca_z.jpg,5,0
awe,http://farm8.staticflickr.com/7161/6703969491_eb7374da7c_z.jpg,4,1
awe,http://farm6.staticflickr.com/5547/11445110845_9f3a110a39_z.jpg,4,1
awe,http://farm8.staticflickr.com/7564/15537136990_a7c9aec9ce_z.jpg,5,0
awe,http://farm4.staticflickr.com/3866/14559797937_7c8d1670db_z.jpg,5,0
awe,http://farm8.staticflickr.com/7342/12182649936_d56b2ec335_z.jpg,5,0
awe,http://farm4.staticflickr.com/3907/14763194325_e7cbc37c98_z.jpg,5,0
awe,http://farm3.staticflickr.com/2880/11341289485_8d21dff1c0_z.jpg,5,0
awe,http://farm8.staticflickr.com/7349/10521611306_7f9df467ba_z.jpg,5,0
awe,http://farm8.staticflickr.com/7109/7578906338_2a37ed68bc_z.jpg,2,3
awe,http://farm8.staticflickr.com/7180/6977765399_c0a1ba9e34_z.jpg,3,2
awe,http://farm6.staticflickr.com/5520/11720280746_7d12573e27_z.jpg,0,4
awe,http://farm8.staticflickr.com/7092/6889253554_29513f854a_z.jpg,5,0
awe,http://farm3.staticflickr.com/2918/14783960075_70794d8720_z.jpg,0,5
awe,http://farm6.staticflickr.com/5037/14212241182_903186a6d2_z.jpg,4,1
awe,http://farm9.staticflickr.com/8166/7524398164_349dd0116d_z.jpg,5,0
awe,http://farm8.staticflickr.com/7346/12145888795_9a5b7f1cec_z.jpg,4,1
awe,http://farm4.staticflickr.com/3752/11539581125_d5298cc38a_z.jpg,5,0
awe,http://farm6.staticflickr.com/5482/14223085612_6b753f11c0_z.jpg,5,0
awe,http://farm8.staticflickr.com/7563/15460559029_19cc9dcf9c_z.jpg,2,3
awe,http://farm8.staticflickr.com/7422/12491710184_8e597984a5_z.jpg,2,2
awe,http://farm9.staticflickr.com/8465/8107578104_c437fde153_z.jpg,4,1
awe,http://farm6.staticflickr.com/5349/9634801228_2f5d3a9122_z.jpg,5,0
awe,http://farm6.staticflickr.com/5037/14322552744_cdb70eb1b6_z.jpg,2,3
awe,http://farm6.staticflickr.com/5544/14474340023_c7d3454a52_z.jpg,3,2
awe,http://farm8.staticflickr.com/7541/15891891528_2888d5a5dc_z.jpg,5,0
awe,http://farm9.staticflickr.com/8068/8196324036_d63ca182fe_z.jpg,5,0
awe,http://farm4.staticflickr.com/3953/15471445559_f4c166f236_z.jpg,2,3
awe,http://farm8.staticflickr.com/7204/6905023569_47156fa6a0_z.jpg,4,1
awe,http://farm8.staticflickr.com/7219/7211986712_69286675d1_z.jpg,4,1
awe,http://farm9.staticflickr.com/8454/7910183476_77f8c5ded0_z.jpg,3,2
awe,http://farm8.staticflickr.com/7149/6768391023_a7cc2bf500_z.jpg,5,0
awe,http://farm6.staticflickr.com/5563/14743875776_4ede725fd7_z.jpg,0,5
awe,http://farm8.staticflickr.com/7123/7035318547_5a38c5b329_z.jpg,5,0
awe,http://farm4.staticflickr.com/3953/14969069364_7bfc4ca2b2_z.jpg,5,0
awe,http://farm8.staticflickr.com/7045/6786943216_c8e2abe762_z.jpg,3,2
awe,http://farm9.staticflickr.com/8610/16141678001_1c56ae1921_z.jpg,5,0
awe,http://farm4.staticflickr.com/3821/11248849615_eb92d2624a_z.jpg,5,0
awe,http://farm8.staticflickr.com/7308/13970814390_0e62483691_z.jpg,2,3
awe,http://farm8.staticflickr.com/7294/9840676063_96a51ab5ab_z.jpg,3,2
awe,http://farm9.staticflickr.com/8044/8130092507_878af9823e_z.jpg,5,0
awe,http://farm8.staticflickr.com/7274/6885055714_a27ceea8e8_z.jpg,5,0
awe,http://farm4.staticflickr.com/3858/14542354331_44c38e50fe_z.jpg,2,3
awe,http://farm4.staticflickr.com/3787/10716415955_782ef6cb54_z.jpg,5,0
awe,http://farm3.staticflickr.com/2928/14472878023_78fbec319a_z.jpg,5,0
awe,http://farm8.staticflickr.com/7283/8740471401_68d959b207_z.jpg,4,1
awe,http://farm8.staticflickr.com/7421/12547066815_520352e56c_z.jpg,5,0
awe,http://farm9.staticflickr.com/8471/8135254740_de2664e1e1_z.jpg,5,0
awe,http://farm4.staticflickr.com/3839/14593226580_f98d3a23f7_z.jpg,5,0
awe,http://farm9.staticflickr.com/8527/8593461037_f82768aa23_z.jpg,5,0
awe,http://farm4.staticflickr.com/3945/15477388419_064855f782_z.jpg,2,3
awe,http://farm6.staticflickr.com/5334/8811597338_6b45e0685f_z.jpg,4,1
awe,http://farm8.staticflickr.com/7224/7397921788_023f60c67b_z.jpg,5,0
awe,http://farm4.staticflickr.com/3926/14564731159_675515591a_z.jpg,4,1
awe,http://farm8.staticflickr.com/7244/7270839082_dd593ba978_z.jpg,2,3
awe,http://farm8.staticflickr.com/7571/15269364543_ede0f6e339_z.jpg,4,1
awe,http://farm6.staticflickr.com/5475/9656641800_139a4152bd_z.jpg,1,4
awe,http://farm9.staticflickr.com/8342/8203355319_fd16e10912_z.jpg,2,3
awe,http://farm4.staticflickr.com/3738/10718027724_05e18194c9_z.jpg,5,0
awe,http://farm9.staticflickr.com/8247/8652439882_42d8131935_z.jpg,5,0
awe,http://farm6.staticflickr.com/5492/10038865715_04c5b129e8_z.jpg,1,4
awe,http://farm4.staticflickr.com/3696/9575147166_e2cbced6f2_z.jpg,5,0
awe,http://farm9.staticflickr.com/8249/8460448612_52d993058f_z.jpg,4,1
awe,http://farm3.staticflickr.com/2910/14262476018_dfca6a56cd_z.jpg,5,0
awe,http://farm8.staticflickr.com/7160/13731608114_a83fa05a76_z.jpg,1,4
awe,http://farm8.staticflickr.com/7223/7166499699_de036a889e_z.jpg,3,2
awe,http://farm6.staticflickr.com/5614/15627998029_3a1068f8a8_z.jpg,5,0
awe,http://farm8.staticflickr.com/7279/7658440274_655a10a651_z.jpg,0,5
awe,http://farm4.staticflickr.com/3908/14356036805_b57f48847e_z.jpg,3,2
awe,http://farm8.staticflickr.com/7359/12727748834_2171b64478_z.jpg,4,1
awe,http://farm3.staticflickr.com/2930/14038859100_93587c1075_z.jpg,2,3
awe,http://farm4.staticflickr.com/3879/14781890354_172bbdd48b_z.jpg,5,0
awe,http://farm9.staticflickr.com/8498/8334280321_dd8a82b285_z.jpg,4,0
awe,http://farm6.staticflickr.com/5606/15440823799_3475f97de3_z.jpg,4,0
awe,http://farm9.staticflickr.com/8169/8056494316_f3173eb6d6_z.jpg,4,1
awe,http://farm9.staticflickr.com/8389/8575026467_429a3723d7_z.jpg,5,0
awe,http://farm9.staticflickr.com/8108/8512798620_a03bc82052_z.jpg,5,0
awe,http://farm6.staticflickr.com/5496/10716868246_56255b502f_z.jpg,5,0
awe,http://farm4.staticflickr.com/3811/10717151334_3ce67f8a9b_z.jpg,5,0
awe,http://farm6.staticflickr.com/5486/14206977486_560630d39b_z.jpg,5,0
awe,http://farm8.staticflickr.com/7545/16256526321_6e7d1a425a_z.jpg,5,0
awe,http://farm8.staticflickr.com/7052/6902255479_37ac2e3cb0_z.jpg,2,3
awe,http://farm8.staticflickr.com/7548/15542388734_775b773532_z.jpg,4,1
awe,http://farm8.staticflickr.com/7377/14200166003_801845110e_z.jpg,5,0
awe,http://farm9.staticflickr.com/8525/8505518954_b6b108c4fc_z.jpg,5,0
awe,http://farm4.staticflickr.com/3846/14762778281_834c3f62bf_z.jpg,5,0
awe,http://farm4.staticflickr.com/3901/14544366971_faf8d5f753_z.jpg,4,1
awe,http://farm9.staticflickr.com/8335/8134636632_2f55be8dc4_z.jpg,5,0
awe,http://farm6.staticflickr.com/5484/9499987050_088ff711ed_z.jpg,2,3
awe,http://farm9.staticflickr.com/8476/8130651933_e6f9cdd6c3_z.jpg,3,2
awe,http://farm3.staticflickr.com/2941/15352961451_e3bed1548e_z.jpg,5,0
awe,http://farm4.staticflickr.com/3808/9331941498_9f494d0b53_z.jpg,3,2
awe,http://farm8.staticflickr.com/7234/7228681540_4b95211c47_z.jpg,4,1
awe,http://farm4.staticflickr.com/3778/10837461713_cb31fc68b5_z.jpg,4,1
awe,http://farm9.staticflickr.com/8138/8966431190_5c7dd00fa7_z.jpg,5,0
awe,http://farm4.staticflickr.com/3869/15191212029_9a61abf414_z.jpg,5,0
awe,http://farm3.staticflickr.com/2944/15374594372_87eb6f21b6_z.jpg,1,4
awe,http://farm8.staticflickr.com/7239/7266325328_358450f2aa_z.jpg,5,0
awe,http://farm6.staticflickr.com/5593/14766941613_a67af169be_z.jpg,5,0
awe,http://farm8.staticflickr.com/7525/15460329874_32cb7283ab_z.jpg,2,3
awe,http://farm9.staticflickr.com/8462/8067906582_3a8b22efb4_z.jpg,4,1
awe,http://farm9.staticflickr.com/8320/7896596824_e19a1a541f_z.jpg,5,0
awe,http://farm6.staticflickr.com/5525/10717431583_440ec16c49_z.jpg,5,0
awe,http://farm9.staticflickr.com/8326/8089533619_31f5045507_z.jpg,4,1
awe,http://farm9.staticflickr.com/8152/7682212766_e0a528bafa_z.jpg,5,0
awe,http://farm4.staticflickr.com/3932/15657205701_10c8243dd4_z.jpg,1,4
awe,http://farm4.staticflickr.com/3726/13519134804_029c19e75c_z.jpg,5,0
awe,http://farm9.staticflickr.com/8494/8254897378_39cbc4a757_z.jpg,4,0
awe,http://farm9.staticflickr.com/8202/8196348312_4d20ba3bb2_z.jpg,4,0
awe,http://farm3.staticflickr.com/2950/15500212081_b7fdfe283a_z.jpg,5,0
awe,http://farm8.staticflickr.com/7197/6801519178_a198fa3c1c_z.jpg,5,0
awe,http://farm6.staticflickr.com/5451/7090656279_6241e5efc6_z.jpg,5,0
awe,http://farm9.staticflickr.com/8194/8094362438_01576bf038_z.jpg,5,0
awe,http://farm4.staticflickr.com/3811/9086182603_c5d2e490fb_z.jpg,5,0
awe,http://farm3.staticflickr.com/2879/11431306863_8e40d4853e_z.jpg,5,0
awe,http://farm9.staticflickr.com/8044/8151165005_0cb6d10d23_z.jpg,1,4
awe,http://farm4.staticflickr.com/3830/10861973656_468cbf99c6_z.jpg,0,4
awe,http://farm3.staticflickr.com/2919/14224845144_74ca83affd_z.jpg,4,1
awe,http://farm9.staticflickr.com/8306/7833775118_1d8e01b5c7_z.jpg,5,0
awe,http://farm9.staticflickr.com/8490/8195245499_032256d5f5_z.jpg,5,0
awe,http://farm9.staticflickr.com/8513/8553549611_5e82b6fb2b_z.jpg,5,0
awe,http://farm4.staticflickr.com/3777/9665729751_11d37ac9b4_z.jpg,5,0
awe,http://farm9.staticflickr.com/8147/7490160778_1295a07b98_z.jpg,5,0
awe,http://farm3.staticflickr.com/2940/14613769812_977b679e98_z.jpg,4,1
awe,http://farm6.staticflickr.com/5481/14559851764_43dfc3525e_z.jpg,5,0
awe,http://farm8.staticflickr.com/7301/11941184853_3e0de1ea3f_z.jpg,2,2
awe,http://farm3.staticflickr.com/2853/10129497334_6fab94a652_z.jpg,5,0
awe,http://farm9.staticflickr.com/8392/8593588157_2bf269040c_z.jpg,4,1
awe,http://farm3.staticflickr.com/2877/9150546800_667da52bd1_z.jpg,3,2
awe,http://farm9.staticflickr.com/8528/8643431371_1ea4671cc3_z.jpg,4,1
awe,http://farm8.staticflickr.com/7350/13900567246_83d2db12f4_z.jpg,3,1
awe,http://farm8.staticflickr.com/7386/11923086675_4942fbab69_z.jpg,5,0
awe,http://farm9.staticflickr.com/8336/8090657522_031aac1d61_z.jpg,5,0
awe,http://farm8.staticflickr.com/7331/12698048825_0bd4ce262c_z.jpg,5,0
awe,http://farm3.staticflickr.com/2929/14188021974_ed09e03704_z.jpg,4,1
awe,http://farm8.staticflickr.com/7383/10679030795_3b39235803_z.jpg,4,1
awe,http://farm8.staticflickr.com/7095/13184428124_1b9da6fe0f_z.jpg,3,2
awe,http://farm3.staticflickr.com/2895/14223020182_d315c6fd5b_z.jpg,5,0
awe,http://farm4.staticflickr.com/3858/14430240697_04bed41a16_z.jpg,5,0
awe,http://farm6.staticflickr.com/5534/14174927795_e0b88c8de9_z.jpg,4,1
awe,http://farm9.staticflickr.com/8241/8556505358_1172dc60fb_z.jpg,5,0
awe,http://farm4.staticflickr.com/3816/14306849752_886362bc6c_z.jpg,4,0
awe,http://farm9.staticflickr.com/8478/8208014736_d726bd2a49_z.jpg,2,3
awe,http://farm9.staticflickr.com/8347/8215825787_584e7066af_z.jpg,3,2
awe,http://farm9.staticflickr.com/8258/8661607848_f0f4777103_z.jpg,2,3
awe,http://farm6.staticflickr.com/5071/14284550561_78951a97fe_z.jpg,1,4
awe,http://farm8.staticflickr.com/7092/7211958712_4b7a577cf5_z.jpg,5,0
awe,http://farm4.staticflickr.com/3697/9517072424_fcb989a5f4_z.jpg,3,2
awe,http://farm8.staticflickr.com/7476/15929476887_75d5b451c7_z.jpg,5,0
awe,http://farm4.staticflickr.com/3831/11893865135_30bc11ef55_z.jpg,5,0
awe,http://farm4.staticflickr.com/3950/15707793752_b5768786a5_z.jpg,4,1
awe,http://farm9.staticflickr.com/8123/8611273746_e058393b66_z.jpg,5,0
awe,http://farm4.staticflickr.com/3683/9007381472_5398d3e2b6_z.jpg,5,0
awe,http://farm6.staticflickr.com/5528/10911233915_4d9d2b85a1_z.jpg,5,0
awe,http://farm4.staticflickr.com/3802/9173811054_211c7f84d7_z.jpg,3,2
awe,http://farm8.staticflickr.com/7520/15606774747_3a4968d877_z.jpg,1,4
awe,http://farm9.staticflickr.com/8273/8748719060_9ce8258999_z.jpg,0,5
awe,http://farm4.staticflickr.com/3686/8858881090_cdcb22407c_z.jpg,4,1
awe,http://farm9.staticflickr.com/8383/8616886194_eb4ca250fe_z.jpg,4,0
awe,http://farm6.staticflickr.com/5610/15164952614_108a07f65e_z.jpg,5,0
awe,http://farm9.staticflickr.com/8102/8587384107_1231709ef7_z.jpg,5,0
awe,http://farm8.staticflickr.com/7290/10718265125_fce67d18f7_z.jpg,5,0
awe,http://farm3.staticflickr.com/2906/14520966149_ba99c1fcda_z.jpg,5,0
awe,http://farm9.staticflickr.com/8682/15896562919_666d06c1c4_z.jpg,0,5
awe,http://farm9.staticflickr.com/8400/8694698988_3af2874c21_z.jpg,5,0
awe,http://farm6.staticflickr.com/5573/14121026718_9882761d50_z.jpg,5,0
awe,http://farm6.staticflickr.com/5542/10501608585_b3fc32e310_z.jpg,5,0
awe,http://farm8.staticflickr.com/7104/7263515762_45c797df6c_z.jpg,5,0
awe,http://farm4.staticflickr.com/3939/15605241645_499748118a_z.jpg,5,0
awe,http://farm3.staticflickr.com/2905/14802776933_37a4770313_z.jpg,4,1
awe,http://farm4.staticflickr.com/3926/14586585000_cc16c8189f_z.jpg,4,1
awe,http://farm9.staticflickr.com/8332/8134640109_115359f854_z.jpg,5,0
awe,http://farm9.staticflickr.com/8188/8369027091_1229e32031_z.jpg,5,0
awe,http://farm9.staticflickr.com/8108/8655078385_086e4d0bf6_z.jpg,4,1
awe,http://farm9.staticflickr.com/8023/7453808624_36c7c6ed4c_z.jpg,4,1
awe,http://farm6.staticflickr.com/5541/11339396634_a5145ec13d_z.jpg,4,1
awe,http://farm4.staticflickr.com/3930/14913937554_609d87f356_z.jpg,4,1
awe,http://farm3.staticflickr.com/2913/14027851984_6019282005_z.jpg,5,0
awe,http://farm8.staticflickr.com/7258/7770314382_9e71a048dc_z.jpg,3,2
awe,http://farm4.staticflickr.com/3704/11908748125_c1d3b3fe0c_z.jpg,4,1
awe,http://farm6.staticflickr.com/5520/12491227105_8ebf0ece1c_z.jpg,5,0
awe,http://farm8.staticflickr.com/7505/16109493677_264884904c_z.jpg,5,0
awe,http://farm8.staticflickr.com/7466/15330726653_b6e65eae80_z.jpg,5,0
awe,http://farm9.staticflickr.com/8152/7440743234_ab79ec2791_z.jpg,5,0
awe,http://farm4.staticflickr.com/3715/11979540813_cc9f3834e7_z.jpg,5,0
awe,http://farm9.staticflickr.com/8073/8432645191_6df4ccb947_z.jpg,4,1
awe,http://farm8.staticflickr.com/7112/7087094239_5c1321176c_z.jpg,2,3
awe,http://farm9.staticflickr.com/8166/7673149162_4c4ca423ac_z.jpg,1,4
awe,http://farm4.staticflickr.com/3779/13246234405_b0d40e89fa_z.jpg,5,0
awe,http://farm6.staticflickr.com/5605/15796589981_1ae64c3862_z.jpg,3,2
awe,http://farm3.staticflickr.com/2877/10238369533_64f7468bef_z.jpg,5,0
awe,http://farm6.staticflickr.com/5120/14028011658_ebaf2e8619_z.jpg,5,0
awe,http://farm4.staticflickr.com/3689/12685436125_e6e5fcd328_z.jpg,2,2
awe,http://farm8.staticflickr.com/7429/11170322236_b5f7d8a9af_z.jpg,0,5
awe,http://farm3.staticflickr.com/2858/13269785724_01c23f372e_z.jpg,3,2
awe,http://farm8.staticflickr.com/7495/16080732061_792cd788ea_z.jpg,1,4
awe,http://farm6.staticflickr.com/5594/14883797505_d380e24407_z.jpg,4,1
awe,http://farm9.staticflickr.com/8482/8196441964_22af23fa16_z.jpg,5,0
awe,http://farm9.staticflickr.com/8252/8510513034_0706024de1_z.jpg,1,4
awe,http://farm8.staticflickr.com/7190/6884797477_96ea4e7106_z.jpg,4,1
awe,http://farm3.staticflickr.com/2878/9868401715_f200762dbe_z.jpg,5,0
awe,http://farm8.staticflickr.com/7250/6860009134_676014c0de_z.jpg,5,0
awe,http://farm6.staticflickr.com/5347/9658260487_b61cff1557_z.jpg,4,1
awe,http://farm9.staticflickr.com/8480/8179458297_cdf0c0c085_z.jpg,5,0
awe,http://farm9.staticflickr.com/8117/8692955047_fd75b40f6c_z.jpg,2,3
awe,http://farm9.staticflickr.com/8119/8781503683_7fc8f3abec_z.jpg,3,2
awe,http://farm8.staticflickr.com/7126/7659052376_da2e4b37a5_z.jpg,5,0
awe,http://farm4.staticflickr.com/3908/14580040359_cc82b18171_z.jpg,4,1
awe,http://farm9.staticflickr.com/8434/7726305072_4358646847_z.jpg,1,4
awe,http://farm4.staticflickr.com/3846/14793342193_62df6f8125_z.jpg,3,2
awe,http://farm6.staticflickr.com/5329/9692357588_883085d151_z.jpg,0,5
awe,http://farm8.staticflickr.com/7213/7203268576_c402422b71_z.jpg,5,0
awe,http://farm8.staticflickr.com/7411/12641172374_311878341d_z.jpg,2,3
awe,http://farm9.staticflickr.com/8485/8231370476_64b4d888aa_z.jpg,4,1
awe,http://farm6.staticflickr.com/5560/14574345000_0311b81998_z.jpg,2,3
awe,http://farm4.staticflickr.com/3726/8753973007_c628df096f_z.jpg,1,4
awe,http://farm4.staticflickr.com/3719/10546241103_c2f7ebdf1a_z.jpg,5,0
awe,http://farm6.staticflickr.com/5547/11393249956_f10e401b3f_z.jpg,0,5
awe,http://farm4.staticflickr.com/3867/14449068685_957755a699_z.jpg,5,0
awe,http://farm8.staticflickr.com/7160/6705318463_5c5d9d381d_z.jpg,1,4
awe,http://farm8.staticflickr.com/7476/15897455891_ebc8c2c4c8_z.jpg,5,0
awe,http://farm4.staticflickr.com/3855/14761977136_e62670d7e3_z.jpg,5,0
awe,http://farm9.staticflickr.com/8181/7989866264_2983a02072_z.jpg,4,0
awe,http://farm3.staticflickr.com/2938/14387316090_69db6dd0db_z.jpg,5,0
awe,http://farm6.staticflickr.com/5588/15259522525_2f9ff16576_z.jpg,5,0
awe,http://farm8.staticflickr.com/7539/16035779105_62b10269dc_z.jpg,4,1
awe,http://farm9.staticflickr.com/8256/8610971721_bd5eab4eda_z.jpg,5,0
awe,http://farm8.staticflickr.com/7415/11675392324_38bef5d596_z.jpg,4,1
awe,http://farm8.staticflickr.com/7252/7023985995_08f33bb21b_z.jpg,0,5
awe,http://farm6.staticflickr.com/5611/15432357858_27c338425f_z.jpg,5,0
awe,http://farm6.staticflickr.com/5539/14438616309_f84ce17a5d_z.jpg,0,5
awe,http://farm3.staticflickr.com/2914/14797521603_ff40874553_z.jpg,5,0
awe,http://farm4.staticflickr.com/3931/15421984042_d3c77753c1_z.jpg,2,3
awe,http://farm4.staticflickr.com/3785/9993902234_81550fffd8_z.jpg,5,0
awe,http://farm9.staticflickr.com/8469/8426117943_ffe675980f_z.jpg,5,0
awe,http://farm8.staticflickr.com/7387/9665986738_0136e15779_z.jpg,5,0
awe,http://farm8.staticflickr.com/7561/15873724306_bb54333742_z.jpg,5,0
awe,http://farm8.staticflickr.com/7240/7319571098_5021a263c0_z.jpg,4,1
awe,http://farm9.staticflickr.com/8084/8321174247_9971cbb945_z.jpg,5,0
awe,http://farm8.staticflickr.com/7569/16329322341_bf8f329faf_z.jpg,5,0
awe,http://farm4.staticflickr.com/3893/14513772113_5e1e10ffa1_z.jpg,5,0
awe,http://farm4.staticflickr.com/3842/15259129142_35c1ba21ae_z.jpg,4,1
awe,http://farm8.staticflickr.com/7405/10061622643_f6e7ff42d3_z.jpg,5,0
awe,http://farm8.staticflickr.com/7355/8810741357_499a4289f5_z.jpg,0,5
awe,http://farm4.staticflickr.com/3838/14438262489_890d2c7204_z.jpg,3,2
awe,http://farm8.staticflickr.com/7377/9804509125_af8cb7be01_z.jpg,3,2
awe,http://farm8.staticflickr.com/7125/7548145656_63b80ae284_z.jpg,5,0
awe,http://farm8.staticflickr.com/7407/10969838495_27dde8e850_z.jpg,0,5
awe,http://farm3.staticflickr.com/2807/10918991946_9fb070575c_z.jpg,5,0
awe,http://farm4.staticflickr.com/3862/14784078302_4701e00d20_z.jpg,5,0
awe,http://farm6.staticflickr.com/5563/14249092093_6ce1829c69_z.jpg,0,5
awe,http://farm6.staticflickr.com/5572/14776190918_90580dd64c_z.jpg,5,0
awe,http://farm8.staticflickr.com/7127/7030307189_bcfb7d0f15_z.jpg,5,0
awe,http://farm6.staticflickr.com/5547/11787492776_3f465bc93f_z.jpg,5,0
awe,http://farm8.staticflickr.com/7205/13426043965_825927f020_z.jpg,4,1
awe,http://farm6.staticflickr.com/5502/12230131795_caa79c9be6_z.jpg,4,1
awe,http://farm4.staticflickr.com/3778/13184317905_ced749f00b_z.jpg,2,3
