contentment,http://farm4.staticflickr.com/3849/14384762024_681beb9369_z.jpg,2,3
contentment,http://farm6.staticflickr.com/5204/5295481323_8a2b83ba6e_z.jpg,5,0
contentment,http://farm3.staticflickr.com/2549/4097295316_8d103dfc93_z.jpg,0,5
contentment,http://farm9.staticflickr.com/8060/8246787046_3b31cf70cd_z.jpg,3,2
contentment,http://farm4.staticflickr.com/3240/5735297079_ca66ee5f1a_z.jpg,1,4
contentment,http://farm4.staticflickr.com/3917/14506658004_5d40f031ac_z.jpg,4,1
contentment,http://farm4.staticflickr.com/3464/3778141635_25047ebf83_z.jpg,1,4
contentment,http://farm5.staticflickr.com/4103/5206780688_40b78f6ba8_z.jpg,1,4
contentment,http://farm6.staticflickr.com/5288/5263589231_908f50905b_z.jpg,1,4
contentment,http://farm5.staticflickr.com/4128/5032339279_6fc6f93451_z.jpg,0,5
contentment,http://farm9.staticflickr.com/8507/8489108761_5f435c5e36_z.jpg,5,0
contentment,http://farm4.staticflickr.com/3837/14756137156_49f0f977b9_z.jpg,5,0
contentment,http://farm8.staticflickr.com/7160/6649439023_22bd0b44c9_z.jpg,3,2
contentment,http://farm5.staticflickr.com/4030/4606997769_ee69de9609_z.jpg,4,1
contentment,http://farm4.staticflickr.com/3904/14759240209_d137fdfddf_z.jpg,1,4
contentment,http://farm3.staticflickr.com/2938/14076811161_968e22a870_z.jpg,1,4
contentment,http://farm4.staticflickr.com/3943/15296809919_84df97ab10_z.jpg,0,5
contentment,http://farm4.staticflickr.com/3206/5716868982_7cec5773b9_z.jpg,2,3
contentment,http://farm5.staticflickr.com/4052/4588475934_c9a60b6b3a_z.jpg,0,5
contentment,http://farm9.staticflickr.com/8381/8575790062_4ed2003e82_z.jpg,3,2
contentment,http://farm3.staticflickr.com/2324/2331435715_c396b62c60_z.jpg,2,3
contentment,http://farm3.staticflickr.com/2019/5719462969_275913b746_z.jpg,4,1
contentment,http://farm5.staticflickr.com/4084/5065163759_74dd228cee_z.jpg,2,3
contentment,http://farm4.staticflickr.com/3390/3445556472_c710597330_z.jpg,5,0
contentment,http://farm3.staticflickr.com/2803/4232826019_72316ba6c3_z.jpg,0,5
contentment,http://farm8.staticflickr.com/7299/16171724978_268da71453_z.jpg,1,4
contentment,http://farm6.staticflickr.com/5447/9068086422_4c320e7eb0_z.jpg,4,1
contentment,http://farm6.staticflickr.com/5561/14719397462_bbbd1c3095_z.jpg,5,0
contentment,http://farm9.staticflickr.com/8354/8297852513_a864c6807c_z.jpg,4,1
contentment,http://farm8.staticflickr.com/7137/7407168380_4a08c9fa73_z.jpg,3,2
contentment,http://farm5.staticflickr.com/4138/4791874598_f25966d024_z.jpg,0,5
contentment,http://farm3.staticflickr.com/2667/3678497076_7330377d41_z.jpg,4,1
contentment,http://farm4.staticflickr.com/3892/14756929246_fb82e9b117_z.jpg,5,0
contentment,http://farm6.staticflickr.com/5594/14598201619_efe6be9b79_z.jpg,5,0
contentment,http://farm4.staticflickr.com/3683/11908385333_3c44303fc1_z.jpg,1,4
contentment,http://farm3.staticflickr.com/2736/4252682050_0c5e597023_z.jpg,2,3
contentment,http://farm6.staticflickr.com/5565/14577040917_8f390ea350_z.jpg,4,1
contentment,http://farm6.staticflickr.com/5586/14188242277_7daeeac4c8_z.jpg,4,1
contentment,http://farm6.staticflickr.com/5344/7412306050_1d706c67bd_z.jpg,0,5
contentment,http://farm8.staticflickr.com/7013/6529516641_5a9077c757_z.jpg,2,3
contentment,http://farm4.staticflickr.com/3031/3011002926_89f7a02be5_z.jpg,4,1
contentment,http://farm3.staticflickr.com/2798/4137746751_12d71f79f8_z.jpg,3,2
contentment,http://farm3.staticflickr.com/2877/9671434230_af218f19b8_z.jpg,5,0
contentment,http://farm5.staticflickr.com/4061/4394746669_64305a98d5_z.jpg,0,5
contentment,http://farm5.staticflickr.com/4092/5059076999_3230a50fb7_z.jpg,1,4
contentment,http://farm8.staticflickr.com/7032/6583662955_400b9515b0_z.jpg,5,0
contentment,http://farm6.staticflickr.com/5212/5437148769_93568b3cec_z.jpg,4,1
contentment,http://farm8.staticflickr.com/7536/15828057701_c2bcc41332_z.jpg,1,4
contentment,http://farm4.staticflickr.com/3281/2606264269_96c57898c2_z.jpg,5,0
contentment,http://farm3.staticflickr.com/2838/13350079523_7860d9a983_z.jpg,2,3
contentment,http://farm8.staticflickr.com/7096/7278856248_dbc79dd574_z.jpg,2,3
contentment,http://farm8.staticflickr.com/7161/6612309807_6a50e90464_z.jpg,2,3
contentment,http://farm4.staticflickr.com/3220/3009600604_0046824504_z.jpg,2,3
contentment,http://farm6.staticflickr.com/5488/9198308245_a6d0d3c127_z.jpg,4,1
contentment,http://farm6.staticflickr.com/5580/14559362130_87940ee375_z.jpg,3,2
contentment,http://farm4.staticflickr.com/3484/3224248600_37e1491179_z.jpg,2,3
contentment,http://farm3.staticflickr.com/2719/4420337871_3d8581b780_z.jpg,3,2
contentment,http://farm4.staticflickr.com/3924/14401986838_5734c32447_z.jpg,4,1
contentment,http://farm5.staticflickr.com/4154/5022624521_b003c9bd21_z.jpg,3,2
contentment,http://farm6.staticflickr.com/5180/5491882406_09fe85f686_z.jpg,1,4
contentment,http://farm4.staticflickr.com/3875/14591216110_53456afb77_z.jpg,5,0
contentment,http://farm4.staticflickr.com/3921/14779280134_02f7f4578f_z.jpg,5,0
contentment,http://farm5.staticflickr.com/4031/4522357004_2b3f520a14_z.jpg,4,1
contentment,http://farm4.staticflickr.com/3811/9513370965_73550ab16d_z.jpg,4,1
contentment,http://farm9.staticflickr.com/8493/8389344297_c0449a045a_z.jpg,3,2
contentment,http://farm6.staticflickr.com/5466/7368538192_73e592ed5b_z.jpg,3,2
contentment,http://farm5.staticflickr.com/4132/5178359027_eb4460eab4_z.jpg,0,5
contentment,http://farm4.staticflickr.com/3662/3324695399_6867eda229_z.jpg,4,1
contentment,http://farm5.staticflickr.com/4054/4717565305_a8322b2fab_z.jpg,3,2
contentment,http://farm9.staticflickr.com/8122/8621679490_ba3b607755_z.jpg,4,1
contentment,http://farm3.staticflickr.com/2944/15205055037_366c19e61a_z.jpg,1,4
contentment,http://farm9.staticflickr.com/8245/8530168502_cec51e24d9_z.jpg,0,5
contentment,http://farm6.staticflickr.com/5453/7432618204_faa099c740_z.jpg,2,3
contentment,http://farm5.staticflickr.com/4119/4942573249_2b1db5e02c_z.jpg,3,2
contentment,http://farm9.staticflickr.com/8192/8100838081_b5fa2c73a1_z.jpg,2,3
contentment,http://farm4.staticflickr.com/3828/11284370045_cd7e0ebfd8_z.jpg,2,3
contentment,http://farm8.staticflickr.com/7239/7276805764_6197210a6e_z.jpg,5,0
contentment,http://farm4.staticflickr.com/3340/3471990650_6eef79d0bb_z.jpg,3,2
contentment,http://farm5.staticflickr.com/4008/4553102679_429ea18812_z.jpg,1,4
contentment,http://farm5.staticflickr.com/4031/4648860898_2d91fd38a6_z.jpg,1,4
contentment,http://farm3.staticflickr.com/2426/3861465390_33e2baabbc_z.jpg,0,5
contentment,http://farm6.staticflickr.com/5140/5476561481_ea38c0bd28_z.jpg,3,2
contentment,http://farm5.staticflickr.com/4023/5074938418_d0152158fb_z.jpg,1,4
contentment,http://farm7.staticflickr.com/6087/6153122711_ccbddb40bb_z.jpg,0,5
contentment,http://farm7.staticflickr.com/6052/6355641149_6fe070dc82_z.jpg,5,0
contentment,http://farm5.staticflickr.com/4074/4749548005_249dba800d_z.jpg,0,5
contentment,http://farm6.staticflickr.com/5020/13969603014_fc7f7f2dbc_z.jpg,3,2
contentment,http://farm6.staticflickr.com/5064/5676515039_f78c3ff8a0_z.jpg,5,0
contentment,http://farm4.staticflickr.com/3921/14782169472_798d3112fe_z.jpg,4,1
contentment,http://farm4.staticflickr.com/3881/14780720734_431aa772db_z.jpg,3,2
contentment,http://farm8.staticflickr.com/7211/14010278352_fdbb21aa52_z.jpg,1,4
contentment,http://farm6.staticflickr.com/5347/7415397960_7ab5cbe253_z.jpg,2,3
contentment,http://farm6.staticflickr.com/5542/11688579964_e9de2033bd_z.jpg,5,0
contentment,http://farm6.staticflickr.com/5252/5441607979_7a9feecc64_z.jpg,2,3
contentment,http://farm4.staticflickr.com/3005/2853440515_ca6a1904a9_z.jpg,1,4
contentment,http://farm6.staticflickr.com/5028/5697657988_6039b00e28_z.jpg,4,1
contentment,http://farm7.staticflickr.com/6036/6345354458_0f43be05c7_z.jpg,2,3
contentment,http://farm9.staticflickr.com/8364/8267413917_e0fb4cd959_z.jpg,4,1
contentment,http://farm4.staticflickr.com/3436/3837568040_364f304796_z.jpg,0,5
contentment,http://farm3.staticflickr.com/2608/3666460487_b16977af6c_z.jpg,2,3
contentment,http://farm5.staticflickr.com/4081/4877080684_5f57d44bb4_z.jpg,1,4
contentment,http://farm5.staticflickr.com/4095/4863945540_19fae23d48_z.jpg,2,3
contentment,http://farm8.staticflickr.com/7031/6467048311_acae006471_z.jpg,1,4
contentment,http://farm9.staticflickr.com/8077/8334969294_758e8de4df_z.jpg,2,3
contentment,http://farm3.staticflickr.com/2890/11348914965_51249430f7_z.jpg,5,0
contentment,http://farm8.staticflickr.com/7255/7467779290_c722ababf2_z.jpg,0,5
contentment,http://farm4.staticflickr.com/3886/14306047077_b50449e11f_z.jpg,0,5
contentment,http://farm8.staticflickr.com/7386/12967111094_b2a3f7f792_z.jpg,3,2
contentment,http://farm5.staticflickr.com/4144/5044904359_1345b4dea8_z.jpg,3,2
contentment,http://farm9.staticflickr.com/8137/10211890414_ac9ff12c3d_z.jpg,4,1
contentment,http://farm6.staticflickr.com/5287/5363001695_f9c0dc891c_z.jpg,3,2
contentment,http://farm4.staticflickr.com/3350/3184584284_ed88feef37_z.jpg,1,4
contentment,http://farm5.staticflickr.com/4149/5029930032_b98bbc6c05_z.jpg,0,5
contentment,http://farm5.staticflickr.com/4111/5096093345_8023795de1_z.jpg,0,5
contentment,http://farm8.staticflickr.com/7023/6585540169_970b338a89_z.jpg,2,3
contentment,http://farm5.staticflickr.com/4090/5079670113_b3f838ed0a_z.jpg,1,4
contentment,http://farm3.staticflickr.com/2935/14576959369_5a2c00a316_z.jpg,5,0
contentment,http://farm8.staticflickr.com/7328/9189049032_b484d92fff_z.jpg,3,2
contentment,http://farm4.staticflickr.com/3192/2358635051_125226a2e9_z.jpg,3,2
contentment,http://farm8.staticflickr.com/7324/12566680994_1194fe99eb_z.jpg,0,5
contentment,http://farm4.staticflickr.com/3417/3379205391_43022198a4_z.jpg,2,3
contentment,http://farm6.staticflickr.com/5197/8410856583_70648d5ef9_z.jpg,5,0
contentment,http://farm9.staticflickr.com/8681/15495893614_2632927e53_z.jpg,4,1
contentment,http://farm9.staticflickr.com/8012/7556224314_25009f42df_z.jpg,1,4
contentment,http://farm3.staticflickr.com/2670/4210628340_804d26d25f_z.jpg,1,4
contentment,http://farm3.staticflickr.com/2589/4133470105_d15fcefc68_z.jpg,5,0
contentment,http://farm5.staticflickr.com/4145/4843556411_d078eb60cc_z.jpg,2,3
contentment,http://farm6.staticflickr.com/5219/5386175203_46623b25f0_z.jpg,1,4
contentment,http://farm7.staticflickr.com/6029/5896561404_594300ae4b_z.jpg,1,4
contentment,http://farm9.staticflickr.com/8291/7877116932_c9eb627757_z.jpg,0,5
contentment,http://farm5.staticflickr.com/4043/4354696604_621f9491b7_z.jpg,2,3
contentment,http://farm4.staticflickr.com/3724/13209876673_396bdd1990_z.jpg,4,1
contentment,http://farm8.staticflickr.com/7402/9503623970_50635411e8_z.jpg,1,4
contentment,http://farm4.staticflickr.com/3899/14320944929_8cedc8b0a6_z.jpg,5,0
contentment,http://farm8.staticflickr.com/7036/6789868596_eb61591ac1_z.jpg,5,0
contentment,http://farm4.staticflickr.com/3069/2838441370_66fbb6e4aa_z.jpg,1,4
contentment,http://farm6.staticflickr.com/5445/9388027253_72d1ff3aa7_z.jpg,2,3
contentment,http://farm3.staticflickr.com/2067/3533387889_24d9d7d7bc_z.jpg,0,5
contentment,http://farm5.staticflickr.com/4132/5176563193_655848afb2_z.jpg,1,4
contentment,http://farm8.staticflickr.com/7023/13950607872_341bf0875a_z.jpg,4,1
contentment,http://farm4.staticflickr.com/3200/5874799678_c908f2a81b_z.jpg,1,4
contentment,http://farm8.staticflickr.com/7498/15838533839_cdfa2b9640_z.jpg,5,0
contentment,http://farm3.staticflickr.com/2917/14152819262_d8703224d3_z.jpg,4,1
contentment,http://farm6.staticflickr.com/5592/14769699413_6cbcc48620_z.jpg,5,0
contentment,http://farm7.staticflickr.com/6188/6151955303_519fc141b5_z.jpg,5,0
contentment,http://farm3.staticflickr.com/2904/14783621783_b5746ef4a3_z.jpg,5,0
contentment,http://farm6.staticflickr.com/5024/5564356719_1a6d291382_z.jpg,1,4
contentment,http://farm3.staticflickr.com/2915/14777118762_62c0758bdc_z.jpg,5,0
contentment,http://farm6.staticflickr.com/5589/14629971431_1be0fffa36_z.jpg,5,0
contentment,http://farm5.staticflickr.com/4006/4575642405_d44f48f96e_z.jpg,2,3
contentment,http://farm5.staticflickr.com/4018/4524118002_f90c063a7d_z.jpg,0,5
contentment,http://farm8.staticflickr.com/7045/8689582038_4840a67a28_z.jpg,1,4
contentment,http://farm3.staticflickr.com/2547/3752330296_9e384baeb3_z.jpg,4,1
contentment,http://farm5.staticflickr.com/4065/4231666575_dc664b0a6e_z.jpg,1,4
contentment,http://farm7.staticflickr.com/6130/5926040542_18a11cddc7_z.jpg,0,5
contentment,http://farm5.staticflickr.com/4120/4909833586_a4ba9c7151_z.jpg,5,0
contentment,http://farm9.staticflickr.com/8554/15617716147_36c4692d38_z.jpg,5,0
contentment,http://farm6.staticflickr.com/5303/5551989281_f514ba4967_z.jpg,5,0
contentment,http://farm4.staticflickr.com/3828/11141826924_cf32ba835b_z.jpg,2,3
contentment,http://farm7.staticflickr.com/6091/6225756701_8d431bf56d_z.jpg,1,4
contentment,http://farm4.staticflickr.com/3257/3087920872_a5caa18546_z.jpg,1,4
contentment,http://farm6.staticflickr.com/5486/12569586234_77e07f2b88_z.jpg,1,4
contentment,http://farm8.staticflickr.com/7168/6474040175_f5b9166182_z.jpg,0,5
contentment,http://farm3.staticflickr.com/2774/4477074510_6074d547c5_z.jpg,4,1
contentment,http://farm3.staticflickr.com/2921/14584545690_4196a96157_z.jpg,4,1
contentment,http://farm3.staticflickr.com/2867/12910896054_019bc07e6f_z.jpg,5,0
contentment,http://farm4.staticflickr.com/3476/3701071782_88da3561a0_z.jpg,5,0
contentment,http://farm8.staticflickr.com/7279/7579387756_768ced6615_z.jpg,2,3
contentment,http://farm4.staticflickr.com/3261/2742949434_538be323ca_z.jpg,1,4
contentment,http://farm7.staticflickr.com/6105/6314835562_d0cf087b13_z.jpg,0,5
contentment,http://farm9.staticflickr.com/8096/8351872004_47456dab5a_z.jpg,1,4
contentment,http://farm5.staticflickr.com/4005/4612632003_d7e0b5e158_z.jpg,0,5
contentment,http://farm5.staticflickr.com/4018/4313898958_2aaccb24bf_z.jpg,1,4
contentment,http://farm3.staticflickr.com/2292/2246736070_8f3b165e0f_z.jpg,4,1
contentment,http://farm4.staticflickr.com/3869/14752370221_bebed7e838_z.jpg,4,1
contentment,http://farm8.staticflickr.com/7201/6913281099_e61c1e2e22_z.jpg,0,5
contentment,http://farm9.staticflickr.com/8677/15951626802_f9d7a9fdce_z.jpg,2,3
contentment,http://farm9.staticflickr.com/8075/8305140626_83448ac418_z.jpg,2,3
contentment,http://farm4.staticflickr.com/3899/14804018883_596da9e1a0_z.jpg,5,0
contentment,http://farm9.staticflickr.com/8013/7673224404_35ef65b5d2_z.jpg,0,5
contentment,http://farm5.staticflickr.com/4127/5042316733_1fc1e998fe_z.jpg,0,5
contentment,http://farm6.staticflickr.com/5488/10117929046_7958c7a19d_z.jpg,0,5
contentment,http://farm9.staticflickr.com/8075/8265253957_43e0c8d9b1_z.jpg,5,0
contentment,http://farm9.staticflickr.com/8086/8528058099_c781bd0ef0_z.jpg,4,1
contentment,http://farm5.staticflickr.com/4127/5175542764_38f84b97b4_z.jpg,1,4
contentment,http://farm9.staticflickr.com/8431/7675809780_38872086d0_z.jpg,3,2
contentment,http://farm6.staticflickr.com/5494/12686234153_9d52e81a23_z.jpg,0,5
contentment,http://farm9.staticflickr.com/8297/7781373038_829872bf5a_z.jpg,0,5
contentment,http://farm3.staticflickr.com/2129/13058605383_e4796ca5ed_z.jpg,5,0
contentment,http://farm3.staticflickr.com/2824/13606313553_a823aa1918_z.jpg,5,0
contentment,http://farm5.staticflickr.com/4135/4818218771_f03661af13_z.jpg,2,3
contentment,http://farm8.staticflickr.com/7093/7384200576_3c4320b676_z.jpg,3,2
contentment,http://farm9.staticflickr.com/8219/8288222625_27cc0546c5_z.jpg,2,3
contentment,http://farm4.staticflickr.com/3407/4609108941_147d0ab1d2_z.jpg,1,4
contentment,http://farm4.staticflickr.com/3655/3562934880_5e80d096c4_z.jpg,2,3
contentment,http://farm7.staticflickr.com/6164/6226542632_ac1503e78b_z.jpg,2,3
contentment,http://farm8.staticflickr.com/7223/7166371537_4271283b01_z.jpg,0,5
contentment,http://farm4.staticflickr.com/3048/2828899111_41448b077d_z.jpg,0,5
contentment,http://farm8.staticflickr.com/7089/7246930564_8a8785cf9c_z.jpg,1,4
contentment,http://farm4.staticflickr.com/3734/10506241154_bfe16c344d_z.jpg,3,2
contentment,http://farm3.staticflickr.com/2690/4221308668_a37913d05f_z.jpg,1,4
contentment,http://farm8.staticflickr.com/7148/6659930215_b86b6191f4_z.jpg,1,4
contentment,http://farm8.staticflickr.com/7318/9699676201_3012be09e0_z.jpg,3,2
contentment,http://farm6.staticflickr.com/5015/5522816037_1d021ce747_z.jpg,0,5
contentment,http://farm4.staticflickr.com/3835/14498967776_492539d9bc_z.jpg,2,3
contentment,http://farm3.staticflickr.com/2909/14801916533_a96091671c_z.jpg,5,0
contentment,http://farm9.staticflickr.com/8323/8100842321_28d7931527_z.jpg,1,4
contentment,http://farm3.staticflickr.com/2880/9064678829_c560d7a8a0_z.jpg,5,0
contentment,http://farm9.staticflickr.com/8629/16167353965_f690366cac_z.jpg,3,2
contentment,http://farm8.staticflickr.com/7179/6779172452_7d764f3926_z.jpg,3,2
contentment,http://farm3.staticflickr.com/2898/14779410935_896e7b989a_z.jpg,5,0
contentment,http://farm4.staticflickr.com/3261/2407903423_eabfd22dff_z.jpg,0,5
contentment,http://farm9.staticflickr.com/8057/8236670341_914da58771_z.jpg,4,1
contentment,http://farm9.staticflickr.com/8369/8546565142_2ff92b3095_z.jpg,1,4
contentment,http://farm4.staticflickr.com/3562/3288751246_6b454b5266_z.jpg,3,2
contentment,http://farm3.staticflickr.com/2462/3714855397_27f68b9967_z.jpg,3,2
contentment,http://farm9.staticflickr.com/8655/16172230491_eeb7d70404_z.jpg,3,2
contentment,http://farm9.staticflickr.com/8589/15337575803_88952cbbba_z.jpg,1,4
contentment,http://farm7.staticflickr.com/6106/6237105209_dfbf7fc341_z.jpg,3,2
contentment,http://farm4.staticflickr.com/3694/12415398453_9cd09cfc24_z.jpg,1,4
contentment,http://farm4.staticflickr.com/3861/14362298951_7613a35c1e_z.jpg,0,5
contentment,http://farm4.staticflickr.com/3817/9535715601_801c911b72_z.jpg,5,0
contentment,http://farm4.staticflickr.com/3525/5714671365_067fd3bfb8_z.jpg,4,1
contentment,http://farm8.staticflickr.com/7342/9218383807_da52207fd7_z.jpg,3,2
contentment,http://farm4.staticflickr.com/3451/3268310936_ffc12b4e45_z.jpg,0,5
contentment,http://farm8.staticflickr.com/7205/6867368091_3fe2436f0f_z.jpg,1,4
contentment,http://farm6.staticflickr.com/5563/15320013352_4f5c54cc54_z.jpg,4,1
contentment,http://farm9.staticflickr.com/8292/7556162332_7e5058776d_z.jpg,2,3
contentment,http://farm5.staticflickr.com/4140/4818834368_be1b08a9b2_z.jpg,2,3
contentment,http://farm6.staticflickr.com/5555/15049961800_5539c2edc5_z.jpg,3,1
contentment,http://farm5.staticflickr.com/4015/4497197317_1ff0755fd2_z.jpg,3,2
contentment,http://farm4.staticflickr.com/3601/3514336647_940f682e4b_z.jpg,1,4
contentment,http://farm4.staticflickr.com/3318/3184558284_72e95d1a13_z.jpg,0,5
contentment,http://farm4.staticflickr.com/3848/14591277010_d2b35eae0e_z.jpg,3,2
contentment,http://farm2.staticflickr.com/1179/5124959959_c1e06da841_z.jpg,4,1
contentment,http://farm4.staticflickr.com/3501/3936082701_57a5fb1dc0_z.jpg,0,5
contentment,http://farm4.staticflickr.com/3781/12571849793_bc0a247da3_z.jpg,0,5
contentment,http://farm8.staticflickr.com/7451/10932516603_e187490ced_z.jpg,5,0
contentment,http://farm3.staticflickr.com/2724/13130811383_21f405fdea_z.jpg,4,1
contentment,http://farm6.staticflickr.com/5507/12018572386_513609bd2f_z.jpg,4,1
contentment,http://farm4.staticflickr.com/3291/2925989472_a1e6bf1e07_z.jpg,4,1
contentment,http://farm8.staticflickr.com/7440/10119296965_35a0e2c460_z.jpg,0,5
contentment,http://farm6.staticflickr.com/5296/5417163102_6055423b57_z.jpg,0,5
contentment,http://farm3.staticflickr.com/2507/4103049643_2bd988ffe9_z.jpg,4,1
contentment,http://farm3.staticflickr.com/2282/2336502758_92ee398839_z.jpg,5,0
contentment,http://farm7.staticflickr.com/6164/6146748884_0a64953e60_z.jpg,1,4
contentment,http://farm9.staticflickr.com/8321/8068931211_8f4e61cd83_z.jpg,2,3
contentment,http://farm6.staticflickr.com/5603/15551653125_599e3dde5f_z.jpg,0,5
contentment,http://farm4.staticflickr.com/3657/4598163286_b1cd2bfae2_z.jpg,2,3
contentment,http://farm9.staticflickr.com/8231/8447312239_4f4d585c87_z.jpg,4,1
contentment,http://farm5.staticflickr.com/4050/4551121677_5409bc2050_z.jpg,2,3
contentment,http://farm7.staticflickr.com/6093/6331060180_bfa4c6ded3_z.jpg,5,0
contentment,http://farm6.staticflickr.com/5543/11707809623_edef2fe30b_z.jpg,1,4
contentment,http://farm9.staticflickr.com/8369/8410266757_3a628bc53f_z.jpg,4,1
contentment,http://farm5.staticflickr.com/4054/4383043629_99999d76ed_z.jpg,1,4
contentment,http://farm3.staticflickr.com/2915/14248976805_603dfe697c_z.jpg,3,2
contentment,http://farm3.staticflickr.com/2336/2479954060_a132f2e87c_z.jpg,3,2
contentment,http://farm7.staticflickr.com/6001/5921168114_b2ecddaedc_z.jpg,0,5
contentment,http://farm6.staticflickr.com/5052/5554831412_4522d2bdba_z.jpg,2,3
contentment,http://farm4.staticflickr.com/3195/5793573944_fa93651faa_z.jpg,5,0
contentment,http://farm4.staticflickr.com/3899/14667334135_108c15416c_z.jpg,5,0
contentment,http://farm5.staticflickr.com/4077/4900312958_25c63cfbc3_z.jpg,1,4
contentment,http://farm4.staticflickr.com/3738/9593660952_7bf1c55652_z.jpg,0,5
contentment,http://farm4.staticflickr.com/3532/3258873064_60b9978cfc_z.jpg,0,5
contentment,http://farm6.staticflickr.com/5054/5504897457_8e29bc00ca_z.jpg,2,3
contentment,http://farm5.staticflickr.com/4145/5092731297_f0160bf76b_z.jpg,4,1
contentment,http://farm4.staticflickr.com/3921/14578699877_ce8afedf30_z.jpg,4,1
contentment,http://farm3.staticflickr.com/2155/2292782085_e6141b567e_z.jpg,1,4
contentment,http://farm9.staticflickr.com/8379/8581731557_ee9639a7aa_z.jpg,4,1
contentment,http://farm6.staticflickr.com/5586/14596231937_25ce3ac244_z.jpg,5,0
contentment,http://farm6.staticflickr.com/5140/5476566771_3d675de75a_z.jpg,3,2
contentment,http://farm4.staticflickr.com/3019/2339461418_3527af73e4_z.jpg,1,4
contentment,http://farm8.staticflickr.com/7013/6581058979_c9002f871a_z.jpg,5,0
contentment,http://farm3.staticflickr.com/2950/15175776648_fc4c8478f7_z.jpg,3,2
contentment,http://farm4.staticflickr.com/3906/14780348771_51917224ee_z.jpg,3,2
contentment,http://farm4.staticflickr.com/3836/14391500234_68fc816008_z.jpg,1,4
contentment,http://farm9.staticflickr.com/8269/8763041078_fa6a317849_z.jpg,0,5
contentment,http://farm4.staticflickr.com/3921/14586270329_4058fe9ec0_z.jpg,3,2
contentment,http://farm9.staticflickr.com/8194/8404400647_4098192f30_z.jpg,1,4
contentment,http://farm3.staticflickr.com/2516/3683177799_b881ddd556_z.jpg,3,2
contentment,http://farm4.staticflickr.com/3943/15515818207_a5709822c0_z.jpg,5,0
contentment,http://farm7.staticflickr.com/6171/6145595518_3ec00ef57b_z.jpg,0,5
contentment,http://farm8.staticflickr.com/7375/12515569854_ae225167ff_z.jpg,2,3
contentment,http://farm6.staticflickr.com/5204/5291923940_d24877d5eb_z.jpg,5,0
contentment,http://farm8.staticflickr.com/7288/9620476257_a6b04a8a16_z.jpg,2,3
contentment,http://farm5.staticflickr.com/4040/4468393870_8001d746a0_z.jpg,2,3
contentment,http://farm6.staticflickr.com/5286/5247672969_caaef11d3d_z.jpg,3,2
contentment,http://farm6.staticflickr.com/5483/9729504062_b038dde1c7_z.jpg,5,0
contentment,http://farm6.staticflickr.com/5464/7435534414_643f71f0d1_z.jpg,0,5
contentment,http://farm7.staticflickr.com/6156/6215100502_067e6ae55e_z.jpg,1,4
contentment,http://farm4.staticflickr.com/3627/3407150220_2d56c51d40_z.jpg,0,5
contentment,http://farm8.staticflickr.com/7424/12390204904_566b63e569_z.jpg,1,4
contentment,http://farm6.staticflickr.com/5584/15069588935_f4995af36e_z.jpg,1,4
contentment,http://farm9.staticflickr.com/8016/7563924476_9c17e937e4_z.jpg,3,2
contentment,http://farm6.staticflickr.com/5105/5589436337_dcc7795c62_z.jpg,4,1
contentment,http://farm8.staticflickr.com/7172/6697948531_cbe4b60716_z.jpg,0,5
contentment,http://farm6.staticflickr.com/5220/5384783175_f3cfe07bae_z.jpg,1,4
contentment,http://farm8.staticflickr.com/7384/11573252024_b3e29cc3d2_z.jpg,4,1
contentment,http://farm3.staticflickr.com/2914/14392333857_ce2f1da3ee_z.jpg,3,2
contentment,http://farm9.staticflickr.com/8282/7781326868_d9c0ed57b6_z.jpg,0,5
contentment,http://farm8.staticflickr.com/7194/6777048212_3128ef85df_z.jpg,0,5
contentment,http://farm8.staticflickr.com/7373/11512882985_4003613aa5_z.jpg,0,5
contentment,http://farm7.staticflickr.com/6099/5907208878_e1ec8f9e15_z.jpg,5,0
contentment,http://farm8.staticflickr.com/7154/6792248935_c6fe989a2a_z.jpg,0,5
contentment,http://farm6.staticflickr.com/5527/9625641323_64534d5163_z.jpg,3,2
contentment,http://farm7.staticflickr.com/6180/6192964964_52db4aac1c_z.jpg,0,5
contentment,http://farm7.staticflickr.com/6152/6196488626_97887d215a_z.jpg,2,3
contentment,http://farm3.staticflickr.com/2843/13614076593_9a86e76b5c_z.jpg,4,1
contentment,http://farm9.staticflickr.com/8496/8334030322_b6f7bd31e5_z.jpg,5,0
contentment,http://farm7.staticflickr.com/6167/6193495771_2ba2cfe7eb_z.jpg,4,1
contentment,http://farm5.staticflickr.com/4018/4718216854_c4cddfa0c4_z.jpg,2,3
contentment,http://farm4.staticflickr.com/3395/3508971268_bcc606b5a0_z.jpg,5,0
contentment,http://farm9.staticflickr.com/8099/8659183545_84063d9b40_z.jpg,1,4
contentment,http://farm5.staticflickr.com/4049/4575289834_871978387d_z.jpg,3,2
contentment,http://farm4.staticflickr.com/3144/3990777533_5e8f1d51a6_z.jpg,4,1
contentment,http://farm3.staticflickr.com/2727/4505320820_1cf9cf1133_z.jpg,3,2
contentment,http://farm4.staticflickr.com/3040/2640757724_a36c83b3f6_z.jpg,3,2
contentment,http://farm5.staticflickr.com/4146/5070146347_165703629b_z.jpg,5,0
contentment,http://farm5.staticflickr.com/4046/4582442099_be2378c948_z.jpg,1,4
contentment,http://farm8.staticflickr.com/7367/10017073583_63e3803879_z.jpg,2,3
contentment,http://farm6.staticflickr.com/5212/5533053288_3d2f1d462f_z.jpg,1,4
contentment,http://farm4.staticflickr.com/3899/15209259278_c7344370fe_z.jpg,3,2
contentment,http://farm6.staticflickr.com/5561/14979618148_45641f6788_z.jpg,2,3
contentment,http://farm9.staticflickr.com/8454/8059214295_4f14a6bc17_z.jpg,1,4
contentment,http://farm9.staticflickr.com/8536/8675190011_33a284c19c_z.jpg,1,4
contentment,http://farm5.staticflickr.com/4035/4632519374_e47a341a72_z.jpg,2,3
contentment,http://farm8.staticflickr.com/7174/6414033023_8f1bbd340d_z.jpg,1,4
contentment,http://farm8.staticflickr.com/7026/6574998855_2ab3211fff_z.jpg,2,3
contentment,http://farm3.staticflickr.com/2739/4286654040_1b76493f9e_z.jpg,4,1
contentment,http://farm4.staticflickr.com/3143/2770908887_47fcab51a2_z.jpg,0,5
contentment,http://farm7.staticflickr.com/6176/6263679487_442bbecfbc_z.jpg,5,0
contentment,http://farm8.staticflickr.com/7004/6650194623_8ecd66911f_z.jpg,3,2
contentment,http://farm8.staticflickr.com/7113/13934385386_2d461294ef_z.jpg,5,0
contentment,http://farm3.staticflickr.com/2157/2230697179_2bcd5e51b8_z.jpg,3,2
contentment,http://farm9.staticflickr.com/8524/8564969143_8109a00fbd_z.jpg,1,4
contentment,http://farm9.staticflickr.com/8041/8006025133_0f3c15ca50_z.jpg,0,5
contentment,http://farm9.staticflickr.com/8343/8183791175_92f5d6dab8_z.jpg,5,0
contentment,http://farm4.staticflickr.com/3357/3312738046_dc67f8a19a_z.jpg,2,3
contentment,http://farm3.staticflickr.com/2623/3904285730_d993c32e71_z.jpg,1,4
contentment,http://farm9.staticflickr.com/8353/8332659145_240f685061_z.jpg,3,2
contentment,http://farm6.staticflickr.com/5117/7049467675_ee4c948323_z.jpg,1,4
contentment,http://farm6.staticflickr.com/5488/14593993202_e213b25995_z.jpg,1,4
contentment,http://farm4.staticflickr.com/3493/3282410541_7dd694a199_z.jpg,5,0
contentment,http://farm4.staticflickr.com/3720/9713402098_8a82f0f628_z.jpg,0,5
contentment,http://farm5.staticflickr.com/4099/4892497179_2e2d8ec621_z.jpg,3,2
contentment,http://farm8.staticflickr.com/7076/7016837383_d80a239f57_z.jpg,3,2
contentment,http://farm9.staticflickr.com/8330/8134616996_764ca310b9_z.jpg,3,2
contentment,http://farm9.staticflickr.com/8152/7355833958_e636bf2613_z.jpg,2,3
contentment,http://farm3.staticflickr.com/2405/5715056051_66c93beb0a_z.jpg,2,3
contentment,http://farm3.staticflickr.com/2601/5697436320_45273b9589_z.jpg,0,5
contentment,http://farm8.staticflickr.com/7193/7074135515_5c6d3dd04c_z.jpg,3,2
contentment,http://farm2.staticflickr.com/1275/4668134117_331b92093e_z.jpg,0,5
contentment,http://farm4.staticflickr.com/3268/2881819193_05807e54b6_z.jpg,3,2
contentment,http://farm3.staticflickr.com/2886/12846396864_2f066e478a_z.jpg,1,4
contentment,http://farm4.staticflickr.com/3885/14578502947_9f97759d9e_z.jpg,5,0
contentment,http://farm3.staticflickr.com/2856/9888883904_0eb8e6793d_z.jpg,5,0
contentment,http://farm6.staticflickr.com/5219/5532999945_c918e23920_z.jpg,3,2
contentment,http://farm5.staticflickr.com/4036/4348758819_01d13e5847_z.jpg,4,1
contentment,http://farm8.staticflickr.com/7177/7041269747_a10ffd7422_z.jpg,1,4
contentment,http://farm9.staticflickr.com/8106/8639255658_06574146f6_z.jpg,1,4
contentment,http://farm4.staticflickr.com/3035/2636802144_f3fa835c49_z.jpg,4,1
contentment,http://farm6.staticflickr.com/5094/5590297432_517831a185_z.jpg,0,5
contentment,http://farm6.staticflickr.com/5454/6946316418_c613bfa91e_z.jpg,0,5
contentment,http://farm9.staticflickr.com/8029/8047235460_75dd38af43_z.jpg,0,5
contentment,http://farm4.staticflickr.com/3672/13687592455_eba2066007_z.jpg,1,4
contentment,http://farm7.staticflickr.com/6032/6389634399_134a84812e_z.jpg,3,2
contentment,http://farm2.staticflickr.com/1225/3166596688_fcd3f2dd5f_z.jpg,1,4
contentment,http://farm4.staticflickr.com/3573/3336606558_1d0777f24d_z.jpg,1,4
contentment,http://farm8.staticflickr.com/7363/10532471414_7fa23026fa_z.jpg,5,0
contentment,http://farm9.staticflickr.com/8014/7556001720_9756e0f1ec_z.jpg,1,4
contentment,http://farm8.staticflickr.com/7187/6988237315_8bcc015e6a_z.jpg,3,2
contentment,http://farm4.staticflickr.com/3371/3310031332_8a82bb8b83_z.jpg,0,5
contentment,http://farm5.staticflickr.com/4041/4300248339_9069369d8e_z.jpg,1,4
contentment,http://farm4.staticflickr.com/3294/2414330109_26ec294fbc_z.jpg,2,3
contentment,http://farm5.staticflickr.com/4043/4490625243_b171967e46_z.jpg,1,4
contentment,http://farm4.staticflickr.com/3818/12657457973_8407eb3de9_z.jpg,0,5
contentment,http://farm8.staticflickr.com/7119/7781382854_f35fb140b9_z.jpg,1,4
contentment,http://farm6.staticflickr.com/5339/9165964867_889d01a138_z.jpg,1,4
contentment,http://farm3.staticflickr.com/2049/5765749915_b5469039e6_z.jpg,2,3
contentment,http://farm9.staticflickr.com/8250/8625089544_45c1a6952e_z.jpg,4,1
contentment,http://farm4.staticflickr.com/3466/3762882935_fe000227f4_z.jpg,5,0
contentment,http://farm9.staticflickr.com/8245/8455492807_cbc51b5b3d_z.jpg,3,2
contentment,http://farm7.staticflickr.com/6106/6330420965_4651a4c620_z.jpg,0,5
contentment,http://farm8.staticflickr.com/7046/6889855754_ff6289442c_z.jpg,5,0
contentment,http://farm5.staticflickr.com/4112/5044904297_a36b923008_z.jpg,0,5
contentment,http://farm5.staticflickr.com/4111/5049445611_a2a1c63ac3_z.jpg,0,5
contentment,http://farm9.staticflickr.com/8061/8191940432_5e188e5495_z.jpg,2,3
contentment,http://farm9.staticflickr.com/8615/16444641079_e31a3f4ac0_z.jpg,0,5
contentment,http://farm5.staticflickr.com/4078/4755182776_27f0d5e870_z.jpg,5,0
contentment,http://farm6.staticflickr.com/5228/5625857795_7670ab0141_z.jpg,3,2
contentment,http://farm5.staticflickr.com/4086/5184209242_92436882a2_z.jpg,5,0
contentment,http://farm4.staticflickr.com/3866/15347939521_50408f8129_z.jpg,4,1
contentment,http://farm5.staticflickr.com/4121/4850139633_01fe9509dd_z.jpg,0,5
contentment,http://farm4.staticflickr.com/3185/3119606420_106d5b9301_z.jpg,0,5
contentment,http://farm4.staticflickr.com/3874/14595767488_0dc3599e92_z.jpg,5,0
contentment,http://farm7.staticflickr.com/6103/6366458241_cce728ac99_z.jpg,4,1
contentment,http://farm6.staticflickr.com/5539/9329430716_46b9ba5628_z.jpg,2,3
contentment,http://farm5.staticflickr.com/4019/5147670540_c7cecfdb78_z.jpg,0,5
contentment,http://farm5.staticflickr.com/4027/4504724959_2383bcf3ae_z.jpg,3,2
contentment,http://farm6.staticflickr.com/5535/14551594564_2f3ce03a4c_z.jpg,0,5
contentment,http://farm3.staticflickr.com/2601/4124795499_8f3e83b3a9_z.jpg,3,2
contentment,http://farm4.staticflickr.com/3340/3529993032_6898bc4eb0_z.jpg,3,2
contentment,http://farm7.staticflickr.com/6191/6073837164_71c3517600_z.jpg,1,4
contentment,http://farm5.staticflickr.com/4052/4415648023_33b504381a_z.jpg,5,0
contentment,http://farm6.staticflickr.com/5575/14761069701_58d740c305_z.jpg,5,0
contentment,http://farm5.staticflickr.com/4145/5175004527_db5e9524ca_z.jpg,1,4
contentment,http://farm6.staticflickr.com/5265/5699183954_397f51982c_z.jpg,2,3
contentment,http://farm5.staticflickr.com/4001/4614479802_48995faf51_z.jpg,5,0
contentment,http://farm6.staticflickr.com/5505/10922644206_bc631a2a0a_z.jpg,5,0
contentment,http://farm9.staticflickr.com/8474/8369088891_cea2912a25_z.jpg,3,2
contentment,http://farm8.staticflickr.com/7001/6637188537_81157f1f5f_z.jpg,5,0
contentment,http://farm3.staticflickr.com/2311/2302997367_a3ec892e8c_z.jpg,4,1
contentment,http://farm6.staticflickr.com/5495/12751175415_fdd4587084_z.jpg,5,0
contentment,http://farm9.staticflickr.com/8053/8100835001_1c1e0b7ede_z.jpg,2,3
contentment,http://farm4.staticflickr.com/3880/14780322424_d146ca646e_z.jpg,2,3
contentment,http://farm4.staticflickr.com/3687/11284370005_53f76c7de9_z.jpg,2,3
contentment,http://farm9.staticflickr.com/8593/15743851019_e6832eeb82_z.jpg,1,4
contentment,http://farm4.staticflickr.com/3661/3390791583_3acd5ed9e5_z.jpg,0,5
contentment,http://farm8.staticflickr.com/7349/11961965324_74693c3f20_z.jpg,1,4
contentment,http://farm9.staticflickr.com/8081/8382763161_68a0f90e3d_z.jpg,4,1
contentment,http://farm9.staticflickr.com/8025/7653242528_88fae729b5_z.jpg,0,5
contentment,http://farm5.staticflickr.com/4027/5166925163_9fa432aef2_z.jpg,4,1
contentment,http://farm4.staticflickr.com/3354/3271820221_d47dc1492b_z.jpg,3,2
contentment,http://farm8.staticflickr.com/7280/7556230812_7bfcf71630_z.jpg,2,3
contentment,http://farm8.staticflickr.com/7131/6926846382_a8b701d702_z.jpg,1,4
contentment,http://farm9.staticflickr.com/8366/8387052280_6fc683d500_z.jpg,0,5
contentment,http://farm6.staticflickr.com/5087/5270819681_3123fa6833_z.jpg,1,4
contentment,http://farm6.staticflickr.com/5611/14942266903_bc0a058ece_z.jpg,0,5
contentment,http://farm6.staticflickr.com/5132/5476559591_a1377be162_z.jpg,2,3
contentment,http://farm6.staticflickr.com/5087/5360221265_5ae49247d9_z.jpg,0,5
contentment,http://farm9.staticflickr.com/8204/8278072880_55caff6700_z.jpg,2,3
contentment,http://farm3.staticflickr.com/2117/2520360072_aeff3770f0_z.jpg,0,5
contentment,http://farm5.staticflickr.com/4023/4260769852_f1e93d96f6_z.jpg,4,1
contentment,http://farm8.staticflickr.com/7231/7254666868_2775de33af_z.jpg,3,2
contentment,http://farm3.staticflickr.com/2787/4273675741_ca91f1a680_z.jpg,1,4
contentment,http://farm9.staticflickr.com/8045/8080124999_58713d9b5d_z.jpg,5,0
contentment,http://farm3.staticflickr.com/2533/3710752676_b0843014a9_z.jpg,5,0
contentment,http://farm5.staticflickr.com/4074/4908367262_619bf62769_z.jpg,5,0
contentment,http://farm9.staticflickr.com/8360/8285073229_e1673b7137_z.jpg,0,5
contentment,http://farm9.staticflickr.com/8436/7977167833_a451bb63d5_z.jpg,3,2
contentment,http://farm3.staticflickr.com/2017/2429891880_bdb6ccb350_z.jpg,5,0
contentment,http://farm5.staticflickr.com/4027/4357654552_8a60425898_z.jpg,1,4
contentment,http://farm4.staticflickr.com/3510/3183913816_5992792856_z.jpg,4,1
contentment,http://farm9.staticflickr.com/8168/7547816464_e8b88dbe92_z.jpg,4,1
contentment,http://farm4.staticflickr.com/3099/3171378863_6e35a8ecd0_z.jpg,5,0
contentment,http://farm7.staticflickr.com/6028/5976194636_76ee0cb3ea_z.jpg,1,4
contentment,http://farm3.staticflickr.com/2625/3771717952_30fb065538_z.jpg,5,0
contentment,http://farm6.staticflickr.com/5531/11934307045_9e6c07e2dd_z.jpg,1,4
contentment,http://farm5.staticflickr.com/4035/4296730060_c514d43e93_z.jpg,1,4
contentment,http://farm4.staticflickr.com/3169/2784328034_7f6dd7b840_z.jpg,2,3
contentment,http://farm5.staticflickr.com/4012/4422344419_46b4e5f42f_z.jpg,3,2
contentment,http://farm8.staticflickr.com/7370/11028944173_75632071ec_z.jpg,1,4
contentment,http://farm3.staticflickr.com/2506/3921817690_d37c69c6a0_z.jpg,0,5
contentment,http://farm4.staticflickr.com/3144/2866030249_f610e373df_z.jpg,3,2
contentment,http://farm7.staticflickr.com/6030/5987547856_d2d026524a_z.jpg,4,1
contentment,http://farm9.staticflickr.com/8014/7005999706_0d27711a26_z.jpg,4,1
contentment,http://farm6.staticflickr.com/5478/14252552603_892dbaab7b_z.jpg,0,5
contentment,http://farm8.staticflickr.com/7016/13542518854_5a94967855_z.jpg,5,0
contentment,http://farm6.staticflickr.com/5048/5372500102_0dbc9bb031_z.jpg,1,4
contentment,http://farm6.staticflickr.com/5307/5666507384_00306eb783_z.jpg,5,0
contentment,http://farm8.staticflickr.com/7394/10144606764_47a8f5bcc5_z.jpg,1,4
contentment,http://farm4.staticflickr.com/3908/14595548017_06e3e8c13f_z.jpg,5,0
contentment,http://farm8.staticflickr.com/7145/6783146687_e686c1b32d_z.jpg,4,1
contentment,http://farm5.staticflickr.com/4110/4836104883_35065742ce_z.jpg,0,5
contentment,http://farm3.staticflickr.com/2108/3535805044_218aea3908_z.jpg,3,2
contentment,http://farm8.staticflickr.com/7460/12910864914_8f336b164a_z.jpg,4,1
contentment,http://farm4.staticflickr.com/3855/14709358926_774f59be3e_z.jpg,2,3
contentment,http://farm9.staticflickr.com/8350/8288226938_0a22c54b03_z.jpg,3,2
contentment,http://farm9.staticflickr.com/8375/8542361120_28aec6e6cf_z.jpg,4,1
contentment,http://farm7.staticflickr.com/6159/6235531076_870e321a7b_z.jpg,2,3
contentment,http://farm9.staticflickr.com/8480/8221537296_19e957741c_z.jpg,3,2
contentment,http://farm4.staticflickr.com/3851/14594569907_601feea923_z.jpg,5,0
contentment,http://farm6.staticflickr.com/5167/5333367710_85dde7eceb_z.jpg,1,4
contentment,http://farm4.staticflickr.com/3759/14271098631_e58111001c_z.jpg,2,3
contentment,http://farm5.staticflickr.com/4108/4979155269_9c9a44ca6c_z.jpg,0,5
contentment,http://farm7.staticflickr.com/6019/6331665488_c7b52b2b4b_z.jpg,5,0
contentment,http://farm3.staticflickr.com/2681/4101461937_777f2965ae_z.jpg,1,4
contentment,http://farm2.staticflickr.com/1083/4726782543_567e5c3523_z.jpg,0,5
contentment,http://farm7.staticflickr.com/6009/5958975907_8450604d59_z.jpg,1,4
contentment,http://farm9.staticflickr.com/8144/7235569256_e8718e042c_z.jpg,1,4
contentment,http://farm8.staticflickr.com/7027/6853267805_d313d7a46f_z.jpg,2,3
contentment,http://farm6.staticflickr.com/5221/5653817489_99d9ca4f38_z.jpg,1,4
contentment,http://farm4.staticflickr.com/3816/13646349303_d3086f52d4_z.jpg,2,3
contentment,http://farm6.staticflickr.com/5041/5258419728_e0559a5980_z.jpg,1,4
contentment,http://farm3.staticflickr.com/2570/3835212559_d760583edf_z.jpg,5,0
contentment,http://farm3.staticflickr.com/2224/2452470644_2659963f9c_z.jpg,1,4
contentment,http://farm4.staticflickr.com/3265/2494590126_b528f83588_z.jpg,5,0
contentment,http://farm6.staticflickr.com/5492/11915550256_efba792fec_z.jpg,3,2
contentment,http://farm6.staticflickr.com/5592/14594487020_653216198d_z.jpg,5,0
contentment,http://farm7.staticflickr.com/6010/5924363317_c7951e969c_z.jpg,3,2
contentment,http://farm8.staticflickr.com/7158/6667474573_19e233e32b_z.jpg,1,4
contentment,http://farm5.staticflickr.com/4003/4683026535_ba14a978d3_z.jpg,5,0
contentment,http://farm8.staticflickr.com/7228/7180095684_f7152974ed_z.jpg,2,3
contentment,http://farm4.staticflickr.com/3910/14778642801_e05a16dfe9_z.jpg,3,2
contentment,http://farm4.staticflickr.com/3153/2971007092_98c28055d1_z.jpg,5,0
contentment,http://farm9.staticflickr.com/8211/8340403397_fb610c29d4_z.jpg,5,0
contentment,http://farm9.staticflickr.com/8372/8498394728_7f9daf6e8f_z.jpg,4,1
contentment,http://farm5.staticflickr.com/4077/4893161592_719f02e4cb_z.jpg,2,3
contentment,http://farm4.staticflickr.com/3777/11284339536_a5d1d7ba26_z.jpg,2,3
contentment,http://farm7.staticflickr.com/6066/6063104563_e31af1ed05_z.jpg,0,5
contentment,http://farm8.staticflickr.com/7221/6862542524_bb72b4b8b3_z.jpg,3,2
contentment,http://farm6.staticflickr.com/5448/9942526435_a7d2e9f613_z.jpg,3,2
contentment,http://farm6.staticflickr.com/5349/9535766367_d1bf85508d_z.jpg,3,2
contentment,http://farm4.staticflickr.com/3782/13112274904_a2722d487f_z.jpg,2,3
contentment,http://farm6.staticflickr.com/5258/5495163118_5957a8a4d9_z.jpg,0,5
contentment,http://farm9.staticflickr.com/8209/8234863792_051ac0091c_z.jpg,1,4
contentment,http://farm8.staticflickr.com/7228/7258300332_f5fa81d8f7_z.jpg,2,3
contentment,http://farm4.staticflickr.com/3196/2882591380_eecb84199c_z.jpg,3,2
contentment,http://farm9.staticflickr.com/8675/15966161515_6844aa80e7_z.jpg,5,0
contentment,http://farm9.staticflickr.com/8504/8326410704_ecc28341b1_z.jpg,1,4
contentment,http://farm3.staticflickr.com/2731/4285934204_b96db0fe3e_z.jpg,1,4
contentment,http://farm2.staticflickr.com/1253/5166924647_e8f6dd583b_z.jpg,2,3
contentment,http://farm9.staticflickr.com/8250/8607990947_8c67681c11_z.jpg,3,2
contentment,http://farm6.staticflickr.com/5575/14493166480_9372c885a8_z.jpg,2,3
contentment,http://farm3.staticflickr.com/2937/14450221216_94771b1790_z.jpg,1,4
contentment,http://farm8.staticflickr.com/7104/7195871760_eb65b39890_z.jpg,2,3
contentment,http://farm6.staticflickr.com/5570/14767557572_4d8137b3a1_z.jpg,5,0
contentment,http://farm3.staticflickr.com/2581/3682126614_ed80f5024e_z.jpg,5,0
contentment,http://farm4.staticflickr.com/3290/2312484351_d63742cf69_z.jpg,0,5
contentment,http://farm7.staticflickr.com/6208/6086852528_90ca364ee9_z.jpg,0,5
contentment,http://farm4.staticflickr.com/3513/3266079595_672797c0aa_z.jpg,2,3
contentment,http://farm3.staticflickr.com/2364/2535435626_bf3aa9286a_z.jpg,1,4
contentment,http://farm3.staticflickr.com/2778/5845211010_923c6efaca_z.jpg,1,4
contentment,http://farm5.staticflickr.com/4027/5077088605_cf3dc9917a_z.jpg,4,1
contentment,http://farm6.staticflickr.com/5489/10371559956_957e4c0e3a_z.jpg,3,2
contentment,http://farm6.staticflickr.com/5044/5354612581_f3576ab9ff_z.jpg,1,4
contentment,http://farm4.staticflickr.com/3311/3431246197_2a153dbf5c_z.jpg,4,1
contentment,http://farm9.staticflickr.com/8313/8008905872_7d4d9dd60d_z.jpg,3,2
contentment,http://farm2.staticflickr.com/1278/4676807785_e5960325e1_z.jpg,3,2
contentment,http://farm8.staticflickr.com/7137/7004743293_06350e0fcc_z.jpg,2,3
contentment,http://farm5.staticflickr.com/4127/5207565821_31bcc5f912_z.jpg,4,1
contentment,http://farm8.staticflickr.com/7304/9615456160_751d296b5d_z.jpg,2,3
contentment,http://farm4.staticflickr.com/3830/9757113702_ba1ee21c6c_z.jpg,5,0
contentment,http://farm7.staticflickr.com/6162/6186869195_f4883abec0_z.jpg,0,5
contentment,http://farm4.staticflickr.com/3850/14708721247_246bdc9928_z.jpg,4,1
contentment,http://farm9.staticflickr.com/8484/8283008714_164b3e68c9_z.jpg,1,4
contentment,http://farm8.staticflickr.com/7115/7472393942_606eef8378_z.jpg,5,0
contentment,http://farm4.staticflickr.com/3375/3551014196_ee126eba3a_z.jpg,2,3
contentment,http://farm4.staticflickr.com/3839/15368953692_c2686df6ea_z.jpg,1,4
contentment,http://farm4.staticflickr.com/3236/2799785635_77c9363175_z.jpg,0,5
contentment,http://farm6.staticflickr.com/5498/10468806276_2197157938_z.jpg,3,2
contentment,http://farm4.staticflickr.com/3890/15072090828_7243ff555b_z.jpg,4,1
contentment,http://farm7.staticflickr.com/6046/5892743432_676bf9f265_z.jpg,5,0
contentment,http://farm5.staticflickr.com/4148/4951227569_66a1cba75d_z.jpg,3,2
contentment,http://farm7.staticflickr.com/6030/5881133922_4c22c2bf5d_z.jpg,4,1
contentment,http://farm4.staticflickr.com/3006/2563846615_befaa142d7_z.jpg,1,4
contentment,http://farm6.staticflickr.com/5270/5827831131_38cb7e27a5_z.jpg,1,4
contentment,http://farm4.staticflickr.com/3838/14758608211_8bc2710fd3_z.jpg,3,2
contentment,http://farm4.staticflickr.com/3419/3758657470_c3b1d0d9c2_z.jpg,5,0
contentment,http://farm9.staticflickr.com/8362/8304710376_894202b817_z.jpg,5,0
contentment,http://farm4.staticflickr.com/3842/14592040657_5dfbb99403_z.jpg,3,2
contentment,http://farm5.staticflickr.com/4041/5164839883_3aa13d6eca_z.jpg,0,5
contentment,http://farm9.staticflickr.com/8308/8009123977_da0b2f37cd_z.jpg,5,0
contentment,http://farm9.staticflickr.com/8152/7324352776_7a604fd817_z.jpg,1,4
contentment,http://farm8.staticflickr.com/7115/7650157210_91121da00a_z.jpg,2,3
contentment,http://farm4.staticflickr.com/3239/5783957486_0f9dfc5e73_z.jpg,1,4
contentment,http://farm9.staticflickr.com/8217/8287235009_7e158e6808_z.jpg,0,5
contentment,http://farm6.staticflickr.com/5052/5403790596_30eee8a94b_z.jpg,0,5
contentment,http://farm9.staticflickr.com/8211/8261173538_6681c65501_z.jpg,2,3
contentment,http://farm7.staticflickr.com/6150/5946456510_f06fb1d3de_z.jpg,1,4
contentment,http://farm7.staticflickr.com/6121/5994469202_5111d25429_z.jpg,4,1
contentment,http://farm7.staticflickr.com/6224/6292553613_1700701e1c_z.jpg,4,1
contentment,http://farm4.staticflickr.com/3338/4617951970_889d9831bc_z.jpg,1,4
contentment,http://farm6.staticflickr.com/5221/5663445658_cb8ec4f991_z.jpg,0,5
contentment,http://farm6.staticflickr.com/5135/5397951306_b0a4c49f0c_z.jpg,1,4
contentment,http://farm3.staticflickr.com/2536/4043534201_8c6402f9a1_z.jpg,0,5
contentment,http://farm7.staticflickr.com/6173/6138137738_c4b16a0019_z.jpg,0,5
contentment,http://farm8.staticflickr.com/7165/6564329813_2c866535fc_z.jpg,4,1
contentment,http://farm4.staticflickr.com/3650/5756812161_83cda7713c_z.jpg,3,2
contentment,http://farm6.staticflickr.com/5283/5230569765_e950a84c4a_z.jpg,3,2
contentment,http://farm4.staticflickr.com/3734/11284430476_bcb879914d_z.jpg,1,4
contentment,http://farm7.staticflickr.com/6223/6294726847_bbcbeda1d6_z.jpg,2,3
contentment,http://farm4.staticflickr.com/3038/2849582609_d8e5e196dc_z.jpg,0,5
contentment,http://farm4.staticflickr.com/3174/2938755489_ff64a41ebf_z.jpg,2,3
contentment,http://farm8.staticflickr.com/7166/6468602195_834deb144b_z.jpg,4,1
contentment,http://farm8.staticflickr.com/7553/15161873554_35fbd769d1_z.jpg,4,1
contentment,http://farm8.staticflickr.com/7165/6580136741_9ac4800fa9_z.jpg,4,1
contentment,http://farm3.staticflickr.com/2727/4310846274_cb9c8d999f_z.jpg,5,0
contentment,http://farm5.staticflickr.com/4096/4864805783_47e2221a80_z.jpg,1,4
contentment,http://farm9.staticflickr.com/8626/15481571783_db81a30d51_z.jpg,3,2
contentment,http://farm3.staticflickr.com/2911/14397277039_6deaf69309_z.jpg,4,1
contentment,http://farm4.staticflickr.com/3636/3384661416_ceb8277df5_z.jpg,1,4
contentment,http://farm7.staticflickr.com/6062/6136597682_bb4e2ab6a0_z.jpg,1,4
contentment,http://farm4.staticflickr.com/3575/3824838159_83a2d634f8_z.jpg,3,2
contentment,http://farm6.staticflickr.com/5014/5477161208_b8ce01ee29_z.jpg,2,3
contentment,http://farm4.staticflickr.com/3355/3486397198_fd1f04745d_z.jpg,2,3
contentment,http://farm9.staticflickr.com/8466/8083654171_99d5635497_z.jpg,2,3
contentment,http://farm7.staticflickr.com/6099/5880880265_a05a639615_z.jpg,0,5
contentment,http://farm8.staticflickr.com/7072/6888244218_c38efb804b_z.jpg,2,3
contentment,http://farm4.staticflickr.com/3352/3553372451_d5f38afc08_z.jpg,0,5
contentment,http://farm4.staticflickr.com/3439/3886996008_175052bf42_z.jpg,4,1
contentment,http://farm4.staticflickr.com/3231/3007233141_7b741e3b56_z.jpg,0,5
contentment,http://farm6.staticflickr.com/5096/5420461993_80868bb5d9_z.jpg,3,2
contentment,http://farm8.staticflickr.com/7025/6501809253_9f40c7659e_z.jpg,3,2
contentment,http://farm8.staticflickr.com/7139/7873094542_9914715bde_z.jpg,2,3
contentment,http://farm9.staticflickr.com/8183/8362389539_d8466a0004_z.jpg,3,2
contentment,http://farm3.staticflickr.com/2464/3735376950_98dffe90aa_z.jpg,0,5
contentment,http://farm4.staticflickr.com/3908/14594791070_07471ed0f8_z.jpg,5,0
contentment,http://farm7.staticflickr.com/6019/6291670493_c8851b3f7d_z.jpg,1,4
contentment,http://farm3.staticflickr.com/2232/3627555436_6528b2b088_z.jpg,1,4
contentment,http://farm3.staticflickr.com/2509/4082331116_f47a3978a5_z.jpg,0,5
contentment,http://farm3.staticflickr.com/2502/3943441911_85a2888355_z.jpg,3,2
contentment,http://farm6.staticflickr.com/5309/5639583124_0b5f970d65_z.jpg,5,0
contentment,http://farm3.staticflickr.com/2674/4024207743_64b4cd67e0_z.jpg,1,4
contentment,http://farm5.staticflickr.com/4081/5413457886_5d200f8398_z.jpg,1,4
contentment,http://farm8.staticflickr.com/7160/6735968139_73f29cc0b9_z.jpg,1,4
contentment,http://farm4.staticflickr.com/3012/3008069340_85fdfd9a88_z.jpg,0,5
contentment,http://farm8.staticflickr.com/7355/12410390633_6fa116640c_z.jpg,3,2
contentment,http://farm6.staticflickr.com/5218/5407824332_650ceb75b3_z.jpg,4,1
contentment,http://farm8.staticflickr.com/7446/13934385656_bffdafab06_z.jpg,5,0
contentment,http://farm5.staticflickr.com/4136/4936283871_a42012f949_z.jpg,1,4
contentment,http://farm4.staticflickr.com/3211/2889623664_e57d65e342_z.jpg,1,4
contentment,http://farm6.staticflickr.com/5286/5235030505_0f62a7bbff_z.jpg,0,5
contentment,http://farm9.staticflickr.com/8017/7658000514_e6f917f9e7_z.jpg,3,2
contentment,http://farm6.staticflickr.com/5480/10379347443_f80837966b_z.jpg,3,2
contentment,http://farm4.staticflickr.com/3229/2882597270_187a8e3430_z.jpg,5,0
contentment,http://farm5.staticflickr.com/4095/4918499307_1183391b24_z.jpg,1,4
contentment,http://farm6.staticflickr.com/5547/9051720042_ac5f323da0_z.jpg,3,2
contentment,http://farm6.staticflickr.com/5581/14742989536_9390361bbb_z.jpg,4,1
contentment,http://farm5.staticflickr.com/4103/5003401289_61759d20a6_z.jpg,1,4
contentment,http://farm6.staticflickr.com/5111/7233336888_f1457142f4_z.jpg,0,5
contentment,http://farm8.staticflickr.com/7144/6752407501_c6b968ba47_z.jpg,5,0
contentment,http://farm6.staticflickr.com/5168/5219309228_0d6e47a373_z.jpg,2,3
contentment,http://farm8.staticflickr.com/7305/9189325736_324dd05fa1_z.jpg,0,5
contentment,http://farm8.staticflickr.com/7133/7781267372_dfbd132749_z.jpg,0,5
contentment,http://farm9.staticflickr.com/8177/7985722123_88f51d99f5_z.jpg,2,3
contentment,http://farm6.staticflickr.com/5561/14737121414_8cc0f2ccd5_z.jpg,1,4
contentment,http://farm7.staticflickr.com/6128/6033980566_8e8c4c618c_z.jpg,3,2
contentment,http://farm8.staticflickr.com/7239/13889465306_49722d97c4_z.jpg,3,2
contentment,http://farm8.staticflickr.com/7424/9423983814_50900a25c8_z.jpg,5,0
contentment,http://farm3.staticflickr.com/2675/3688189069_92d829c52e_z.jpg,2,3
contentment,http://farm8.staticflickr.com/7269/7678563248_8a6c6b3dda_z.jpg,5,0
contentment,http://farm3.staticflickr.com/2490/4188875913_c4c62eca00_z.jpg,1,4
contentment,http://farm4.staticflickr.com/3231/4552406527_df9e79690b_z.jpg,1,4
contentment,http://farm3.staticflickr.com/2177/2196111379_dd70889fba_z.jpg,2,3
contentment,http://farm4.staticflickr.com/3885/14591962050_cafa056e3c_z.jpg,4,1
contentment,http://farm4.staticflickr.com/3037/2963962409_efc9a633a0_z.jpg,3,2
contentment,http://farm4.staticflickr.com/3911/14699227679_4543157ae4_z.jpg,0,5
contentment,http://farm4.staticflickr.com/3305/3618477320_48744e13f9_z.jpg,1,4
contentment,http://farm3.staticflickr.com/2103/4550723043_7cc3e3b68f_z.jpg,1,4
contentment,http://farm3.staticflickr.com/2778/4518642518_ff09115d1c_z.jpg,1,4
contentment,http://farm8.staticflickr.com/7579/15912089958_454d08b0ea_z.jpg,3,2
contentment,http://farm9.staticflickr.com/8010/7165591453_8e01769dce_z.jpg,1,4
contentment,http://farm8.staticflickr.com/7497/15832816247_87b28bdb6a_z.jpg,5,0
contentment,http://farm8.staticflickr.com/7170/6770202007_01fdee68c1_z.jpg,4,1
contentment,http://farm8.staticflickr.com/7369/8751797348_022cc27934_z.jpg,1,4
contentment,http://farm3.staticflickr.com/2353/2466428820_b7c4fd4635_z.jpg,1,4
contentment,http://farm6.staticflickr.com/5297/5390853317_8ff1b66c71_z.jpg,2,3
contentment,http://farm6.staticflickr.com/5160/5896018474_7f93f0bb0e_z.jpg,0,5
contentment,http://farm8.staticflickr.com/7398/9674269703_43fd030642_z.jpg,1,4
contentment,http://farm4.staticflickr.com/3839/14883246278_94fe2f98cf_z.jpg,1,4
contentment,http://farm3.staticflickr.com/2640/3874846565_55a66239a9_z.jpg,1,4
contentment,http://farm8.staticflickr.com/7243/7170619889_7058868fe2_z.jpg,4,1
contentment,http://farm2.staticflickr.com/1040/5180119223_00b5d6861b_z.jpg,1,4
contentment,http://farm8.staticflickr.com/7168/6816404491_5e843b54c8_z.jpg,2,3
contentment,http://farm7.staticflickr.com/6020/5982407537_005ce2537d_z.jpg,2,3
contentment,http://farm8.staticflickr.com/7313/12261730433_6d0d8db324_z.jpg,3,2
contentment,http://farm6.staticflickr.com/5507/9757393253_a4766a1487_z.jpg,1,4
contentment,http://farm3.staticflickr.com/2925/14725250026_3328b2ebdf_z.jpg,5,0
contentment,http://farm5.staticflickr.com/4076/4755860819_3942be582f_z.jpg,2,3
contentment,http://farm4.staticflickr.com/3897/14798973873_e772def966_z.jpg,5,0
contentment,http://farm9.staticflickr.com/8366/8491367600_a4e499585b_z.jpg,4,1
contentment,http://farm4.staticflickr.com/3488/3995574932_11c85c3169_z.jpg,3,2
contentment,http://farm9.staticflickr.com/8009/6991797638_4fa29b15c7_z.jpg,4,1
contentment,http://farm8.staticflickr.com/7373/13743872255_6ab6e5372f_z.jpg,2,3
contentment,http://farm4.staticflickr.com/3176/2542635447_c6089f8dc8_z.jpg,3,2
contentment,http://farm3.staticflickr.com/2678/5786147890_c0d1c8896d_z.jpg,0,5
contentment,http://farm4.staticflickr.com/3882/14780368464_d272a5c56d_z.jpg,5,0
contentment,http://farm9.staticflickr.com/8513/8368184303_5a033d9ed9_z.jpg,2,3
contentment,http://farm3.staticflickr.com/2911/14029580917_53c28a6a2d_z.jpg,0,5
contentment,http://farm4.staticflickr.com/3291/3021755282_d558a66e12_z.jpg,0,5
contentment,http://farm4.staticflickr.com/3052/2577839816_f2555d547a_z.jpg,4,1
contentment,http://farm9.staticflickr.com/8172/7994526164_d07d5aac84_z.jpg,1,4
contentment,http://farm4.staticflickr.com/3057/2765945196_1c6f0a648d_z.jpg,1,4
contentment,http://farm8.staticflickr.com/7085/7275768548_15f9362a74_z.jpg,2,3
contentment,http://farm5.staticflickr.com/4093/4815324000_2306303e78_z.jpg,0,5
contentment,http://farm8.staticflickr.com/7134/7877415182_feebffb67c_z.jpg,0,5
contentment,http://farm4.staticflickr.com/3909/14586316280_f8f5f2e65a_z.jpg,5,0
contentment,http://farm7.staticflickr.com/6118/6330886248_570eabfcaa_z.jpg,2,3
contentment,http://farm4.staticflickr.com/3657/3373366976_b89aa9b13e_z.jpg,4,1
contentment,http://farm4.staticflickr.com/3924/15378342181_aa1148950a_z.jpg,0,5
contentment,http://farm9.staticflickr.com/8423/7840890232_5d5af90655_z.jpg,1,4
contentment,http://farm4.staticflickr.com/3280/2383217236_19227a7199_z.jpg,0,5
contentment,http://farm9.staticflickr.com/8266/8614890526_fc39d56c80_z.jpg,5,0
contentment,http://farm4.staticflickr.com/3899/15061234510_7707b7a24b_z.jpg,1,4
contentment,http://farm4.staticflickr.com/3310/3653648475_31e8a90883_z.jpg,4,1
contentment,http://farm6.staticflickr.com/5102/5635316591_9cc209ef83_z.jpg,1,4
contentment,http://farm5.staticflickr.com/4082/4765300097_1b7867ae99_z.jpg,0,5
contentment,http://farm4.staticflickr.com/3780/10279677343_f314bc91a4_z.jpg,3,2
contentment,http://farm7.staticflickr.com/6012/6017100372_ffa86811f5_z.jpg,1,4
contentment,http://farm4.staticflickr.com/3737/9722648454_4316415290_z.jpg,5,0
contentment,http://farm3.staticflickr.com/2847/12718371073_c4141ccefc_z.jpg,1,4
contentment,http://farm4.staticflickr.com/3843/15068357509_cf156a33fa_z.jpg,1,4
contentment,http://farm8.staticflickr.com/7130/7547567776_bd9b86a571_z.jpg,1,4
contentment,http://farm4.staticflickr.com/3891/14593469689_7e63aab3cc_z.jpg,5,0
contentment,http://farm4.staticflickr.com/3850/14783505275_39617cf2f9_z.jpg,4,1
contentment,http://farm7.staticflickr.com/6016/5985673024_616d96ea12_z.jpg,3,2
contentment,http://farm9.staticflickr.com/8303/7999632562_df5d58a5db_z.jpg,2,3
contentment,http://farm9.staticflickr.com/8437/7781366870_6899fd8446_z.jpg,0,5
contentment,http://farm5.staticflickr.com/4152/4835242635_5182181ceb_z.jpg,3,2
contentment,http://farm7.staticflickr.com/6133/5951916372_416b072693_z.jpg,1,4
contentment,http://farm5.staticflickr.com/4067/4297838754_0189215208_z.jpg,3,2
contentment,http://farm8.staticflickr.com/7220/7382009144_2311a2aa78_z.jpg,2,3
contentment,http://farm8.staticflickr.com/7016/6447906275_cb6d67dff5_z.jpg,2,3
contentment,http://farm8.staticflickr.com/7152/6633336625_433654da9d_z.jpg,4,1
contentment,http://farm9.staticflickr.com/8644/16604132085_1cdeb09af1_z.jpg,3,2
contentment,http://farm6.staticflickr.com/5104/5756953108_f3df710bbd_z.jpg,1,4
contentment,http://farm4.staticflickr.com/3315/3582912262_24842c6b05_z.jpg,0,5
contentment,http://farm5.staticflickr.com/4140/4804881472_4c70696473_z.jpg,1,4
contentment,http://farm3.staticflickr.com/2543/3800062694_f93ed86dae_z.jpg,5,0
contentment,http://farm9.staticflickr.com/8219/8439140024_2d1dfb34d1_z.jpg,2,3
contentment,http://farm3.staticflickr.com/2930/13989850597_c4e62569e3_z.jpg,2,3
contentment,http://farm7.staticflickr.com/6031/6346648113_29bb4a0177_z.jpg,5,0
contentment,http://farm4.staticflickr.com/3936/15614837261_24616429fb_z.jpg,1,4
contentment,http://farm5.staticflickr.com/4125/5019546871_48b34d1e23_z.jpg,3,2
contentment,http://farm3.staticflickr.com/2469/4028504884_9941caa1ac_z.jpg,3,2
contentment,http://farm2.staticflickr.com/1400/4727868022_b2693f37f8_z.jpg,1,4
contentment,http://farm8.staticflickr.com/7060/6836305536_fb4467ae24_z.jpg,0,5
contentment,http://farm3.staticflickr.com/2482/3856782832_a2694a8b1d_z.jpg,2,3
contentment,http://farm4.staticflickr.com/3831/9642878865_a02d68d423_z.jpg,4,1
contentment,http://farm4.staticflickr.com/3910/14596915958_34dfdc5176_z.jpg,5,0
contentment,http://farm3.staticflickr.com/2516/5843167531_2613204485_z.jpg,2,3
contentment,http://farm8.staticflickr.com/7440/9620702015_461bb93d2d_z.jpg,1,4
contentment,http://farm6.staticflickr.com/5083/5380385086_44e2ddeee9_z.jpg,5,0
contentment,http://farm3.staticflickr.com/2006/2255635210_c018b932a3_z.jpg,5,0
contentment,http://farm9.staticflickr.com/8309/8062561252_347b0f3881_z.jpg,0,5
contentment,http://farm8.staticflickr.com/7139/7819634002_3e2986bc7f_z.jpg,1,4
contentment,http://farm4.staticflickr.com/3198/3092459280_8be206db4f_z.jpg,1,4
contentment,http://farm4.staticflickr.com/3696/9539863171_8ee1082db8_z.jpg,5,0
contentment,http://farm4.staticflickr.com/3900/14779983424_626f84d6e2_z.jpg,5,0
contentment,http://farm5.staticflickr.com/4110/4840797903_aeebb4484d_z.jpg,2,3
contentment,http://farm8.staticflickr.com/7134/7739035798_7fa32216c0_z.jpg,4,1
contentment,http://farm7.staticflickr.com/6096/6347724961_9cb5881d1a_z.jpg,4,1
contentment,http://farm5.staticflickr.com/4019/4619005613_137b7ac72f_z.jpg,0,5
contentment,http://farm8.staticflickr.com/7189/6972358920_463568497d_z.jpg,2,3
contentment,http://farm5.staticflickr.com/4079/4867187843_c94843c7fe_z.jpg,5,0
contentment,http://farm7.staticflickr.com/6094/6302578708_ca42ffe455_z.jpg,1,4
contentment,http://farm9.staticflickr.com/8341/8183622009_c390a26053_z.jpg,2,3
contentment,http://farm5.staticflickr.com/4068/4480113569_d6727e9740_z.jpg,0,5
contentment,http://farm4.staticflickr.com/3879/14784461312_496a69a60c_z.jpg,5,0
contentment,http://farm3.staticflickr.com/2766/4541422008_3e7caf4120_z.jpg,3,2
contentment,http://farm3.staticflickr.com/2450/3768107866_0aaba6c781_z.jpg,0,5
contentment,http://farm4.staticflickr.com/3365/3294831979_70cca481b7_z.jpg,2,3
contentment,http://farm3.staticflickr.com/2634/3824514618_73fb172d5a_z.jpg,4,1
contentment,http://farm4.staticflickr.com/3336/3284024785_ed69448fd9_z.jpg,0,5
contentment,http://farm4.staticflickr.com/3277/3035425063_d4b1487d40_z.jpg,1,4
contentment,http://farm9.staticflickr.com/8443/7895144176_b19e2afb45_z.jpg,3,2
contentment,http://farm7.staticflickr.com/6023/5981640422_17c3c04862_z.jpg,2,3
contentment,http://farm8.staticflickr.com/7151/6634119111_91690f88f5_z.jpg,1,4
contentment,http://farm6.staticflickr.com/5253/5477171470_5c190357e4_z.jpg,4,1
contentment,http://farm6.staticflickr.com/5584/14771618625_459d51c394_z.jpg,5,0
contentment,http://farm7.staticflickr.com/6203/6034858716_4bfdec4019_z.jpg,1,4
contentment,http://farm4.staticflickr.com/3283/2876914163_e947664385_z.jpg,2,3
contentment,http://farm6.staticflickr.com/5006/5304598469_e6c822e67c_z.jpg,3,2
contentment,http://farm1.staticflickr.com/196/498745802_11aaefe04c_z.jpg,5,0
contentment,http://farm9.staticflickr.com/8389/8582636159_c0099bd343_z.jpg,0,5
contentment,http://farm5.staticflickr.com/4035/4322751836_6d732ef20a_z.jpg,1,4
contentment,http://farm3.staticflickr.com/2917/14230401958_2fd85a0e17_z.jpg,5,0
contentment,http://farm4.staticflickr.com/3221/3124343527_c1a5fd61b5_z.jpg,2,3
contentment,http://farm6.staticflickr.com/5215/5529772561_0c04eb83d5_z.jpg,2,3
contentment,http://farm6.staticflickr.com/5254/5573485491_502d9f3c59_z.jpg,3,2
contentment,http://farm3.staticflickr.com/2918/14252264303_ac8689e895_z.jpg,2,3
contentment,http://farm9.staticflickr.com/8453/7891365140_34c3680fea_z.jpg,1,4
contentment,http://farm8.staticflickr.com/7150/6828684947_1ef55f914d_z.jpg,5,0
contentment,http://farm9.staticflickr.com/8203/8190343013_1543d90e9b_z.jpg,2,3
contentment,http://farm3.staticflickr.com/2939/14595813069_9c150ab11e_z.jpg,3,2
contentment,http://farm9.staticflickr.com/8458/8053239688_1ef17a6392_z.jpg,1,4
contentment,http://farm2.staticflickr.com/1389/5134334649_6c1fc92c95_z.jpg,0,5
contentment,http://farm9.staticflickr.com/8167/7571538198_03f63e1780_z.jpg,1,4
contentment,http://farm4.staticflickr.com/3713/11589992844_99c950e967_z.jpg,2,3
contentment,http://farm4.staticflickr.com/3840/14743026046_f117a798b6_z.jpg,5,0
contentment,http://farm4.staticflickr.com/3693/13156404565_f5d9412da6_z.jpg,5,0
contentment,http://farm5.staticflickr.com/4020/4701148021_7c8dd28602_z.jpg,4,1
contentment,http://farm8.staticflickr.com/7032/6473526591_5d9b612be6_z.jpg,5,0
contentment,http://farm5.staticflickr.com/4055/4409609355_a6beceeaba_z.jpg,0,5
contentment,http://farm3.staticflickr.com/2777/4069488831_39d37917a7_z.jpg,4,1
contentment,http://farm3.staticflickr.com/2623/3942600511_ed34314a52_z.jpg,0,5
contentment,http://farm4.staticflickr.com/3530/3192087073_9ca1691f12_z.jpg,1,4
contentment,http://farm3.staticflickr.com/2892/9866826715_f166e48839_z.jpg,5,0
contentment,http://farm6.staticflickr.com/5342/9118996532_0f6b892669_z.jpg,0,5
contentment,http://farm8.staticflickr.com/7096/7179958093_0fa0b72f24_z.jpg,4,1
contentment,http://farm6.staticflickr.com/5047/5371939543_089ac46fca_z.jpg,4,1
contentment,http://farm4.staticflickr.com/3837/14780473684_5daf198e7b_z.jpg,4,1
contentment,http://farm7.staticflickr.com/6233/6361736317_18aa8c158d_z.jpg,2,3
contentment,http://farm9.staticflickr.com/8508/8471516251_260fb1df59_z.jpg,4,1
contentment,http://farm4.staticflickr.com/3709/12659704135_48fe19e6b7_z.jpg,2,3
contentment,http://farm4.staticflickr.com/3790/9735135066_162a7ed9a5_z.jpg,4,1
contentment,http://farm9.staticflickr.com/8098/8542890123_dd32c70108_z.jpg,3,2
contentment,http://farm3.staticflickr.com/2664/3918556309_d8c3fee0d6_z.jpg,0,5
contentment,http://farm3.staticflickr.com/2937/14763791615_448efbec6c_z.jpg,5,0
contentment,http://farm6.staticflickr.com/5045/5264457102_208e11e181_z.jpg,0,5
contentment,http://farm8.staticflickr.com/7026/6768219833_b75083e715_z.jpg,2,3
contentment,http://farm5.staticflickr.com/4104/4965300986_8b95a766d8_z.jpg,1,4
contentment,http://farm8.staticflickr.com/7077/7008496661_aa36f86fae_z.jpg,3,2
contentment,http://farm9.staticflickr.com/8149/7622368402_5c68a6a673_z.jpg,2,3
contentment,http://farm4.staticflickr.com/3861/14579690618_0a8ca0e8ba_z.jpg,5,0
contentment,http://farm8.staticflickr.com/7178/6952255689_69a3205919_z.jpg,0,5
contentment,http://farm7.staticflickr.com/6024/5982917492_37f46776d5_z.jpg,5,0
contentment,http://farm8.staticflickr.com/7076/7129447409_29c314d3be_z.jpg,3,2
contentment,http://farm4.staticflickr.com/3444/3318640109_300ab86d5a_z.jpg,4,1
contentment,http://farm8.staticflickr.com/7260/6886050850_d8595ec8af_z.jpg,0,5
contentment,http://farm5.staticflickr.com/4042/5150913649_f1fc7860ef_z.jpg,1,4
contentment,http://farm8.staticflickr.com/7530/15839202349_6b49fe0a11_z.jpg,4,1
contentment,http://farm4.staticflickr.com/3300/3501940464_c9000bf8cd_z.jpg,1,4
contentment,http://farm5.staticflickr.com/4124/5072934014_9185073fcb_z.jpg,5,0
contentment,http://farm8.staticflickr.com/7046/6963195578_103fc84716_z.jpg,3,2
contentment,http://farm3.staticflickr.com/2912/14578293897_7f511aaf09_z.jpg,5,0
contentment,http://farm9.staticflickr.com/8151/7704176562_a0bfe65f76_z.jpg,1,4
contentment,http://farm5.staticflickr.com/4123/4853269965_ec044db1d0_z.jpg,2,3
contentment,http://farm3.staticflickr.com/2899/14759626826_2b5f7eff4f_z.jpg,5,0
contentment,http://farm4.staticflickr.com/3587/3399860315_4c18f7c573_z.jpg,1,4
contentment,http://farm4.staticflickr.com/3891/14696260839_65755c9f0f_z.jpg,2,3
contentment,http://farm8.staticflickr.com/7419/11039970994_677b99a24f_z.jpg,1,4
contentment,http://farm3.staticflickr.com/2086/2334276862_f98a6e1464_z.jpg,0,5
contentment,http://farm4.staticflickr.com/3696/13623989545_9a7c4c7104_z.jpg,3,2
contentment,http://farm5.staticflickr.com/4084/4983847112_1838f72a2d_z.jpg,2,3
contentment,http://farm6.staticflickr.com/5207/5375885340_50234c52f7_z.jpg,3,2
contentment,http://farm8.staticflickr.com/7223/7169523991_90bea4fca3_z.jpg,1,4
contentment,http://farm9.staticflickr.com/8188/8361638345_0f5ae25da5_z.jpg,5,0
contentment,http://farm4.staticflickr.com/3685/9601490275_6fc5965f54_z.jpg,3,2
contentment,http://farm9.staticflickr.com/8360/8442977952_d7a63c695c_z.jpg,2,3
contentment,http://farm4.staticflickr.com/3108/2838778630_9071ecbb2b_z.jpg,1,4
contentment,http://farm8.staticflickr.com/7164/6697743553_fe89c96e3a_z.jpg,3,2
contentment,http://farm6.staticflickr.com/5536/12047191265_df5ebd3d59_z.jpg,5,0
contentment,http://farm4.staticflickr.com/3038/2739616469_4064659c82_z.jpg,1,4
contentment,http://farm9.staticflickr.com/8181/8042435401_f6f5f680bc_z.jpg,0,5
contentment,http://farm5.staticflickr.com/4059/4574831519_078e085732_z.jpg,5,0
contentment,http://farm4.staticflickr.com/3762/9702611911_624db17239_z.jpg,3,2
contentment,http://farm7.staticflickr.com/6009/5894154850_72271f17d6_z.jpg,0,5
contentment,http://farm8.staticflickr.com/7021/6613175085_bb442629b8_z.jpg,5,0
contentment,http://farm8.staticflickr.com/7159/6603886675_d546ceae0d_z.jpg,0,5
contentment,http://farm5.staticflickr.com/4099/4741434263_76c0289bc8_z.jpg,3,2
contentment,http://farm6.staticflickr.com/5557/14754951056_d9f2f51909_z.jpg,5,0
contentment,http://farm7.staticflickr.com/6235/6277598876_6d8666f1a0_z.jpg,1,4
contentment,http://farm6.staticflickr.com/5444/9644023571_29d4f6ed78_z.jpg,3,2
contentment,http://farm6.staticflickr.com/5256/5463120422_f4a9e68611_z.jpg,4,1
contentment,http://farm6.staticflickr.com/5145/5620861749_50b7f4a414_z.jpg,2,3
contentment,http://farm8.staticflickr.com/7298/11579764816_9e841d4c77_z.jpg,5,0
contentment,http://farm4.staticflickr.com/3888/14753717036_0f2c65084a_z.jpg,5,0
contentment,http://farm7.staticflickr.com/6061/6079457708_82b8e023bd_z.jpg,3,2
contentment,http://farm9.staticflickr.com/8258/8632298849_f667d4c9a9_z.jpg,1,4
contentment,http://farm5.staticflickr.com/4108/5073745413_f4f3787ee2_z.jpg,0,5
contentment,http://farm9.staticflickr.com/8427/7663879168_5f4992954c_z.jpg,1,0
contentment,http://farm6.staticflickr.com/5243/5227612610_a37e17b128_z.jpg,2,3
contentment,http://farm9.staticflickr.com/8046/8100840787_2624edb9dd_z.jpg,2,3
contentment,http://farm9.staticflickr.com/8363/8386515352_dba2de5af9_z.jpg,4,1
contentment,http://farm8.staticflickr.com/7511/15169765774_30c88f528a_z.jpg,0,5
contentment,http://farm8.staticflickr.com/7515/15513146128_92429082e7_z.jpg,1,4
contentment,http://farm8.staticflickr.com/7280/13267203455_b093038945_z.jpg,3,2
contentment,http://farm9.staticflickr.com/8237/8555396836_7eb362cbe4_z.jpg,2,3
contentment,http://farm4.staticflickr.com/3870/14992946116_be988b67ae_z.jpg,3,2
contentment,http://farm5.staticflickr.com/4058/4208215933_008c92fc34_z.jpg,4,1
contentment,http://farm5.staticflickr.com/4106/5072138784_96cc9e102b_z.jpg,2,3
contentment,http://farm7.staticflickr.com/6187/6130957482_b009cfc906_z.jpg,2,3
contentment,http://farm6.staticflickr.com/5562/14583694170_9f032f59b1_z.jpg,5,0
contentment,http://farm4.staticflickr.com/3120/2586180912_3aeb328fd6_z.jpg,1,4
contentment,http://farm6.staticflickr.com/5596/14778961674_7032b3883c_z.jpg,4,1
contentment,http://farm5.staticflickr.com/4087/4835239663_75c71767d2_z.jpg,2,3
contentment,http://farm4.staticflickr.com/3529/3457100472_33770a94e9_z.jpg,2,3
contentment,http://farm5.staticflickr.com/4132/5017036902_2d49870898_z.jpg,3,2
contentment,http://farm6.staticflickr.com/5007/5266002464_55808464b9_z.jpg,0,5
contentment,http://farm4.staticflickr.com/3397/3411781605_15503832e9_z.jpg,2,3
contentment,http://farm6.staticflickr.com/5002/5252646346_c7314628d4_z.jpg,5,0
contentment,http://farm4.staticflickr.com/3844/14577643650_7efdbb6345_z.jpg,2,3
contentment,http://farm5.staticflickr.com/4014/4719633444_fc888e2190_z.jpg,5,0
contentment,http://farm8.staticflickr.com/7016/6831249841_f972ca5138_z.jpg,3,2
contentment,http://farm4.staticflickr.com/3696/8781386749_da227d8f9a_z.jpg,1,4
contentment,http://farm3.staticflickr.com/2651/3785207286_3c797645d1_z.jpg,2,3
contentment,http://farm5.staticflickr.com/4021/4711027195_77ab89aa52_z.jpg,4,1
contentment,http://farm4.staticflickr.com/3209/2624925270_34d5bff3be_z.jpg,2,3
contentment,http://farm9.staticflickr.com/8156/7560015300_fa0f095051_z.jpg,0,5
contentment,http://farm8.staticflickr.com/7022/6555514077_d7bc85a674_z.jpg,4,1
contentment,http://farm4.staticflickr.com/3853/15038832422_acd0fa6bf6_z.jpg,3,2
contentment,http://farm8.staticflickr.com/7367/8722971555_83c65ae1fc_z.jpg,5,0
contentment,http://farm8.staticflickr.com/7201/13264726175_eb37c9a5a8_z.jpg,5,0
contentment,http://farm4.staticflickr.com/3161/2473899597_db0422aab4_z.jpg,0,5
contentment,http://farm7.staticflickr.com/6127/6193073518_22aa38e1ce_z.jpg,2,3
contentment,http://farm4.staticflickr.com/3254/2508211255_8434ac7706_z.jpg,2,3
contentment,http://farm8.staticflickr.com/7543/15918636681_d7f4b9d306_z.jpg,4,1
contentment,http://farm9.staticflickr.com/8285/7781229428_e64a90df2e_z.jpg,0,5
contentment,http://farm6.staticflickr.com/5477/14427747995_f957247ec3_z.jpg,3,2
contentment,http://farm5.staticflickr.com/4060/4488372867_7165274403_z.jpg,1,4
contentment,http://farm3.staticflickr.com/2260/3529182021_fffa7084a6_z.jpg,3,2
contentment,http://farm9.staticflickr.com/8300/7781324460_8974e6f237_z.jpg,0,5
contentment,http://farm8.staticflickr.com/7006/6573697669_b19e5c14c7_z.jpg,1,4
contentment,http://farm8.staticflickr.com/7186/6883357435_bc21274a5a_z.jpg,1,4
contentment,http://farm8.staticflickr.com/7190/6841962742_220784b745_z.jpg,0,5
contentment,http://farm2.staticflickr.com/1193/5126951364_c8f339bdd5_z.jpg,2,3
contentment,http://farm3.staticflickr.com/2788/5855242909_4301e88195_z.jpg,2,3
contentment,http://farm4.staticflickr.com/3779/13769422175_43ed8332a9_z.jpg,1,4
contentment,http://farm9.staticflickr.com/8559/15517242867_5d34d9b3b9_z.jpg,2,3
contentment,http://farm5.staticflickr.com/4015/4450649301_4f1be78b8e_z.jpg,1,4
contentment,http://farm6.staticflickr.com/5475/11745752744_1cfb17c793_z.jpg,3,2
contentment,http://farm3.staticflickr.com/2912/14594718309_45b242e069_z.jpg,3,2
contentment,http://farm9.staticflickr.com/8027/7453784042_6280e2da17_z.jpg,1,4
contentment,http://farm4.staticflickr.com/3877/15346199271_4e117a9d38_z.jpg,2,3
contentment,http://farm4.staticflickr.com/3013/3552848532_f793b44753_z.jpg,2,3
contentment,http://farm7.staticflickr.com/6166/6168173170_71bf6a4d88_z.jpg,3,2
contentment,http://farm8.staticflickr.com/7044/6773138046_a33be6bac4_z.jpg,3,2
contentment,http://farm5.staticflickr.com/4151/4835851000_b19ff0e0ea_z.jpg,4,1
contentment,http://farm6.staticflickr.com/5171/5527843227_87b5e7403d_z.jpg,1,4
contentment,http://farm2.staticflickr.com/1165/3168822525_7159b7e2c7_z.jpg,0,5
contentment,http://farm6.staticflickr.com/5303/5749115753_086d6490cf_z.jpg,0,5
contentment,http://farm5.staticflickr.com/4029/4688352850_94da3d0432_z.jpg,1,4
contentment,http://farm4.staticflickr.com/3485/3782722805_f56863e4f8_z.jpg,2,3
contentment,http://farm9.staticflickr.com/8327/8102034194_ecd943ccf2_z.jpg,1,4
contentment,http://farm4.staticflickr.com/3810/9570454861_bc20731061_z.jpg,4,1
contentment,http://farm3.staticflickr.com/2669/4147622084_b5c30ef160_z.jpg,1,4
contentment,http://farm6.staticflickr.com/5092/5538698648_56d4da2480_z.jpg,5,0
contentment,http://farm6.staticflickr.com/5213/5527067234_27d5a42c24_z.jpg,2,3
contentment,http://farm8.staticflickr.com/7170/6464157051_4598941a18_z.jpg,2,3
contentment,http://farm8.staticflickr.com/7415/9535834319_04e49bc7ae_z.jpg,5,0
contentment,http://farm8.staticflickr.com/7009/6463405133_79702828c2_z.jpg,4,1
contentment,http://farm3.staticflickr.com/2900/14579819749_4bc2987dd5_z.jpg,4,1
contentment,http://farm8.staticflickr.com/7151/6729462829_c17e5aa88c_z.jpg,5,0
contentment,http://farm4.staticflickr.com/3026/3015608389_eb00f9c62f_z.jpg,5,0
contentment,http://farm9.staticflickr.com/8397/8644953579_1c72df0302_z.jpg,3,2
contentment,http://farm4.staticflickr.com/3316/3306085857_08b35a1edc_z.jpg,2,3
contentment,http://farm3.staticflickr.com/2770/4506390309_3300d2f08a_z.jpg,2,3
contentment,http://farm6.staticflickr.com/5025/5591288423_0979e53bf5_z.jpg,0,5
contentment,http://farm4.staticflickr.com/3128/2616027317_9c533be98e_z.jpg,4,1
contentment,http://farm8.staticflickr.com/7323/10553997066_484c05fe04_z.jpg,2,3
contentment,http://farm9.staticflickr.com/8503/8315538984_a38f0ffdd6_z.jpg,2,3
contentment,http://farm9.staticflickr.com/8631/16621063382_fd1a35808b_z.jpg,3,2
contentment,http://farm6.staticflickr.com/5180/5518009400_d9b9fcc7df_z.jpg,0,5
contentment,http://farm9.staticflickr.com/8251/8540237413_28fede2bb0_z.jpg,2,3
contentment,http://farm6.staticflickr.com/5211/5533435269_792cf1e881_z.jpg,1,4
contentment,http://farm7.staticflickr.com/6126/5982482115_b9ede203e1_z.jpg,4,1
contentment,http://farm8.staticflickr.com/7428/9555917475_6ee5346b22_z.jpg,2,3
contentment,http://farm9.staticflickr.com/8513/8575183972_b17d6f2c4f_z.jpg,4,1
contentment,http://farm6.staticflickr.com/5111/14239814951_4c2f7166d3_z.jpg,3,2
contentment,http://farm8.staticflickr.com/7152/13369725134_a066d61059_z.jpg,1,4
contentment,http://farm4.staticflickr.com/3919/14776631891_c5b229df66_z.jpg,2,3
contentment,http://farm3.staticflickr.com/2912/14340731613_30578bd030_z.jpg,1,4
contentment,http://farm4.staticflickr.com/3188/2670718870_d50d8736f2_z.jpg,0,5
contentment,http://farm5.staticflickr.com/4075/4786841565_6a88d066f6_z.jpg,5,0
contentment,http://farm4.staticflickr.com/3883/14597518789_4809e14c35_z.jpg,5,0
contentment,http://farm4.staticflickr.com/3369/3205181732_cb2af94284_z.jpg,0,5
contentment,http://farm9.staticflickr.com/8145/7519641896_41ff127a85_z.jpg,5,0
contentment,http://farm6.staticflickr.com/5561/15231201255_1d59fc673d_z.jpg,2,3
contentment,http://farm4.staticflickr.com/3302/3479057746_9d01fb2fc4_z.jpg,1,4
contentment,http://farm6.staticflickr.com/5102/5864481168_635eb30f62_z.jpg,1,4
contentment,http://farm8.staticflickr.com/7166/6616093157_44ffd2e925_z.jpg,0,5
contentment,http://farm3.staticflickr.com/2795/5858918987_2d5f3d3517_z.jpg,0,5
contentment,http://farm4.staticflickr.com/3578/3510345640_4fb5f3a109_z.jpg,2,3
contentment,http://farm9.staticflickr.com/8423/7739028840_150991dcda_z.jpg,5,0
contentment,http://farm5.staticflickr.com/4008/4338234317_7859697268_z.jpg,0,5
contentment,http://farm3.staticflickr.com/2853/11021823826_e738f408ff_z.jpg,1,4
contentment,http://farm6.staticflickr.com/5185/5628249701_9bee673d36_z.jpg,5,0
contentment,http://farm7.staticflickr.com/6091/6317490165_326e545719_z.jpg,0,5
contentment,http://farm4.staticflickr.com/3174/2881767443_2823139ca0_z.jpg,3,2
contentment,http://farm9.staticflickr.com/8462/8006351521_2fa374d5da_z.jpg,4,1
contentment,http://farm5.staticflickr.com/4039/4631606141_5f2479b232_z.jpg,1,4
contentment,http://farm5.staticflickr.com/4032/4662336156_2dd1684302_z.jpg,3,2
contentment,http://farm4.staticflickr.com/3293/2870091801_aef1965365_z.jpg,2,3
contentment,http://farm8.staticflickr.com/7142/6644347943_d01e34220e_z.jpg,0,5
contentment,http://farm9.staticflickr.com/8020/7441857610_87431be8e8_z.jpg,2,3
contentment,http://farm9.staticflickr.com/8505/8359899697_54c1bddc31_z.jpg,1,4
contentment,http://farm7.staticflickr.com/6104/6219682377_1ca4cf6a9d_z.jpg,2,3
contentment,http://farm5.staticflickr.com/4139/5220148853_7191f1b186_z.jpg,2,3
contentment,http://farm7.staticflickr.com/6053/6277727013_dc4017fc01_z.jpg,4,1
contentment,http://farm4.staticflickr.com/3546/3321713946_bfafbbff00_z.jpg,2,3
contentment,http://farm7.staticflickr.com/6002/5994182681_636f872fd3_z.jpg,1,4
contentment,http://farm8.staticflickr.com/7278/7665680532_5b66b09af7_z.jpg,1,4
contentment,http://farm9.staticflickr.com/8012/7556168722_4f0ec91905_z.jpg,3,2
contentment,http://farm3.staticflickr.com/2921/14071242827_37290aa95a_z.jpg,1,4
contentment,http://farm4.staticflickr.com/3744/9701556198_0f6c8df2f5_z.jpg,5,0
contentment,http://farm5.staticflickr.com/4003/4173113595_448ef1cc78_z.jpg,3,2
contentment,http://farm5.staticflickr.com/4021/4656433577_a5fb0f571a_z.jpg,5,0
contentment,http://farm4.staticflickr.com/3744/13454863954_d16ce412f8_z.jpg,4,1
contentment,http://farm6.staticflickr.com/5300/5477182820_7d74c567c3_z.jpg,0,5
contentment,http://farm5.staticflickr.com/4047/5167524114_4791d05646_z.jpg,2,3
contentment,http://farm5.staticflickr.com/4066/4271410551_ac05160d24_z.jpg,3,2
contentment,http://farm9.staticflickr.com/8502/8294091282_4dd340a27a_z.jpg,4,1
contentment,http://farm9.staticflickr.com/8146/7604947834_e2978849f9_z.jpg,5,0
contentment,http://farm8.staticflickr.com/7215/7306202840_fbe5ba9fb3_z.jpg,2,3
contentment,http://farm6.staticflickr.com/5563/14777701581_0edd68e5f6_z.jpg,5,0
contentment,http://farm4.staticflickr.com/3309/3505848848_5453bd67a5_z.jpg,3,2
contentment,http://farm5.staticflickr.com/4128/5017036752_093112be40_z.jpg,1,4
contentment,http://farm4.staticflickr.com/3807/10532436776_7ab58a3b08_z.jpg,3,2
contentment,http://farm9.staticflickr.com/8293/7718056924_441a683dd1_z.jpg,5,0
contentment,http://farm8.staticflickr.com/7021/6770202773_f587ec8b47_z.jpg,4,1
contentment,http://farm6.staticflickr.com/5158/14475569821_bdf703881b_z.jpg,5,0
contentment,http://farm6.staticflickr.com/5457/9621568308_d093e9fee8_z.jpg,2,3
contentment,http://farm4.staticflickr.com/3885/14453569703_6fd759d78a_z.jpg,4,1
contentment,http://farm3.staticflickr.com/2897/14576509548_69c1f05f81_z.jpg,5,0
contentment,http://farm6.staticflickr.com/5581/14757790591_94b1cf41ac_z.jpg,3,2
contentment,http://farm9.staticflickr.com/8082/8311075488_81a8fa28ae_z.jpg,5,0
contentment,http://farm9.staticflickr.com/8097/8496593927_31c4c0ec6d_z.jpg,1,4
contentment,http://farm5.staticflickr.com/4110/5211650146_cf6efa9b83_z.jpg,2,3
contentment,http://farm5.staticflickr.com/4009/4299945903_fd1d56edc5_z.jpg,2,3
contentment,http://farm4.staticflickr.com/3842/14375135299_0d12bd8936_z.jpg,4,1
contentment,http://farm5.staticflickr.com/4028/4446380835_776f1929fd_z.jpg,2,3
contentment,http://farm3.staticflickr.com/2088/2484217241_c48edfee97_z.jpg,0,5
contentment,http://farm3.staticflickr.com/2668/3980661732_9a01c68c3d_z.jpg,2,3
contentment,http://farm2.staticflickr.com/1394/4723392022_da31abeec0_z.jpg,4,1
contentment,http://farm4.staticflickr.com/3950/15585489726_e8ce203276_z.jpg,1,4
contentment,http://farm4.staticflickr.com/3018/2702001375_e462fedf36_z.jpg,3,2
contentment,http://farm3.staticflickr.com/2821/10599470816_c5e54afe69_z.jpg,5,0
contentment,http://farm4.staticflickr.com/3719/9689133757_0c3fd88d9c_z.jpg,0,5
