contentment,http://farm8.staticflickr.com/7464/16152323750_5c1b79b3c1_z.jpg,5,0
contentment,http://farm3.staticflickr.com/2233/2512214409_7d92cbd396_z.jpg,2,3
contentment,http://farm8.staticflickr.com/7239/7240103462_79939d63a8_z.jpg,2,3
contentment,http://farm4.staticflickr.com/3827/11593579915_976d0dbbd9_z.jpg,5,0
contentment,http://farm9.staticflickr.com/8468/8134535190_25916269ca_z.jpg,4,1
contentment,http://farm2.staticflickr.com/1313/5166927207_466ceaa81b_z.jpg,4,1
contentment,http://farm4.staticflickr.com/3711/9676027799_efcda6ac72_z.jpg,2,3
contentment,http://farm4.staticflickr.com/3399/3309481017_fe8831a8e4_z.jpg,0,5
contentment,http://farm9.staticflickr.com/8391/8591517486_43dec86f2c_z.jpg,4,1
contentment,http://farm6.staticflickr.com/5564/14782663962_afa78d7ff4_z.jpg,4,1
contentment,http://farm4.staticflickr.com/3080/2621561615_d25ac78575_z.jpg,3,2
contentment,http://farm5.staticflickr.com/4048/4351802745_6e0e62bf88_z.jpg,2,3
contentment,http://farm2.staticflickr.com/1274/4661230272_53c44b2dac_z.jpg,3,2
contentment,http://farm4.staticflickr.com/3125/3190790943_1bc2bcc53a_z.jpg,4,1
contentment,http://farm8.staticflickr.com/7385/12391695385_66d358c2fa_z.jpg,4,1
contentment,http://farm9.staticflickr.com/8211/8265253671_d5baa5ea48_z.jpg,5,0
contentment,http://farm5.staticflickr.com/4026/4318031225_c4da1355c9_z.jpg,3,2
contentment,http://farm4.staticflickr.com/3078/5862251006_b2c58a44ef_z.jpg,4,1
contentment,http://farm3.staticflickr.com/2891/13492226924_54cb533211_z.jpg,1,4
contentment,http://farm8.staticflickr.com/7205/6983719930_79af7faebc_z.jpg,5,0
contentment,http://farm8.staticflickr.com/7387/8724935375_f2c882e9a1_z.jpg,3,2
contentment,http://farm9.staticflickr.com/8515/8382094725_258c26a79e_z.jpg,1,4
contentment,http://farm4.staticflickr.com/3225/3122370836_0140be685e_z.jpg,4,1
contentment,http://farm9.staticflickr.com/8443/7781245346_b5974cc3df_z.jpg,2,3
contentment,http://farm3.staticflickr.com/2285/2391219523_494ac339e3_z.jpg,3,2
contentment,http://farm3.staticflickr.com/2928/14761896865_80a264ef24_z.jpg,4,1
contentment,http://farm6.staticflickr.com/5298/5470252666_b333a23b5d_z.jpg,5,0
contentment,http://farm6.staticflickr.com/5293/5390358129_b0f43ae218_z.jpg,5,0
contentment,http://farm9.staticflickr.com/8573/15953609623_1e7dda3a69_z.jpg,2,3
contentment,http://farm6.staticflickr.com/5290/5285279605_bc412739ab_z.jpg,5,0
contentment,http://farm4.staticflickr.com/3439/3361514806_b05201c1f7_z.jpg,3,2
contentment,http://farm4.staticflickr.com/3099/2673882533_3e0f6a4106_z.jpg,5,0
contentment,http://farm9.staticflickr.com/8198/8210456986_5b658e35e0_z.jpg,2,3
contentment,http://farm4.staticflickr.com/3823/10640314145_caea651bc7_z.jpg,2,3
contentment,http://farm7.staticflickr.com/6233/6235183225_8b7d21c8d4_z.jpg,4,1
contentment,http://farm5.staticflickr.com/4050/4354696608_9b0e5fb835_z.jpg,5,0
contentment,http://farm5.staticflickr.com/4013/4630343538_332eedef29_z.jpg,1,4
contentment,http://farm8.staticflickr.com/7351/8906999649_24ea4e8fd0_z.jpg,5,0
contentment,http://farm4.staticflickr.com/3033/2647204685_15a1ddb057_z.jpg,5,0
contentment,http://farm9.staticflickr.com/8675/16353376177_667e0354ef_z.jpg,5,0
contentment,http://farm8.staticflickr.com/7388/11646786905_1e76193fbd_z.jpg,4,1
contentment,http://farm4.staticflickr.com/3616/3571999642_9a42463796_z.jpg,1,4
contentment,http://farm6.staticflickr.com/5574/15015932148_25ab20ea59_z.jpg,2,3
contentment,http://farm4.staticflickr.com/3210/2790903295_c0385b9b87_z.jpg,2,3
contentment,http://farm8.staticflickr.com/7168/6613216489_f5a5abc849_z.jpg,4,1
contentment,http://farm9.staticflickr.com/8424/7739026424_d344d1517a_z.jpg,5,0
contentment,http://farm8.staticflickr.com/7006/6560326827_507b592760_z.jpg,4,1
contentment,http://farm4.staticflickr.com/3840/15008273852_926eb1ed34_z.jpg,3,2
contentment,http://farm5.staticflickr.com/4036/4665077976_d45053c0b2_z.jpg,2,3
contentment,http://farm3.staticflickr.com/2717/4462950012_11b4b27766_z.jpg,2,3
contentment,http://farm8.staticflickr.com/7426/12579790795_ac6b560183_z.jpg,5,0
contentment,http://farm9.staticflickr.com/8458/8059100003_4585392154_z.jpg,4,1
contentment,http://farm9.staticflickr.com/8350/8262826995_ff0996de53_z.jpg,1,4
contentment,http://farm9.staticflickr.com/8516/8508161425_0527baea46_z.jpg,1,4
contentment,http://farm4.staticflickr.com/3914/15021338108_4cbf7a1995_z.jpg,5,0
contentment,http://farm7.staticflickr.com/6054/6352263205_349cc7278b_z.jpg,3,2
contentment,http://farm4.staticflickr.com/3352/3261497305_ffe401e7a3_z.jpg,4,1
contentment,http://farm4.staticflickr.com/3624/3337878124_a8994ca0d2_z.jpg,2,3
contentment,http://farm9.staticflickr.com/8086/8454700427_7b8dfd5754_z.jpg,5,0
contentment,http://farm5.staticflickr.com/4027/4285862483_d56a31bd76_z.jpg,2,2
contentment,http://farm3.staticflickr.com/2570/3936425107_c9e12231b9_z.jpg,0,5
contentment,http://farm9.staticflickr.com/8184/8384603401_1a197ebfb7_z.jpg,1,4
contentment,http://farm8.staticflickr.com/7189/6952263551_ee4302bb82_z.jpg,1,4
contentment,http://farm5.staticflickr.com/4135/4784717883_89c3815971_z.jpg,4,1
contentment,http://farm8.staticflickr.com/7396/9795637766_1cd91bb33a_z.jpg,5,0
contentment,http://farm9.staticflickr.com/8072/8308289953_961ddf249a_z.jpg,2,3
contentment,http://farm9.staticflickr.com/8011/7274934080_11ed461d2e_z.jpg,5,0
contentment,http://farm4.staticflickr.com/3557/5784524845_63c297538f_z.jpg,3,2
contentment,http://farm3.staticflickr.com/2934/14595663899_feb3095212_z.jpg,5,0
contentment,http://farm4.staticflickr.com/3955/15739279245_cf867a25fb_z.jpg,2,3
contentment,http://farm8.staticflickr.com/7161/6751195615_5f3aee1ce5_z.jpg,1,4
contentment,http://farm8.staticflickr.com/7106/7418025316_20ebc473a8_z.jpg,3,2
contentment,http://farm4.staticflickr.com/3432/3916292326_acf3d62fd0_z.jpg,4,0
contentment,http://farm4.staticflickr.com/3106/3157984542_e403e2c777_z.jpg,3,2
contentment,http://farm3.staticflickr.com/2933/14586512917_861456403f_z.jpg,5,0
contentment,http://farm3.staticflickr.com/2948/15227265388_ef6caae2d0_z.jpg,2,3
contentment,http://farm3.staticflickr.com/2935/14708232743_59ec1196d4_z.jpg,3,2
contentment,http://farm6.staticflickr.com/5450/9586003686_131d0846f9_z.jpg,3,2
contentment,http://farm5.staticflickr.com/4148/5049957374_2d20a64126_z.jpg,2,3
contentment,http://farm9.staticflickr.com/8006/7556194608_6c150a73f2_z.jpg,2,3
contentment,http://farm5.staticflickr.com/4085/5038409824_a0c8150d97_z.jpg,5,0
contentment,http://farm4.staticflickr.com/3819/9974740903_0d76fe7402_z.jpg,4,0
contentment,http://farm3.staticflickr.com/2805/9010865400_c21a4903d8_z.jpg,3,2
contentment,http://farm7.staticflickr.com/6092/6266388908_bbd17ae1ac_z.jpg,3,2
contentment,http://farm3.staticflickr.com/2093/2438442381_a02cd5af1d_z.jpg,3,2
contentment,http://farm9.staticflickr.com/8275/8712220230_94fe8db950_z.jpg,0,5
contentment,http://farm3.staticflickr.com/2945/15376678005_64dd7402da_z.jpg,2,3
contentment,http://farm8.staticflickr.com/7244/7232702786_b00dd302ca_z.jpg,2,3
contentment,http://farm4.staticflickr.com/3790/9626280908_f33937ff67_z.jpg,1,4
contentment,http://farm6.staticflickr.com/5558/14784040072_fa61f12bc5_z.jpg,4,0
contentment,http://farm8.staticflickr.com/7518/16103628072_9d1d3ebd5a_z.jpg,5,0
contentment,http://farm3.staticflickr.com/2842/8917848609_65c9f8a3d1_z.jpg,5,0
contentment,http://farm9.staticflickr.com/8302/7796599930_76134ed7dc_z.jpg,2,3
contentment,http://farm4.staticflickr.com/3843/14587403779_9cd89d8817_z.jpg,5,0
contentment,http://farm6.staticflickr.com/5555/15320709992_c6cd253742_z.jpg,4,1
contentment,http://farm9.staticflickr.com/8314/8068928998_973db20977_z.jpg,2,3
contentment,http://farm9.staticflickr.com/8530/8611261120_0da99950d1_z.jpg,5,0
contentment,http://farm4.staticflickr.com/3876/14398370313_fd35ca4ed6_z.jpg,3,2
contentment,http://farm5.staticflickr.com/4101/4799567434_eb27ede89e_z.jpg,2,3
contentment,http://farm6.staticflickr.com/5340/9757113882_01f5ac618b_z.jpg,4,1
contentment,http://farm7.staticflickr.com/6111/6246745123_5dbc4dc372_z.jpg,2,3
contentment,http://farm5.staticflickr.com/4130/5394288281_f487d0275d_z.jpg,5,0
contentment,http://farm4.staticflickr.com/3063/2905228176_b3257c5165_z.jpg,4,1
contentment,http://farm5.staticflickr.com/4141/4810125215_159db2f375_z.jpg,3,2
contentment,http://farm8.staticflickr.com/7249/7561359410_bb1f03c32b_z.jpg,4,1
contentment,http://farm9.staticflickr.com/8025/7677168458_50f20efa57_z.jpg,5,0
contentment,http://farm6.staticflickr.com/5573/14804480253_dcffd30425_z.jpg,5,0
contentment,http://farm9.staticflickr.com/8370/8553791918_a94a9b8eee_z.jpg,3,2
contentment,http://farm5.staticflickr.com/4057/4357379139_99bed7bede_z.jpg,1,4
contentment,http://farm8.staticflickr.com/7125/7781353258_f53a418f16_z.jpg,3,2
contentment,http://farm8.staticflickr.com/7021/13445102293_d51e55d990_z.jpg,2,3
contentment,http://farm8.staticflickr.com/7346/12901874434_b65bbdfe87_z.jpg,5,0
contentment,http://farm6.staticflickr.com/5315/5808287211_bec0fdcb0c_z.jpg,5,0
contentment,http://farm6.staticflickr.com/5090/5332752017_fcc7f5f23a_z.jpg,3,2
contentment,http://farm6.staticflickr.com/5286/5304242724_a0b6a53ff6_z.jpg,3,2
contentment,http://farm3.staticflickr.com/2843/9418596197_485171ff4b_z.jpg,1,4
contentment,http://farm8.staticflickr.com/7279/7832473090_372f196eb3_z.jpg,3,2
contentment,http://farm3.staticflickr.com/2662/4198006594_95497741fe_z.jpg,1,4
contentment,http://farm4.staticflickr.com/3126/3347738618_504f28e8cd_z.jpg,2,3
contentment,http://farm9.staticflickr.com/8494/8446740196_1a7231d93b_z.jpg,2,3
contentment,http://farm5.staticflickr.com/4079/4773948766_60e98af53e_z.jpg,1,4
contentment,http://farm6.staticflickr.com/5124/5310098196_01bda71939_z.jpg,4,1
contentment,http://farm4.staticflickr.com/3805/13602449264_17abb142bb_z.jpg,5,0
contentment,http://farm8.staticflickr.com/7344/10837208603_24ea76f123_z.jpg,2,3
contentment,http://farm8.staticflickr.com/7116/7023438033_501afa5a36_z.jpg,1,4
contentment,http://farm4.staticflickr.com/3041/2829120426_5a3676738c_z.jpg,1,4
contentment,http://farm4.staticflickr.com/3370/4619971479_a46f4d4eb8_z.jpg,1,4
contentment,http://farm4.staticflickr.com/3066/2769380109_e902fa9d56_z.jpg,4,1
contentment,http://farm3.staticflickr.com/2201/2265152827_ba89425b0a_z.jpg,3,2
contentment,http://farm9.staticflickr.com/8437/7781387356_f3aa92ed6e_z.jpg,2,3
contentment,http://farm4.staticflickr.com/3096/2621709472_e7cf2000ab_z.jpg,2,3
contentment,http://farm5.staticflickr.com/4015/4631965838_5071792faa_z.jpg,4,1
contentment,http://farm8.staticflickr.com/7162/6541638261_72265e9439_z.jpg,1,4
contentment,http://farm6.staticflickr.com/5015/5542755491_9648903d2f_z.jpg,1,4
contentment,http://farm8.staticflickr.com/7045/6802635188_de952b094b_z.jpg,5,0
contentment,http://farm8.staticflickr.com/7239/7164935715_6e3733907d_z.jpg,3,2
contentment,http://farm7.staticflickr.com/6055/6218885949_5145e8515f_z.jpg,2,3
contentment,http://farm8.staticflickr.com/7308/12751224425_c20b1f605f_z.jpg,5,0
contentment,http://farm9.staticflickr.com/8093/8545855873_17d7cba564_z.jpg,0,5
contentment,http://farm9.staticflickr.com/8354/8346900667_86757ef1d2_z.jpg,1,4
contentment,http://farm2.staticflickr.com/1196/4723527114_65a0cfdf9d_z.jpg,2,3
contentment,http://farm4.staticflickr.com/3112/2662128956_e44c2e865b_z.jpg,3,2
contentment,http://farm6.staticflickr.com/5087/5249516641_e48c44a874_z.jpg,0,5
contentment,http://farm3.staticflickr.com/2016/2256736994_6539d8dbe4_z.jpg,3,2
contentment,http://farm5.staticflickr.com/4047/4189512509_b16f4a5755_z.jpg,1,4
contentment,http://farm9.staticflickr.com/8523/8506286909_63d4cf5afc_z.jpg,5,0
contentment,http://farm8.staticflickr.com/7122/7555209612_2215a87663_z.jpg,4,1
contentment,http://farm4.staticflickr.com/3366/3662583618_8db9721ef3_z.jpg,1,4
contentment,http://farm3.staticflickr.com/2484/3659044567_44d7147788_z.jpg,2,3
contentment,http://farm5.staticflickr.com/4084/5185917308_3dd778d2ac_z.jpg,0,5
contentment,http://farm6.staticflickr.com/5229/5589342243_2ac4c32f36_z.jpg,1,4
contentment,http://farm3.staticflickr.com/2795/4075367696_09815813dc_z.jpg,1,4
contentment,http://farm9.staticflickr.com/8031/7947569458_0cf3282a82_z.jpg,2,3
contentment,http://farm4.staticflickr.com/3273/2458553069_023b782023_z.jpg,0,5
contentment,http://farm6.staticflickr.com/5302/5857499645_eb66208ded_z.jpg,5,0
contentment,http://farm4.staticflickr.com/3118/2636859373_cf9c9166b4_z.jpg,2,3
contentment,http://farm8.staticflickr.com/7276/6889819900_d4f8ed17b5_z.jpg,3,2
contentment,http://farm3.staticflickr.com/2525/4249800180_68bd91d90c_z.jpg,4,1
contentment,http://farm8.staticflickr.com/7255/13326105265_ea50358499_z.jpg,4,1
contentment,http://farm5.staticflickr.com/4126/4843039267_f723c92057_z.jpg,0,5
contentment,http://farm6.staticflickr.com/5125/5282477697_2710754f0e_z.jpg,4,1
contentment,http://farm6.staticflickr.com/5059/5493814246_c3b24078f2_z.jpg,5,0
contentment,http://farm4.staticflickr.com/3526/3185974837_01028f1308_z.jpg,3,2
contentment,http://farm8.staticflickr.com/7108/7591614980_ffd7bf96a0_z.jpg,3,2
contentment,http://farm8.staticflickr.com/7170/6842598079_024422cb47_z.jpg,4,1
contentment,http://farm4.staticflickr.com/3626/3473018624_aaa5b2ff20_z.jpg,2,3
contentment,http://farm8.staticflickr.com/7578/15820031726_43149964bd_z.jpg,4,1
contentment,http://farm3.staticflickr.com/2334/2493817217_d41f836835_z.jpg,2,3
contentment,http://farm4.staticflickr.com/3322/3191920938_1f85010fb3_z.jpg,4,1
contentment,http://farm4.staticflickr.com/3106/5839900271_d72002392f_z.jpg,1,4
contentment,http://farm4.staticflickr.com/3342/3442056061_b715e1022f_z.jpg,1,4
contentment,http://farm7.staticflickr.com/6220/6325163726_ec0e0decbd_z.jpg,5,0
contentment,http://farm4.staticflickr.com/3949/14989022263_36c1378c9c_z.jpg,1,4
contentment,http://farm6.staticflickr.com/5587/14758381406_7fc1500739_z.jpg,5,0
contentment,http://farm7.staticflickr.com/6161/6199818635_e8c112cc2e_z.jpg,5,0
contentment,http://farm8.staticflickr.com/7099/7012683561_62bc6decd5_z.jpg,2,3
contentment,http://farm4.staticflickr.com/3772/9638772117_7cfa602da8_z.jpg,3,2
contentment,http://farm4.staticflickr.com/3334/3526322250_216573afa7_z.jpg,4,1
contentment,http://farm6.staticflickr.com/5254/5476563679_5179443150_z.jpg,2,3
contentment,http://farm9.staticflickr.com/8428/7556256078_10d2df1996_z.jpg,2,3
contentment,http://farm9.staticflickr.com/8158/7275385938_fdc0e4cd3f_z.jpg,5,0
contentment,http://farm4.staticflickr.com/3882/14762168326_e3b40d2c60_z.jpg,4,1
contentment,http://farm5.staticflickr.com/4124/5166927657_c860558806_z.jpg,5,0
contentment,http://farm8.staticflickr.com/7195/6932095779_1b9c4a5320_z.jpg,4,1
contentment,http://farm4.staticflickr.com/3653/3343581744_235528aa54_z.jpg,5,0
contentment,http://farm4.staticflickr.com/3584/3515637769_e7583db3b7_z.jpg,3,2
contentment,http://farm6.staticflickr.com/5071/7146530055_1c1cb92e3b_z.jpg,3,2
contentment,http://farm9.staticflickr.com/8085/8528411313_9dd4f64b65_z.jpg,1,4
contentment,http://farm9.staticflickr.com/8393/8605374863_5f7363d837_z.jpg,0,5
contentment,http://farm9.staticflickr.com/8470/8101233349_1ac64c5767_z.jpg,5,0
contentment,http://farm3.staticflickr.com/2237/5809108379_41c14306ec_z.jpg,4,1
contentment,http://farm3.staticflickr.com/2887/10676188825_085a49cf22_z.jpg,4,1
contentment,http://farm5.staticflickr.com/4142/4750192366_a6992545b9_z.jpg,2,3
contentment,http://farm8.staticflickr.com/7120/7556133670_a47c908427_z.jpg,3,2
contentment,http://farm4.staticflickr.com/3545/3446411508_e8657b4ba8_z.jpg,0,5
contentment,http://farm4.staticflickr.com/3637/3386244028_1ff097b598_z.jpg,3,2
contentment,http://farm9.staticflickr.com/8147/7248299576_151aea3c59_z.jpg,4,1
contentment,http://farm4.staticflickr.com/3849/14781965052_a44e620748_z.jpg,5,0
contentment,http://farm4.staticflickr.com/3093/2732645434_f4c7a8884e_z.jpg,3,2
contentment,http://farm8.staticflickr.com/7082/7392180622_43367c0d1b_z.jpg,1,4
contentment,http://farm3.staticflickr.com/2288/2260243033_9dde02b623_z.jpg,1,4
contentment,http://farm3.staticflickr.com/2509/3718560144_c35d687e23_z.jpg,3,2
contentment,http://farm4.staticflickr.com/3548/3404001983_5360a5f283_z.jpg,4,1
contentment,http://farm9.staticflickr.com/8175/7987003754_1c79dcb1cf_z.jpg,3,2
contentment,http://farm6.staticflickr.com/5317/5914521935_eddfc72b66_z.jpg,4,1
contentment,http://farm9.staticflickr.com/8471/8370682735_f0c72c2a9a_z.jpg,2,3
contentment,http://farm4.staticflickr.com/3284/3138842498_8a38c41ccb_z.jpg,3,1
contentment,http://farm4.staticflickr.com/3070/2739255193_07be913151_z.jpg,0,5
contentment,http://farm9.staticflickr.com/8481/8281743999_7cc17b2904_z.jpg,0,5
contentment,http://farm3.staticflickr.com/2897/14784262513_604729c9ec_z.jpg,5,0
contentment,http://farm9.staticflickr.com/8367/8459608555_37b863853e_z.jpg,0,5
contentment,http://farm3.staticflickr.com/2137/2455549168_f435ddabdb_z.jpg,5,0
contentment,http://farm8.staticflickr.com/7007/6779796977_ff5f6b7be3_z.jpg,5,0
contentment,http://farm5.staticflickr.com/4126/5093191068_2baa4faf06_z.jpg,4,1
contentment,http://farm4.staticflickr.com/3874/14559092569_36058f07a2_z.jpg,5,0
contentment,http://farm8.staticflickr.com/7034/6614933283_ccdbc2ffbb_z.jpg,5,0
contentment,http://farm8.staticflickr.com/7376/9265287248_03affc0c26_z.jpg,2,3
contentment,http://farm4.staticflickr.com/3706/9706814357_7f17d9656c_z.jpg,3,2
contentment,http://farm6.staticflickr.com/5178/5532999939_100ef64e5e_z.jpg,4,1
contentment,http://farm4.staticflickr.com/3675/9261604747_4bfd14f753_z.jpg,4,1
contentment,http://farm3.staticflickr.com/2893/10139676434_f265df6a4f_z.jpg,4,1
contentment,http://farm3.staticflickr.com/2923/14744405946_88a8d8922d_z.jpg,5,0
contentment,http://farm9.staticflickr.com/8310/8068969371_8767a0f41c_z.jpg,3,2
contentment,http://farm4.staticflickr.com/3891/14853023894_e5f664eb0d_z.jpg,3,2
contentment,http://farm4.staticflickr.com/3650/3685831395_7941460697_z.jpg,4,1
contentment,http://farm9.staticflickr.com/8214/8419094082_a33d4b29e8_z.jpg,0,5
contentment,http://farm9.staticflickr.com/8260/8649880561_6194eef0a4_z.jpg,4,1
contentment,http://farm9.staticflickr.com/8189/8100849662_994842f264_z.jpg,2,3
contentment,http://farm5.staticflickr.com/4149/5057129081_840fa5dd8c_z.jpg,2,3
contentment,http://farm6.staticflickr.com/5265/5622226066_6ef6d31e6e_z.jpg,5,0
contentment,http://farm3.staticflickr.com/2946/15269533078_c458a835a7_z.jpg,2,3
contentment,http://farm4.staticflickr.com/3812/8798428632_89b7b51872_z.jpg,4,1
contentment,http://farm9.staticflickr.com/8321/8047443598_f27b0f071b_z.jpg,2,3
contentment,http://farm3.staticflickr.com/2729/4149113928_1257c681c8_z.jpg,3,2
contentment,http://farm5.staticflickr.com/4087/5042815116_226f69ffc0_z.jpg,0,5
contentment,http://farm3.staticflickr.com/2903/14592815568_a63dab4cb6_z.jpg,3,2
contentment,http://farm8.staticflickr.com/7038/6806137798_ea0be80871_z.jpg,1,4
contentment,http://farm6.staticflickr.com/5127/5251184338_66c090e50a_z.jpg,5,0
contentment,http://farm3.staticflickr.com/2403/2228033229_c2b8d22d85_z.jpg,5,0
contentment,http://farm4.staticflickr.com/3136/2359382430_9773aa2e26_z.jpg,2,3
contentment,http://farm3.staticflickr.com/2880/12656886145_32ee3cae44_z.jpg,0,5
contentment,http://farm5.staticflickr.com/4027/4267589712_53fde70b9d_z.jpg,2,3
contentment,http://farm9.staticflickr.com/8387/8677969309_8b3c6713c0_z.jpg,3,2
contentment,http://farm7.staticflickr.com/6103/6288657086_c510378e44_z.jpg,5,0
contentment,http://farm4.staticflickr.com/3119/2545581891_45d59ba7ee_z.jpg,2,3
contentment,http://farm8.staticflickr.com/7571/15919970560_780efa5714_z.jpg,4,1
contentment,http://farm2.staticflickr.com/1270/5187648327_94f3be5d41_z.jpg,2,3
contentment,http://farm5.staticflickr.com/4137/5438719690_0e80a0e829_z.jpg,2,3
contentment,http://farm3.staticflickr.com/2881/11502663525_e9e9eca775_z.jpg,2,3
contentment,http://farm3.staticflickr.com/2937/14494232605_0dfda9b52f_z.jpg,5,0
contentment,http://farm8.staticflickr.com/7124/13434597765_4ea4b2215c_z.jpg,4,1
contentment,http://farm8.staticflickr.com/7126/7556074992_ec9f4b0637_z.jpg,1,4
contentment,http://farm3.staticflickr.com/2165/2239381930_8b21c6e4b8_z.jpg,4,1
contentment,http://farm5.staticflickr.com/4085/5200711040_aa7911e534_z.jpg,4,1
contentment,http://farm4.staticflickr.com/3658/3515840584_20d2cd1291_z.jpg,5,0
contentment,http://farm4.staticflickr.com/3138/2825967261_b79626b1c1_z.jpg,1,4
contentment,http://farm4.staticflickr.com/3589/3597693425_0c5169f015_z.jpg,3,2
contentment,http://farm6.staticflickr.com/5512/12779174673_567af9c622_z.jpg,5,0
contentment,http://farm3.staticflickr.com/2047/2508209561_425c284f77_z.jpg,3,2
contentment,http://farm8.staticflickr.com/7263/7781236920_dc9ee6bdde_z.jpg,2,3
contentment,http://farm9.staticflickr.com/8028/7647699540_ca5e23e595_z.jpg,2,3
contentment,http://farm8.staticflickr.com/7064/6951425627_5323076a63_z.jpg,5,0
contentment,http://farm6.staticflickr.com/5244/5382622168_3209530fe3_z.jpg,3,2
contentment,http://farm4.staticflickr.com/3880/14564018732_a4887c8414_z.jpg,1,4
contentment,http://farm3.staticflickr.com/2926/14751353086_08ef800cab_z.jpg,4,1
contentment,http://farm8.staticflickr.com/7563/15688329238_f8af459dd8_z.jpg,5,0
contentment,http://farm4.staticflickr.com/3705/12799644254_753806088a_z.jpg,5,0
contentment,http://farm8.staticflickr.com/7202/6900769943_364075e074_z.jpg,2,3
contentment,http://farm6.staticflickr.com/5210/5322868178_d49b86823d_z.jpg,2,3
contentment,http://farm6.staticflickr.com/5164/5333362282_5d36f8cde7_z.jpg,5,0
contentment,http://farm5.staticflickr.com/4150/4945827583_105aec155e_z.jpg,4,1
contentment,http://farm4.staticflickr.com/3329/3612474572_8e60ace2a1_z.jpg,2,3
contentment,http://farm3.staticflickr.com/2111/5736061551_4b2293f099_z.jpg,2,3
contentment,http://farm3.staticflickr.com/2842/9469001209_db75d736d7_z.jpg,3,2
contentment,http://farm3.staticflickr.com/2729/4422713594_c50403838c_z.jpg,2,3
contentment,http://farm9.staticflickr.com/8238/8422721270_d2c4f892da_z.jpg,5,0
contentment,http://farm4.staticflickr.com/3914/14808513725_20a1610246_z.jpg,5,0
contentment,http://farm4.staticflickr.com/3831/8811906399_1271084b41_z.jpg,5,0
contentment,http://farm3.staticflickr.com/2776/5712735989_dcb66d8e12_z.jpg,5,0
contentment,http://farm4.staticflickr.com/3754/8982431371_f89e0fc029_z.jpg,1,4
contentment,http://farm5.staticflickr.com/4081/4936695375_46f428d485_z.jpg,5,0
contentment,http://farm4.staticflickr.com/3916/14594554018_5d4c0bf824_z.jpg,5,0
contentment,http://farm7.staticflickr.com/6127/5974678096_fd57df2f21_z.jpg,0,5
contentment,http://farm7.staticflickr.com/6015/5979559169_b10297def7_z.jpg,1,4
contentment,http://farm3.staticflickr.com/2458/3736319402_d173f2a97a_z.jpg,2,3
contentment,http://farm4.staticflickr.com/3246/2799303135_afaef488b2_z.jpg,0,5
contentment,http://farm9.staticflickr.com/8188/8101871399_cd81d41af0_z.jpg,4,1
contentment,http://farm9.staticflickr.com/8524/8559131799_6681501139_z.jpg,5,0
contentment,http://farm6.staticflickr.com/5538/10822148966_fe3358245c_z.jpg,4,1
contentment,http://farm4.staticflickr.com/3155/2935391547_df8a589c68_z.jpg,0,5
contentment,http://farm4.staticflickr.com/3845/14717846973_0d1b862db9_z.jpg,5,0
contentment,http://farm9.staticflickr.com/8338/8178278289_026e30b305_z.jpg,3,2
contentment,http://farm8.staticflickr.com/7029/6610028853_8a3ed0dea0_z.jpg,4,1
contentment,http://farm6.staticflickr.com/5149/5619575265_373a0691e5_z.jpg,4,1
contentment,http://farm4.staticflickr.com/3606/3506402467_4081a621ef_z.jpg,1,4
contentment,http://farm4.staticflickr.com/3849/14572250388_dd1427dbb5_z.jpg,4,1
contentment,http://farm6.staticflickr.com/5134/5408959370_93a8a25bb1_z.jpg,0,5
contentment,http://farm4.staticflickr.com/3201/2616038175_e7b1b75503_z.jpg,4,1
contentment,http://farm4.staticflickr.com/3892/14782585025_4010b1cb98_z.jpg,5,0
contentment,http://farm6.staticflickr.com/5214/5530855333_ab2aff41e3_z.jpg,1,4
contentment,http://farm8.staticflickr.com/7389/11700251946_db53a42a1e_z.jpg,2,3
contentment,http://farm8.staticflickr.com/7002/6400737135_a45d5024e5_z.jpg,2,3
contentment,http://farm9.staticflickr.com/8106/8503140834_61eca5060c_z.jpg,1,4
contentment,http://farm4.staticflickr.com/3041/2718099454_90e3dd26ee_z.jpg,2,3
contentment,http://farm7.staticflickr.com/6121/6021938393_eac5190ac2_z.jpg,3,2
contentment,http://farm3.staticflickr.com/2221/2535555336_4177f2b29b_z.jpg,3,2
contentment,http://farm9.staticflickr.com/8527/8632332472_20f1f8ec72_z.jpg,5,0
contentment,http://farm4.staticflickr.com/3548/3779972528_c434024374_z.jpg,2,3
contentment,http://farm6.staticflickr.com/5564/14570039008_76ec9752e6_z.jpg,4,1
contentment,http://farm6.staticflickr.com/5293/5390315195_deefe5f290_z.jpg,2,3
contentment,http://farm4.staticflickr.com/3947/15460178178_cd493e152b_z.jpg,2,3
contentment,http://farm5.staticflickr.com/4108/5148832683_b4e1fee4d0_z.jpg,4,1
contentment,http://farm9.staticflickr.com/8180/7907984786_5e103a755e_z.jpg,3,2
contentment,http://farm6.staticflickr.com/5168/5269226366_7e025b99d4_z.jpg,1,4
contentment,http://farm9.staticflickr.com/8516/8382048818_7f02e52f36_z.jpg,1,4
contentment,http://farm8.staticflickr.com/7146/6607242991_0275b3ce93_z.jpg,5,0
contentment,http://farm8.staticflickr.com/7003/6511392713_ae881f1042_z.jpg,5,0
contentment,http://farm7.staticflickr.com/6129/5940795174_e459b7bbcf_z.jpg,5,0
contentment,http://farm6.staticflickr.com/5465/9136379870_fdc609d37c_z.jpg,2,3
contentment,http://farm4.staticflickr.com/3923/14597674850_aef6008a66_z.jpg,5,0
contentment,http://farm8.staticflickr.com/7402/11390062184_d6576c44ac_z.jpg,3,2
contentment,http://farm6.staticflickr.com/5285/5330422878_4416c38fc8_z.jpg,4,1
contentment,http://farm3.staticflickr.com/2895/14595466419_43e9e83305_z.jpg,4,0
contentment,http://farm9.staticflickr.com/8181/8028867769_c600f79428_z.jpg,2,3
contentment,http://farm9.staticflickr.com/8366/8536560306_b9008faccb_z.jpg,3,2
contentment,http://farm7.staticflickr.com/6058/5901087986_706b96ac48_z.jpg,3,2
contentment,http://farm4.staticflickr.com/3628/3364159554_8422ffd02e_z.jpg,2,3
contentment,http://farm4.staticflickr.com/3836/14595545187_701b32479f_z.jpg,3,2
contentment,http://farm8.staticflickr.com/7396/13720273595_867d68d8f7_z.jpg,5,0
contentment,http://farm3.staticflickr.com/2396/5817444737_744ba143cd_z.jpg,2,3
contentment,http://farm3.staticflickr.com/2280/2164547618_b46725a3f6_z.jpg,2,3
contentment,http://farm5.staticflickr.com/4125/5024682797_e94de588ba_z.jpg,1,4
contentment,http://farm6.staticflickr.com/5265/5581935257_cbf1b3d4c9_z.jpg,3,2
contentment,http://farm4.staticflickr.com/3629/3605473003_aab25019be_z.jpg,3,2
contentment,http://farm9.staticflickr.com/8367/8560382761_211ec2afb3_z.jpg,2,3
contentment,http://farm4.staticflickr.com/3841/14591711197_661ec06759_z.jpg,4,0
contentment,http://farm8.staticflickr.com/7144/6601357507_ccba85e2b9_z.jpg,5,0
contentment,http://farm4.staticflickr.com/3804/11047161184_59257590ff_z.jpg,2,3
contentment,http://farm8.staticflickr.com/7120/7595828682_b4e57383bd_z.jpg,3,2
contentment,http://farm8.staticflickr.com/7329/14130118234_aa4a5b1352_z.jpg,3,2
contentment,http://farm4.staticflickr.com/3830/11321509913_b1df7cfe38_z.jpg,4,1
contentment,http://farm6.staticflickr.com/5164/5328087443_07e3be4882_z.jpg,5,0
contentment,http://farm4.staticflickr.com/3340/3514381216_f16f9b2e47_z.jpg,4,0
contentment,http://farm4.staticflickr.com/3103/2293342781_4d02fb5af9_z.jpg,0,5
contentment,http://farm8.staticflickr.com/7175/6547686095_a5e1b99dd1_z.jpg,4,1
contentment,http://farm4.staticflickr.com/3752/13130810703_fbfa65c325_z.jpg,4,1
contentment,http://farm5.staticflickr.com/4095/4922022908_96c29cd94e_z.jpg,2,3
contentment,http://farm8.staticflickr.com/7270/7781306472_fc59ab056f_z.jpg,3,2
contentment,http://farm4.staticflickr.com/3856/14750885576_edb5ce3a3c_z.jpg,5,0
contentment,http://farm4.staticflickr.com/3021/2810731320_9905f1d636_z.jpg,5,0
contentment,http://farm3.staticflickr.com/2562/5708417107_86f7b25562_z.jpg,0,5
contentment,http://farm7.staticflickr.com/6106/6218682241_294eb5d43d_z.jpg,5,0
contentment,http://farm3.staticflickr.com/2553/3660975207_5f3602b2e8_z.jpg,1,4
contentment,http://farm8.staticflickr.com/7191/6796724988_2bfa129f51_z.jpg,2,3
contentment,http://farm4.staticflickr.com/3861/14779631891_94983aa7ab_z.jpg,3,2
contentment,http://farm3.staticflickr.com/2389/2244406870_ed58c54531_z.jpg,2,3
contentment,http://farm5.staticflickr.com/4076/4737198815_c29c2f399a_z.jpg,4,1
contentment,http://farm8.staticflickr.com/7487/15979767970_4e437f3cd1_z.jpg,1,4
contentment,http://farm3.staticflickr.com/2067/5705389335_6c055f55fb_z.jpg,4,1
contentment,http://farm5.staticflickr.com/4100/4929762573_078d7eabdc_z.jpg,1,4
contentment,http://farm4.staticflickr.com/3356/3445515771_ffb6484d52_z.jpg,1,4
contentment,http://farm6.staticflickr.com/5563/14559377723_8c42af0f7d_z.jpg,4,1
contentment,http://farm4.staticflickr.com/3320/3526370961_ef3eacb1d1_z.jpg,1,4
contentment,http://farm6.staticflickr.com/5557/14756370806_34d5c90964_z.jpg,5,0
contentment,http://farm5.staticflickr.com/4012/4577821316_a5882b1509_z.jpg,5,0
contentment,http://farm8.staticflickr.com/7181/6990209773_cf299ca3fc_z.jpg,5,0
contentment,http://farm9.staticflickr.com/8381/8455042684_a2d9dac499_z.jpg,1,4
contentment,http://farm4.staticflickr.com/3059/2868578065_a576ef463a_z.jpg,3,2
contentment,http://farm9.staticflickr.com/8287/7781294136_6e9de86bf3_z.jpg,2,3
contentment,http://farm9.staticflickr.com/8663/15827392280_bebd94a112_z.jpg,5,0
contentment,http://farm4.staticflickr.com/3101/2338365206_906954e55b_z.jpg,2,3
contentment,http://farm9.staticflickr.com/8219/8352462113_80c470cd64_z.jpg,5,0
contentment,http://farm8.staticflickr.com/7320/11284448204_14df0b95e1_z.jpg,5,0
contentment,http://farm9.staticflickr.com/8099/8656882600_424202e486_z.jpg,2,3
contentment,http://farm6.staticflickr.com/5093/5476569815_8f843ba872_z.jpg,2,3
contentment,http://farm6.staticflickr.com/5136/5405598162_48265f4d0b_z.jpg,3,2
contentment,http://farm6.staticflickr.com/5505/9485886499_e2b6831a47_z.jpg,3,2
contentment,http://farm6.staticflickr.com/5169/5367477703_e40d5d226c_z.jpg,2,3
contentment,http://farm4.staticflickr.com/3592/3375109857_27aaae647c_z.jpg,0,5
contentment,http://farm8.staticflickr.com/7227/7282666286_12ed3d3fda_z.jpg,0,5
contentment,http://farm9.staticflickr.com/8001/7602524572_4df2311c10_z.jpg,4,1
contentment,http://farm7.staticflickr.com/6139/5972847088_348a2bb8db_z.jpg,2,3
contentment,http://farm5.staticflickr.com/4062/5167506272_c13ea5d0cb_z.jpg,1,4
contentment,http://farm3.staticflickr.com/2947/15269571288_2fae2cacbd_z.jpg,5,0
contentment,http://farm6.staticflickr.com/5600/15362206139_e3f7ffbc84_z.jpg,1,4
contentment,http://farm7.staticflickr.com/6225/6366459341_0fc2657443_z.jpg,5,0
contentment,http://farm8.staticflickr.com/7174/6566790429_1f47b0768d_z.jpg,0,5
contentment,http://farm4.staticflickr.com/3913/14793629135_3fb2032709_z.jpg,2,3
contentment,http://farm8.staticflickr.com/7559/15530302507_1fee9d24b2_z.jpg,0,5
contentment,http://farm5.staticflickr.com/4101/4771150592_16f7b87042_z.jpg,3,2
contentment,http://farm7.staticflickr.com/6217/6275807652_5386f3ef34_z.jpg,1,4
contentment,http://farm5.staticflickr.com/4104/5166924527_49dd2dc581_z.jpg,3,2
contentment,http://farm8.staticflickr.com/7313/11284359104_c2f72999b8_z.jpg,1,4
contentment,http://farm9.staticflickr.com/8171/8026721425_968205db50_z.jpg,5,0
contentment,http://farm4.staticflickr.com/3654/3327748260_8424eb1d24_z.jpg,5,0
contentment,http://farm3.staticflickr.com/2846/13182863575_6987d343e2_z.jpg,4,1
contentment,http://farm8.staticflickr.com/7025/6833491865_42ab7c81bc_z.jpg,3,2
contentment,http://farm3.staticflickr.com/2265/5799178696_9a544f761b_z.jpg,1,4
contentment,http://farm6.staticflickr.com/5102/5635661140_b6e997ba28_z.jpg,4,1
contentment,http://farm9.staticflickr.com/8315/8025557605_cecb40d2fe_z.jpg,5,0
contentment,http://farm4.staticflickr.com/3337/4605075229_037c634844_z.jpg,5,0
contentment,http://farm8.staticflickr.com/7156/6815896779_4eede3f0cd_z.jpg,5,0
contentment,http://farm9.staticflickr.com/8063/8199032184_ae7d231652_z.jpg,5,0
contentment,http://farm7.staticflickr.com/6215/6422665487_a75f5f69f6_z.jpg,5,0
contentment,http://farm3.staticflickr.com/2194/2515681084_0240b6a623_z.jpg,5,0
contentment,http://farm9.staticflickr.com/8400/8695840162_768da47a50_z.jpg,3,2
contentment,http://farm9.staticflickr.com/8286/7781281398_8e5d3175c6_z.jpg,4,1
contentment,http://farm9.staticflickr.com/8482/8203849795_8811e1e77c_z.jpg,4,1
contentment,http://farm6.staticflickr.com/5341/9757392423_1c91c1a9bc_z.jpg,5,0
contentment,http://farm4.staticflickr.com/3358/3260009568_a72cb04e30_z.jpg,2,3
contentment,http://farm9.staticflickr.com/8203/8233672727_9865dc8cd5_z.jpg,0,5
contentment,http://farm7.staticflickr.com/6022/5941137035_1e8f080775_z.jpg,4,1
contentment,http://farm3.staticflickr.com/2621/5855889645_2bed84c1d7_z.jpg,2,3
contentment,http://farm6.staticflickr.com/5213/5477201732_73bdef8fee_z.jpg,2,3
contentment,http://farm3.staticflickr.com/2895/14556007617_c557cce7b4_z.jpg,2,3
contentment,http://farm8.staticflickr.com/7100/7054453683_0a671f422d_z.jpg,5,0
contentment,http://farm9.staticflickr.com/8063/8209129465_32d6e72679_z.jpg,4,1
contentment,http://farm6.staticflickr.com/5576/14578662920_9bf87a6f56_z.jpg,5,0
contentment,http://farm5.staticflickr.com/4079/4756875492_5b376f054c_z.jpg,0,5
contentment,http://farm9.staticflickr.com/8298/7825889476_708677317b_z.jpg,3,2
contentment,http://farm3.staticflickr.com/2151/5720268752_c9aab773bf_z.jpg,5,0
contentment,http://farm4.staticflickr.com/3722/11055096966_989524dbf3_z.jpg,2,3
contentment,http://farm6.staticflickr.com/5589/14577356229_0494d4f60b_z.jpg,4,1
contentment,http://farm3.staticflickr.com/2919/14778226615_ca156d1d3c_z.jpg,3,2
contentment,http://farm8.staticflickr.com/7158/6757813297_54541d5a9b_z.jpg,4,1
contentment,http://farm4.staticflickr.com/3806/12910443545_f20c307d3f_z.jpg,4,1
contentment,http://farm6.staticflickr.com/5288/5314564802_e600cc7b35_z.jpg,0,5
contentment,http://farm6.staticflickr.com/5244/5317377324_7e4e8730a3_z.jpg,5,0
contentment,http://farm9.staticflickr.com/8326/8377869740_973343ec99_z.jpg,2,3
contentment,http://farm6.staticflickr.com/5219/5385740944_66c1854409_z.jpg,0,5
contentment,http://farm3.staticflickr.com/2491/4096756772_350d2a922c_z.jpg,5,0
contentment,http://farm5.staticflickr.com/4034/4301715087_1e317e02b7_z.jpg,4,1
contentment,http://farm8.staticflickr.com/7082/6924795738_a99bcd1562_z.jpg,5,0
contentment,http://farm8.staticflickr.com/7287/8736782461_5819f0187e_z.jpg,0,4
contentment,http://farm4.staticflickr.com/3115/2738822008_5ed97348e6_z.jpg,2,3
contentment,http://farm4.staticflickr.com/3041/2882747164_1ef654bb12_z.jpg,4,1
contentment,http://farm3.staticflickr.com/2552/3725964902_276d7ba11e_z.jpg,1,4
contentment,http://farm9.staticflickr.com/8523/8644140861_d2192dd17c_z.jpg,3,2
contentment,http://farm9.staticflickr.com/8262/8664742411_2419f0ea8e_z.jpg,3,2
contentment,http://farm4.staticflickr.com/3222/3139366641_4d24dcd32e_z.jpg,5,0
contentment,http://farm8.staticflickr.com/7576/15593840759_fdfeec0391_z.jpg,3,2
contentment,http://farm9.staticflickr.com/8334/8389169762_84d71f4a7a_z.jpg,2,3
contentment,http://farm6.staticflickr.com/5109/5683982762_9900a3b3e1_z.jpg,4,1
contentment,http://farm3.staticflickr.com/2835/9190802954_db296e0d2a_z.jpg,1,4
contentment,http://farm6.staticflickr.com/5554/14701347094_3d10e6ba85_z.jpg,3,2
contentment,http://farm6.staticflickr.com/5025/5582276736_0dd1305a34_z.jpg,5,0
contentment,http://farm9.staticflickr.com/8176/7921083160_0b50041bc2_z.jpg,5,0
contentment,http://farm4.staticflickr.com/3058/2562364188_d77627b6d0_z.jpg,0,5
contentment,http://farm9.staticflickr.com/8404/8702841574_b5e181c79b_z.jpg,3,2
contentment,http://farm5.staticflickr.com/4113/4835851730_6ecb9f69a0_z.jpg,3,2
contentment,http://farm9.staticflickr.com/8283/7739040506_a5467288a1_z.jpg,3,2
contentment,http://farm4.staticflickr.com/3471/3718561750_1fc89c632f_z.jpg,4,1
contentment,http://farm3.staticflickr.com/2596/3843352524_0e91a6bfb4_z.jpg,5,0
contentment,http://farm6.staticflickr.com/5191/7412727162_2fc4dda25f_z.jpg,3,2
contentment,http://farm5.staticflickr.com/4008/5154555162_a6f75767e5_z.jpg,4,1
contentment,http://farm4.staticflickr.com/3952/15325969519_6b29e226ab_z.jpg,2,3
contentment,http://farm3.staticflickr.com/2233/2436993899_373bac40cb_z.jpg,2,3
contentment,http://farm3.staticflickr.com/2905/14574232718_583cac4707_z.jpg,5,0
contentment,http://farm5.staticflickr.com/4133/5181343441_de5da558e9_z.jpg,4,1
contentment,http://farm2.staticflickr.com/1111/5144158421_6b0d54bb04_z.jpg,4,1
contentment,http://farm4.staticflickr.com/3603/5707592556_e971e7a2b7_z.jpg,5,0
contentment,http://farm6.staticflickr.com/5613/15607597829_b96937e8f6_z.jpg,2,3
contentment,http://farm4.staticflickr.com/3050/2616856634_831f704be9_z.jpg,4,1
contentment,http://farm8.staticflickr.com/7106/7595563822_cd7e3f8ccc_z.jpg,5,0
contentment,http://farm3.staticflickr.com/2437/3757838829_ea32a83cfa_z.jpg,2,3
contentment,http://farm6.staticflickr.com/5574/14780143664_80fc55db2d_z.jpg,5,0
contentment,http://farm4.staticflickr.com/3762/13892161681_80a850e821_z.jpg,2,3
contentment,http://farm8.staticflickr.com/7344/11934565693_8a799f4d50_z.jpg,1,4
contentment,http://farm4.staticflickr.com/3038/2987528795_c308a3be7e_z.jpg,3,2
contentment,http://farm9.staticflickr.com/8522/8501091479_df87bf3b04_z.jpg,0,5
contentment,http://farm6.staticflickr.com/5556/14770632975_00473e91ba_z.jpg,5,0
contentment,http://farm5.staticflickr.com/4107/4994272651_a9e6db0847_z.jpg,1,4
contentment,http://farm6.staticflickr.com/5557/14386277716_cc63da8a63_z.jpg,1,4
contentment,http://farm8.staticflickr.com/7038/6906520193_46ba93d4ff_z.jpg,5,0
contentment,http://farm8.staticflickr.com/7463/15827089840_9c3c1d94ff_z.jpg,5,0
contentment,http://farm3.staticflickr.com/2945/15205039750_1c44de7475_z.jpg,4,1
contentment,http://farm5.staticflickr.com/4147/5065857376_141ebd2548_z.jpg,2,3
contentment,http://farm7.staticflickr.com/6069/6131768821_4c0374fbf0_z.jpg,3,2
contentment,http://farm8.staticflickr.com/7108/7781349498_2a13588356_z.jpg,2,2
contentment,http://farm4.staticflickr.com/3919/14780101995_7f27c552d5_z.jpg,5,0
contentment,http://farm4.staticflickr.com/3421/3190564695_89417fb0b9_z.jpg,1,4
contentment,http://farm4.staticflickr.com/3086/2872931267_26c7b1ceaa_z.jpg,5,0
contentment,http://farm7.staticflickr.com/6229/6278246702_c9d560044f_z.jpg,5,0
contentment,http://farm6.staticflickr.com/5254/5475884326_87751d34b5_z.jpg,4,1
contentment,http://farm6.staticflickr.com/5453/10092141056_411ff0e609_z.jpg,2,3
contentment,http://farm9.staticflickr.com/8389/8600228639_4b82ef25c2_z.jpg,2,3
contentment,http://farm8.staticflickr.com/7498/15883386431_ab4c3c0805_z.jpg,4,1
contentment,http://farm5.staticflickr.com/4005/4274417776_cc594163d6_z.jpg,4,1
contentment,http://farm6.staticflickr.com/5022/5661740309_3d0edbae3a_z.jpg,2,3
contentment,http://farm6.staticflickr.com/5016/5448494290_a6b8d3dd0c_z.jpg,1,4
contentment,http://farm4.staticflickr.com/3859/14424398511_c64437a754_z.jpg,2,3
contentment,http://farm5.staticflickr.com/4122/4819797426_8e45880b09_z.jpg,5,0
contentment,http://farm4.staticflickr.com/3179/2986763814_23b88e51bc_z.jpg,1,4
contentment,http://farm6.staticflickr.com/5227/5613827655_91695e4df7_z.jpg,2,3
contentment,http://farm4.staticflickr.com/3956/14984836363_b04648a506_z.jpg,4,1
contentment,http://farm6.staticflickr.com/5556/14694794811_2ab920c5a3_z.jpg,5,0
contentment,http://farm6.staticflickr.com/5144/5731830514_56cc9d4495_z.jpg,1,4
contentment,http://farm2.staticflickr.com/1187/5147298041_c2862f4a88_z.jpg,4,1
contentment,http://farm6.staticflickr.com/5057/5438150709_7bb6870f00_z.jpg,0,5
contentment,http://farm9.staticflickr.com/8275/8904997519_7a2e42f634_z.jpg,5,0
contentment,http://farm8.staticflickr.com/7451/8717010086_5596faa5b3_z.jpg,0,5
contentment,http://farm5.staticflickr.com/4064/4693391439_7a355b09f3_z.jpg,5,0
contentment,http://farm4.staticflickr.com/3243/3145401573_97a890f208_z.jpg,5,0
contentment,http://farm9.staticflickr.com/8451/8009112982_b113c2828c_z.jpg,5,0
contentment,http://farm8.staticflickr.com/7279/7834240990_c3152aa59f_z.jpg,3,2
contentment,http://farm6.staticflickr.com/5515/14279661807_2115d2abc0_z.jpg,5,0
contentment,http://farm4.staticflickr.com/3577/3655740844_3c49fa5dbd_z.jpg,2,3
contentment,http://farm5.staticflickr.com/4141/4791680550_2627119b25_z.jpg,3,2
contentment,http://farm9.staticflickr.com/8319/7900576880_2ea7840c63_z.jpg,5,0
contentment,http://farm4.staticflickr.com/3306/3416381712_b69ce36f10_z.jpg,3,2
contentment,http://farm8.staticflickr.com/7496/16088882542_a7711d9b27_z.jpg,5,0
contentment,http://farm4.staticflickr.com/3686/12126459006_749cb0fbaa_z.jpg,5,0
contentment,http://farm6.staticflickr.com/5242/5375287445_507513a318_z.jpg,3,2
contentment,http://farm5.staticflickr.com/4151/5097784836_2c1be49520_z.jpg,3,2
contentment,http://farm4.staticflickr.com/3657/3557281412_9372bc4f3a_z.jpg,1,4
contentment,http://farm4.staticflickr.com/3847/14450265006_b1fc2f5762_z.jpg,2,2
contentment,http://farm9.staticflickr.com/8004/7162046873_1510cbd916_z.jpg,1,4
contentment,http://farm8.staticflickr.com/7265/8161783519_f57f8b9267_z.jpg,2,3
contentment,http://farm3.staticflickr.com/2736/4155940717_84cc338ee6_z.jpg,2,3
contentment,http://farm6.staticflickr.com/5567/14576951607_f43a07ee0c_z.jpg,5,0
contentment,http://farm8.staticflickr.com/7021/6824381995_516ca7e75e_z.jpg,0,5
contentment,http://farm6.staticflickr.com/5129/5332752313_362b6395de_z.jpg,3,2
contentment,http://farm8.staticflickr.com/7347/10780242143_0ca7c27fe4_z.jpg,0,5
contentment,http://farm8.staticflickr.com/7149/6834856317_b2543f36b0_z.jpg,3,2
contentment,http://farm4.staticflickr.com/3900/14589661949_9c10e9fcb8_z.jpg,5,0
contentment,http://farm3.staticflickr.com/2941/15290748085_1f442febec_z.jpg,5,0
contentment,http://farm9.staticflickr.com/8251/8576950549_615596bf7c_z.jpg,5,0
contentment,http://farm9.staticflickr.com/8148/7552784980_c4f5160695_z.jpg,5,0
contentment,http://farm9.staticflickr.com/8106/8471676346_541a0d9214_z.jpg,3,2
contentment,http://farm3.staticflickr.com/2473/3763945212_fea90ee4cc_z.jpg,1,4
contentment,http://farm6.staticflickr.com/5587/14433230455_f5c510074a_z.jpg,2,3
contentment,http://farm4.staticflickr.com/3359/3438039860_aa1383d6b4_z.jpg,0,5
contentment,http://farm9.staticflickr.com/8186/8077214463_3b1fa68b0a_z.jpg,0,5
contentment,http://farm8.staticflickr.com/7280/7556341932_0332f09008_z.jpg,2,3
contentment,http://farm5.staticflickr.com/4098/4920711177_b23bf26e3b_z.jpg,2,3
contentment,http://farm5.staticflickr.com/4148/5023523169_6b17f81b79_z.jpg,3,2
contentment,http://farm5.staticflickr.com/4116/5409591523_8fd151d212_z.jpg,3,2
contentment,http://farm4.staticflickr.com/3151/2455746802_d30237a349_z.jpg,3,2
contentment,http://farm5.staticflickr.com/4146/4991122248_75cfebebbc_z.jpg,2,2
contentment,http://farm6.staticflickr.com/5089/5276850836_595dd201cb_z.jpg,3,2
contentment,http://farm6.staticflickr.com/5611/14995533073_79d615f058_z.jpg,5,0
contentment,http://farm4.staticflickr.com/3556/3787411462_e2f0936b0e_z.jpg,1,4
contentment,http://farm9.staticflickr.com/8380/8634085225_3395063aaa_z.jpg,4,0
contentment,http://farm5.staticflickr.com/4001/4219197548_44f2403e7e_z.jpg,4,1
contentment,http://farm4.staticflickr.com/3836/14342352940_21022673a0_z.jpg,1,4
contentment,http://farm8.staticflickr.com/7331/9591398747_3359af44c5_z.jpg,3,2
contentment,http://farm6.staticflickr.com/5228/5611728920_d642d22d90_z.jpg,0,5
contentment,http://farm3.staticflickr.com/2900/14752943985_53295b0dee_z.jpg,1,4
contentment,http://farm4.staticflickr.com/3948/15558179731_ca45663052_z.jpg,1,4
contentment,http://farm4.staticflickr.com/3014/2926093543_226de5e31b_z.jpg,4,1
contentment,http://farm3.staticflickr.com/2386/2502820393_ba05d13e5e_z.jpg,3,2
contentment,http://farm7.staticflickr.com/6120/6366458875_06824e808c_z.jpg,4,1
contentment,http://farm8.staticflickr.com/7442/12028884864_fef0059a2b_z.jpg,3,2
contentment,http://farm5.staticflickr.com/4129/5174182639_c2e1af96a1_z.jpg,5,0
contentment,http://farm5.staticflickr.com/4061/4569681349_67f490885d_z.jpg,1,4
contentment,http://farm6.staticflickr.com/5256/5427097345_d09213bf02_z.jpg,4,1
contentment,http://farm6.staticflickr.com/5126/5286293837_df3f219552_z.jpg,4,1
contentment,http://farm9.staticflickr.com/8439/7781255952_1299e05e05_z.jpg,2,2
contentment,http://farm8.staticflickr.com/7075/13663437284_e50cf0d081_z.jpg,3,2
contentment,http://farm4.staticflickr.com/3838/14777737895_f4a36dfa7c_z.jpg,5,0
contentment,http://farm4.staticflickr.com/3091/3151455451_67939ab8a8_z.jpg,1,4
contentment,http://farm7.staticflickr.com/6076/6064367726_35f1c2feb6_z.jpg,2,3
contentment,http://farm6.staticflickr.com/5140/5476597853_19ba6169c5_z.jpg,3,2
contentment,http://farm6.staticflickr.com/5163/5254926649_54a0eea11a_z.jpg,5,0
contentment,http://farm6.staticflickr.com/5018/5453971351_6b48474798_z.jpg,1,4
contentment,http://farm8.staticflickr.com/7182/6844552730_ff63ae983b_z.jpg,5,0
contentment,http://farm3.staticflickr.com/2466/3727973009_d5fac0ef2d_z.jpg,2,3
contentment,http://farm8.staticflickr.com/7151/6673487491_14f12da3f8_z.jpg,3,2
contentment,http://farm6.staticflickr.com/5557/14595005119_40036c8bed_z.jpg,5,0
contentment,http://farm5.staticflickr.com/4098/4916433874_1eb6814fb0_z.jpg,1,4
contentment,http://farm6.staticflickr.com/5108/5703177363_48bf780bfd_z.jpg,3,2
contentment,http://farm4.staticflickr.com/3331/3335780867_de96604195_z.jpg,1,4
contentment,http://farm4.staticflickr.com/3361/3505836330_0df183cd7a_z.jpg,2,3
contentment,http://farm6.staticflickr.com/5467/9608603723_fdc8ef5f1d_z.jpg,2,3
contentment,http://farm8.staticflickr.com/7260/7472380952_39e6bba097_z.jpg,5,0
contentment,http://farm3.staticflickr.com/2759/4019169421_26a9377b18_z.jpg,0,5
contentment,http://farm3.staticflickr.com/2647/3858250112_491686782a_z.jpg,4,1
contentment,http://farm3.staticflickr.com/2716/4241707123_8145a60aa7_z.jpg,3,2
contentment,http://farm4.staticflickr.com/3871/14569002580_3a7f2c6ecc_z.jpg,3,2
contentment,http://farm5.staticflickr.com/4093/4855821540_cd81788827_z.jpg,5,0
contentment,http://farm3.staticflickr.com/2718/4190846202_97ff81291f_z.jpg,4,1
contentment,http://farm8.staticflickr.com/7157/6558237209_91c6c46c34_z.jpg,4,1
contentment,http://farm6.staticflickr.com/5097/5570717273_6bf2437445_z.jpg,3,2
contentment,http://farm8.staticflickr.com/7024/6848575763_1231470b89_z.jpg,0,5
contentment,http://farm3.staticflickr.com/2738/4274359626_acbe4ee10a_z.jpg,4,1
contentment,http://farm6.staticflickr.com/5594/14760562186_af52929dd4_z.jpg,3,2
contentment,http://farm9.staticflickr.com/8337/8224326119_310c63ede1_z.jpg,3,2
contentment,http://farm6.staticflickr.com/5168/5352142027_e555df64aa_z.jpg,5,0
contentment,http://farm3.staticflickr.com/2645/4127303962_5d79de544e_z.jpg,3,2
contentment,http://farm6.staticflickr.com/5009/5248828834_97bab9bd94_z.jpg,3,2
contentment,http://farm4.staticflickr.com/3207/2440246462_96402284b1_z.jpg,2,3
contentment,http://farm3.staticflickr.com/2027/2342507996_e690cec6ca_z.jpg,0,5
contentment,http://farm4.staticflickr.com/3861/14597434530_87d58d8647_z.jpg,4,1
contentment,http://farm5.staticflickr.com/4122/4818927200_1e4b02c76a_z.jpg,1,4
contentment,http://farm3.staticflickr.com/2923/14565994627_07ba61089a_z.jpg,3,2
contentment,http://farm4.staticflickr.com/3150/3071477385_5049855bef_z.jpg,5,0
contentment,http://farm3.staticflickr.com/2708/4269932654_8f827cd08d_z.jpg,3,2
contentment,http://farm8.staticflickr.com/7201/7096390197_4ba1d32417_z.jpg,1,4
contentment,http://farm4.staticflickr.com/3040/3165258351_6578566120_z.jpg,0,5
contentment,http://farm4.staticflickr.com/3601/3401505781_3523cb4275_z.jpg,2,3
contentment,http://farm6.staticflickr.com/5472/14216856957_43fd1eddf8_z.jpg,5,0
contentment,http://farm4.staticflickr.com/3244/2920391485_2c6afb7649_z.jpg,0,5
contentment,http://farm6.staticflickr.com/5133/5573444075_8e4331a724_z.jpg,3,2
contentment,http://farm7.staticflickr.com/6006/5972576377_37f9e6ac51_z.jpg,3,2
contentment,http://farm6.staticflickr.com/5053/5575569163_4c3ab91144_z.jpg,5,0
contentment,http://farm8.staticflickr.com/7199/6956250467_a983e340f8_z.jpg,4,1
contentment,http://farm5.staticflickr.com/4129/5192090654_c9e550ca18_z.jpg,2,3
contentment,http://farm9.staticflickr.com/8015/7692426012_b318416e67_z.jpg,5,0
contentment,http://farm5.staticflickr.com/4051/4602102837_3e5f9d1ace_z.jpg,5,0
contentment,http://farm8.staticflickr.com/7272/7126476965_89628fd3db_z.jpg,4,1
contentment,http://farm4.staticflickr.com/3875/14783790585_f0471cdba7_z.jpg,5,0
contentment,http://farm8.staticflickr.com/7326/9139030090_cfd8f7120f_z.jpg,3,2
contentment,http://farm4.staticflickr.com/3283/2999523746_93d947501f_z.jpg,1,4
contentment,http://farm4.staticflickr.com/3621/3373834847_f4054ca049_z.jpg,3,2
contentment,http://farm4.staticflickr.com/3096/3131384500_183bf2a728_z.jpg,4,1
contentment,http://farm3.staticflickr.com/2720/4457569722_da81ccb86f_z.jpg,3,2
contentment,http://farm6.staticflickr.com/5174/5406603715_b6a9f4f645_z.jpg,5,0
contentment,http://farm4.staticflickr.com/3192/2631898791_53d87a080b_z.jpg,4,1
contentment,http://farm7.staticflickr.com/6035/6278244488_3d3bd0a932_z.jpg,2,3
contentment,http://farm8.staticflickr.com/7223/7280623014_0083a9ce51_z.jpg,5,0
contentment,http://farm3.staticflickr.com/2235/2330475277_dfcb4ace47_z.jpg,5,0
contentment,http://farm3.staticflickr.com/2800/4273603787_19f5f2d86b_z.jpg,2,3
contentment,http://farm6.staticflickr.com/5020/5439935311_803f9ff5e1_z.jpg,5,0
contentment,http://farm9.staticflickr.com/8054/8422042325_1d064fd192_z.jpg,2,3
contentment,http://farm6.staticflickr.com/5520/9965017345_705e56ef2c_z.jpg,2,3
contentment,http://farm6.staticflickr.com/5569/14747855074_1bc465004e_z.jpg,5,0
contentment,http://farm7.staticflickr.com/6064/6138067317_713ae0ba19_z.jpg,5,0
contentment,http://farm6.staticflickr.com/5202/5197972610_171e822958_z.jpg,2,3
contentment,http://farm9.staticflickr.com/8036/7886815268_00cd77f3b1_z.jpg,3,2
contentment,http://farm8.staticflickr.com/7474/16143259921_771f900641_z.jpg,3,2
contentment,http://farm8.staticflickr.com/7455/10707620643_a28c095290_z.jpg,5,0
contentment,http://farm4.staticflickr.com/3268/2630057740_f63f339c51_z.jpg,4,1
contentment,http://farm8.staticflickr.com/7573/16094217065_92c81af0e8_z.jpg,3,2
contentment,http://farm8.staticflickr.com/7258/7556345104_d766baa31c_z.jpg,2,3
contentment,http://farm7.staticflickr.com/6145/6007026981_6568e38907_z.jpg,5,0
contentment,http://farm9.staticflickr.com/8248/8552867834_debf1458f0_z.jpg,3,2
contentment,http://farm9.staticflickr.com/8442/7781278182_35a079a83b_z.jpg,0,5
contentment,http://farm4.staticflickr.com/3892/14459318711_e260846aa6_z.jpg,1,4
contentment,http://farm5.staticflickr.com/4035/4274438848_930a61e9ca_z.jpg,1,4
contentment,http://farm5.staticflickr.com/4014/4254671544_bffda6a84c_z.jpg,4,1
contentment,http://farm5.staticflickr.com/4145/5446567263_18a2636a8f_z.jpg,3,2
contentment,http://farm9.staticflickr.com/8286/7801011888_323c36c892_z.jpg,5,0
contentment,http://farm5.staticflickr.com/4066/4700386090_bf4beede9f_z.jpg,2,3
contentment,http://farm3.staticflickr.com/2727/4542701398_ddc575278f_z.jpg,5,0
contentment,http://farm4.staticflickr.com/3576/3505854826_f8da054753_z.jpg,4,1
contentment,http://farm6.staticflickr.com/5349/9835592584_812e0be97c_z.jpg,1,4
contentment,http://farm3.staticflickr.com/2191/2470264345_9486016a99_z.jpg,3,2
contentment,http://farm6.staticflickr.com/5573/14746675211_c369229b43_z.jpg,4,1
contentment,http://farm9.staticflickr.com/8365/8379210115_4fc236b22e_z.jpg,5,0
contentment,http://farm5.staticflickr.com/4121/4817255649_b0a18d1485_z.jpg,2,3
contentment,http://farm6.staticflickr.com/5514/11198350883_73267a9ff3_z.jpg,2,3
contentment,http://farm6.staticflickr.com/5167/5332745725_1c7cabfe31_z.jpg,5,0
contentment,http://farm7.staticflickr.com/6093/6378062239_5d0aaeebaa_z.jpg,2,3
contentment,http://farm3.staticflickr.com/2007/2444820404_3ab3b41530_z.jpg,1,4
contentment,http://farm5.staticflickr.com/4108/5028681488_d59db24205_z.jpg,4,1
contentment,http://farm8.staticflickr.com/7463/15622398238_b5d9f13bb8_z.jpg,4,1
contentment,http://farm4.staticflickr.com/3894/14592361950_6e17da9fd4_z.jpg,5,0
contentment,http://farm8.staticflickr.com/7006/6564769775_a0ea159b36_z.jpg,3,2
contentment,http://farm8.staticflickr.com/7521/16009931741_c1d9f27f6d_z.jpg,5,0
contentment,http://farm7.staticflickr.com/6051/6376899803_9728b4b473_z.jpg,3,2
contentment,http://farm6.staticflickr.com/5170/5365189813_8e428252d3_z.jpg,4,1
contentment,http://farm4.staticflickr.com/3878/14581195588_81fc2d14fa_z.jpg,4,1
contentment,http://farm5.staticflickr.com/4140/4861764826_42bd01f45c_z.jpg,5,0
contentment,http://farm3.staticflickr.com/2606/5696674287_4ba115c7e3_z.jpg,0,5
contentment,http://farm4.staticflickr.com/3151/2335668717_a55fd1f102_z.jpg,5,0
contentment,http://farm3.staticflickr.com/2905/14766408852_9b3cb012d9_z.jpg,5,0
contentment,http://farm4.staticflickr.com/3878/15216204508_770f3ae395_z.jpg,4,1
contentment,http://farm8.staticflickr.com/7004/6650308733_e8b9d116f2_z.jpg,1,4
contentment,http://farm5.staticflickr.com/4122/4750192602_ec07670fc1_z.jpg,3,2
contentment,http://farm5.staticflickr.com/4133/4986172873_accf55417a_z.jpg,3,2
contentment,http://farm3.staticflickr.com/2476/3903490787_aedaa90be1_z.jpg,0,5
contentment,http://farm6.staticflickr.com/5207/5309578725_8d4500784c_z.jpg,3,2
contentment,http://farm5.staticflickr.com/4061/4577806115_4c41d08369_z.jpg,1,4
contentment,http://farm6.staticflickr.com/5576/15205513425_bcbf16c94f_z.jpg,0,5
contentment,http://farm9.staticflickr.com/8255/8612417451_96e32a0329_z.jpg,5,0
contentment,http://farm6.staticflickr.com/5577/15247082392_32f488c9e7_z.jpg,4,1
contentment,http://farm4.staticflickr.com/3880/14641529723_2ffc3c5f36_z.jpg,0,5
contentment,http://farm6.staticflickr.com/5560/14779686464_5b5ac3789a_z.jpg,5,0
contentment,http://farm5.staticflickr.com/4003/4331413574_b4d40f753a_z.jpg,2,3
contentment,http://farm4.staticflickr.com/3360/3191583760_3d4894a02b_z.jpg,4,1
contentment,http://farm6.staticflickr.com/5450/9484715054_77062c90de_z.jpg,4,1
contentment,http://farm4.staticflickr.com/3519/4048807964_ef1895483b_z.jpg,3,2
contentment,http://farm6.staticflickr.com/5069/5775989354_b4a75aeaaa_z.jpg,4,1
contentment,http://farm8.staticflickr.com/7547/15870304165_f55d03c778_z.jpg,4,1
contentment,http://farm8.staticflickr.com/7294/9371785023_84fa7cdfa1_z.jpg,2,3
contentment,http://farm4.staticflickr.com/3044/3058122835_ae86446d1d_z.jpg,0,5
contentment,http://farm3.staticflickr.com/2336/2470692158_d926237cc8_z.jpg,5,0
contentment,http://farm9.staticflickr.com/8084/8367779090_c3f227f8c6_z.jpg,0,5
contentment,http://farm4.staticflickr.com/3864/14576703439_cfd259dc08_z.jpg,4,1
contentment,http://farm3.staticflickr.com/2642/3998569597_23ea97804b_z.jpg,1,4
contentment,http://farm7.staticflickr.com/6173/6153445901_599d47e94d_z.jpg,3,2
contentment,http://farm4.staticflickr.com/3001/2887874219_4146e31d00_z.jpg,5,0
contentment,http://farm4.staticflickr.com/3135/2314804769_f480a68369_z.jpg,2,3
contentment,http://farm3.staticflickr.com/2134/2241873157_4cd6e68e68_z.jpg,3,2
contentment,http://farm6.staticflickr.com/5485/11719349343_b84997f62f_z.jpg,5,0
contentment,http://farm4.staticflickr.com/3891/14581756720_e76fa537b4_z.jpg,4,0
contentment,http://farm8.staticflickr.com/7548/16080212101_5f99f4eedb_z.jpg,4,1
contentment,http://farm4.staticflickr.com/3402/3496174095_2bafa2e6a0_z.jpg,5,0
contentment,http://farm8.staticflickr.com/7300/15946831774_958d169370_z.jpg,4,1
contentment,http://farm4.staticflickr.com/3271/2559161545_24e4ab16e2_z.jpg,2,3
contentment,http://farm9.staticflickr.com/8468/8104812417_dbc382bced_z.jpg,4,1
contentment,http://farm6.staticflickr.com/5252/5516032617_cb200c9be6_z.jpg,1,4
contentment,http://farm4.staticflickr.com/3780/12751399273_64f023201f_z.jpg,5,0
contentment,http://farm2.staticflickr.com/1395/5106081066_47f41937da_z.jpg,3,2
contentment,http://farm8.staticflickr.com/7153/6663665669_d8a1c9f1a5_z.jpg,3,2
contentment,http://farm5.staticflickr.com/4004/4378563002_1e61cf6581_z.jpg,0,5
contentment,http://farm5.staticflickr.com/4058/4384145149_40bb6694d0_z.jpg,5,0
contentment,http://farm8.staticflickr.com/7011/6690489675_09a74b3f39_z.jpg,5,0
contentment,http://farm4.staticflickr.com/3233/2929798497_6dd1b77ff2_z.jpg,5,0
contentment,http://farm6.staticflickr.com/5179/5498168688_bc7f3924d6_z.jpg,5,0
contentment,http://farm4.staticflickr.com/3794/13409512284_40060eb585_z.jpg,5,0
contentment,http://farm6.staticflickr.com/5226/5885728221_49ca3ee80d_z.jpg,3,2
contentment,http://farm3.staticflickr.com/2779/4442689548_5d4bd7882e_z.jpg,5,0
contentment,http://farm4.staticflickr.com/3850/14499032063_e903ab701f_z.jpg,5,0
contentment,http://farm6.staticflickr.com/5151/14215537346_223892e58f_z.jpg,0,5
contentment,http://farm4.staticflickr.com/3069/4015523427_7e6259aeaf_z.jpg,5,0
contentment,http://farm7.staticflickr.com/6091/7012809399_e11f9a4bc8_z.jpg,2,3
contentment,http://farm3.staticflickr.com/2889/10708392244_161d03593c_z.jpg,5,0
contentment,http://farm5.staticflickr.com/4006/4574825677_b27deaced4_z.jpg,2,3
contentment,http://farm4.staticflickr.com/3881/14577134828_04b3216cf3_z.jpg,4,1
contentment,http://farm3.staticflickr.com/2357/2402160532_abe0630ede_z.jpg,0,5
contentment,http://farm4.staticflickr.com/3336/3514557160_2d62378351_z.jpg,2,3
contentment,http://farm5.staticflickr.com/4020/4701783282_67959600c0_z.jpg,4,1
contentment,http://farm6.staticflickr.com/5154/14357539360_cbc086f4f3_z.jpg,1,4
contentment,http://farm4.staticflickr.com/3928/15455871412_fd7d7e5e06_z.jpg,2,3
contentment,http://farm5.staticflickr.com/4152/5093645644_0a03196d6d_z.jpg,1,4
contentment,http://farm5.staticflickr.com/4135/4872632932_ddb1a2d9f7_z.jpg,2,3
contentment,http://farm9.staticflickr.com/8440/7969219958_958fe7b8b9_z.jpg,5,0
contentment,http://farm9.staticflickr.com/8098/8535580131_393240b500_z.jpg,1,4
contentment,http://farm4.staticflickr.com/3730/10592096723_75e82c761a_z.jpg,3,2
contentment,http://farm6.staticflickr.com/5577/15072090368_b9387f3148_z.jpg,5,0
contentment,http://farm4.staticflickr.com/3820/13156404105_cfe4be6791_z.jpg,5,0
contentment,http://farm6.staticflickr.com/5487/9334688919_37d46f2180_z.jpg,4,1
contentment,http://farm6.staticflickr.com/5017/5447092961_358b5e395f_z.jpg,5,0
contentment,http://farm4.staticflickr.com/3936/15521213442_2928c1b70a_z.jpg,4,1
contentment,http://farm8.staticflickr.com/7002/6832967813_b9e329d490_z.jpg,2,3
contentment,http://farm4.staticflickr.com/3899/15110261115_35062cc2cd_z.jpg,3,1
contentment,http://farm4.staticflickr.com/3885/15071882516_4b8e921c22_z.jpg,1,4
contentment,http://farm4.staticflickr.com/3191/2904970028_9e80e699e4_z.jpg,5,0
contentment,http://farm8.staticflickr.com/7352/13287258274_ee2418d167_z.jpg,5,0
contentment,http://farm3.staticflickr.com/2631/4076348301_4ed32c4209_z.jpg,2,3
contentment,http://farm8.staticflickr.com/7009/6561460071_dc7bcab5ff_z.jpg,3,2
contentment,http://farm9.staticflickr.com/8404/8863850828_cb5d01a057_z.jpg,2,3
contentment,http://farm6.staticflickr.com/5552/14586825220_93db5179d6_z.jpg,5,0
contentment,http://farm4.staticflickr.com/3868/15325248076_caa79b8612_z.jpg,1,4
contentment,http://farm3.staticflickr.com/2685/4539874521_b10e02b913_z.jpg,1,4
contentment,http://farm8.staticflickr.com/7336/9757118291_ca94441d5d_z.jpg,3,2
contentment,http://farm6.staticflickr.com/5041/5234485848_b4b484a9eb_z.jpg,5,0
contentment,http://farm4.staticflickr.com/3844/14760411361_62d347e60a_z.jpg,4,1
contentment,http://farm8.staticflickr.com/7146/6461656509_b3099f5532_z.jpg,2,3
contentment,http://farm3.staticflickr.com/2604/4160688791_ca0cfb39f7_z.jpg,2,3
contentment,http://farm4.staticflickr.com/3852/14377815402_351e439a84_z.jpg,1,4
contentment,http://farm4.staticflickr.com/3867/14759325206_496a5933b0_z.jpg,5,0
contentment,http://farm4.staticflickr.com/3917/14576679469_db901dc551_z.jpg,5,0
contentment,http://farm5.staticflickr.com/4018/5162980316_584cd66c5d_z.jpg,2,3
contentment,http://farm8.staticflickr.com/7473/15744129127_88c6abe3bd_z.jpg,3,2
contentment,http://farm6.staticflickr.com/5217/5477176638_d8c21d09ef_z.jpg,5,0
contentment,http://farm4.staticflickr.com/3615/3458678865_4f3d464e46_z.jpg,1,4
contentment,http://farm3.staticflickr.com/2938/14578134729_71f6c58aa2_z.jpg,5,0
contentment,http://farm3.staticflickr.com/2428/3622177466_8635949e68_z.jpg,2,3
contentment,http://farm3.staticflickr.com/2918/14488136489_7d84bf0e67_z.jpg,3,2
contentment,http://farm5.staticflickr.com/4119/4802874284_1b6eb39da6_z.jpg,1,4
contentment,http://farm5.staticflickr.com/4094/4872807624_96db8bbb5d_z.jpg,2,3
contentment,http://farm5.staticflickr.com/4051/4411615994_f31b2689fe_z.jpg,3,2
contentment,http://farm5.staticflickr.com/4077/4822686202_26e6478326_z.jpg,3,2
contentment,http://farm4.staticflickr.com/3405/3626832674_b08c7bfb1f_z.jpg,0,5
contentment,http://farm3.staticflickr.com/2763/4444434106_12947b870c_z.jpg,5,0
contentment,http://farm5.staticflickr.com/4129/5095340817_f14b029539_z.jpg,4,1
contentment,http://farm4.staticflickr.com/3475/3368223561_b592aba606_z.jpg,2,3
contentment,http://farm5.staticflickr.com/4111/4837644660_66e8c873c9_z.jpg,2,3
contentment,http://farm4.staticflickr.com/3909/14993410932_ae51d1d1c3_z.jpg,3,2
contentment,http://farm3.staticflickr.com/2827/12845120953_4a705255c5_z.jpg,1,4
contentment,http://farm8.staticflickr.com/7147/6401872245_ebb083b7a8_z.jpg,2,3
contentment,http://farm4.staticflickr.com/3904/14592362347_08bee14e74_z.jpg,5,0
contentment,http://farm8.staticflickr.com/7457/14157567431_ddbafbc304_z.jpg,5,0
contentment,http://farm9.staticflickr.com/8036/8026535688_360c39c6b8_z.jpg,5,0
contentment,http://farm4.staticflickr.com/3551/3847986821_438606f583_z.jpg,0,5
contentment,http://farm9.staticflickr.com/8107/8517359166_ce45121764_z.jpg,5,0
contentment,http://farm6.staticflickr.com/5250/5231016112_a85351c1ac_z.jpg,5,0
contentment,http://farm5.staticflickr.com/4091/5089214130_fd7e7618c3_z.jpg,3,2
contentment,http://farm3.staticflickr.com/2884/10285791956_2d55d7012d_z.jpg,0,5
contentment,http://farm4.staticflickr.com/3124/3151786166_daee284a46_z.jpg,5,0
contentment,http://farm8.staticflickr.com/7103/7321384406_71326142dc_z.jpg,5,0
contentment,http://farm3.staticflickr.com/2609/3987578274_211188103e_z.jpg,5,0
contentment,http://farm3.staticflickr.com/2505/3870776821_7832193281_z.jpg,2,3
contentment,http://farm5.staticflickr.com/4040/4350257763_0886be6dbb_z.jpg,4,1
contentment,http://farm4.staticflickr.com/3338/3516406149_ee3637b2ac_z.jpg,0,5
contentment,http://farm7.staticflickr.com/6237/6383582039_45ce6be058_z.jpg,4,1
contentment,http://farm3.staticflickr.com/2218/2493774445_2c165db06c_z.jpg,3,2
contentment,http://farm2.staticflickr.com/1201/5158315942_0241a9ed10_z.jpg,5,0
contentment,http://farm3.staticflickr.com/2897/14223807585_42baae322e_z.jpg,2,3
contentment,http://farm3.staticflickr.com/2949/15453061971_59b5892578_z.jpg,2,3
contentment,http://farm6.staticflickr.com/5448/7368538364_38dfb93d80_z.jpg,4,1
contentment,http://farm9.staticflickr.com/8406/8644321012_29c274e2ca_z.jpg,1,4
contentment,http://farm5.staticflickr.com/4058/4681318349_6881487a0f_z.jpg,0,5
contentment,http://farm9.staticflickr.com/8642/16103629412_1c305de615_z.jpg,2,3
contentment,http://farm8.staticflickr.com/7162/6453106747_c3b66ecf10_z.jpg,1,4
contentment,http://farm4.staticflickr.com/3538/3404702250_6a286f93eb_z.jpg,1,4
contentment,http://farm9.staticflickr.com/8455/8014824372_0a7cd2161a_z.jpg,2,3
contentment,http://farm4.staticflickr.com/3723/9624851399_600d998b7d_z.jpg,5,0
contentment,http://farm8.staticflickr.com/7079/7004715880_25fbee6cd0_z.jpg,3,2
contentment,http://farm6.staticflickr.com/5574/14596804720_b15e5b7725_z.jpg,5,0
contentment,http://farm4.staticflickr.com/3850/14597655068_7f6e71b595_z.jpg,4,1
contentment,http://farm4.staticflickr.com/3854/14805425782_19d96d874f_z.jpg,2,3
contentment,http://farm9.staticflickr.com/8033/8057458990_e876dd7755_z.jpg,4,1
contentment,http://farm3.staticflickr.com/2862/11572905655_cbf8ff42dc_z.jpg,0,5
contentment,http://farm5.staticflickr.com/4032/5144765240_d078b4a939_z.jpg,5,0
contentment,http://farm5.staticflickr.com/4128/5026360677_25ea082f62_z.jpg,5,0
contentment,http://farm7.staticflickr.com/6151/6189891299_3ae536f8bc_z.jpg,1,4
contentment,http://farm5.staticflickr.com/4151/5068579553_89eb8f5ca5_z.jpg,3,2
contentment,http://farm8.staticflickr.com/7372/13540171603_7e0b88a1b3_z.jpg,4,0
contentment,http://farm4.staticflickr.com/3760/10309799985_8c8bc17213_z.jpg,4,1
contentment,http://farm4.staticflickr.com/3807/13344211294_b8db1c6d2a_z.jpg,3,2
contentment,http://farm6.staticflickr.com/5023/5549994600_42f72b571b_z.jpg,5,0
contentment,http://farm9.staticflickr.com/8445/7781338020_1d9aa55f5e_z.jpg,3,2
contentment,http://farm6.staticflickr.com/5048/5363101568_1217cfdf5e_z.jpg,2,3
contentment,http://farm9.staticflickr.com/8109/8596316965_b443545228_z.jpg,4,1
contentment,http://farm5.staticflickr.com/4009/4243998748_80c6659a2b_z.jpg,2,3
contentment,http://farm4.staticflickr.com/3727/10277964355_509b653d8b_z.jpg,4,1
contentment,http://farm3.staticflickr.com/2231/2508215763_f07b67dd1a_z.jpg,3,2
contentment,http://farm3.staticflickr.com/2751/4142490859_2832069aaf_z.jpg,2,3
contentment,http://farm5.staticflickr.com/4129/4952596478_d32a66d8a4_z.jpg,1,4
contentment,http://farm3.staticflickr.com/2899/13415936414_bbf5c88859_z.jpg,5,0
contentment,http://farm4.staticflickr.com/3688/9293195773_9ea152cb29_z.jpg,4,0
contentment,http://farm3.staticflickr.com/2329/2209233198_6e7f5104bc_z.jpg,4,1
contentment,http://farm8.staticflickr.com/7163/6506179981_c263508035_z.jpg,3,2
contentment,http://farm5.staticflickr.com/4121/4920888395_7f8560d439_z.jpg,4,0
contentment,http://farm9.staticflickr.com/8386/8525430852_39a23eaaf5_z.jpg,2,3
contentment,http://farm5.staticflickr.com/4120/4799457319_32eae96248_z.jpg,1,4
contentment,http://farm9.staticflickr.com/8318/8038347316_d52e5c558d_z.jpg,0,5
contentment,http://farm5.staticflickr.com/4144/4998715451_2be28d9008_z.jpg,4,1
contentment,http://farm4.staticflickr.com/3106/2925554952_c67c5981fa_z.jpg,2,3
contentment,http://farm7.staticflickr.com/6118/6265845412_b50556c7d1_z.jpg,0,5
contentment,http://farm6.staticflickr.com/5132/5476578837_b3e589708e_z.jpg,5,0
contentment,http://farm5.staticflickr.com/4095/4871360835_dd34cdca2e_z.jpg,4,1
contentment,http://farm5.staticflickr.com/4107/5166925623_1921d263ed_z.jpg,4,1
contentment,http://farm4.staticflickr.com/3013/2771794423_f5cdda506b_z.jpg,1,4
contentment,http://farm3.staticflickr.com/2268/2243473219_f370dd826f_z.jpg,2,3
contentment,http://farm4.staticflickr.com/3903/14593304710_87ffd6dd47_z.jpg,5,0
contentment,http://farm9.staticflickr.com/8606/15310228033_cbe8759ffd_z.jpg,2,3
contentment,http://farm4.staticflickr.com/3919/15133758718_de105135ac_z.jpg,5,0
contentment,http://farm9.staticflickr.com/8260/8668930791_f71372105a_z.jpg,2,3
contentment,http://farm6.staticflickr.com/5336/9579115062_cac8aec9e4_z.jpg,1,4
contentment,http://farm8.staticflickr.com/7101/7237081620_2e8dc729dd_z.jpg,4,1
contentment,http://farm4.staticflickr.com/3045/2761317195_3184bf3d5f_z.jpg,1,4
contentment,http://farm9.staticflickr.com/8087/8469819836_584c9b8be6_z.jpg,2,3
contentment,http://farm3.staticflickr.com/2901/14541785858_657893aacc_z.jpg,2,3
contentment,http://farm6.staticflickr.com/5342/8788896204_9492d9f75a_z.jpg,0,5
contentment,http://farm6.staticflickr.com/5186/5677195174_70141514f6_z.jpg,1,4
contentment,http://farm8.staticflickr.com/7185/6813654386_68870d679a_z.jpg,2,3
contentment,http://farm9.staticflickr.com/8148/7556293792_ee3340de93_z.jpg,5,0
contentment,http://farm3.staticflickr.com/2206/2454583045_7043957da2_z.jpg,5,0
contentment,http://farm6.staticflickr.com/5083/5303302127_2f07a5bbf3_z.jpg,2,3
contentment,http://farm3.staticflickr.com/2076/5714674297_410c4d89f5_z.jpg,5,0
contentment,http://farm8.staticflickr.com/7140/6889820256_f22dd38b5f_z.jpg,4,1
contentment,http://farm6.staticflickr.com/5341/9132253554_0f58395372_z.jpg,3,2
contentment,http://farm9.staticflickr.com/8486/8252923311_4693a4a749_z.jpg,2,3
contentment,http://farm6.staticflickr.com/5285/5236127798_246ccbc1c7_z.jpg,2,3
contentment,http://farm9.staticflickr.com/8489/8289280556_b430b7fea2_z.jpg,2,3
contentment,http://farm8.staticflickr.com/7215/6997300080_6f28978ec2_z.jpg,3,2
contentment,http://farm3.staticflickr.com/2900/14775884581_6d8db82bfd_z.jpg,5,0
contentment,http://farm6.staticflickr.com/5571/15220855475_3358f5a026_z.jpg,1,4
contentment,http://farm6.staticflickr.com/5115/5808286647_5f91deee8d_z.jpg,5,0
contentment,http://farm8.staticflickr.com/7119/7645402526_cb0c14fe43_z.jpg,1,4
contentment,http://farm4.staticflickr.com/3720/11051378523_ff35fa533a_z.jpg,1,4
contentment,http://farm3.staticflickr.com/2890/10831432773_10c9d3a72c_z.jpg,3,2
contentment,http://farm6.staticflickr.com/5300/5543051708_afe98ab96b_z.jpg,2,3
contentment,http://farm4.staticflickr.com/3768/10331932775_919d3bbe2b_z.jpg,3,2
contentment,http://farm9.staticflickr.com/8426/7720805228_020079149f_z.jpg,5,0
contentment,http://farm6.staticflickr.com/5190/5683982250_debdce01e3_z.jpg,2,3
contentment,http://farm4.staticflickr.com/3478/3470055642_0ac9f8606d_z.jpg,1,4
contentment,http://farm9.staticflickr.com/8406/8648076562_4354c2b5de_z.jpg,3,2
contentment,http://farm6.staticflickr.com/5593/14580731818_c009e1a261_z.jpg,5,0
contentment,http://farm6.staticflickr.com/5094/5425940922_5496cb7ef9_z.jpg,2,3
contentment,http://farm8.staticflickr.com/7234/7306204658_d79fbd47d5_z.jpg,2,3
contentment,http://farm9.staticflickr.com/8439/8013831322_a90c3fb5e8_z.jpg,3,2
contentment,http://farm4.staticflickr.com/3482/4016613448_c52a541596_z.jpg,4,1
contentment,http://farm4.staticflickr.com/3531/4020939174_9d8cd8bbe8_z.jpg,2,3
contentment,http://farm4.staticflickr.com/3582/3425375266_f254d17de3_z.jpg,0,5
contentment,http://farm6.staticflickr.com/5211/5395830394_3649638170_z.jpg,2,3
contentment,http://farm5.staticflickr.com/4129/5034277581_527a0ccd8c_z.jpg,5,0
contentment,http://farm4.staticflickr.com/3351/3442262609_fe925bd4c3_z.jpg,2,3
contentment,http://farm3.staticflickr.com/2845/11118308516_af78bcc151_z.jpg,2,3
contentment,http://farm9.staticflickr.com/8143/7578865102_f4f2dfdfc5_z.jpg,1,4
contentment,http://farm9.staticflickr.com/8168/7239871066_339a42d75b_z.jpg,5,0
contentment,http://farm3.staticflickr.com/2754/4469341548_e7864cc6d3_z.jpg,1,4
contentment,http://farm9.staticflickr.com/8100/8619272233_be371597df_z.jpg,3,2
contentment,http://farm8.staticflickr.com/7370/9164378566_e88e09cc33_z.jpg,5,0
contentment,http://farm8.staticflickr.com/7379/10889319356_6653137ffd_z.jpg,2,3
contentment,http://farm8.staticflickr.com/7120/8151556307_6cab2f63f2_z.jpg,3,2
contentment,http://farm4.staticflickr.com/3845/14763332685_4b6b99dc6e_z.jpg,5,0
contentment,http://farm9.staticflickr.com/8312/8005870320_d5401f1fb1_z.jpg,3,2
contentment,http://farm5.staticflickr.com/4102/5447595505_33d1fe77da_z.jpg,5,0
contentment,http://farm9.staticflickr.com/8488/8249271413_d674a26001_z.jpg,4,1
contentment,http://farm6.staticflickr.com/5003/5375290393_b60b74f1aa_z.jpg,4,1
contentment,http://farm4.staticflickr.com/3438/3904138725_a6d6749d59_z.jpg,5,0
contentment,http://farm4.staticflickr.com/3489/5837915586_909cd0efa2_z.jpg,5,0
contentment,http://farm4.staticflickr.com/3922/14598070810_cf030431af_z.jpg,3,2
contentment,http://farm4.staticflickr.com/3181/2527485737_0a26d855ea_z.jpg,3,2
contentment,http://farm4.staticflickr.com/3949/15569096825_35f13e4627_z.jpg,5,0
contentment,http://farm6.staticflickr.com/5239/7090212989_ba456fe6f4_z.jpg,3,2
contentment,http://farm4.staticflickr.com/3395/5820205836_ea81499e45_z.jpg,4,1
contentment,http://farm8.staticflickr.com/7002/6642413187_930260f5b7_z.jpg,4,1
contentment,http://farm7.staticflickr.com/6025/5959233299_a158b2e1ec_z.jpg,3,2
contentment,http://farm9.staticflickr.com/8256/8601520797_bef5c016be_z.jpg,3,2
contentment,http://farm8.staticflickr.com/7099/7279638134_a4e102282b_z.jpg,4,1
contentment,http://farm4.staticflickr.com/3044/2780408349_929a860716_z.jpg,3,2
contentment,http://farm9.staticflickr.com/8316/8068929932_5d821802a1_z.jpg,3,2
contentment,http://farm9.staticflickr.com/8423/7857324330_5f26148545_z.jpg,5,0
contentment,http://farm5.staticflickr.com/4085/5207212925_341c3aed01_z.jpg,0,5
contentment,http://farm4.staticflickr.com/3116/5779899630_a79c21738f_z.jpg,0,5
contentment,http://farm7.staticflickr.com/6226/6240638470_63eeacfa7f_z.jpg,4,1
contentment,http://farm8.staticflickr.com/7428/8724780795_dbe157ce6e_z.jpg,5,0
contentment,http://farm6.staticflickr.com/5570/14113321927_4f914a0144_z.jpg,5,0
contentment,http://farm4.staticflickr.com/3436/3768052164_2a4b36797b_z.jpg,4,1
contentment,http://farm4.staticflickr.com/3322/3538369066_cbf40c60ba_z.jpg,3,2
contentment,http://farm8.staticflickr.com/7401/16173191309_8de5772291_z.jpg,4,1
contentment,http://farm4.staticflickr.com/3391/13053366584_c3bbe25a5f_z.jpg,3,2
contentment,http://farm7.staticflickr.com/6055/5882193086_740d625f30_z.jpg,5,0
contentment,http://farm4.staticflickr.com/3887/15007918468_98dbb9f8f5_z.jpg,4,1
contentment,http://farm6.staticflickr.com/5070/5583004545_f5fa2f1411_z.jpg,5,0
contentment,http://farm3.staticflickr.com/2909/14780711741_de59662681_z.jpg,5,0
contentment,http://farm4.staticflickr.com/3804/13776804035_864e4e22e2_z.jpg,5,0
contentment,http://farm3.staticflickr.com/2101/2493768575_65ceb0b498_z.jpg,4,1
contentment,http://farm8.staticflickr.com/7014/6499905665_ecb67fa2db_z.jpg,2,3
contentment,http://farm7.staticflickr.com/6235/6330320893_f38ce0c4d3_z.jpg,1,4
contentment,http://farm4.staticflickr.com/3541/3342998764_d83e896099_z.jpg,4,1
contentment,http://farm9.staticflickr.com/8345/8212967017_b9eff06165_z.jpg,4,1
contentment,http://farm4.staticflickr.com/3071/2922721961_7af5483311_z.jpg,5,0
contentment,http://farm9.staticflickr.com/8669/15828644549_45dc746606_z.jpg,5,0
contentment,http://farm8.staticflickr.com/7331/11711536884_4fc39c3932_z.jpg,5,0
contentment,http://farm4.staticflickr.com/3263/3723809898_177d917431_z.jpg,1,4
contentment,http://farm6.staticflickr.com/5014/5453934593_136fc84f10_z.jpg,2,3
contentment,http://farm3.staticflickr.com/2097/2166774132_c6a329e1c6_z.jpg,0,5
contentment,http://farm4.staticflickr.com/3336/4611760985_2ecc68b89d_z.jpg,5,0
contentment,http://farm5.staticflickr.com/4139/4877199685_aa779fb6a6_z.jpg,5,0
contentment,http://farm6.staticflickr.com/5565/14592962948_9cdf26697e_z.jpg,4,1
contentment,http://farm8.staticflickr.com/7076/7403645180_8d40b557f0_z.jpg,0,5
contentment,http://farm4.staticflickr.com/3779/9982726784_2252876d19_z.jpg,3,2
contentment,http://farm3.staticflickr.com/2873/9196921027_80ee7a27fa_z.jpg,1,4
contentment,http://farm8.staticflickr.com/7116/8162672218_ee9ecd5f24_z.jpg,1,4
contentment,http://farm5.staticflickr.com/4035/4591770760_6d13a4a6f3_z.jpg,4,1
contentment,http://farm3.staticflickr.com/2526/3739488476_d0ec0c38bd_z.jpg,1,4
contentment,http://farm6.staticflickr.com/5187/5569007741_c03a6b1911_z.jpg,2,3
contentment,http://farm8.staticflickr.com/7153/6670070251_ec3eff3c43_z.jpg,4,1
contentment,http://farm7.staticflickr.com/6036/6293887388_deb2d43645_z.jpg,1,4
contentment,http://farm9.staticflickr.com/8357/8330956599_da1f60a075_z.jpg,5,0
contentment,http://farm4.staticflickr.com/3278/2554818251_e18780d55a_z.jpg,1,4
contentment,http://farm4.staticflickr.com/3013/2750164319_3542a8ebd9_z.jpg,3,2
contentment,http://farm8.staticflickr.com/7392/11570720906_5948ef2ccb_z.jpg,4,1
contentment,http://farm9.staticflickr.com/8085/8423441627_69cefde52d_z.jpg,3,2
contentment,http://farm4.staticflickr.com/3391/3277615407_6ae8f04a5f_z.jpg,3,2
contentment,http://farm4.staticflickr.com/3901/14597845057_6ac01f4090_z.jpg,5,0
contentment,http://farm4.staticflickr.com/3322/3445956667_25b606d6fb_z.jpg,2,3
contentment,http://farm9.staticflickr.com/8424/7625153164_32e4fb226f_z.jpg,4,1
contentment,http://farm6.staticflickr.com/5476/11409408575_4b3bbf4884_z.jpg,1,4
contentment,http://farm3.staticflickr.com/2851/12696279745_700943942e_z.jpg,3,2
contentment,http://farm6.staticflickr.com/5166/5331411611_aaa603afa6_z.jpg,2,3
contentment,http://farm3.staticflickr.com/2810/11160380935_94257fb24b_z.jpg,2,3
contentment,http://farm4.staticflickr.com/3866/14697975445_b03a03d0bb_z.jpg,5,0
contentment,http://farm4.staticflickr.com/3237/2966309377_9c13d085a8_z.jpg,2,3
contentment,http://farm9.staticflickr.com/8087/8377740037_5693fe3d65_z.jpg,5,0
contentment,http://farm4.staticflickr.com/3868/14259533860_503338abd8_z.jpg,4,1
contentment,http://farm8.staticflickr.com/7160/6660451133_1433432f08_z.jpg,5,0
contentment,http://farm9.staticflickr.com/8449/8071499152_ef638d9540_z.jpg,1,4
contentment,http://farm4.staticflickr.com/3330/4568253093_161553d49b_z.jpg,5,0
contentment,http://farm4.staticflickr.com/3867/14769910723_bc26fea087_z.jpg,5,0
contentment,http://farm3.staticflickr.com/2503/3966398122_6a59fe9b17_z.jpg,0,5
contentment,http://farm4.staticflickr.com/3834/11682728134_8e49d69830_z.jpg,1,4
contentment,http://farm5.staticflickr.com/4097/4883012959_6367ed7613_z.jpg,1,4
contentment,http://farm6.staticflickr.com/5571/14937552239_481061a92b_z.jpg,4,1
contentment,http://farm8.staticflickr.com/7005/13752666695_952fba87d1_z.jpg,3,2
contentment,http://farm4.staticflickr.com/3679/11968107416_4427d79801_z.jpg,5,0
contentment,http://farm6.staticflickr.com/5130/5334592175_caec699cd9_z.jpg,2,3
contentment,http://farm3.staticflickr.com/2912/14594212267_9b3ca1754c_z.jpg,4,1
contentment,http://farm9.staticflickr.com/8026/7556199172_8454e6fa76_z.jpg,5,0
contentment,http://farm9.staticflickr.com/8314/8069991014_7813638f29_z.jpg,4,1
contentment,http://farm5.staticflickr.com/4003/4683501082_d1dbf01960_z.jpg,4,1
contentment,http://farm4.staticflickr.com/3706/9049488801_c64e77dd5c_z.jpg,4,1
contentment,http://farm4.staticflickr.com/3258/3121778243_3815b07b09_z.jpg,0,5
contentment,http://farm4.staticflickr.com/3549/3768146920_07fb35e39a_z.jpg,0,5
contentment,http://farm6.staticflickr.com/5083/5273580239_94fb350e23_z.jpg,3,2
contentment,http://farm9.staticflickr.com/8498/8448597178_80eb9c1e73_z.jpg,2,3
contentment,http://farm5.staticflickr.com/4129/5042346934_03fb04d69b_z.jpg,2,3
contentment,http://farm6.staticflickr.com/5107/5575837731_68b621f059_z.jpg,0,5
contentment,http://farm3.staticflickr.com/2707/4228272637_bf79746346_z.jpg,2,3
contentment,http://farm3.staticflickr.com/2659/3976484659_12a56d2969_z.jpg,4,1
contentment,http://farm5.staticflickr.com/4075/4926379785_d0acf8bec8_z.jpg,1,4
contentment,http://farm6.staticflickr.com/5144/5741094607_c75c3dd399_z.jpg,1,4
contentment,http://farm4.staticflickr.com/3906/14748173744_ca0b84d130_z.jpg,3,2
contentment,http://farm6.staticflickr.com/5572/15072083107_382b07e704_z.jpg,5,0
contentment,http://farm3.staticflickr.com/2641/3847969175_38a831fc16_z.jpg,3,2
contentment,http://farm9.staticflickr.com/8217/8449887826_07ab5fda69_z.jpg,1,4
contentment,http://farm4.staticflickr.com/3549/3428813913_e63391201b_z.jpg,5,0
contentment,http://farm4.staticflickr.com/3899/14760648156_310de6a4c1_z.jpg,4,1
contentment,http://farm4.staticflickr.com/3470/3193030946_2918875145_z.jpg,1,4
contentment,http://farm4.staticflickr.com/3748/10064391103_ae9cef9ec1_z.jpg,5,0
contentment,http://farm6.staticflickr.com/5222/5780701799_fd3836c1eb_z.jpg,2,3
contentment,http://farm6.staticflickr.com/5167/5329000161_aa5762166e_z.jpg,1,4
contentment,http://farm3.staticflickr.com/2338/2420157177_b2cb3b3542_z.jpg,0,5
