contentment,http://farm5.staticflickr.com/4103/5041466985_3d44cd7047_z.jpg,2,3
contentment,http://farm8.staticflickr.com/7154/6445902277_0f4a8f14ee_z.jpg,3,2
contentment,http://farm8.staticflickr.com/7109/6886928998_5e76e05bcd_z.jpg,1,4
contentment,http://farm4.staticflickr.com/3191/2632618350_d5aea6c16c_z.jpg,1,4
contentment,http://farm7.staticflickr.com/6093/6238637702_7497dc976e_z.jpg,2,3
contentment,http://farm9.staticflickr.com/8322/7985178629_2765a6179a_z.jpg,1,4
contentment,http://farm3.staticflickr.com/2936/14576416919_4f49ef3155_z.jpg,4,1
contentment,http://farm4.staticflickr.com/3902/14582932418_233187b5e8_z.jpg,3,2
contentment,http://farm8.staticflickr.com/7296/12744416024_7c833c024f_z.jpg,1,4
contentment,http://farm6.staticflickr.com/5563/15049966770_9f8d2ed977_z.jpg,2,3
contentment,http://farm9.staticflickr.com/8232/8384133502_08fdec66a8_z.jpg,5,0
contentment,http://farm6.staticflickr.com/5111/5892132486_e433ed12f9_z.jpg,3,2
contentment,http://farm4.staticflickr.com/3324/3282554017_cb0f05d292_z.jpg,4,1
contentment,http://farm6.staticflickr.com/5483/12277759714_41d8692f6f_z.jpg,2,3
contentment,http://farm5.staticflickr.com/4078/4860382486_4f8064b565_z.jpg,4,1
contentment,http://farm8.staticflickr.com/7072/7346472594_c8217ab90e_z.jpg,2,2
contentment,http://farm3.staticflickr.com/2009/5703739036_a4987b865c_z.jpg,3,2
contentment,http://farm8.staticflickr.com/7017/6851254273_8c86460bd4_z.jpg,0,5
contentment,http://farm5.staticflickr.com/4014/4231065141_822d6dd489_z.jpg,5,0
contentment,http://farm7.staticflickr.com/6211/6284365561_68a473b640_z.jpg,5,0
contentment,http://farm4.staticflickr.com/3149/3069959828_8e69030699_z.jpg,4,1
contentment,http://farm8.staticflickr.com/7240/7326926966_5d0ba39c9c_z.jpg,1,4
contentment,http://farm6.staticflickr.com/5096/5521827274_4e53e793f8_z.jpg,1,4
contentment,http://farm7.staticflickr.com/6206/6105209467_ec8cc2c772_z.jpg,3,2
contentment,http://farm8.staticflickr.com/7045/6947388000_25a6ea5cc7_z.jpg,2,3
contentment,http://farm8.staticflickr.com/7020/6413026789_52ecceddb0_z.jpg,0,5
contentment,http://farm9.staticflickr.com/8018/7455518936_5baa12f192_z.jpg,5,0
contentment,http://farm9.staticflickr.com/8053/8079874479_e940647098_z.jpg,1,3
contentment,http://farm5.staticflickr.com/4078/4734917911_73842cd415_z.jpg,1,2
contentment,http://farm8.staticflickr.com/7182/13742073985_9ec64396c6_z.jpg,1,4
contentment,http://farm9.staticflickr.com/8176/8037658217_35065fdbcb_z.jpg,2,3
contentment,http://farm7.staticflickr.com/6023/5982964542_0ef99035f2_z.jpg,1,4
contentment,http://farm3.staticflickr.com/2671/4134234426_2cec63d4b8_z.jpg,4,1
contentment,http://farm8.staticflickr.com/7032/6796559409_547a771fe9_z.jpg,3,2
contentment,http://farm4.staticflickr.com/3397/3505024001_e44760e1c9_z.jpg,5,0
contentment,http://farm7.staticflickr.com/6055/6334034003_70a15675ba_z.jpg,4,1
contentment,http://farm6.staticflickr.com/5452/8766843742_5316704828_z.jpg,1,4
contentment,http://farm4.staticflickr.com/3362/3512262062_f7dee9af41_z.jpg,3,2
contentment,http://farm9.staticflickr.com/8313/7912950620_dbf6f42a8d_z.jpg,1,4
contentment,http://farm6.staticflickr.com/5099/5405493040_90362ea773_z.jpg,0,5
contentment,http://farm5.staticflickr.com/4008/4354736093_10d3a3585c_z.jpg,2,3
contentment,http://farm5.staticflickr.com/4092/4971240423_9c07638dbd_z.jpg,2,3
contentment,http://farm4.staticflickr.com/3912/15211908866_cb4a16f580_z.jpg,0,5
contentment,http://farm6.staticflickr.com/5034/7405803528_e36715906b_z.jpg,1,4
contentment,http://farm4.staticflickr.com/3928/15452973241_552eea0d41_z.jpg,2,3
contentment,http://farm9.staticflickr.com/8044/8092713458_1c34490c3d_z.jpg,1,4
contentment,http://farm8.staticflickr.com/7473/15815561656_aba0654c05_z.jpg,4,1
contentment,http://farm7.staticflickr.com/6115/6252036092_9bbe4136a5_z.jpg,4,1
contentment,http://farm8.staticflickr.com/7016/6613042739_210b582405_z.jpg,4,1
contentment,http://farm5.staticflickr.com/4135/4942774131_dc2e3820b8_z.jpg,2,2
contentment,http://farm9.staticflickr.com/8087/8376803189_affc37a310_z.jpg,1,4
contentment,http://farm4.staticflickr.com/3148/3071472433_7f24d8b706_z.jpg,5,0
contentment,http://farm6.staticflickr.com/5124/5272581358_24a50ed846_z.jpg,0,5
contentment,http://farm6.staticflickr.com/5246/5341277093_16e41f2d8d_z.jpg,5,0
contentment,http://farm4.staticflickr.com/3011/3028186163_03e93047df_z.jpg,3,2
contentment,http://farm5.staticflickr.com/4117/4737391645_a728144fe1_z.jpg,0,5
contentment,http://farm5.staticflickr.com/4055/4257786241_3fa85bed8e_z.jpg,5,0
contentment,http://farm4.staticflickr.com/3870/14579970879_ffdfa50e4b_z.jpg,5,0
contentment,http://farm6.staticflickr.com/5160/5898633572_094f90f458_z.jpg,2,3
contentment,http://farm4.staticflickr.com/3056/2771252492_eca4509c79_z.jpg,1,4
contentment,http://farm3.staticflickr.com/2864/9714519233_d33e2d2dc4_z.jpg,1,4
contentment,http://farm9.staticflickr.com/8022/7701617650_807eaca370_z.jpg,1,4
contentment,http://farm6.staticflickr.com/5115/6920002684_1a66f64fcb_z.jpg,1,4
contentment,http://farm4.staticflickr.com/3283/2676408861_ed7b800632_z.jpg,3,2
contentment,http://farm6.staticflickr.com/5574/14595569757_79a900c2de_z.jpg,4,1
contentment,http://farm6.staticflickr.com/5106/14131199196_5104e4ec62_z.jpg,0,5
contentment,http://farm8.staticflickr.com/7150/6841822883_eef4becec4_z.jpg,3,2
contentment,http://farm8.staticflickr.com/7425/9152005562_73df3a6e2f_z.jpg,3,2
contentment,http://farm9.staticflickr.com/8329/8373496949_c3a2c2ca75_z.jpg,0,5
contentment,http://farm6.staticflickr.com/5220/5487772701_08703ffb73_z.jpg,3,2
contentment,http://farm6.staticflickr.com/5089/5211017571_da6372afd4_z.jpg,3,2
contentment,http://farm8.staticflickr.com/7258/7556313394_6184c53e3d_z.jpg,3,2
contentment,http://farm8.staticflickr.com/7310/12751302783_663ba04b30_z.jpg,5,0
contentment,http://farm6.staticflickr.com/5313/14374094946_df40c86bde_z.jpg,0,5
contentment,http://farm9.staticflickr.com/8293/7781259806_2805652a7e_z.jpg,3,2
contentment,http://farm4.staticflickr.com/3090/3213022834_b5cb842c7a_z.jpg,1,4
contentment,http://farm9.staticflickr.com/8372/8409067443_dfc27c4563_z.jpg,2,3
contentment,http://farm8.staticflickr.com/7262/7592160838_2723552cbf_z.jpg,3,2
contentment,http://farm4.staticflickr.com/3850/15311825251_0521aa8a51_z.jpg,2,3
contentment,http://farm5.staticflickr.com/4142/4898917433_cdacf0b584_z.jpg,4,1
contentment,http://farm4.staticflickr.com/3907/14583225208_f559d7032c_z.jpg,5,0
contentment,http://farm4.staticflickr.com/3650/3571193151_2d85ed48a2_z.jpg,1,4
contentment,http://farm6.staticflickr.com/5591/14589414989_d856d6cfa0_z.jpg,4,1
contentment,http://farm6.staticflickr.com/5166/5371290037_3bebbfdcd4_z.jpg,0,5
contentment,http://farm3.staticflickr.com/2642/4218361403_aa3dbeea0e_z.jpg,2,3
contentment,http://farm4.staticflickr.com/3862/14877215707_329e96f3eb_z.jpg,3,2
contentment,http://farm3.staticflickr.com/2508/3732112992_228ca25710_z.jpg,0,5
contentment,http://farm4.staticflickr.com/3195/2881907641_85fdc9eb14_z.jpg,2,3
contentment,http://farm3.staticflickr.com/2167/2483607962_5326a88163_z.jpg,2,3
contentment,http://farm4.staticflickr.com/3426/3404007567_6c696daf34_z.jpg,2,3
contentment,http://farm4.staticflickr.com/3056/2614984194_6dea061a9d_z.jpg,2,3
contentment,http://farm8.staticflickr.com/7277/7781261356_93cfa77589_z.jpg,2,3
contentment,http://farm9.staticflickr.com/8634/15360450024_2820bcc6b3_z.jpg,0,5
contentment,http://farm5.staticflickr.com/4151/4960819144_e70132b5fc_z.jpg,0,4
contentment,http://farm9.staticflickr.com/8463/8077106251_cb1c23c839_z.jpg,1,4
contentment,http://farm6.staticflickr.com/5059/5476571395_6f21c17ab7_z.jpg,3,2
contentment,http://farm3.staticflickr.com/2236/12967110074_6b0575e4b0_z.jpg,4,1
contentment,http://farm3.staticflickr.com/2745/4105919848_20eb018ce2_z.jpg,0,5
contentment,http://farm4.staticflickr.com/3012/2647259954_542555abd6_z.jpg,0,5
contentment,http://farm4.staticflickr.com/3456/3736137359_16bdc11631_z.jpg,2,3
contentment,http://farm5.staticflickr.com/4125/4835531830_5c23d4f27e_z.jpg,4,1
contentment,http://farm7.staticflickr.com/6134/5984681721_11f35257eb_z.jpg,3,2
contentment,http://farm8.staticflickr.com/7267/7545237590_cf3686b8e5_z.jpg,4,1
contentment,http://farm7.staticflickr.com/6165/6163854199_0b0399845c_z.jpg,0,5
contentment,http://farm6.staticflickr.com/5137/5404583621_1c6dccd80a_z.jpg,3,2
contentment,http://farm3.staticflickr.com/2678/4371146026_0c26789258_z.jpg,3,2
contentment,http://farm6.staticflickr.com/5285/5375288269_7eb84a6156_z.jpg,2,3
contentment,http://farm9.staticflickr.com/8054/8075240413_e3594d4855_z.jpg,3,2
contentment,http://farm3.staticflickr.com/2221/2158875345_2e871a8124_z.jpg,1,4
contentment,http://farm5.staticflickr.com/4004/4550227731_241262da68_z.jpg,3,2
contentment,http://farm9.staticflickr.com/8368/8516369128_14ea881088_z.jpg,2,3
contentment,http://farm3.staticflickr.com/2925/14732284106_65ccffc249_z.jpg,4,1
contentment,http://farm8.staticflickr.com/7136/7414995222_2767abbcd2_z.jpg,2,3
contentment,http://farm6.staticflickr.com/5573/14784606865_5d8043089b_z.jpg,5,0
contentment,http://farm4.staticflickr.com/3652/3400694002_af77e59655_z.jpg,3,2
contentment,http://farm8.staticflickr.com/7190/6906515357_fd96c309b2_z.jpg,3,2
contentment,http://farm7.staticflickr.com/6029/5891474851_3df87a0108_z.jpg,5,0
contentment,http://farm4.staticflickr.com/3910/14648785675_1f514b93a4_z.jpg,3,2
contentment,http://farm3.staticflickr.com/2883/10163632314_c9327d6753_z.jpg,3,2
contentment,http://farm9.staticflickr.com/8577/15644474134_81262faee9_z.jpg,1,4
contentment,http://farm6.staticflickr.com/5161/5324794606_4304cd1dd0_z.jpg,0,5
contentment,http://farm6.staticflickr.com/5595/15224934896_877e50e190_z.jpg,1,4
contentment,http://farm9.staticflickr.com/8639/16669139582_b617449ec7_z.jpg,3,2
contentment,http://farm4.staticflickr.com/3845/14578262209_21fcde4a2a_z.jpg,3,2
contentment,http://farm7.staticflickr.com/6132/6000918559_f1782b6476_z.jpg,4,1
contentment,http://farm8.staticflickr.com/7043/6806146710_fae66dd611_z.jpg,0,5
contentment,http://farm4.staticflickr.com/3738/11014466675_337c6d6ffd_z.jpg,3,2
contentment,http://farm3.staticflickr.com/2548/3685907047_a9abd884ec_z.jpg,2,3
contentment,http://farm2.staticflickr.com/1397/5118757428_88a3f20c03_z.jpg,3,2
contentment,http://farm4.staticflickr.com/3390/4574798157_82435d412a_z.jpg,1,4
contentment,http://farm3.staticflickr.com/2021/2493795631_531890b378_z.jpg,0,5
contentment,http://farm7.staticflickr.com/6168/6199433368_331dbfae34_z.jpg,2,3
contentment,http://farm7.staticflickr.com/6198/6048792958_5f5578d14c_z.jpg,2,3
contentment,http://farm8.staticflickr.com/7076/7223951694_02c44daae1_z.jpg,1,4
contentment,http://farm6.staticflickr.com/5243/5301785671_2e957dc15b_z.jpg,1,4
contentment,http://farm8.staticflickr.com/7196/6971663416_34efc7dd6c_z.jpg,5,0
contentment,http://farm4.staticflickr.com/3877/15170058389_006dacf441_z.jpg,3,2
contentment,http://farm9.staticflickr.com/8176/8069962600_ff5f7c84d7_z.jpg,4,1
contentment,http://farm4.staticflickr.com/3096/2824277986_b70f89510f_z.jpg,4,1
contentment,http://farm9.staticflickr.com/8059/8251329549_12eea26c06_z.jpg,4,1
contentment,http://farm8.staticflickr.com/7392/9481013159_c22c5df059_z.jpg,4,1
contentment,http://farm5.staticflickr.com/4035/4671425480_e13dc5327e_z.jpg,1,3
contentment,http://farm6.staticflickr.com/5334/8822528146_1409043b77_z.jpg,4,1
contentment,http://farm7.staticflickr.com/6139/6023584935_2972cc6b88_z.jpg,4,1
contentment,http://farm4.staticflickr.com/3632/3623300336_66124e611e_z.jpg,2,3
contentment,http://farm4.staticflickr.com/3245/2979644481_76ecc9d3d5_z.jpg,5,0
contentment,http://farm3.staticflickr.com/2540/4114090525_303a13857a_z.jpg,1,4
contentment,http://farm6.staticflickr.com/5592/14784706212_1c07093e06_z.jpg,3,2
contentment,http://farm9.staticflickr.com/8356/8264438641_2c051b7606_z.jpg,3,2
contentment,http://farm5.staticflickr.com/4049/4273682455_05b338173c_z.jpg,1,4
contentment,http://farm6.staticflickr.com/5214/5494184027_2f26cffcab_z.jpg,1,4
contentment,http://farm9.staticflickr.com/8437/8008894927_97eab01b90_z.jpg,5,0
contentment,http://farm4.staticflickr.com/3905/15318347201_f560190549_z.jpg,3,2
contentment,http://farm8.staticflickr.com/7242/7172639223_9f9b49c5aa_z.jpg,1,4
contentment,http://farm5.staticflickr.com/4121/4913302662_63f6c9fdb7_z.jpg,4,1
contentment,http://farm6.staticflickr.com/5616/15793369695_b40f170d9c_z.jpg,2,3
contentment,http://farm3.staticflickr.com/2592/4137417448_59153630fd_z.jpg,1,4
contentment,http://farm8.staticflickr.com/7216/7068772811_c9f37f57fe_z.jpg,2,3
contentment,http://farm6.staticflickr.com/5099/5476573013_2e0e566145_z.jpg,3,2
contentment,http://farm5.staticflickr.com/4042/4253390253_f1e02ddeb9_z.jpg,4,1
contentment,http://farm3.staticflickr.com/2708/4167026702_c686560b9b_z.jpg,1,4
contentment,http://farm5.staticflickr.com/4038/4274366630_8577fe8369_z.jpg,3,2
contentment,http://farm3.staticflickr.com/2792/4137754351_70efaa1d0c_z.jpg,3,1
contentment,http://farm9.staticflickr.com/8438/7822529166_3cc14eb6e3_z.jpg,0,5
contentment,http://farm3.staticflickr.com/2204/2266265499_24efc650ab_z.jpg,1,4
contentment,http://farm9.staticflickr.com/8025/7519765378_ab3c2b997e_z.jpg,3,1
contentment,http://farm4.staticflickr.com/3165/2937323663_28fe42c10e_z.jpg,4,1
contentment,http://farm4.staticflickr.com/3712/9974627344_8e03e35751_z.jpg,3,2
contentment,http://farm4.staticflickr.com/3166/2616848904_66024ef4b8_z.jpg,4,1
contentment,http://farm6.staticflickr.com/5015/5457524393_b5307e7819_z.jpg,3,1
contentment,http://farm6.staticflickr.com/5572/14235003663_1cc6a8f684_z.jpg,0,5
contentment,http://farm5.staticflickr.com/4018/4706085309_9c5b5ba2fb_z.jpg,1,4
contentment,http://farm4.staticflickr.com/3263/2504943031_7bd0c9deb9_z.jpg,3,2
contentment,http://farm8.staticflickr.com/7302/12461510794_6750e7f6f7_z.jpg,3,2
contentment,http://farm9.staticflickr.com/8056/8119284434_38d7da9cf9_z.jpg,3,2
contentment,http://farm6.staticflickr.com/5136/5725523788_dc83f7d753_z.jpg,4,1
contentment,http://farm3.staticflickr.com/2566/5703178547_2b02b5bfc3_z.jpg,3,2
contentment,http://farm4.staticflickr.com/3738/10937573096_0d3f25b2ac_z.jpg,4,1
contentment,http://farm4.staticflickr.com/3588/3553884431_56bcc52c22_z.jpg,2,3
contentment,http://farm3.staticflickr.com/2832/11666499063_21e5b5a13e_z.jpg,3,1
contentment,http://farm9.staticflickr.com/8309/7942791916_d14e8d63d0_z.jpg,5,0
contentment,http://farm6.staticflickr.com/5021/5658019723_3915b51b5a_z.jpg,3,2
contentment,http://farm7.staticflickr.com/6134/5973305204_8e931a0c0d_z.jpg,2,3
contentment,http://farm4.staticflickr.com/3766/10259279795_7173b4084a_z.jpg,3,2
contentment,http://farm7.staticflickr.com/6029/5986277774_f3057a8af9_z.jpg,3,2
contentment,http://farm4.staticflickr.com/3855/14577438760_b13d486bb1_z.jpg,4,1
contentment,http://farm8.staticflickr.com/7044/6843187952_61e72d168e_z.jpg,0,5
contentment,http://farm8.staticflickr.com/7558/15382881413_679e474df2_z.jpg,0,5
contentment,http://farm8.staticflickr.com/7121/7433427628_547cd1d2bf_z.jpg,1,4
contentment,http://farm6.staticflickr.com/5551/15278772012_8355f0199a_z.jpg,1,4
contentment,http://farm5.staticflickr.com/4126/4962541222_b01e88ca4c_z.jpg,1,4
contentment,http://farm9.staticflickr.com/8514/8508228058_527a8db317_z.jpg,3,2
contentment,http://farm4.staticflickr.com/3013/2330469852_fc1f251765_z.jpg,0,5
contentment,http://farm5.staticflickr.com/4125/4971975486_72a4cef285_z.jpg,3,2
contentment,http://farm9.staticflickr.com/8674/16646830955_0d8efdb916_z.jpg,0,5
contentment,http://farm4.staticflickr.com/3841/14759587446_a7a9777359_z.jpg,4,1
contentment,http://farm6.staticflickr.com/5454/8980876368_6ed1e71ee6_z.jpg,1,4
contentment,http://farm4.staticflickr.com/3704/11506679846_aed4d1407a_z.jpg,3,2
contentment,http://farm8.staticflickr.com/7440/9714754530_c09ec5437f_z.jpg,4,0
contentment,http://farm8.staticflickr.com/7254/6887826670_66acdf1954_z.jpg,4,0
contentment,http://farm4.staticflickr.com/3527/3269445159_3c1cdbed1a_z.jpg,1,4
contentment,http://farm8.staticflickr.com/7517/15167818463_82688d6b2b_z.jpg,3,2
contentment,http://farm4.staticflickr.com/3842/14382216347_3c7e400ecd_z.jpg,1,4
contentment,http://farm5.staticflickr.com/4054/4626243376_2745a7875f_z.jpg,1,3
contentment,http://farm8.staticflickr.com/7056/6952247495_c3814b61bc_z.jpg,0,5
contentment,http://farm6.staticflickr.com/5548/11536105056_15d7ce6117_z.jpg,0,5
contentment,http://farm4.staticflickr.com/3631/5703514725_31ce4e202b_z.jpg,3,2
contentment,http://farm9.staticflickr.com/8183/8420130460_93b1034a6f_z.jpg,3,2
contentment,http://farm9.staticflickr.com/8427/7694623600_58493b2f77_z.jpg,5,0
contentment,http://farm2.staticflickr.com/1195/4723805601_12b8d55273_z.jpg,0,5
contentment,http://farm6.staticflickr.com/5111/5887991912_08604ec249_z.jpg,1,4
contentment,http://farm8.staticflickr.com/7104/7178338758_2a8b57bdcf_z.jpg,1,4
contentment,http://farm3.staticflickr.com/2927/14828833321_f81e55c998_z.jpg,4,1
contentment,http://farm3.staticflickr.com/2589/4208985632_d8d83ae18a_z.jpg,4,1
contentment,http://farm3.staticflickr.com/2864/10327676705_b0a306efc2_z.jpg,2,3
contentment,http://farm6.staticflickr.com/5575/15069613432_71b54cc2ba_z.jpg,4,1
contentment,http://farm8.staticflickr.com/7368/11272420884_1831983a39_z.jpg,1,4
contentment,http://farm6.staticflickr.com/5132/5579540764_7d2a7b7a01_z.jpg,1,4
contentment,http://farm5.staticflickr.com/4049/4274928424_788f91995f_z.jpg,2,3
contentment,http://farm4.staticflickr.com/3841/14525624134_62893e63a8_z.jpg,3,2
contentment,http://farm5.staticflickr.com/4001/4691441718_35c5660080_z.jpg,1,4
contentment,http://farm8.staticflickr.com/7053/6951425753_4a20db4532_z.jpg,2,3
contentment,http://farm4.staticflickr.com/3008/2616497820_0b6f265689_z.jpg,2,3
contentment,http://farm9.staticflickr.com/8326/8100853332_e0589456e9_z.jpg,3,2
contentment,http://farm6.staticflickr.com/5525/10279458474_ecba33a4dc_z.jpg,1,3
contentment,http://farm4.staticflickr.com/3823/11914126755_5e8599ab9c_z.jpg,2,3
contentment,http://farm6.staticflickr.com/5210/5291092683_2a00bf395f_z.jpg,1,4
contentment,http://farm4.staticflickr.com/3843/14778691892_282e61f6db_z.jpg,5,0
contentment,http://farm9.staticflickr.com/8006/6962106562_e7c690524a_z.jpg,1,4
contentment,http://farm8.staticflickr.com/7499/15918283099_0a55127e5c_z.jpg,3,2
contentment,http://farm4.staticflickr.com/3221/3535057432_2a2603140d_z.jpg,1,4
contentment,http://farm5.staticflickr.com/4032/4650352144_d4da72a406_z.jpg,2,3
contentment,http://farm9.staticflickr.com/8004/7659838778_5685d4485d_z.jpg,4,1
contentment,http://farm6.staticflickr.com/5136/5547994074_060ee54e4a_z.jpg,0,5
contentment,http://farm3.staticflickr.com/2929/14578013090_b3e8c4e944_z.jpg,5,0
contentment,http://farm3.staticflickr.com/2928/14593351130_59fab0d5c4_z.jpg,4,1
contentment,http://farm8.staticflickr.com/7322/16576155095_ec914f6e1c_z.jpg,3,2
contentment,http://farm3.staticflickr.com/2135/2493745941_8ce0388e88_z.jpg,1,4
contentment,http://farm9.staticflickr.com/8503/8305630222_709a8ed94f_z.jpg,2,3
contentment,http://farm9.staticflickr.com/8079/8356854130_bae367ce2e_z.jpg,3,2
contentment,http://farm9.staticflickr.com/8105/8568625385_0f12337546_z.jpg,3,2
contentment,http://farm6.staticflickr.com/5613/15430213548_ca65b8f22d_z.jpg,4,1
contentment,http://farm7.staticflickr.com/6240/6317227071_bef3c8e8f7_z.jpg,2,2
contentment,http://farm7.staticflickr.com/6156/6245151768_a3596fec63_z.jpg,0,5
contentment,http://farm3.staticflickr.com/2813/11434277274_160c931e21_z.jpg,1,4
contentment,http://farm3.staticflickr.com/2683/4423107892_17f4282d1f_z.jpg,2,3
contentment,http://farm9.staticflickr.com/8468/8088781025_47946ebec6_z.jpg,1,4
contentment,http://farm4.staticflickr.com/3041/2565854087_da67e2a44e_z.jpg,5,0
contentment,http://farm4.staticflickr.com/3403/3305979457_dcc8d8ab1d_z.jpg,5,0
contentment,http://farm5.staticflickr.com/4128/5148547670_a12de99298_z.jpg,2,3
contentment,http://farm5.staticflickr.com/4047/4644354873_69597ee8c8_z.jpg,2,3
contentment,http://farm4.staticflickr.com/3164/2832576935_705e8130fa_z.jpg,4,1
contentment,http://farm8.staticflickr.com/7147/6591785119_28d9bb4f33_z.jpg,4,1
contentment,http://farm9.staticflickr.com/8492/8308288101_f316637e79_z.jpg,1,4
contentment,http://farm9.staticflickr.com/8452/7916471318_aa33c7a2e2_z.jpg,3,2
contentment,http://farm3.staticflickr.com/2645/3986679473_f622ff11cf_z.jpg,0,5
contentment,http://farm4.staticflickr.com/3749/9274531101_b2ab221ff5_z.jpg,5,0
contentment,http://farm4.staticflickr.com/3750/14106767569_28fa623ebe_z.jpg,1,4
contentment,http://farm5.staticflickr.com/4089/5010632776_d045cc4b53_z.jpg,1,4
contentment,http://farm6.staticflickr.com/5019/5519865683_c02970d514_z.jpg,1,3
contentment,http://farm6.staticflickr.com/5201/5268953730_c0e3e0851f_z.jpg,2,3
contentment,http://farm2.staticflickr.com/1340/5144156747_884e652a50_z.jpg,4,1
contentment,http://farm4.staticflickr.com/3352/4574811271_7a04a68976_z.jpg,5,0
contentment,http://farm4.staticflickr.com/3366/3180354359_ebc2e11df1_z.jpg,3,2
contentment,http://farm8.staticflickr.com/7187/6988866841_31fa200a2c_z.jpg,1,4
contentment,http://farm4.staticflickr.com/3722/12042533616_49f6dc831c_z.jpg,0,5
contentment,http://farm4.staticflickr.com/3789/10145748635_496276207a_z.jpg,4,1
contentment,http://farm3.staticflickr.com/2565/5852847355_980edc00f7_z.jpg,1,4
contentment,http://farm9.staticflickr.com/8457/8008322450_414c3bf7ae_z.jpg,4,0
contentment,http://farm7.staticflickr.com/6081/6040351207_0d61d835ee_z.jpg,2,3
contentment,http://farm6.staticflickr.com/5134/5587247867_0f783fee63_z.jpg,2,3
contentment,http://farm9.staticflickr.com/8359/8291779747_2b903272cc_z.jpg,4,1
contentment,http://farm6.staticflickr.com/5147/5622647611_a926fb045e_z.jpg,4,1
contentment,http://farm5.staticflickr.com/4046/4406786075_c6cc0fac99_z.jpg,4,1
contentment,http://farm4.staticflickr.com/3922/14613598619_24d4365853_z.jpg,4,1
contentment,http://farm7.staticflickr.com/6034/6254705389_4552c9761e_z.jpg,5,0
contentment,http://farm4.staticflickr.com/3315/3659390424_f3457f04c5_z.jpg,0,5
contentment,http://farm6.staticflickr.com/5608/15578095226_25ea03c588_z.jpg,0,5
contentment,http://farm6.staticflickr.com/5014/5492158400_b14d52169a_z.jpg,1,4
contentment,http://farm4.staticflickr.com/3596/5843166633_bc78cc8615_z.jpg,4,1
contentment,http://farm4.staticflickr.com/3188/3283129404_43d1e6b436_z.jpg,1,4
contentment,http://farm6.staticflickr.com/5171/5477182310_4c57d9bb6c_z.jpg,2,3
contentment,http://farm3.staticflickr.com/2248/2195078599_884ea5dd3f_z.jpg,0,5
contentment,http://farm6.staticflickr.com/5607/15449735609_7ee0923208_z.jpg,0,5
contentment,http://farm4.staticflickr.com/3865/14979532430_9489862ce9_z.jpg,2,3
contentment,http://farm8.staticflickr.com/7541/15962216046_5059177e2c_z.jpg,3,2
contentment,http://farm3.staticflickr.com/2485/3849651463_38098bbfc8_z.jpg,3,2
contentment,http://farm3.staticflickr.com/2422/3609044859_6e26643973_z.jpg,1,4
contentment,http://farm5.staticflickr.com/4149/4959539599_696d22af71_z.jpg,2,3
contentment,http://farm6.staticflickr.com/5506/9049489549_1555c77e75_z.jpg,5,0
contentment,http://farm4.staticflickr.com/3893/15013836909_100d14eca9_z.jpg,5,0
contentment,http://farm6.staticflickr.com/5089/5375887908_0da1c5578a_z.jpg,4,1
contentment,http://farm6.staticflickr.com/5214/5403733230_6c80be48bf_z.jpg,5,0
contentment,http://farm3.staticflickr.com/2483/3803826281_b297e9d0e8_z.jpg,0,5
contentment,http://farm6.staticflickr.com/5517/10832758485_9eb983b4e9_z.jpg,4,1
contentment,http://farm3.staticflickr.com/2808/10351970424_6cb2125acc_z.jpg,3,1
contentment,http://farm8.staticflickr.com/7012/6450421029_55f1ed2d46_z.jpg,0,5
contentment,http://farm6.staticflickr.com/5552/14876323379_82d23691f1_z.jpg,1,4
contentment,http://farm5.staticflickr.com/4101/4749547477_bd0d9639ae_z.jpg,2,3
contentment,http://farm8.staticflickr.com/7267/7507904318_8bf470e46b_z.jpg,0,5
contentment,http://farm3.staticflickr.com/2825/11448943185_0b0a4f571b_z.jpg,1,4
contentment,http://farm7.staticflickr.com/6195/6126362523_a55687685f_z.jpg,2,3
contentment,http://farm8.staticflickr.com/7251/7590012476_9964a60f69_z.jpg,0,5
contentment,http://farm6.staticflickr.com/5004/5311793599_1e14ffd62b_z.jpg,3,1
contentment,http://farm8.staticflickr.com/7001/6504900037_78f8e8c7f4_z.jpg,1,4
contentment,http://farm4.staticflickr.com/3465/3274521539_7b2cd12a6e_z.jpg,2,3
contentment,http://farm7.staticflickr.com/6040/6238115421_92d255e890_z.jpg,2,3
contentment,http://farm9.staticflickr.com/8097/8464033946_4ca8b28928_z.jpg,2,3
contentment,http://farm3.staticflickr.com/2437/3624798538_8600ac80ca_z.jpg,0,5
contentment,http://farm4.staticflickr.com/3531/3242481151_658fba5b7f_z.jpg,0,5
contentment,http://farm4.staticflickr.com/3139/2954839196_17ddafd8c2_z.jpg,1,4
contentment,http://farm7.staticflickr.com/6008/5906653671_a36ec611c0_z.jpg,3,2
contentment,http://farm8.staticflickr.com/7484/15666362890_141262f51b_z.jpg,2,3
contentment,http://farm8.staticflickr.com/7044/6773098298_e4750b40f2_z.jpg,1,4
contentment,http://farm6.staticflickr.com/5310/5731286095_775b7823ed_z.jpg,1,4
contentment,http://farm5.staticflickr.com/4100/4775104475_3df846c27d_z.jpg,0,5
contentment,http://farm4.staticflickr.com/3901/14566737959_0263674a14_z.jpg,3,2
contentment,http://farm8.staticflickr.com/7240/6920923066_7e62d77eaa_z.jpg,5,0
contentment,http://farm3.staticflickr.com/2568/3869654491_25ffd36f9b_z.jpg,4,1
contentment,http://farm4.staticflickr.com/3557/3551203802_9283922994_z.jpg,0,5
contentment,http://farm4.staticflickr.com/3183/2882733668_5aee96465f_z.jpg,2,3
contentment,http://farm3.staticflickr.com/2949/15414896532_8bbb28a1d7_z.jpg,3,2
contentment,http://farm3.staticflickr.com/2610/4026261164_7c8670dbf1_z.jpg,0,5
contentment,http://farm4.staticflickr.com/3919/14771295124_e66c40cfa3_z.jpg,3,2
contentment,http://farm5.staticflickr.com/4015/4701746220_906ddd2356_z.jpg,5,0
contentment,http://farm4.staticflickr.com/3865/14778752885_ff5de978f1_z.jpg,5,0
contentment,http://farm8.staticflickr.com/7445/12129838846_db34c5d5d5_z.jpg,2,3
contentment,http://farm9.staticflickr.com/8207/8239172968_3fdb39fae7_z.jpg,5,0
contentment,http://farm7.staticflickr.com/6216/6365701041_634594582e_z.jpg,2,3
contentment,http://farm4.staticflickr.com/3592/3589888868_4e04f7af9d_z.jpg,2,3
contentment,http://farm2.staticflickr.com/1045/5166928719_b957e28a72_z.jpg,3,2
contentment,http://farm4.staticflickr.com/3201/2601645969_0c42b2b29c_z.jpg,2,3
contentment,http://farm4.staticflickr.com/3340/3244727021_551d1d806a_z.jpg,1,4
contentment,http://farm4.staticflickr.com/3947/15027214553_8c272ce065_z.jpg,2,3
contentment,http://farm9.staticflickr.com/8528/8530389064_e81711464f_z.jpg,4,1
contentment,http://farm4.staticflickr.com/3127/3128606243_0f879a6a20_z.jpg,4,1
contentment,http://farm7.staticflickr.com/6128/5982981708_85a251a56f_z.jpg,2,3
contentment,http://farm4.staticflickr.com/3233/2435168916_46c47d4c6a_z.jpg,1,4
contentment,http://farm4.staticflickr.com/3501/3745372203_d43ef2a210_z.jpg,0,5
contentment,http://farm9.staticflickr.com/8478/8181756373_895725f148_z.jpg,0,5
contentment,http://farm6.staticflickr.com/5117/6928593394_203ff8ccd4_z.jpg,1,4
contentment,http://farm9.staticflickr.com/8093/8478270859_a82a06e124_z.jpg,3,2
contentment,http://farm3.staticflickr.com/2903/14750070116_5c633d7341_z.jpg,3,2
contentment,http://farm4.staticflickr.com/3829/9777018554_410e9e92f2_z.jpg,4,1
contentment,http://farm3.staticflickr.com/2202/5710499605_6a852ef6fc_z.jpg,3,2
contentment,http://farm5.staticflickr.com/4095/4784717705_763374b950_z.jpg,4,1
contentment,http://farm9.staticflickr.com/8296/7781301156_6b2403df24_z.jpg,1,4
contentment,http://farm4.staticflickr.com/3056/2881824603_a56627c62e_z.jpg,2,3
contentment,http://farm3.staticflickr.com/2426/4082796549_249bdfbfe0_z.jpg,1,4
contentment,http://farm6.staticflickr.com/5017/5516397524_c17a115aa2_z.jpg,0,5
contentment,http://farm4.staticflickr.com/3320/3421635952_92399053a2_z.jpg,5,0
contentment,http://farm7.staticflickr.com/6004/5943798394_6d5d476866_z.jpg,0,5
contentment,http://farm4.staticflickr.com/3127/2683017315_4427a017da_z.jpg,0,5
contentment,http://farm6.staticflickr.com/5601/15526349755_6b9436acce_z.jpg,3,2
contentment,http://farm4.staticflickr.com/3866/15210978036_e134370362_z.jpg,1,4
contentment,http://farm6.staticflickr.com/5509/10853247716_d7b0c252d6_z.jpg,1,4
contentment,http://farm2.staticflickr.com/1127/5107236592_724e8b7962_z.jpg,2,3
contentment,http://farm3.staticflickr.com/2930/14776189844_6b395174b9_z.jpg,5,0
contentment,http://farm5.staticflickr.com/4077/4806034325_28afd3a88d_z.jpg,1,4
contentment,http://farm3.staticflickr.com/2043/2450229139_2637984823_z.jpg,4,1
contentment,http://farm4.staticflickr.com/3751/13178080954_f1dc298da1_z.jpg,5,0
contentment,http://farm4.staticflickr.com/3594/3377541636_e22b4e3677_z.jpg,1,4
contentment,http://farm5.staticflickr.com/4049/4347402975_b256eba2da_z.jpg,2,3
contentment,http://farm9.staticflickr.com/8486/8216245005_b08f9af2a6_z.jpg,5,0
contentment,http://farm9.staticflickr.com/8431/7854212872_5df1391064_z.jpg,1,4
contentment,http://farm4.staticflickr.com/3434/3237062800_df9d50df38_z.jpg,0,5
contentment,http://farm8.staticflickr.com/7529/16079295945_b139007222_z.jpg,3,2
contentment,http://farm4.staticflickr.com/3369/3611074268_6b46292f24_z.jpg,1,4
contentment,http://farm4.staticflickr.com/3042/2882106279_3b75e3eff9_z.jpg,2,3
contentment,http://farm6.staticflickr.com/5203/5354637027_e0a6dc9140_z.jpg,1,4
contentment,http://farm5.staticflickr.com/4093/4932366272_00462fb85c_z.jpg,4,1
contentment,http://farm8.staticflickr.com/7248/7446267014_fa5be7aceb_z.jpg,2,3
contentment,http://farm3.staticflickr.com/2897/14586853397_bfaf11ebda_z.jpg,5,0
contentment,http://farm3.staticflickr.com/2782/4107571958_35b1cca82a_z.jpg,1,4
contentment,http://farm4.staticflickr.com/3903/15136582932_bfa7378bd5_z.jpg,1,4
contentment,http://farm6.staticflickr.com/5307/5598169107_7e047471c7_z.jpg,4,1
contentment,http://farm8.staticflickr.com/7035/6770210411_8ca8932a0e_z.jpg,5,0
contentment,http://farm3.staticflickr.com/2791/4459364301_8f7a6ca316_z.jpg,1,4
contentment,http://farm8.staticflickr.com/7399/10474304825_b494662b5e_z.jpg,3,2
contentment,http://farm6.staticflickr.com/5284/5341629540_43368db365_z.jpg,0,5
contentment,http://farm5.staticflickr.com/4013/4397929844_dde035a09c_z.jpg,1,4
contentment,http://farm4.staticflickr.com/3076/3214209092_ae9b1b89ba_z.jpg,0,5
contentment,http://farm8.staticflickr.com/7254/13813877823_f8c033fbe9_z.jpg,0,5
contentment,http://farm4.staticflickr.com/3611/3465303637_c1880f7ae7_z.jpg,0,5
contentment,http://farm3.staticflickr.com/2923/14579576150_739a109683_z.jpg,5,0
contentment,http://farm4.staticflickr.com/3746/13130809613_2fd4755563_z.jpg,5,0
contentment,http://farm8.staticflickr.com/7321/9227674182_4d7c820691_z.jpg,1,4
contentment,http://farm4.staticflickr.com/3782/10347040276_029ec2684a_z.jpg,0,5
contentment,http://farm5.staticflickr.com/4081/4899496812_d27069a1c2_z.jpg,4,1
contentment,http://farm6.staticflickr.com/5135/5422755184_a6033006dd_z.jpg,4,1
contentment,http://farm6.staticflickr.com/5165/5255830104_5de8707911_z.jpg,5,0
contentment,http://farm5.staticflickr.com/4027/4260101613_008fde1f05_z.jpg,1,4
contentment,http://farm6.staticflickr.com/5590/14743640296_d9043f65e7_z.jpg,4,1
contentment,http://farm4.staticflickr.com/3007/5703389857_dde4ba045b_z.jpg,2,3
contentment,http://farm3.staticflickr.com/2620/4154121527_73f89e2b79_z.jpg,3,2
contentment,http://farm6.staticflickr.com/5255/5531441360_8a4a62b1b1_z.jpg,4,1
contentment,http://farm7.staticflickr.com/6020/6008348986_766691f9b0_z.jpg,2,3
contentment,http://farm3.staticflickr.com/2839/8930857740_02b82b266a_z.jpg,1,4
contentment,http://farm9.staticflickr.com/8497/8426615957_7d4250cec2_z.jpg,3,2
contentment,http://farm9.staticflickr.com/8081/8334832950_14d5160168_z.jpg,5,0
contentment,http://farm6.staticflickr.com/5597/15345169450_9679ae69ca_z.jpg,2,3
contentment,http://farm4.staticflickr.com/3878/14754413706_aa3a12c892_z.jpg,5,0
contentment,http://farm6.staticflickr.com/5239/14250557001_63b0724fac_z.jpg,3,2
contentment,http://farm5.staticflickr.com/4084/5166926337_49b4590206_z.jpg,1,4
contentment,http://farm7.staticflickr.com/6061/6161090845_e6bce4ce5a_z.jpg,4,1
contentment,http://farm4.staticflickr.com/3045/3042607670_184ca5bb85_z.jpg,0,5
contentment,http://farm8.staticflickr.com/7088/7195872436_db9c100a5c_z.jpg,1,4
contentment,http://farm8.staticflickr.com/7141/6545026953_2752ddbf0d_z.jpg,3,1
contentment,http://farm4.staticflickr.com/3127/2616025659_9aeb237130_z.jpg,5,0
contentment,http://farm3.staticflickr.com/2919/14586517680_26ceaf1eaf_z.jpg,3,2
contentment,http://farm9.staticflickr.com/8201/8236312057_e5ec0329a5_z.jpg,2,3
contentment,http://farm4.staticflickr.com/3535/3777405505_5b3442057e_z.jpg,1,3
contentment,http://farm8.staticflickr.com/7114/13920189433_acb4206aa0_z.jpg,5,0
contentment,http://farm4.staticflickr.com/3901/14966260931_edc6bacd15_z.jpg,3,2
contentment,http://farm9.staticflickr.com/8038/7895292430_03535eb34f_z.jpg,2,3
contentment,http://farm5.staticflickr.com/4021/4236993012_40c1036071_z.jpg,2,3
contentment,http://farm9.staticflickr.com/8315/7892956722_5f2b2ac296_z.jpg,1,4
contentment,http://farm4.staticflickr.com/3853/14596047530_da54aacd2a_z.jpg,5,0
contentment,http://farm6.staticflickr.com/5307/5749220435_c6d780de45_z.jpg,3,2
contentment,http://farm3.staticflickr.com/2879/10879107805_e9744e68c6_z.jpg,2,3
contentment,http://farm7.staticflickr.com/6122/5917664949_88fa4e5b86_z.jpg,2,3
contentment,http://farm7.staticflickr.com/6202/6063586009_198e1f7fe4_z.jpg,0,5
contentment,http://farm4.staticflickr.com/3196/5850868559_b0f5008d16_z.jpg,4,1
contentment,http://farm4.staticflickr.com/3923/14673646323_3f4956edf6_z.jpg,3,2
contentment,http://farm6.staticflickr.com/5093/5440744152_aa588195fa_z.jpg,3,2
contentment,http://farm8.staticflickr.com/7029/6548678927_a014188918_z.jpg,4,0
contentment,http://farm5.staticflickr.com/4134/4882632287_d15312b9cd_z.jpg,5,0
contentment,http://farm9.staticflickr.com/8354/8305944756_29118a31af_z.jpg,4,1
contentment,http://farm5.staticflickr.com/4064/4485263470_4ed2d00e64_z.jpg,4,1
contentment,http://farm5.staticflickr.com/4070/5163740548_d4b8473dae_z.jpg,2,3
contentment,http://farm4.staticflickr.com/3206/2846808201_2721aecf96_z.jpg,0,5
contentment,http://farm3.staticflickr.com/2920/14765376534_8ac1d8ba94_z.jpg,5,0
contentment,http://farm3.staticflickr.com/2751/4233239844_31c9b490c2_z.jpg,4,1
contentment,http://farm8.staticflickr.com/7210/6980728077_dea041deb8_z.jpg,1,4
contentment,http://farm8.staticflickr.com/7185/7019071877_d6446b410f_z.jpg,5,0
contentment,http://farm3.staticflickr.com/2931/14782212444_a3f6af4584_z.jpg,4,1
contentment,http://farm8.staticflickr.com/7081/7257873660_d7c35d29ed_z.jpg,2,3
contentment,http://farm5.staticflickr.com/4099/4819125527_4626ab00bc_z.jpg,0,5
contentment,http://farm6.staticflickr.com/5300/5453678100_786343142b_z.jpg,1,4
contentment,http://farm5.staticflickr.com/4086/5221355294_93e4b18e9a_z.jpg,3,2
contentment,http://farm6.staticflickr.com/5170/5275176763_b7a13f8bcf_z.jpg,5,0
contentment,http://farm8.staticflickr.com/7404/13085761263_d5e2157413_z.jpg,2,3
contentment,http://farm5.staticflickr.com/4038/4286653754_a92718c31b_z.jpg,4,1
contentment,http://farm4.staticflickr.com/3865/14755129881_703efd8060_z.jpg,5,0
contentment,http://farm6.staticflickr.com/5451/7087901543_aeb1451e57_z.jpg,0,5
contentment,http://farm8.staticflickr.com/7355/13446627275_df25fc56f2_z.jpg,1,4
contentment,http://farm5.staticflickr.com/4096/4898579399_ed17886cb5_z.jpg,5,0
contentment,http://farm6.staticflickr.com/5180/5513286570_c3dac4d51c_z.jpg,3,2
contentment,http://farm3.staticflickr.com/2440/3647055929_e246436104_z.jpg,3,1
contentment,http://farm7.staticflickr.com/6208/6053013293_80e35660b4_z.jpg,2,3
contentment,http://farm3.staticflickr.com/2943/15339329451_9e28844f25_z.jpg,3,2
contentment,http://farm8.staticflickr.com/7348/13654537365_bcd7781e0b_z.jpg,1,4
contentment,http://farm9.staticflickr.com/8289/7663459466_590c302467_z.jpg,1,4
contentment,http://farm3.staticflickr.com/2895/14153509517_6a7cb31a89_z.jpg,4,1
contentment,http://farm9.staticflickr.com/8289/7861230218_c84f1e106a_z.jpg,1,4
contentment,http://farm4.staticflickr.com/3180/2999525022_6ac385142d_z.jpg,1,4
contentment,http://farm8.staticflickr.com/7094/7202299118_4d041626a4_z.jpg,5,0
contentment,http://farm8.staticflickr.com/7417/12967776715_54c5290983_z.jpg,1,4
contentment,http://farm5.staticflickr.com/4088/4843046569_8d535071f4_z.jpg,1,4
contentment,http://farm6.staticflickr.com/5469/9147128884_6a5d2d980a_z.jpg,2,3
contentment,http://farm6.staticflickr.com/5532/9038834400_3a40f22775_z.jpg,3,2
contentment,http://farm4.staticflickr.com/3561/3432063678_025da0c92e_z.jpg,3,2
contentment,http://farm4.staticflickr.com/3512/5791996701_0b6489674d_z.jpg,3,2
contentment,http://farm5.staticflickr.com/4032/4719601437_8c589b083e_z.jpg,5,0
contentment,http://farm4.staticflickr.com/3841/14592249267_fb2e465668_z.jpg,4,1
contentment,http://farm4.staticflickr.com/3877/14761666031_4a39e87483_z.jpg,2,3
contentment,http://farm4.staticflickr.com/3584/3516275327_0a7824f4fa_z.jpg,1,4
contentment,http://farm9.staticflickr.com/8295/8001837748_bf4113be59_z.jpg,1,4
contentment,http://farm5.staticflickr.com/4104/5074937926_03ce6914d5_z.jpg,1,4
contentment,http://farm9.staticflickr.com/8351/8296963843_b0bbc282bf_z.jpg,2,3
contentment,http://farm3.staticflickr.com/2906/14598362420_269842a91f_z.jpg,1,4
contentment,http://farm9.staticflickr.com/8394/8700468040_8816223f9f_z.jpg,2,3
contentment,http://farm4.staticflickr.com/3902/14595611519_112a3d8f92_z.jpg,2,3
contentment,http://farm9.staticflickr.com/8174/7992873530_8f56924772_z.jpg,1,4
contentment,http://farm4.staticflickr.com/3012/2326278400_60568a90af_z.jpg,2,3
contentment,http://farm8.staticflickr.com/7579/15767339931_2ef47b5b78_z.jpg,4,1
contentment,http://farm7.staticflickr.com/6198/6127190695_dc21c1fd97_z.jpg,2,3
contentment,http://farm9.staticflickr.com/8200/8189258412_5430795cbe_z.jpg,1,4
contentment,http://farm4.staticflickr.com/3468/3260384348_8ac0443522_z.jpg,4,1
contentment,http://farm6.staticflickr.com/5010/5348901591_260af55616_z.jpg,5,0
contentment,http://farm4.staticflickr.com/3318/3226993005_e0c8a3158b_z.jpg,2,3
contentment,http://farm4.staticflickr.com/3661/3464184089_da7e667075_z.jpg,0,5
contentment,http://farm6.staticflickr.com/5531/9073937624_07b3bc2abd_z.jpg,1,4
contentment,http://farm9.staticflickr.com/8125/8624210063_186c218ec9_z.jpg,2,3
contentment,http://farm3.staticflickr.com/2304/5772514847_749117520a_z.jpg,5,0
contentment,http://farm9.staticflickr.com/8260/8670544720_a140684b52_z.jpg,1,4
contentment,http://farm6.staticflickr.com/5487/9606052171_6f71323085_z.jpg,1,3
contentment,http://farm4.staticflickr.com/3922/14767419031_103e4fe4e8_z.jpg,5,0
contentment,http://farm6.staticflickr.com/5552/14742765366_7ee46a694e_z.jpg,4,1
contentment,http://farm9.staticflickr.com/8438/7781333206_a6bf8353df_z.jpg,1,4
contentment,http://farm7.staticflickr.com/6011/5993386837_61b0a04d98_z.jpg,1,4
contentment,http://farm6.staticflickr.com/5593/14595480159_7bca75c293_z.jpg,4,1
contentment,http://farm7.staticflickr.com/6084/6130528035_d67d2173ff_z.jpg,3,2
contentment,http://farm8.staticflickr.com/7408/9467969978_5194668bb9_z.jpg,5,0
contentment,http://farm4.staticflickr.com/3104/3120373379_6da56d8dc2_z.jpg,3,2
contentment,http://farm6.staticflickr.com/5309/5604034956_c97f4d9efc_z.jpg,0,5
contentment,http://farm4.staticflickr.com/3651/3480786209_9a47e93262_z.jpg,2,3
contentment,http://farm6.staticflickr.com/5578/14782772530_6fae50c142_z.jpg,0,5
contentment,http://farm5.staticflickr.com/4119/4903134185_ec59172cd7_z.jpg,1,3
contentment,http://farm3.staticflickr.com/2768/4390785063_ccc31c9fae_z.jpg,1,4
contentment,http://farm6.staticflickr.com/5018/5557719244_f45499bbd7_z.jpg,1,4
contentment,http://farm7.staticflickr.com/6134/6040714950_20e30e98c5_z.jpg,4,1
contentment,http://farm5.staticflickr.com/4082/4880088422_3570ed9958_z.jpg,1,4
contentment,http://farm3.staticflickr.com/2563/4111324117_784f33177c_z.jpg,1,4
contentment,http://farm5.staticflickr.com/4086/4996934573_642dbe5312_z.jpg,3,1
contentment,http://farm5.staticflickr.com/4149/4994802431_8a32dca7d7_z.jpg,2,3
contentment,http://farm8.staticflickr.com/7402/12910913394_ca94f64313_z.jpg,4,1
contentment,http://farm3.staticflickr.com/2057/3539306143_7b3d71fa94_z.jpg,1,4
contentment,http://farm4.staticflickr.com/3004/2609473766_3582763f82_z.jpg,1,4
contentment,http://farm4.staticflickr.com/3282/3030425821_b8662725b9_z.jpg,2,3
contentment,http://farm5.staticflickr.com/4029/4680375710_226d6cfcd7_z.jpg,2,3
contentment,http://farm6.staticflickr.com/5591/14577680960_bc6065aa47_z.jpg,4,1
contentment,http://farm5.staticflickr.com/4077/4792779459_71b36bee57_z.jpg,2,3
contentment,http://farm8.staticflickr.com/7296/12166470833_a3afa70c8e_z.jpg,3,2
contentment,http://farm4.staticflickr.com/3889/14576881797_4ee41225b2_z.jpg,4,1
contentment,http://farm6.staticflickr.com/5101/5692285780_61ab588208_z.jpg,0,5
contentment,http://farm6.staticflickr.com/5339/7164575818_d1ce2ee19f_z.jpg,1,4
contentment,http://farm9.staticflickr.com/8100/8620577271_b6d278b4dd_z.jpg,4,1
contentment,http://farm2.staticflickr.com/1436/5144767588_589698a6f5_z.jpg,5,0
contentment,http://farm6.staticflickr.com/5208/5303118122_09ef09fc66_z.jpg,5,0
contentment,http://farm6.staticflickr.com/5066/5547877373_3d585d2ec6_z.jpg,5,0
contentment,http://farm4.staticflickr.com/3207/5853981216_80d792a72d_z.jpg,2,2
contentment,http://farm5.staticflickr.com/4054/4544349985_b22f387444_z.jpg,3,2
contentment,http://farm3.staticflickr.com/2566/4136340109_5ac6778fdb_z.jpg,2,3
contentment,http://farm8.staticflickr.com/7008/6536206737_fd335a1058_z.jpg,0,5
contentment,http://farm8.staticflickr.com/7085/7215407156_0f8a318659_z.jpg,2,3
contentment,http://farm6.staticflickr.com/5249/5269585992_11e8e1001d_z.jpg,1,4
contentment,http://farm4.staticflickr.com/3623/3655736770_247e957672_z.jpg,4,1
contentment,http://farm7.staticflickr.com/6053/6228175990_64b4def114_z.jpg,4,1
contentment,http://farm2.staticflickr.com/1150/4724358036_c297969aef_z.jpg,3,2
contentment,http://farm6.staticflickr.com/5054/5491785892_58ed799e51_z.jpg,4,1
contentment,http://farm8.staticflickr.com/7575/16099672239_39e82a2131_z.jpg,1,4
contentment,http://farm8.staticflickr.com/7386/8755327552_5a3a849a77_z.jpg,3,2
contentment,http://farm3.staticflickr.com/2774/4213803001_fd1380a501_z.jpg,1,4
contentment,http://farm9.staticflickr.com/8002/7649733066_a45c40e688_z.jpg,5,0
contentment,http://farm6.staticflickr.com/5324/14085989963_672e116650_z.jpg,5,0
contentment,http://farm8.staticflickr.com/7234/7356117708_2f36a21809_z.jpg,1,4
contentment,http://farm9.staticflickr.com/8470/8415291064_abb709d14b_z.jpg,1,4
contentment,http://farm7.staticflickr.com/6013/5920211315_0724888dec_z.jpg,3,2
contentment,http://farm7.staticflickr.com/6220/6366458151_7faeb7513e_z.jpg,2,3
contentment,http://farm9.staticflickr.com/8117/8660834774_60a25de5d9_z.jpg,5,0
contentment,http://farm8.staticflickr.com/7147/6717598519_f7790d5a51_z.jpg,3,2
contentment,http://farm3.staticflickr.com/2399/2441303478_6d3cca3222_z.jpg,2,3
contentment,http://farm3.staticflickr.com/2936/14782165045_343c5e6480_z.jpg,3,2
contentment,http://farm8.staticflickr.com/7033/6550338453_51d9eb2b60_z.jpg,1,3
contentment,http://farm8.staticflickr.com/7565/15881674420_78db6998b3_z.jpg,2,3
contentment,http://farm6.staticflickr.com/5187/5753236579_8290859678_z.jpg,2,3
contentment,http://farm4.staticflickr.com/3248/2599387266_955250f7d5_z.jpg,2,3
contentment,http://farm9.staticflickr.com/8007/7328518592_beee0707b1_z.jpg,1,4
contentment,http://farm8.staticflickr.com/7313/12723815894_f56b2319b4_z.jpg,0,5
contentment,http://farm7.staticflickr.com/6029/5955419166_96792f73eb_z.jpg,1,4
contentment,http://farm6.staticflickr.com/5252/5432696792_e68e3857d1_z.jpg,4,1
contentment,http://farm4.staticflickr.com/3838/14726359327_2c694132ae_z.jpg,4,1
contentment,http://farm9.staticflickr.com/8220/8284770374_6b1c2d1595_z.jpg,3,2
contentment,http://farm4.staticflickr.com/3586/3401546470_71aee2be7c_z.jpg,3,2
contentment,http://farm9.staticflickr.com/8374/8444807978_bba9fc486b_z.jpg,3,2
contentment,http://farm6.staticflickr.com/5148/5802408993_71cca8eb93_z.jpg,0,5
contentment,http://farm9.staticflickr.com/8197/8278274247_ec48f2e571_z.jpg,5,0
contentment,http://farm7.staticflickr.com/6108/6266799709_d5f315f9f6_z.jpg,1,4
contentment,http://farm9.staticflickr.com/8536/8668262660_ca7f5c9b90_z.jpg,1,4
contentment,http://farm9.staticflickr.com/8525/8544050419_3374b037f7_z.jpg,1,4
contentment,http://farm8.staticflickr.com/7319/9579832581_611bf8e149_z.jpg,4,1
contentment,http://farm3.staticflickr.com/2887/11284370035_a5135cf395_z.jpg,2,3
contentment,http://farm2.staticflickr.com/1202/5151126735_a8f209dc2e_z.jpg,2,3
contentment,http://farm4.staticflickr.com/3763/11746810256_080dc4aff4_z.jpg,5,0
contentment,http://farm4.staticflickr.com/3872/14641904293_684a166507_z.jpg,4,1
contentment,http://farm3.staticflickr.com/2647/4232794709_85d7fcef8d_z.jpg,0,4
contentment,http://farm2.staticflickr.com/1411/5100358814_4d7578b2b2_z.jpg,5,0
contentment,http://farm5.staticflickr.com/4038/4493067877_45163dbd8d_z.jpg,2,3
contentment,http://farm4.staticflickr.com/3097/2897949009_1c4d8172a7_z.jpg,1,4
contentment,http://farm6.staticflickr.com/5027/5561688038_396020b744_z.jpg,2,3
contentment,http://farm7.staticflickr.com/6143/5995603827_1c8ea27951_z.jpg,2,2
contentment,http://farm8.staticflickr.com/7198/6987709865_676fe32e7d_z.jpg,1,4
contentment,http://farm8.staticflickr.com/7536/15618321767_006ebf57bd_z.jpg,3,2
contentment,http://farm9.staticflickr.com/8521/8621679256_4298049455_z.jpg,3,2
contentment,http://farm9.staticflickr.com/8061/8244656404_522a7c201a_z.jpg,0,5
contentment,http://farm4.staticflickr.com/3450/3211562796_4f7e39e5a9_z.jpg,3,2
contentment,http://farm3.staticflickr.com/2822/11374487235_09204fb19d_z.jpg,2,3
contentment,http://farm9.staticflickr.com/8499/8309347530_01b529104f_z.jpg,2,3
contentment,http://farm6.staticflickr.com/5547/14506195784_9503376b6a_z.jpg,5,0
contentment,http://farm9.staticflickr.com/8141/7619424758_44d902f8d8_z.jpg,2,3
contentment,http://farm3.staticflickr.com/2946/15511056712_70a74804c6_z.jpg,4,1
contentment,http://farm9.staticflickr.com/8028/7556014874_40b098a9ac_z.jpg,2,3
contentment,http://farm9.staticflickr.com/8261/8668930631_f851cb62ef_z.jpg,3,2
contentment,http://farm8.staticflickr.com/7466/15902465756_bab3399a67_z.jpg,2,3
contentment,http://farm6.staticflickr.com/5500/10476854504_b664540b97_z.jpg,4,1
contentment,http://farm4.staticflickr.com/3599/3540836573_4c943c06f9_z.jpg,2,3
contentment,http://farm5.staticflickr.com/4053/4671103091_7393a7fd09_z.jpg,2,3
contentment,http://farm9.staticflickr.com/8145/7659738044_dc4c05dccb_z.jpg,1,4
contentment,http://farm4.staticflickr.com/3210/2661389740_d58a7661cc_z.jpg,0,5
contentment,http://farm3.staticflickr.com/2705/4304081834_f6c7f698ba_z.jpg,0,5
contentment,http://farm6.staticflickr.com/5074/14493388473_2a6b2815bd_z.jpg,1,4
contentment,http://farm4.staticflickr.com/3850/14766674132_8a62439bea_z.jpg,2,3
contentment,http://farm4.staticflickr.com/3892/14562663677_be9bda2e5d_z.jpg,5,0
contentment,http://farm9.staticflickr.com/8004/7553349240_895a8c9816_z.jpg,2,3
contentment,http://farm9.staticflickr.com/8334/8100838711_b27bbd55d1_z.jpg,2,3
contentment,http://farm8.staticflickr.com/7472/15619620349_ea6680546b_z.jpg,5,0
contentment,http://farm6.staticflickr.com/5264/5597442780_3ee1877035_z.jpg,2,3
contentment,http://farm8.staticflickr.com/7457/8716486181_2f50ffe6f6_z.jpg,2,2
contentment,http://farm8.staticflickr.com/7375/9572251202_b1b8830f57_z.jpg,0,5
contentment,http://farm8.staticflickr.com/7385/10064522233_de359c718e_z.jpg,5,0
contentment,http://farm5.staticflickr.com/4113/5007422496_e2070ecdb0_z.jpg,3,2
contentment,http://farm8.staticflickr.com/7318/9616777793_a0d4b4fa1b_z.jpg,1,4
contentment,http://farm9.staticflickr.com/8172/8074159928_8a8e287bfb_z.jpg,3,2
contentment,http://farm4.staticflickr.com/3053/5772511599_6aea201c11_z.jpg,2,3
contentment,http://farm8.staticflickr.com/7018/6817089877_6a16dc9582_z.jpg,5,0
contentment,http://farm3.staticflickr.com/2792/4317984208_030b0ca1de_z.jpg,1,4
contentment,http://farm4.staticflickr.com/3371/5756609350_af1dab4222_z.jpg,4,1
contentment,http://farm9.staticflickr.com/8424/7653421710_b2bdb1251f_z.jpg,2,3
contentment,http://farm8.staticflickr.com/7433/9625751705_e5c2b6dccc_z.jpg,1,3
contentment,http://farm6.staticflickr.com/5176/5500874656_857503c95c_z.jpg,0,4
contentment,http://farm3.staticflickr.com/2549/3911391396_3dd369ceb9_z.jpg,1,4
contentment,http://farm9.staticflickr.com/8205/8207740561_245da554ff_z.jpg,4,1
contentment,http://farm8.staticflickr.com/7060/6954648650_678130bb75_z.jpg,2,3
contentment,http://farm4.staticflickr.com/3755/13269629513_d2f4403a33_z.jpg,2,3
contentment,http://farm4.staticflickr.com/3872/14597686619_99844e582d_z.jpg,5,0
contentment,http://farm5.staticflickr.com/4020/4388564078_fe6cee16da_z.jpg,1,4
contentment,http://farm6.staticflickr.com/5309/5559155155_db564a199a_z.jpg,1,4
contentment,http://farm9.staticflickr.com/8281/7874941158_1840c27bcf_z.jpg,1,3
contentment,http://farm3.staticflickr.com/2918/14782478254_70b1271824_z.jpg,2,3
contentment,http://farm4.staticflickr.com/3898/14779240861_147bd95728_z.jpg,4,1
contentment,http://farm6.staticflickr.com/5591/15066819201_ddd801f6ba_z.jpg,2,3
contentment,http://farm9.staticflickr.com/8210/8183790835_02a1dd9b88_z.jpg,3,2
contentment,http://farm4.staticflickr.com/3771/11517303066_9d9783ec04_z.jpg,3,2
contentment,http://farm5.staticflickr.com/4118/4760257178_79d57a99eb_z.jpg,0,5
contentment,http://farm7.staticflickr.com/6001/5903958905_1c0519655f_z.jpg,3,2
contentment,http://farm8.staticflickr.com/7279/7556188212_d8598ce9db_z.jpg,1,4
contentment,http://farm9.staticflickr.com/8517/8491374012_af530ac9e8_z.jpg,2,3
contentment,http://farm6.staticflickr.com/5132/5542359499_a2df1080cd_z.jpg,0,5
contentment,http://farm6.staticflickr.com/5106/5843715934_b0e36c1f80_z.jpg,1,4
contentment,http://farm4.staticflickr.com/3423/3704928477_2a5373e278_z.jpg,1,4
contentment,http://farm3.staticflickr.com/2944/15420345002_4ce8b2bd78_z.jpg,1,4
contentment,http://farm3.staticflickr.com/2506/3893613956_0abd935899_z.jpg,4,1
contentment,http://farm7.staticflickr.com/6020/5947068983_c32e422157_z.jpg,5,0
contentment,http://farm6.staticflickr.com/5047/5354414799_76925c94d4_z.jpg,2,3
contentment,http://farm5.staticflickr.com/4067/4495416915_1fc34e25a4_z.jpg,2,3
contentment,http://farm6.staticflickr.com/5589/14778359682_550a910cf2_z.jpg,4,1
contentment,http://farm3.staticflickr.com/2868/10098290216_3cb0ea6e3c_z.jpg,4,0
contentment,http://farm3.staticflickr.com/2812/10960504584_446f71e4f1_z.jpg,1,4
contentment,http://farm4.staticflickr.com/3764/10878554416_5b33baaf74_z.jpg,3,2
contentment,http://farm6.staticflickr.com/5506/11646851984_de1752a5d1_z.jpg,3,2
contentment,http://farm6.staticflickr.com/5038/5916277138_5848d11a38_z.jpg,2,3
contentment,http://farm6.staticflickr.com/5175/5471655163_cd4a994d45_z.jpg,0,4
contentment,http://farm4.staticflickr.com/3199/3071953079_380b5402b9_z.jpg,3,1
contentment,http://farm4.staticflickr.com/3105/2661588085_6924b225c1_z.jpg,1,4
contentment,http://farm4.staticflickr.com/3890/14590824348_e2d292326d_z.jpg,4,1
contentment,http://farm5.staticflickr.com/4024/5157168505_29b974386c_z.jpg,1,4
contentment,http://farm6.staticflickr.com/5489/13992800619_8f186d996c_z.jpg,0,4
contentment,http://farm4.staticflickr.com/3849/14450719682_364b2b3e2f_z.jpg,4,1
contentment,http://farm7.staticflickr.com/6151/6168820426_d5050ae4ae_z.jpg,5,0
contentment,http://farm3.staticflickr.com/2799/4328705314_ecff54e072_z.jpg,1,4
contentment,http://farm6.staticflickr.com/5171/5447602115_9bb92c2196_z.jpg,4,1
contentment,http://farm4.staticflickr.com/3132/2536308641_fc5ca38bc0_z.jpg,0,5
contentment,http://farm4.staticflickr.com/3104/3095634305_8a55405a36_z.jpg,0,5
contentment,http://farm4.staticflickr.com/3393/4619884886_3f0d50f632_z.jpg,0,5
contentment,http://farm3.staticflickr.com/2934/14753361754_e9056d46e6_z.jpg,4,1
contentment,http://farm9.staticflickr.com/8294/7843479962_1295b9116e_z.jpg,4,1
contentment,http://farm3.staticflickr.com/2613/4168468629_4eb258a1ce_z.jpg,1,4
contentment,http://farm4.staticflickr.com/3812/12735483994_12f1a24bc9_z.jpg,3,2
contentment,http://farm4.staticflickr.com/3910/14596595749_45e6593584_z.jpg,4,1
contentment,http://farm4.staticflickr.com/3103/3238383334_7772c18957_z.jpg,5,0
contentment,http://farm5.staticflickr.com/4110/5198591787_de823fa493_z.jpg,4,1
contentment,http://farm6.staticflickr.com/5559/14047365568_af1e557947_z.jpg,4,1
contentment,http://farm4.staticflickr.com/3125/2578747639_a6b2145ef5_z.jpg,0,4
contentment,http://farm4.staticflickr.com/3105/3162047654_ba4d2c8382_z.jpg,0,5
contentment,http://farm8.staticflickr.com/7577/16266403475_cf69397dcd_z.jpg,1,4
contentment,http://farm3.staticflickr.com/2147/2326339324_bf79211da2_z.jpg,3,2
contentment,http://farm5.staticflickr.com/4066/4452010251_eed6d047ae_z.jpg,3,2
contentment,http://farm3.staticflickr.com/2801/4439265074_65e8042b81_z.jpg,5,0
contentment,http://farm8.staticflickr.com/7007/6657590549_8dd10eb6fd_z.jpg,3,2
contentment,http://farm4.staticflickr.com/3917/15066173041_2d2abdb930_z.jpg,0,5
contentment,http://farm4.staticflickr.com/3851/14585151147_bf19363e3f_z.jpg,5,0
contentment,http://farm5.staticflickr.com/4067/4378885576_9ed5f70147_z.jpg,4,1
contentment,http://farm4.staticflickr.com/3005/2561309773_a270d6990b_z.jpg,0,5
contentment,http://farm3.staticflickr.com/2930/14578290800_d24036c89d_z.jpg,5,0
contentment,http://farm7.staticflickr.com/6181/6115470146_a91040a8b9_z.jpg,3,2
contentment,http://farm4.staticflickr.com/3754/12751235375_ebc08657b9_z.jpg,5,0
contentment,http://farm7.staticflickr.com/6068/6077589403_f6f83f9c4c_z.jpg,1,4
contentment,http://farm6.staticflickr.com/5086/5259739428_95cc766bcb_z.jpg,5,0
contentment,http://farm3.staticflickr.com/2438/3831992137_3289c9e8a5_z.jpg,2,3
contentment,http://farm9.staticflickr.com/8435/7883797332_44d36d9108_z.jpg,4,1
contentment,http://farm6.staticflickr.com/5178/5476576099_bec83746a2_z.jpg,1,4
contentment,http://farm9.staticflickr.com/8089/8382579056_15beca9859_z.jpg,2,3
contentment,http://farm3.staticflickr.com/2930/14778824232_5b7e9490ff_z.jpg,0,5
contentment,http://farm3.staticflickr.com/2494/3895026185_dc6329bd86_z.jpg,2,3
contentment,http://farm3.staticflickr.com/2835/9620687459_07a2dfcfc8_z.jpg,2,3
contentment,http://farm8.staticflickr.com/7236/7253816914_740923107f_z.jpg,3,2
contentment,http://farm7.staticflickr.com/6048/6319700143_cdc716074b_z.jpg,1,4
contentment,http://farm4.staticflickr.com/3218/2878948691_9a68c1cfbd_z.jpg,2,3
contentment,http://farm4.staticflickr.com/3210/2616019861_252ab5ec94_z.jpg,5,0
contentment,http://farm3.staticflickr.com/2883/12912616393_5cbda38498_z.jpg,1,4
contentment,http://farm5.staticflickr.com/4128/5191338550_45f35d9748_z.jpg,2,3
contentment,http://farm5.staticflickr.com/4110/4841760794_822baa787e_z.jpg,1,4
contentment,http://farm3.staticflickr.com/2857/12076460875_b1a5455cfb_z.jpg,3,2
contentment,http://farm6.staticflickr.com/5574/14759551944_0bd00dd704_z.jpg,4,1
contentment,http://farm8.staticflickr.com/7354/10853184595_ef24f34c9a_z.jpg,0,5
contentment,http://farm3.staticflickr.com/2946/15269736458_957f7a19e0_z.jpg,4,1
contentment,http://farm4.staticflickr.com/3930/15455452901_039c6d6d6d_z.jpg,1,4
contentment,http://farm6.staticflickr.com/5581/14759545281_37ae80c3d5_z.jpg,5,0
contentment,http://farm9.staticflickr.com/8299/7896307364_edced2ee99_z.jpg,2,3
contentment,http://farm4.staticflickr.com/3478/3289865971_df89f8e640_z.jpg,5,0
contentment,http://farm5.staticflickr.com/4127/5000337354_cd0a17de38_z.jpg,0,5
contentment,http://farm4.staticflickr.com/3865/14596777710_5e662f706d_z.jpg,4,1
contentment,http://farm7.staticflickr.com/6230/6345051556_7b5da199cc_z.jpg,2,3
contentment,http://farm6.staticflickr.com/5473/11687924734_9945bdf0be_z.jpg,2,3
contentment,http://farm4.staticflickr.com/3894/14852548370_0694320bd3_z.jpg,4,1
contentment,http://farm9.staticflickr.com/8206/8205888011_201368a7b2_z.jpg,3,2
contentment,http://farm4.staticflickr.com/3657/3420673500_40701e275c_z.jpg,0,5
contentment,http://farm5.staticflickr.com/4053/4535122861_867c5f5e93_z.jpg,4,1
contentment,http://farm4.staticflickr.com/3815/12827614934_52cfe2714e_z.jpg,0,5
contentment,http://farm4.staticflickr.com/3342/3503387464_e62219aff3_z.jpg,0,5
contentment,http://farm5.staticflickr.com/4046/4628655676_242972910b_z.jpg,2,2
contentment,http://farm4.staticflickr.com/3089/2742634564_d5932c9172_z.jpg,4,0
contentment,http://farm6.staticflickr.com/5161/5249461679_ab78453d42_z.jpg,5,0
contentment,http://farm4.staticflickr.com/3163/3027854241_d76ca07cc2_z.jpg,0,5
contentment,http://farm6.staticflickr.com/5342/7206156008_7aee269a93_z.jpg,5,0
contentment,http://farm4.staticflickr.com/3460/3359906541_ac99e67219_z.jpg,1,4
contentment,http://farm7.staticflickr.com/6114/6333230944_79b82110df_z.jpg,1,4
contentment,http://farm8.staticflickr.com/7156/6587150633_fe0d44e384_z.jpg,1,4
contentment,http://farm3.staticflickr.com/2255/5709003862_064e54c948_z.jpg,3,2
contentment,http://farm8.staticflickr.com/7134/7587520980_1fe8c18e53_z.jpg,0,5
contentment,http://farm9.staticflickr.com/8464/8380006301_405a4a525a_z.jpg,2,3
contentment,http://farm3.staticflickr.com/2463/3551258416_459c1bf9e9_z.jpg,1,4
contentment,http://farm8.staticflickr.com/7047/6823084474_a670618f57_z.jpg,1,4
contentment,http://farm8.staticflickr.com/7539/16245025611_7259462937_z.jpg,4,1
contentment,http://farm9.staticflickr.com/8430/7556350230_a8d5df978e_z.jpg,0,5
contentment,http://farm6.staticflickr.com/5110/5755005089_5a734a6e0f_z.jpg,1,4
contentment,http://farm7.staticflickr.com/6098/6314133334_70db9b4aa3_z.jpg,3,2
contentment,http://farm3.staticflickr.com/2481/4071516665_a945bc219d_z.jpg,1,4
contentment,http://farm4.staticflickr.com/3297/3639826605_d553354e1c_z.jpg,1,4
contentment,http://farm6.staticflickr.com/5529/9051719752_75e636b0de_z.jpg,1,3
contentment,http://farm8.staticflickr.com/7378/8811889355_dc1f83c382_z.jpg,4,1
contentment,http://farm4.staticflickr.com/3222/2358496005_851dcea959_z.jpg,0,5
contentment,http://farm4.staticflickr.com/3645/3385436249_c8e4131d07_z.jpg,1,3
contentment,http://farm6.staticflickr.com/5079/7168735016_ce9a48935c_z.jpg,2,3
contentment,http://farm3.staticflickr.com/2934/14694794571_cfa40d45b7_z.jpg,5,0
contentment,http://farm6.staticflickr.com/5299/5534602196_cbaaf51c4e_z.jpg,1,4
contentment,http://farm5.staticflickr.com/4150/5031382137_d2e955e339_z.jpg,1,4
contentment,http://farm8.staticflickr.com/7235/7009997755_6cee23223e_z.jpg,1,4
contentment,http://farm4.staticflickr.com/3762/9289510713_6c7eb4582e_z.jpg,1,4
contentment,http://farm4.staticflickr.com/3509/3313061150_9a6e04796b_z.jpg,1,4
contentment,http://farm4.staticflickr.com/3514/3276172659_526d667ded_z.jpg,4,1
contentment,http://farm4.staticflickr.com/3182/2899379584_e05186b8f2_z.jpg,1,4
contentment,http://farm3.staticflickr.com/2785/4374113578_e45411fec6_z.jpg,4,1
contentment,http://farm6.staticflickr.com/5283/5333364764_d909f9c270_z.jpg,2,3
contentment,http://farm9.staticflickr.com/8462/7933669256_34de9d67a9_z.jpg,1,3
contentment,http://farm3.staticflickr.com/2833/12528444275_6be8367ae9_z.jpg,2,3
contentment,http://farm8.staticflickr.com/7247/6968042282_9fea747053_z.jpg,1,4
contentment,http://farm4.staticflickr.com/3188/2728669088_c2cce01a96_z.jpg,1,4
contentment,http://farm4.staticflickr.com/3876/14763003432_cd2f5bc26b_z.jpg,4,0
contentment,http://farm8.staticflickr.com/7201/6887982725_dc5597e693_z.jpg,0,5
contentment,http://farm5.staticflickr.com/4152/5408702117_2b1bf077e9_z.jpg,5,0
contentment,http://farm3.staticflickr.com/2697/4313290211_867660c960_z.jpg,1,4
contentment,http://farm3.staticflickr.com/2801/5714928914_f4ce17d9dd_z.jpg,5,0
contentment,http://farm4.staticflickr.com/3882/14782715255_d347ed7a31_z.jpg,5,0
contentment,http://farm4.staticflickr.com/3909/14289405248_dee319a477_z.jpg,3,2
contentment,http://farm9.staticflickr.com/8683/15869285142_0f6a94dd2d_z.jpg,3,2
contentment,http://farm6.staticflickr.com/5449/9630617875_a1cbafe80b_z.jpg,1,4
contentment,http://farm5.staticflickr.com/4053/4645656797_ec2aa55151_z.jpg,1,4
contentment,http://farm4.staticflickr.com/3514/3703340943_d83a6cc26c_z.jpg,2,3
contentment,http://farm9.staticflickr.com/8424/7654744896_3dcfc60d7f_z.jpg,4,1
contentment,http://farm6.staticflickr.com/5504/11867181895_bce8c6fb14_z.jpg,1,4
contentment,http://farm9.staticflickr.com/8111/8608682966_3db350238c_z.jpg,4,1
contentment,http://farm6.staticflickr.com/5003/5303954974_7d79e435a3_z.jpg,1,4
contentment,http://farm3.staticflickr.com/2719/4143099982_481a79560d_z.jpg,1,4
contentment,http://farm7.staticflickr.com/6147/5992615243_68476f366d_z.jpg,5,0
contentment,http://farm3.staticflickr.com/2733/4187778579_7e6fe08c17_z.jpg,3,2
contentment,http://farm9.staticflickr.com/8353/8419157706_08203b7aae_z.jpg,0,5
contentment,http://farm6.staticflickr.com/5273/14045278589_ef4e69ba20_z.jpg,3,2
contentment,http://farm4.staticflickr.com/3227/3145833083_bbe2c6e59d_z.jpg,1,4
contentment,http://farm4.staticflickr.com/3420/3386255776_622fe96698_z.jpg,2,3
contentment,http://farm8.staticflickr.com/7023/6751522441_73da0ca377_z.jpg,2,3
contentment,http://farm4.staticflickr.com/3940/15306872447_d0aed8fb90_z.jpg,0,5
contentment,http://farm4.staticflickr.com/3486/3219290222_76f0fa2656_z.jpg,3,2
contentment,http://farm8.staticflickr.com/7019/6710955809_ef2ca2af82_z.jpg,4,1
contentment,http://farm8.staticflickr.com/7568/15765432539_6e928421c3_z.jpg,4,1
contentment,http://farm5.staticflickr.com/4064/4412693964_96684ec6f5_z.jpg,5,0
contentment,http://farm9.staticflickr.com/8282/7801689396_8c29b7b533_z.jpg,1,3
contentment,http://farm8.staticflickr.com/7280/7773170748_12e2722534_z.jpg,1,4
contentment,http://farm8.staticflickr.com/7575/16004060302_ba34169ede_z.jpg,5,0
contentment,http://farm9.staticflickr.com/8259/8612417435_ea67f265c5_z.jpg,5,0
contentment,http://farm6.staticflickr.com/5568/15043119527_94a0c0248e_z.jpg,2,3
contentment,http://farm6.staticflickr.com/5566/14782625875_49e88e8327_z.jpg,5,0
contentment,http://farm4.staticflickr.com/3890/14576597639_866a7f56d1_z.jpg,4,1
contentment,http://farm3.staticflickr.com/2937/14597237280_f5fd309224_z.jpg,5,0
contentment,http://farm4.staticflickr.com/3855/14534410789_6acc53c55a_z.jpg,2,3
contentment,http://farm8.staticflickr.com/7084/7258565594_ab237eddb6_z.jpg,3,2
contentment,http://farm3.staticflickr.com/2894/9508196397_dffb79465b_z.jpg,4,1
contentment,http://farm6.staticflickr.com/5562/14597318860_f83f58521e_z.jpg,5,0
contentment,http://farm3.staticflickr.com/2788/4341366482_cc1dd50a99_z.jpg,2,3
contentment,http://farm9.staticflickr.com/8661/15974084876_a06bff8aa0_z.jpg,2,3
contentment,http://farm5.staticflickr.com/4140/4811846640_3f40ba32fe_z.jpg,1,4
contentment,http://farm9.staticflickr.com/8524/8478771224_870bd73192_z.jpg,0,5
contentment,http://farm3.staticflickr.com/2494/3813412710_acc75599b8_z.jpg,0,5
contentment,http://farm8.staticflickr.com/7068/6914266027_572cf255fa_z.jpg,2,3
contentment,http://farm9.staticflickr.com/8368/8531115047_a21ebda605_z.jpg,3,2
contentment,http://farm8.staticflickr.com/7338/9333255508_8963504b39_z.jpg,1,4
contentment,http://farm6.staticflickr.com/5585/15247676276_9a2a6719ed_z.jpg,3,2
contentment,http://farm3.staticflickr.com/2884/9757320635_300dc6b0d8_z.jpg,2,3
contentment,http://farm4.staticflickr.com/3298/5830518048_cb3b62d4ed_z.jpg,3,2
contentment,http://farm3.staticflickr.com/2832/9429145451_7837d601f8_z.jpg,2,3
contentment,http://farm6.staticflickr.com/5589/15061377658_d98957fe3f_z.jpg,1,4
contentment,http://farm3.staticflickr.com/2926/14764032012_5b5bc80b33_z.jpg,4,0
contentment,http://farm8.staticflickr.com/7110/7616262214_f1480c4536_z.jpg,4,1
contentment,http://farm4.staticflickr.com/3117/5797895155_dfbe515333_z.jpg,0,5
contentment,http://farm6.staticflickr.com/5565/14871559347_f2c9c3d6d2_z.jpg,5,0
contentment,http://farm7.staticflickr.com/6116/6853408584_d14097477e_z.jpg,4,1
contentment,http://farm7.staticflickr.com/6043/6344548641_170c2dfcd8_z.jpg,0,5
contentment,http://farm8.staticflickr.com/7357/10459667164_954d757a0d_z.jpg,2,2
contentment,http://farm5.staticflickr.com/4056/4512817586_dd7681b7c4_z.jpg,0,5
contentment,http://farm8.staticflickr.com/7180/6975983453_a798cc23d5_z.jpg,1,4
contentment,http://farm8.staticflickr.com/7253/6867973302_cc6ec88a59_z.jpg,1,4
contentment,http://farm4.staticflickr.com/3574/3555731662_fc654d2dd1_z.jpg,1,4
contentment,http://farm9.staticflickr.com/8245/8666483190_10895b3263_z.jpg,3,2
contentment,http://farm8.staticflickr.com/7157/6455254135_b906487d67_z.jpg,2,3
contentment,http://farm9.staticflickr.com/8206/8251058670_d3cfcc22c9_z.jpg,1,4
contentment,http://farm7.staticflickr.com/6010/5996758100_e21db65664_z.jpg,2,3
contentment,http://farm8.staticflickr.com/7061/14024986282_760883c71c_z.jpg,1,4
contentment,http://farm6.staticflickr.com/5588/14781959004_80571eee79_z.jpg,3,2
contentment,http://farm6.staticflickr.com/5571/14573184800_34aa4d570d_z.jpg,4,1
contentment,http://farm4.staticflickr.com/3523/5843866357_4816f83102_z.jpg,5,0
contentment,http://farm3.staticflickr.com/2437/3608383123_25f383f1c1_z.jpg,2,3
contentment,http://farm6.staticflickr.com/5501/9376381068_e561ffd9c6_z.jpg,1,4
contentment,http://farm6.staticflickr.com/5576/14770171591_df021d0d4e_z.jpg,5,0
contentment,http://farm9.staticflickr.com/8516/8491362474_2741f88dc2_z.jpg,1,4
contentment,http://farm6.staticflickr.com/5542/11938882595_ea06a60c5b_z.jpg,3,2
contentment,http://farm3.staticflickr.com/2285/2438267471_7e6748887b_z.jpg,2,3
contentment,http://farm5.staticflickr.com/4079/4758091240_65495de87b_z.jpg,1,4
contentment,http://farm3.staticflickr.com/2001/2256731432_1bbc43e5e9_z.jpg,1,4
contentment,http://farm6.staticflickr.com/5007/5240204977_f53020d103_z.jpg,0,5
contentment,http://farm9.staticflickr.com/8183/8423460665_5785057a95_z.jpg,2,3
contentment,http://farm3.staticflickr.com/2800/4208978194_89dec5078b_z.jpg,2,3
contentment,http://farm8.staticflickr.com/7056/6899866001_0fe869083c_z.jpg,5,0
contentment,http://farm6.staticflickr.com/5242/5281728102_95163ac311_z.jpg,3,2
contentment,http://farm5.staticflickr.com/4036/4676880927_dc80b859d1_z.jpg,4,1
contentment,http://farm8.staticflickr.com/7029/6724871137_6e7c1e2430_z.jpg,4,1
contentment,http://farm7.staticflickr.com/6118/7022419587_d8b8268981_z.jpg,1,4
contentment,http://farm6.staticflickr.com/5574/13998813097_5493b6afa2_z.jpg,2,3
contentment,http://farm2.staticflickr.com/1388/4725741652_ae6869aa10_z.jpg,3,2
contentment,http://farm8.staticflickr.com/7552/15837980850_f128a6922c_z.jpg,2,3
contentment,http://farm8.staticflickr.com/7209/6799081778_0b7fbc500b_z.jpg,0,5
contentment,http://farm6.staticflickr.com/5310/5554111939_ded4682ce7_z.jpg,4,1
contentment,http://farm7.staticflickr.com/6151/6165892849_b03142716c_z.jpg,2,3
contentment,http://farm6.staticflickr.com/5493/9629324220_edd2c5db37_z.jpg,0,5
contentment,http://farm8.staticflickr.com/7313/14157054842_afec6b47c0_z.jpg,0,5
contentment,http://farm4.staticflickr.com/3564/3329142723_371a53450f_z.jpg,1,4
contentment,http://farm5.staticflickr.com/4064/4415560428_53a92e321e_z.jpg,1,4
contentment,http://farm9.staticflickr.com/8329/8409079875_1881b5666f_z.jpg,1,4
contentment,http://farm3.staticflickr.com/2630/3890321323_2a65bde66d_z.jpg,1,4
contentment,http://farm8.staticflickr.com/7263/7556111526_ca2dba3727_z.jpg,2,3
contentment,http://farm6.staticflickr.com/5014/5519538248_c5bcf302ef_z.jpg,2,3
contentment,http://farm8.staticflickr.com/7271/7556311108_4781a53a15_z.jpg,1,4
contentment,http://farm3.staticflickr.com/2460/3672007076_d1e5592f0e_z.jpg,5,0
contentment,http://farm7.staticflickr.com/6143/5972909319_f717303e66_z.jpg,1,3
contentment,http://farm3.staticflickr.com/2460/3939461741_06f8edb20a_z.jpg,3,2
contentment,http://farm4.staticflickr.com/3575/3335766977_e383f13767_z.jpg,5,0
contentment,http://farm9.staticflickr.com/8101/8549390035_dd3fd85c61_z.jpg,5,0
contentment,http://farm5.staticflickr.com/4043/4574809673_56d8587d2b_z.jpg,4,1
contentment,http://farm4.staticflickr.com/3153/3111870691_2561ccc575_z.jpg,1,4
contentment,http://farm9.staticflickr.com/8367/8424570855_fd7e0776e7_z.jpg,4,1
contentment,http://farm4.staticflickr.com/3903/14675066181_079268d557_z.jpg,4,1
contentment,http://farm3.staticflickr.com/2132/2365424902_4b28b68130_z.jpg,0,5
contentment,http://farm4.staticflickr.com/3110/2448790921_2b582a8e7f_z.jpg,2,3
contentment,http://farm4.staticflickr.com/3868/14801479543_858dba5fe4_z.jpg,4,1
contentment,http://farm7.staticflickr.com/6061/6090386620_9a51b50f78_z.jpg,3,2
contentment,http://farm9.staticflickr.com/8479/8239103648_45259c53a1_z.jpg,1,4
contentment,http://farm7.staticflickr.com/6142/5995651249_67d6974d15_z.jpg,1,4
contentment,http://farm5.staticflickr.com/4061/5076566097_fac4749ef1_z.jpg,0,4
contentment,http://farm3.staticflickr.com/2739/5808287473_10900ebfe8_z.jpg,3,2
contentment,http://farm9.staticflickr.com/8364/8293041946_1f03aba70d_z.jpg,1,4
contentment,http://farm8.staticflickr.com/7109/7781298900_4c5f3e6fd9_z.jpg,1,4
contentment,http://farm4.staticflickr.com/3138/3050667467_bd3489c138_z.jpg,4,0
contentment,http://farm9.staticflickr.com/8478/8194857001_887ca0c6df_z.jpg,3,2
contentment,http://farm4.staticflickr.com/3692/10682797236_472aa274d6_z.jpg,1,4
contentment,http://farm6.staticflickr.com/5581/14765002043_77ddedd7bd_z.jpg,5,0
contentment,http://farm4.staticflickr.com/3593/3582972546_1d864f63bf_z.jpg,1,4
contentment,http://farm9.staticflickr.com/8574/15958065915_7ab363db6e_z.jpg,1,4
contentment,http://farm4.staticflickr.com/3504/3898257966_266ec3b2f0_z.jpg,0,5
contentment,http://farm5.staticflickr.com/4149/5059106743_4f352cc2bc_z.jpg,4,1
contentment,http://farm4.staticflickr.com/3851/14157144979_bd900335dd_z.jpg,4,0
contentment,http://farm8.staticflickr.com/7532/16076399062_5203efba6b_z.jpg,5,0
contentment,http://farm7.staticflickr.com/6013/5986165951_1f504c4518_z.jpg,2,3
contentment,http://farm4.staticflickr.com/3199/2978770340_dd6e33e44a_z.jpg,2,3
contentment,http://farm5.staticflickr.com/4141/5447584021_d21aa96e16_z.jpg,5,0
contentment,http://farm8.staticflickr.com/7140/7028858757_685ed19825_z.jpg,5,0
contentment,http://farm9.staticflickr.com/8090/8409075525_0c19066e62_z.jpg,3,2
contentment,http://farm4.staticflickr.com/3835/14775048261_5fb94df636_z.jpg,4,1
contentment,http://farm8.staticflickr.com/7280/7781364166_7d1b67868b_z.jpg,0,5
contentment,http://farm4.staticflickr.com/3838/14578209340_d29ec88805_z.jpg,4,1
contentment,http://farm4.staticflickr.com/3181/2988389076_669bcd4582_z.jpg,5,0
contentment,http://farm9.staticflickr.com/8464/8103385039_c31be855a9_z.jpg,1,4
contentment,http://farm3.staticflickr.com/2858/9147125214_f2eb4f8530_z.jpg,4,1
contentment,http://farm4.staticflickr.com/3904/14595646747_a6c2a99c7e_z.jpg,4,1
contentment,http://farm4.staticflickr.com/3494/3237060432_443252ddb7_z.jpg,1,4
contentment,http://farm8.staticflickr.com/7147/6511383951_3e70a2d574_z.jpg,5,0
contentment,http://farm9.staticflickr.com/8240/8627059719_11a766dd15_z.jpg,0,5
contentment,http://farm3.staticflickr.com/2934/14763761331_038d1d4390_z.jpg,5,0
contentment,http://farm9.staticflickr.com/8211/8308988369_6ef8bddec9_z.jpg,4,1
contentment,http://farm6.staticflickr.com/5593/14587759197_62afc11eac_z.jpg,3,2
contentment,http://farm6.staticflickr.com/5587/14927610682_7460f87f58_z.jpg,3,2
contentment,http://farm4.staticflickr.com/3787/12877202533_ae8e72413f_z.jpg,5,0
contentment,http://farm4.staticflickr.com/3811/9107572393_bd647e3ea1_z.jpg,1,4
contentment,http://farm7.staticflickr.com/6041/5913682707_79ed233fb2_z.jpg,3,2
contentment,http://farm6.staticflickr.com/5142/5768729281_ae141f82fd_z.jpg,0,5
contentment,http://farm6.staticflickr.com/5573/14578128048_01f5de88c6_z.jpg,2,3
contentment,http://farm5.staticflickr.com/4107/5017037192_e4e9b978a8_z.jpg,5,0
contentment,http://farm9.staticflickr.com/8385/8643376400_e39d21fed1_z.jpg,3,2
contentment,http://farm8.staticflickr.com/7268/7486661508_c84da68eaf_z.jpg,1,3
contentment,http://farm9.staticflickr.com/8238/8556451271_958a660ab9_z.jpg,4,1
contentment,http://farm9.staticflickr.com/8477/8191365534_feb5fac410_z.jpg,1,4
contentment,http://farm8.staticflickr.com/7069/6905247055_c2a5ec9e34_z.jpg,3,2
contentment,http://farm4.staticflickr.com/3134/3134550450_b7d4601535_z.jpg,2,3
contentment,http://farm5.staticflickr.com/4028/4699007018_402a8cd8e8_z.jpg,1,4
contentment,http://farm9.staticflickr.com/8101/8655292764_7bc99aebb4_z.jpg,0,5
contentment,http://farm6.staticflickr.com/5489/10388155783_d87d11f937_z.jpg,2,3
contentment,http://farm4.staticflickr.com/3904/14752113095_c8db92702c_z.jpg,3,2
contentment,http://farm4.staticflickr.com/3207/3007229431_c7638bc3d4_z.jpg,0,5
contentment,http://farm8.staticflickr.com/7030/6679972739_1d41a1ce80_z.jpg,3,2
contentment,http://farm8.staticflickr.com/7425/10258944476_530f976732_z.jpg,1,4
contentment,http://farm3.staticflickr.com/2541/3770848561_c6c63e9a17_z.jpg,3,2
contentment,http://farm4.staticflickr.com/3395/3412513086_f9dcc327a2_z.jpg,3,2
contentment,http://farm4.staticflickr.com/3859/14563809044_dd48de322c_z.jpg,5,0
contentment,http://farm9.staticflickr.com/8459/8057452046_15e6db71fa_z.jpg,1,4
contentment,http://farm4.staticflickr.com/3017/3075446284_708c83a491_z.jpg,4,1
contentment,http://farm4.staticflickr.com/3496/3915868980_8ac506a0c7_z.jpg,3,2
contentment,http://farm3.staticflickr.com/2937/14596193788_df69abe8c3_z.jpg,5,0
contentment,http://farm3.staticflickr.com/2945/15326229220_9753255907_z.jpg,1,4
contentment,http://farm3.staticflickr.com/2917/14592814597_c3a4007583_z.jpg,4,1
contentment,http://farm7.staticflickr.com/6012/5936216646_c5e6c6b3f1_z.jpg,5,0
contentment,http://farm3.staticflickr.com/2543/4236537488_84cb6b6223_z.jpg,4,1
contentment,http://farm8.staticflickr.com/7327/9813684145_4bde1e4262_z.jpg,4,1
contentment,http://farm8.staticflickr.com/7181/6853266301_08af06f089_z.jpg,5,0
contentment,http://farm8.staticflickr.com/7041/6899180218_0db42d5487_z.jpg,0,5
contentment,http://farm4.staticflickr.com/3415/3339152210_0a4aa39a30_z.jpg,2,3
contentment,http://farm4.staticflickr.com/3329/3481946806_8b867905ae_z.jpg,0,5
contentment,http://farm4.staticflickr.com/3033/3075007594_94b7304f96_z.jpg,0,5
contentment,http://farm4.staticflickr.com/3260/13037334704_cdeb6e3c15_z.jpg,4,1
contentment,http://farm8.staticflickr.com/7339/9726168216_d1cdb9131f_z.jpg,4,1
contentment,http://farm8.staticflickr.com/7130/7031191257_03c036c152_z.jpg,3,2
contentment,http://farm8.staticflickr.com/7011/6686683973_3d1121247a_z.jpg,1,4
contentment,http://farm4.staticflickr.com/3758/11284448394_0ba114550d_z.jpg,2,3
contentment,http://farm4.staticflickr.com/3069/3075449785_01eb6bc727_z.jpg,3,2
contentment,http://farm6.staticflickr.com/5208/5333361906_699292d52d_z.jpg,4,1
contentment,http://farm8.staticflickr.com/7123/7545241862_7d3c39231f_z.jpg,1,4
contentment,http://farm9.staticflickr.com/8238/8407476344_9a670a7ec3_z.jpg,3,2
contentment,http://farm3.staticflickr.com/2908/14597000770_2745310193_z.jpg,4,1
contentment,http://farm3.staticflickr.com/2733/4232217113_309c9e7748_z.jpg,1,4
contentment,http://farm9.staticflickr.com/8290/7625152738_b978160a0b_z.jpg,1,4
contentment,http://farm4.staticflickr.com/3593/3392852945_14fa98dab8_z.jpg,1,4
contentment,http://farm6.staticflickr.com/5291/5476598573_364f8a2970_z.jpg,3,2
contentment,http://farm4.staticflickr.com/3027/2360158712_f872bf6179_z.jpg,3,2
contentment,http://farm4.staticflickr.com/3876/14748565391_ac68dc9384_z.jpg,3,2
contentment,http://farm4.staticflickr.com/3599/3471500218_d6962d3e02_z.jpg,0,5
contentment,http://farm5.staticflickr.com/4115/4735350551_cb1ddd9c41_z.jpg,3,2
contentment,http://farm9.staticflickr.com/8176/8032877713_f33111bbff_z.jpg,1,4
contentment,http://farm6.staticflickr.com/5471/10160235315_4db4af0f6a_z.jpg,0,5
contentment,http://farm9.staticflickr.com/8614/16659452546_c9bc15b20e_z.jpg,4,1
contentment,http://farm6.staticflickr.com/5077/14506659674_47ea121119_z.jpg,4,1
contentment,http://farm4.staticflickr.com/3702/9899498795_5050a8a1c5_z.jpg,3,2
contentment,http://farm4.staticflickr.com/3238/3024750542_3f350797a1_z.jpg,4,1
contentment,http://farm5.staticflickr.com/4149/5060300137_fa2af18658_z.jpg,0,5
contentment,http://farm4.staticflickr.com/3434/3388166433_9854ff25a9_z.jpg,1,4
contentment,http://farm8.staticflickr.com/7300/10223089696_9d83e1c3aa_z.jpg,1,4
contentment,http://farm8.staticflickr.com/7164/6792637051_67748476bd_z.jpg,2,3
contentment,http://farm3.staticflickr.com/2838/11036943735_cccb0bccf8_z.jpg,2,3
contentment,http://farm8.staticflickr.com/7186/6809455610_bd2165a818_z.jpg,1,4
contentment,http://farm6.staticflickr.com/5038/7419259742_208a902312_z.jpg,4,1
contentment,http://farm4.staticflickr.com/3775/11284448344_f74c26da57_z.jpg,3,2
contentment,http://farm6.staticflickr.com/5215/5384565854_dcce4b99f7_z.jpg,0,5
contentment,http://farm3.staticflickr.com/2606/3689538892_783b74e9fd_z.jpg,2,3
contentment,http://farm5.staticflickr.com/4018/5166923283_4f57f1e062_z.jpg,3,1
contentment,http://farm4.staticflickr.com/3915/14596194238_b9c46e39ee_z.jpg,4,1
contentment,http://farm6.staticflickr.com/5307/5892020350_54baee9564_z.jpg,5,0
contentment,http://farm6.staticflickr.com/5235/14160103840_f8f10913cc_z.jpg,2,3
contentment,http://farm4.staticflickr.com/3051/2994869681_76abed27b6_z.jpg,4,1
contentment,http://farm5.staticflickr.com/4115/4785467551_031d2457ff_z.jpg,2,3
contentment,http://farm4.staticflickr.com/3125/2746299759_41387e287e_z.jpg,2,3
contentment,http://farm2.staticflickr.com/1076/5103804572_2f3d052687_z.jpg,2,3
contentment,http://farm4.staticflickr.com/3862/14659509212_1251db15dd_z.jpg,5,0
contentment,http://farm4.staticflickr.com/3747/12544594124_651ba705eb_z.jpg,2,3
contentment,http://farm3.staticflickr.com/2649/5698622610_1bec993830_z.jpg,1,4
contentment,http://farm3.staticflickr.com/2028/5767140012_4ef313485b_z.jpg,1,4
contentment,http://farm5.staticflickr.com/4072/4269657727_e925b10dd6_z.jpg,0,5
contentment,http://farm3.staticflickr.com/2019/2482560730_fc1cbb1bcc_z.jpg,1,4
contentment,http://farm6.staticflickr.com/5442/7098509113_05fa62f848_z.jpg,2,3
contentment,http://farm4.staticflickr.com/3863/14589636798_90089fdc98_z.jpg,4,1
contentment,http://farm2.staticflickr.com/1295/4706359495_a2d5b8a4a7_z.jpg,1,4
contentment,http://farm8.staticflickr.com/7190/6870199009_2f71297a22_z.jpg,0,5
contentment,http://farm3.staticflickr.com/2505/4075040807_e5b6d7dd50_z.jpg,3,2
contentment,http://farm6.staticflickr.com/5079/5876606299_308eaae461_z.jpg,1,4
contentment,http://farm3.staticflickr.com/2799/4376900342_3d0e698d83_z.jpg,1,4
contentment,http://farm6.staticflickr.com/5184/5625073874_724f50e53f_z.jpg,4,1
contentment,http://farm4.staticflickr.com/3892/14356931068_c0f5950f15_z.jpg,3,1
contentment,http://farm7.staticflickr.com/6055/6334853534_9c1ac9787a_z.jpg,3,2
contentment,http://farm5.staticflickr.com/4044/5080938501_5ae65b8157_z.jpg,1,4
contentment,http://farm4.staticflickr.com/3439/3236131032_72f050db47_z.jpg,0,5
contentment,http://farm3.staticflickr.com/2606/5705091817_c4df71fb25_z.jpg,1,4
contentment,http://farm9.staticflickr.com/8221/8365471153_5c7705569a_z.jpg,0,5
contentment,http://farm4.staticflickr.com/3866/14840725875_63698c8c20_z.jpg,1,4
contentment,http://farm3.staticflickr.com/2308/5716655655_e4561b2dce_z.jpg,1,4
