disgust,http://farm4.staticflickr.com/3100/2775941101_1aee6f408d_z.jpg,2,3
disgust,http://farm4.staticflickr.com/3286/2823029261_12a9c168e3_z.jpg,4,1
disgust,http://farm4.staticflickr.com/3131/2675411839_4fb0356555_z.jpg,5,0
disgust,http://farm3.staticflickr.com/2292/2164040186_e837490f6e_z.jpg,4,1
disgust,http://farm3.staticflickr.com/2780/4409380616_1a69fe541c_z.jpg,1,4
disgust,http://farm4.staticflickr.com/3271/2647829937_2bafee7bf1_z.jpg,5,0
disgust,http://farm4.staticflickr.com/3338/3210738484_4dabc7cc48_z.jpg,4,1
disgust,http://farm4.staticflickr.com/3145/5802548889_7b9aa0d8c4_z.jpg,4,1
disgust,http://farm4.staticflickr.com/3005/2744014274_76f8760867_z.jpg,1,4
disgust,http://farm2.staticflickr.com/1126/530714656_31ea072b79_z.jpg,3,2
disgust,http://farm4.staticflickr.com/3649/3383986294_9c97989007_z.jpg,4,1
disgust,http://farm4.staticflickr.com/3630/3336502123_5d8ea0b1c3_z.jpg,5,0
disgust,http://farm3.staticflickr.com/2837/8850540834_227be3c40e_z.jpg,5,0
disgust,http://farm3.staticflickr.com/2595/5844165524_bde7f594d1_z.jpg,5,0
disgust,http://farm4.staticflickr.com/3341/3453892832_12a6065c74_z.jpg,5,0
disgust,http://farm7.staticflickr.com/6145/5976799208_eea98b47f3_z.jpg,3,2
disgust,http://farm3.staticflickr.com/2570/4184492009_df03ebf05a_z.jpg,2,3
disgust,http://farm3.staticflickr.com/2924/14328690195_cc3a7c84c9_z.jpg,2,3
disgust,http://farm3.staticflickr.com/2902/14596217820_77da0bc30b_z.jpg,3,2
disgust,http://farm5.staticflickr.com/4071/4254619159_e0ab644ab0_z.jpg,4,1
disgust,http://farm2.staticflickr.com/1201/5113216126_dee8e05bf0_z.jpg,0,5
disgust,http://farm6.staticflickr.com/5147/5870233244_9e08eaa897_z.jpg,5,0
disgust,http://farm4.staticflickr.com/3112/3172675593_bf9e81d285_z.jpg,0,5
disgust,http://farm3.staticflickr.com/2087/2060514049_bf61e8dc2b_z.jpg,5,0
disgust,http://farm1.staticflickr.com/135/402008376_6a9e7717ec_z.jpg,4,1
disgust,http://farm6.staticflickr.com/5131/5468998643_32f3b4bb6f_z.jpg,5,0
disgust,http://farm8.staticflickr.com/7096/13933359782_d7cd3bc110_z.jpg,4,1
disgust,http://farm4.staticflickr.com/3707/14088850450_aa28e440e0_z.jpg,1,4
disgust,http://farm3.staticflickr.com/2441/3861061395_35049a918b_z.jpg,5,0
disgust,http://farm3.staticflickr.com/2913/14577462558_4795f65f12_z.jpg,5,0
disgust,http://farm8.staticflickr.com/7218/7345473200_f339b22a85_z.jpg,5,0
disgust,http://farm8.staticflickr.com/7063/6932366215_ea59267697_z.jpg,5,0
disgust,http://farm5.staticflickr.com/4106/5183918208_a5397f2c90_z.jpg,5,0
disgust,http://farm3.staticflickr.com/2893/12888640074_d84b0758af_z.jpg,5,0
disgust,http://farm4.staticflickr.com/3138/2668031332_3d59be2060_z.jpg,5,0
disgust,http://farm3.staticflickr.com/2119/2460993981_fb3c6bcb2d_z.jpg,4,1
disgust,http://farm8.staticflickr.com/7111/7410149388_7ee0fcee4b_z.jpg,5,0
disgust,http://farm4.staticflickr.com/3065/2554585251_2030249552_z.jpg,5,0
disgust,http://farm4.staticflickr.com/3554/3397513632_e3d66773b7_z.jpg,5,0
disgust,http://farm8.staticflickr.com/7157/6606703197_0dc96fa563_z.jpg,5,0
disgust,http://farm6.staticflickr.com/5207/5366200539_d455dddc7d_z.jpg,5,0
disgust,http://farm6.staticflickr.com/5094/5481891837_d3b20f66f8_z.jpg,4,1
disgust,http://farm3.staticflickr.com/2554/3882244394_b781b0f250_z.jpg,1,4
disgust,http://farm8.staticflickr.com/7556/15484715970_b4d9e0f8b1_z.jpg,5,0
disgust,http://farm4.staticflickr.com/3204/3804302751_45e36f6d4f_z.jpg,5,0
disgust,http://farm6.staticflickr.com/5481/11394644574_14c5fe9a59_z.jpg,5,0
disgust,http://farm5.staticflickr.com/4137/4912984966_fd81f6be53_z.jpg,5,0
disgust,http://farm4.staticflickr.com/3385/3413104978_9e90bb3540_z.jpg,2,3
disgust,http://farm3.staticflickr.com/2066/2460693303_66b1c142e2_z.jpg,4,1
disgust,http://farm5.staticflickr.com/4128/4970303178_2a2d81c257_z.jpg,4,1
disgust,http://farm4.staticflickr.com/3768/11606051336_d61acc3a6a_z.jpg,4,1
disgust,http://farm9.staticflickr.com/8381/8470489302_c5c4108751_z.jpg,4,1
disgust,http://farm8.staticflickr.com/7182/6888794243_5e43e4280c_z.jpg,5,0
disgust,http://farm9.staticflickr.com/8018/7243400894_08c0e94f85_z.jpg,4,1
disgust,http://farm7.staticflickr.com/6109/6307577443_eb160ac9e1_z.jpg,0,5
disgust,http://farm1.staticflickr.com/138/353056925_c073c3071f_z.jpg,5,0
disgust,http://farm9.staticflickr.com/8492/8294206484_4ebc64c9a1_z.jpg,5,0
disgust,http://farm5.staticflickr.com/4132/5202662907_3d1f765a2f_z.jpg,2,3
disgust,http://farm4.staticflickr.com/3820/13693289223_89992b9f9c_z.jpg,5,0
disgust,http://farm4.staticflickr.com/3146/3033707693_859058e923_z.jpg,5,0
disgust,http://farm9.staticflickr.com/8104/8477232839_df557f99fb_z.jpg,5,0
disgust,http://farm7.staticflickr.com/6136/6024039918_9ac605ee14_z.jpg,0,5
disgust,http://farm5.staticflickr.com/4051/4654649266_ccb7da2897_z.jpg,5,0
disgust,http://farm1.staticflickr.com/88/240859467_ae803cd7b4_z.jpg,5,0
disgust,http://farm5.staticflickr.com/4014/4443197694_192d65d20c_z.jpg,2,3
disgust,http://farm3.staticflickr.com/2083/1499949496_d3576285cc_z.jpg,1,4
disgust,http://farm5.staticflickr.com/4043/4296551028_17fb2401ff_z.jpg,4,1
disgust,http://farm4.staticflickr.com/3600/3434206112_b980d3f0e5_z.jpg,5,0
disgust,http://farm1.staticflickr.com/126/423570733_22b1c40714_z.jpg,4,1
disgust,http://farm6.staticflickr.com/5578/15081178272_457599ec75_z.jpg,1,4
disgust,http://farm9.staticflickr.com/8305/7765720356_e5947b38f0_z.jpg,5,0
disgust,http://farm4.staticflickr.com/3901/14753122634_1d22825c61_z.jpg,5,0
disgust,http://farm3.staticflickr.com/2912/14216742483_142877897b_z.jpg,1,4
disgust,http://farm3.staticflickr.com/2473/3655349834_192464e338_z.jpg,4,1
disgust,http://farm6.staticflickr.com/5142/5696937468_dff9fbc9fd_z.jpg,5,0
disgust,http://farm9.staticflickr.com/8191/8408265962_19daf0c822_z.jpg,3,2
disgust,http://farm5.staticflickr.com/4102/4816578241_85292879f0_z.jpg,5,0
disgust,http://farm6.staticflickr.com/5033/14365422739_99b72735b7_z.jpg,5,0
disgust,http://farm8.staticflickr.com/7357/11606042876_b6802107ee_z.jpg,5,0
disgust,http://farm3.staticflickr.com/2273/2402684721_0878ab4521_z.jpg,1,4
disgust,http://farm6.staticflickr.com/5203/5349679239_358bb3c6a5_z.jpg,5,0
disgust,http://farm4.staticflickr.com/3824/9292988932_781dd604b2_z.jpg,4,1
disgust,http://farm9.staticflickr.com/8373/8461100451_30ff38e7f7_z.jpg,3,2
disgust,http://farm5.staticflickr.com/4065/4494244297_5dab6e475e_z.jpg,4,1
disgust,http://farm3.staticflickr.com/2445/3911481069_98dd0b86cb_z.jpg,5,0
disgust,http://farm3.staticflickr.com/2899/14129139849_27a03a02b8_z.jpg,5,0
disgust,http://farm4.staticflickr.com/3032/3251894492_497ccccd79_z.jpg,5,0
disgust,http://farm3.staticflickr.com/2582/4124319038_9b6332a2a4_z.jpg,5,0
disgust,http://farm2.staticflickr.com/1075/585911438_18a460af6b_z.jpg,3,2
disgust,http://farm8.staticflickr.com/7479/15876808370_1f8f46e6a0_z.jpg,4,0
disgust,http://farm4.staticflickr.com/3845/14748847265_89810963fb_z.jpg,5,0
disgust,http://farm7.staticflickr.com/6176/6249623854_cfa358fc66_z.jpg,0,5
disgust,http://farm4.staticflickr.com/3850/14594859939_cd935f3e9f_z.jpg,5,0
disgust,http://farm4.staticflickr.com/3142/5765697010_8020b706c4_z.jpg,5,0
disgust,http://farm4.staticflickr.com/3233/2986833016_0e608ac5b2_z.jpg,3,2
disgust,http://farm8.staticflickr.com/7233/6994932866_1b76ac452f_z.jpg,1,4
disgust,http://farm2.staticflickr.com/1307/1322095722_da3afa60d9_z.jpg,5,0
disgust,http://farm6.staticflickr.com/5099/5400721178_cd5acf8784_z.jpg,0,5
disgust,http://farm7.staticflickr.com/6037/6245117650_8a0bf91d2e_z.jpg,1,4
disgust,http://farm9.staticflickr.com/8248/8605457079_1f33a02bc6_z.jpg,5,0
disgust,http://farm8.staticflickr.com/7059/6886623546_d342133df8_z.jpg,0,5
disgust,http://farm6.staticflickr.com/5596/14779226491_c5dbaf0955_z.jpg,5,0
disgust,http://farm6.staticflickr.com/5171/5471328481_99e665a511_z.jpg,5,0
disgust,http://farm3.staticflickr.com/2150/2278344901_b2905f6bae_z.jpg,4,1
disgust,http://farm5.staticflickr.com/4105/5016423443_ea3dca683b_z.jpg,5,0
disgust,http://farm8.staticflickr.com/7422/9371299337_e296d61bbb_z.jpg,3,2
disgust,http://farm6.staticflickr.com/5132/5444988935_b5707a31c1_z.jpg,3,2
disgust,http://farm6.staticflickr.com/5447/9701377239_1ef9051455_z.jpg,5,0
disgust,http://farm5.staticflickr.com/4079/4873820902_548c22cb92_z.jpg,5,0
disgust,http://farm1.staticflickr.com/114/291311237_0a1a66b572_z.jpg,2,3
disgust,http://farm4.staticflickr.com/3086/2876369494_dd820d2d7d_z.jpg,4,1
disgust,http://farm6.staticflickr.com/5184/5659835020_c114acb0c0_z.jpg,5,0
disgust,http://farm4.staticflickr.com/3133/5843659227_503e527096_z.jpg,3,2
disgust,http://farm6.staticflickr.com/5188/5780709533_a5521e7d33_z.jpg,4,1
disgust,http://farm8.staticflickr.com/7312/9638499575_200372f0da_z.jpg,4,1
disgust,http://farm8.staticflickr.com/7320/9724821422_3444d11b1c_z.jpg,0,5
disgust,http://farm4.staticflickr.com/3655/3606024965_49b4e6980a_z.jpg,1,4
disgust,http://farm8.staticflickr.com/7104/7286471538_4ffcf8cf21_z.jpg,5,0
disgust,http://farm8.staticflickr.com/7169/6513036543_9fd76e862b_z.jpg,5,0
disgust,http://farm4.staticflickr.com/3218/2782276159_c0f10498d3_z.jpg,5,0
disgust,http://farm1.staticflickr.com/63/201155868_d497e41bbe_z.jpg,4,1
disgust,http://farm8.staticflickr.com/7398/9637544685_c9179c6654_z.jpg,5,0
disgust,http://farm8.staticflickr.com/7044/6805984164_8bc1b1b775_z.jpg,5,0
disgust,http://farm2.staticflickr.com/1262/1336621097_a09ac4f170_z.jpg,5,0
disgust,http://farm8.staticflickr.com/7060/6919824843_de9278759b_z.jpg,4,1
disgust,http://farm4.staticflickr.com/3175/3033708781_971e603fce_z.jpg,5,0
disgust,http://farm6.staticflickr.com/5097/5528942717_10a63f40d3_z.jpg,5,0
disgust,http://farm8.staticflickr.com/7315/11605068063_b5ae75b51a_z.jpg,5,0
disgust,http://farm9.staticflickr.com/8333/8391034960_4111e4e9f5_z.jpg,2,3
disgust,http://farm7.staticflickr.com/6143/5923895986_0fcb7b1687_z.jpg,5,0
disgust,http://farm8.staticflickr.com/7157/6553991619_c166844cce_z.jpg,2,2
disgust,http://farm6.staticflickr.com/5089/5366467681_77b0c2177f_z.jpg,5,0
disgust,http://farm4.staticflickr.com/3255/2898384263_6be60aae5f_z.jpg,5,0
disgust,http://farm3.staticflickr.com/2855/13901169453_45d5f882c9_z.jpg,5,0
disgust,http://farm4.staticflickr.com/3514/3298486310_c1e4a5c9bb_z.jpg,2,3
disgust,http://farm7.staticflickr.com/6142/5937113743_20d6626ceb_z.jpg,0,5
disgust,http://farm8.staticflickr.com/7420/11394588456_c014192212_z.jpg,5,0
disgust,http://farm2.staticflickr.com/1310/1419640182_63b8915a05_z.jpg,4,1
disgust,http://farm9.staticflickr.com/8352/8396726083_bab67c816b_z.jpg,5,0
disgust,http://farm6.staticflickr.com/5224/5754323481_ca60859b0b_z.jpg,4,1
disgust,http://farm6.staticflickr.com/5516/11121597886_da2bab9b39_z.jpg,4,1
disgust,http://farm8.staticflickr.com/7418/11394103496_32baca867d_z.jpg,5,0
disgust,http://farm1.staticflickr.com/101/364552748_b05ff7e49f_z.jpg,5,0
disgust,http://farm3.staticflickr.com/2492/5843709713_cf6d0314c6_z.jpg,4,1
disgust,http://farm5.staticflickr.com/4132/4960889734_6a4e474b99_z.jpg,3,2
disgust,http://farm6.staticflickr.com/5012/5481888067_52f573c2dd_z.jpg,2,3
disgust,http://farm8.staticflickr.com/7120/7610955336_677210cf0c_z.jpg,5,0
disgust,http://farm8.staticflickr.com/7173/6512289603_820b621d64_z.jpg,5,0
disgust,http://farm8.staticflickr.com/7427/9053268207_e726d6eb3f_z.jpg,5,0
disgust,http://farm4.staticflickr.com/3809/9547640508_c203648979_z.jpg,3,2
disgust,http://farm9.staticflickr.com/8362/8441887091_b32abd40fe_z.jpg,0,5
disgust,http://farm6.staticflickr.com/5027/5593134545_4a2c61753f_z.jpg,4,1
disgust,http://farm6.staticflickr.com/5045/5268073663_0be860dc2e_z.jpg,5,0
disgust,http://farm4.staticflickr.com/3658/3335202764_ff0de444f3_z.jpg,4,0
disgust,http://farm4.staticflickr.com/3202/2594378140_cd992c39c0_z.jpg,4,1
disgust,http://farm9.staticflickr.com/8540/8643800553_8da5356dd9_z.jpg,5,0
disgust,http://farm4.staticflickr.com/3757/9116157517_8e895bc492_z.jpg,5,0
disgust,http://farm6.staticflickr.com/5298/5465905727_1c46c44f9c_z.jpg,5,0
disgust,http://farm1.staticflickr.com/214/524878146_8085f73cd8_z.jpg,0,5
disgust,http://farm3.staticflickr.com/2335/2256159767_64567c2b21_z.jpg,5,0
disgust,http://farm9.staticflickr.com/8456/7910879088_d34c5955bd_z.jpg,3,2
disgust,http://farm5.staticflickr.com/4011/5131042613_49236fd805_z.jpg,5,0
disgust,http://farm6.staticflickr.com/5007/5305299793_7937b713f6_z.jpg,5,0
disgust,http://farm5.staticflickr.com/4125/5055582775_3cdac825b7_z.jpg,5,0
disgust,http://farm4.staticflickr.com/3146/2753438309_98e1ff3cd4_z.jpg,3,2
disgust,http://farm5.staticflickr.com/4097/4870303540_e87e9c7f81_z.jpg,4,1
disgust,http://farm5.staticflickr.com/4080/4801915048_438036761f_z.jpg,4,1
disgust,http://farm1.staticflickr.com/52/164037264_81024f6168_z.jpg,1,4
disgust,http://farm9.staticflickr.com/8441/8010238693_a69069e469_z.jpg,2,3
disgust,http://farm4.staticflickr.com/3334/3223306074_141a72f007_z.jpg,1,4
disgust,http://farm4.staticflickr.com/3069/2365886064_43597c2946_z.jpg,5,0
disgust,http://farm6.staticflickr.com/5003/5305910926_efa5b2e8f5_z.jpg,4,1
disgust,http://farm1.staticflickr.com/141/324422463_246e272432_z.jpg,5,0
disgust,http://farm5.staticflickr.com/4009/4676294870_bb5be2d68e_z.jpg,4,1
disgust,http://farm4.staticflickr.com/3382/3529658015_f3576351db_z.jpg,5,0
disgust,http://farm9.staticflickr.com/8384/8516831579_7f7fbbfc88_z.jpg,5,0
disgust,http://farm6.staticflickr.com/5565/14761410654_b371bdc657_z.jpg,5,0
disgust,http://farm4.staticflickr.com/3390/3494046969_f50b0bd89e_z.jpg,5,0
disgust,http://farm3.staticflickr.com/2551/3732058937_811fe745cc_z.jpg,5,0
disgust,http://farm7.staticflickr.com/6207/6067769133_57b214e66f_z.jpg,5,0
disgust,http://farm4.staticflickr.com/3099/2892081892_6e84b1bdf8_z.jpg,2,3
disgust,http://farm4.staticflickr.com/3609/3334623285_f31dd8afda_z.jpg,5,0
disgust,http://farm4.staticflickr.com/3279/2764034639_e547cc1612_z.jpg,4,1
disgust,http://farm4.staticflickr.com/3238/2957757131_5147653579_z.jpg,4,1
disgust,http://farm7.staticflickr.com/6187/6066964069_b97a8f9c4a_z.jpg,3,2
disgust,http://farm8.staticflickr.com/7159/6512303231_0c41ce4a50_z.jpg,5,0
disgust,http://farm4.staticflickr.com/3008/2456264711_1053ef77bc_z.jpg,2,3
disgust,http://farm8.staticflickr.com/7116/7023899561_b345d22b34_z.jpg,5,0
disgust,http://farm4.staticflickr.com/3522/3735551309_82770613c6_z.jpg,5,0
disgust,http://farm4.staticflickr.com/3082/2591028555_a3fcb2bbe2_z.jpg,2,3
disgust,http://farm6.staticflickr.com/5464/9018171965_71101a8db2_z.jpg,5,0
disgust,http://farm8.staticflickr.com/7330/8725159260_0488be5952_z.jpg,1,4
disgust,http://farm4.staticflickr.com/3249/2720379689_313a395320_z.jpg,5,0
disgust,http://farm4.staticflickr.com/3347/3501278244_b64d9e8efd_z.jpg,5,0
disgust,http://farm3.staticflickr.com/2805/11289768273_f5319e5de1_z.jpg,5,0
disgust,http://farm4.staticflickr.com/3242/2721607438_f1461736b7_z.jpg,2,3
disgust,http://farm4.staticflickr.com/3125/2852669948_d8eef4c3a4_z.jpg,5,0
disgust,http://farm9.staticflickr.com/8152/7334922896_fa263f2a64_z.jpg,5,0
disgust,http://farm5.staticflickr.com/4090/4966326652_70675dee41_z.jpg,5,0
disgust,http://farm5.staticflickr.com/4134/4876893071_6567c19490_z.jpg,5,0
disgust,http://farm3.staticflickr.com/2256/2512434269_f92b135450_z.jpg,5,0
disgust,http://farm4.staticflickr.com/3046/2626403421_df390786aa_z.jpg,5,0
disgust,http://farm4.staticflickr.com/3093/3092161704_4409d503c5_z.jpg,5,0
disgust,http://farm4.staticflickr.com/3776/11353453964_ff9ed80c38_z.jpg,5,0
disgust,http://farm8.staticflickr.com/7333/11394393495_5db6885593_z.jpg,5,0
disgust,http://farm4.staticflickr.com/3040/2643673498_9c908e3d7f_z.jpg,5,0
disgust,http://farm3.staticflickr.com/2633/5843611921_8eb4370b2b_z.jpg,2,2
disgust,http://farm4.staticflickr.com/3020/2295035496_809c8830d9_z.jpg,0,5
disgust,http://farm5.staticflickr.com/4020/4681370312_cb4ec9ac62_z.jpg,5,0
disgust,http://farm7.staticflickr.com/6137/5917433284_5fb4d55788_z.jpg,4,1
disgust,http://farm2.staticflickr.com/1190/1449420589_48a3fdc29c_z.jpg,5,0
disgust,http://farm2.staticflickr.com/1414/757197787_8de4070fba_z.jpg,5,0
disgust,http://farm6.staticflickr.com/5007/5236581743_6d61712182_z.jpg,4,1
disgust,http://farm4.staticflickr.com/3111/2816160382_7a65310bd1_z.jpg,5,0
disgust,http://farm5.staticflickr.com/4098/4903990127_fe95a16b2f_z.jpg,4,1
disgust,http://farm4.staticflickr.com/3246/2995018051_acc965fa4e_z.jpg,5,0
disgust,http://farm3.staticflickr.com/2559/3823890061_35dfeee8ca_z.jpg,1,4
disgust,http://farm4.staticflickr.com/3176/2828137992_376006791b_z.jpg,1,4
disgust,http://farm1.staticflickr.com/77/174747475_0532e2ed0f_z.jpg,0,5
disgust,http://farm2.staticflickr.com/1248/4733922346_501964958d_z.jpg,1,4
disgust,http://farm7.staticflickr.com/6011/5972378731_f05d048d03_z.jpg,5,0
disgust,http://farm6.staticflickr.com/5590/14598160178_fb9ffc07a1_z.jpg,5,0
disgust,http://farm4.staticflickr.com/3175/2720373615_ef207a10cf_z.jpg,5,0
disgust,http://farm4.staticflickr.com/3031/3248418953_3472f37e69_z.jpg,2,3
disgust,http://farm9.staticflickr.com/8374/8383755094_695254f0ea_z.jpg,5,0
disgust,http://farm5.staticflickr.com/4047/4362064001_5cef2096ab_z.jpg,4,1
disgust,http://farm1.staticflickr.com/36/103013278_58fdb980ab_z.jpg,1,4
disgust,http://farm6.staticflickr.com/5556/14595350480_6e3229a244_z.jpg,5,0
disgust,http://farm3.staticflickr.com/2128/2439168563_aaa8b2866e_z.jpg,5,0
disgust,http://farm5.staticflickr.com/4123/4905536625_13c3ff4055_z.jpg,3,1
disgust,http://farm3.staticflickr.com/2441/4083667144_dcda710f4f_z.jpg,5,0
disgust,http://farm3.staticflickr.com/2406/2248561402_e230f13b8b_z.jpg,0,5
disgust,http://farm1.staticflickr.com/163/359238698_7416d77ee7_z.jpg,4,0
disgust,http://farm5.staticflickr.com/4142/4932636940_cf754afa56_z.jpg,0,5
disgust,http://farm8.staticflickr.com/7073/7150309861_a292117905_z.jpg,4,1
disgust,http://farm4.staticflickr.com/3645/5837799617_0eac923cec_z.jpg,4,1
disgust,http://farm8.staticflickr.com/7375/12107830405_87097044b8_z.jpg,3,2
disgust,http://farm1.staticflickr.com/159/425270400_9c2433e552_z.jpg,2,3
disgust,http://farm4.staticflickr.com/3512/3243666800_44b5f231d4_z.jpg,2,3
disgust,http://farm8.staticflickr.com/7171/6512253875_b256306089_z.jpg,5,0
disgust,http://farm4.staticflickr.com/3085/3156825427_8ffab70fcf_z.jpg,5,0
disgust,http://farm4.staticflickr.com/3919/14294972188_e7125b7741_z.jpg,3,2
disgust,http://farm4.staticflickr.com/3027/2958504019_56453f1016_z.jpg,3,2
disgust,http://farm3.staticflickr.com/2487/4176489943_3a90cc405d_z.jpg,5,0
disgust,http://farm4.staticflickr.com/3923/14431314129_0648229588_z.jpg,5,0
disgust,http://farm6.staticflickr.com/5584/15044693965_f0d80ce7c5_z.jpg,5,0
disgust,http://farm4.staticflickr.com/3200/2925290331_1f8115595d_z.jpg,2,2
disgust,http://farm8.staticflickr.com/7023/6774505961_8d04972a5d_z.jpg,5,0
disgust,http://farm6.staticflickr.com/5086/5316411232_6aaa8220d4_z.jpg,5,0
disgust,http://farm4.staticflickr.com/3561/3516281562_51309f805c_z.jpg,5,0
disgust,http://farm3.staticflickr.com/2368/2274809869_cec3492e5b_z.jpg,2,3
disgust,http://farm4.staticflickr.com/3703/9526985185_b7250a668c_z.jpg,5,0
disgust,http://farm3.staticflickr.com/2882/9641718452_c284f44124_z.jpg,5,0
disgust,http://farm3.staticflickr.com/2916/14750483576_15367f9a3e_z.jpg,5,0
disgust,http://farm6.staticflickr.com/5576/15210166411_55216a03ca_z.jpg,1,4
disgust,http://farm2.staticflickr.com/1366/1479110182_f15d68e91a_z.jpg,5,0
disgust,http://farm6.staticflickr.com/5140/5554822334_396665d25f_z.jpg,5,0
disgust,http://farm1.staticflickr.com/219/451205777_2f58731584_z.jpg,2,3
disgust,http://farm3.staticflickr.com/2914/14239196821_379932af0a_z.jpg,1,4
disgust,http://farm3.staticflickr.com/2730/4333700014_e2f430ec07_z.jpg,4,1
disgust,http://farm5.staticflickr.com/4071/4650964985_b0d766892f_z.jpg,0,5
disgust,http://farm6.staticflickr.com/5224/5602032336_1260d338a1_z.jpg,4,0
disgust,http://farm6.staticflickr.com/5129/13424496773_a73eaa23db_z.jpg,5,0
disgust,http://farm3.staticflickr.com/2618/4053591668_85baaf220d_z.jpg,3,2
disgust,http://farm9.staticflickr.com/8240/8520478144_dd2bc876a3_z.jpg,4,1
disgust,http://farm2.staticflickr.com/1392/572196772_1ae3403b56_z.jpg,5,0
disgust,http://farm5.staticflickr.com/4113/5085587777_404ca7d8aa_z.jpg,5,0
disgust,http://farm4.staticflickr.com/3055/2719300021_4ccbf01fd2_z.jpg,1,4
disgust,http://farm3.staticflickr.com/2182/2198910259_9cc4e0e636_z.jpg,5,0
disgust,http://farm8.staticflickr.com/7369/13128480795_8b9129aa9a_z.jpg,3,2
disgust,http://farm6.staticflickr.com/5207/13693812395_1cc8d2482b_z.jpg,5,0
disgust,http://farm4.staticflickr.com/3485/4083709344_2f8384c0af_z.jpg,5,0
disgust,http://farm7.staticflickr.com/6066/6034135450_05439d0e0f_z.jpg,3,2
disgust,http://farm1.staticflickr.com/98/284778119_6e222ffb0b_z.jpg,5,0
disgust,http://farm1.staticflickr.com/116/267704233_4d6fe46054_z.jpg,5,0
disgust,http://farm4.staticflickr.com/3283/5779214627_a3c00a4053_z.jpg,5,0
disgust,http://farm8.staticflickr.com/7370/16456857831_39f66fea8f_z.jpg,5,0
disgust,http://farm4.staticflickr.com/3081/2671399090_93a02e89d7_z.jpg,4,1
disgust,http://farm4.staticflickr.com/3038/2281775631_03285bb481_z.jpg,3,2
disgust,http://farm4.staticflickr.com/3099/2411828643_921f8419e4_z.jpg,1,4
disgust,http://farm5.staticflickr.com/4047/4628280940_327b045d7e_z.jpg,4,1
disgust,http://farm5.staticflickr.com/4037/4380043883_698c52aeaf_z.jpg,3,2
disgust,http://farm5.staticflickr.com/4089/5207551564_873b99609e_z.jpg,5,0
disgust,http://farm4.staticflickr.com/3166/3034545066_d5b38f76aa_z.jpg,5,0
disgust,http://farm4.staticflickr.com/3255/2294243435_8a8d1309d9_z.jpg,0,5
disgust,http://farm4.staticflickr.com/3173/2767028168_0fa31ddc13_z.jpg,4,1
disgust,http://farm2.staticflickr.com/1173/1444983231_4909d44476_z.jpg,4,1
disgust,http://farm9.staticflickr.com/8426/7645294104_b6d7f72a0b_z.jpg,5,0
disgust,http://farm9.staticflickr.com/8027/7286485900_304839860c_z.jpg,5,0
disgust,http://farm3.staticflickr.com/2787/4299178182_f44996c656_z.jpg,5,0
disgust,http://farm1.staticflickr.com/197/441131872_878c856aaf_z.jpg,3,2
disgust,http://farm5.staticflickr.com/4024/4588404890_40277b73d6_z.jpg,5,0
disgust,http://farm7.staticflickr.com/6011/5951710125_bc3bf8fd82_z.jpg,5,0
disgust,http://farm2.staticflickr.com/1169/4611980218_d650eb8d5c_z.jpg,4,0
disgust,http://farm4.staticflickr.com/3827/10246977995_24300f1ba4_z.jpg,1,4
disgust,http://farm6.staticflickr.com/5101/5623105525_6faabd7664_z.jpg,4,1
disgust,http://farm7.staticflickr.com/6101/6285001047_f60412a4ff_z.jpg,5,0
disgust,http://farm4.staticflickr.com/3199/2961382198_d9a65c1a3b_z.jpg,4,1
disgust,http://farm1.staticflickr.com/86/246881223_d071c1a67a_z.jpg,5,0
disgust,http://farm2.staticflickr.com/1397/1084513478_5e99577e29_z.jpg,4,1
disgust,http://farm6.staticflickr.com/5474/9584153436_c38945bc19_z.jpg,5,0
disgust,http://farm4.staticflickr.com/3198/3077665267_e40f765b4e_z.jpg,0,5
disgust,http://farm5.staticflickr.com/4150/4975496588_e326f325ea_z.jpg,5,0
disgust,http://farm4.staticflickr.com/3142/2828112787_ec43092f4a_z.jpg,5,0
disgust,http://farm4.staticflickr.com/3483/3736402852_25d1d399b2_z.jpg,5,0
disgust,http://farm3.staticflickr.com/2282/2129496435_2c444324b5_z.jpg,5,0
disgust,http://farm6.staticflickr.com/5015/5523167677_652a799416_z.jpg,4,1
disgust,http://farm5.staticflickr.com/4050/4696511818_641ab8e119_z.jpg,4,1
disgust,http://farm9.staticflickr.com/8317/7991993334_c9d0feac9b_z.jpg,3,2
disgust,http://farm6.staticflickr.com/5246/5226846829_1b63b4943c_z.jpg,5,0
disgust,http://farm2.staticflickr.com/1303/5184625723_e52ec158d5_z.jpg,4,1
disgust,http://farm4.staticflickr.com/3848/14783950952_a497c12dcd_z.jpg,5,0
disgust,http://farm6.staticflickr.com/5326/8901516778_536501b44e_z.jpg,5,0
disgust,http://farm9.staticflickr.com/8431/7546104116_752c10cc7c_z.jpg,5,0
disgust,http://farm7.staticflickr.com/6049/5888894557_f50204cd75_z.jpg,3,2
disgust,http://farm6.staticflickr.com/5616/15812754475_2082ffb613_z.jpg,0,5
disgust,http://farm4.staticflickr.com/3205/3838356380_71f0f0fba7_z.jpg,5,0
disgust,http://farm9.staticflickr.com/8183/8077015393_270948473b_z.jpg,5,0
disgust,http://farm5.staticflickr.com/4025/4456715551_9fa0902f76_z.jpg,5,0
disgust,http://farm3.staticflickr.com/2365/1999283179_57b429721c_z.jpg,5,0
disgust,http://farm6.staticflickr.com/5575/14579811579_5ac40bae21_z.jpg,5,0
disgust,http://farm8.staticflickr.com/7166/6623107297_41e9e063f1_z.jpg,5,0
disgust,http://farm3.staticflickr.com/2714/5796322575_fa52173282_z.jpg,0,5
disgust,http://farm6.staticflickr.com/5025/5680804135_97bbef4713_z.jpg,4,1
disgust,http://farm4.staticflickr.com/3269/5843619467_7cba1b234e_z.jpg,3,2
disgust,http://farm2.staticflickr.com/1390/1265986938_42389b955a_z.jpg,4,1
disgust,http://farm4.staticflickr.com/3677/9641155012_4743ef5464_z.jpg,5,0
disgust,http://farm8.staticflickr.com/7574/15934521615_d91b581b80_z.jpg,5,0
disgust,http://farm5.staticflickr.com/4079/4811159501_b1561765bf_z.jpg,3,2
disgust,http://farm4.staticflickr.com/3187/2628880461_0e5647cee1_z.jpg,5,0
disgust,http://farm3.staticflickr.com/2870/11964511233_683c369e9e_z.jpg,2,3
disgust,http://farm4.staticflickr.com/3264/2697883453_8e5c32b02b_z.jpg,5,0
disgust,http://farm9.staticflickr.com/8522/8581685643_045d1dede5_z.jpg,4,1
disgust,http://farm3.staticflickr.com/2007/3540267571_f232d5cc1f_z.jpg,5,0
disgust,http://farm4.staticflickr.com/3282/3103539539_9659f42570_z.jpg,5,0
disgust,http://farm4.staticflickr.com/3002/2904454151_26268459a7_z.jpg,2,3
disgust,http://farm4.staticflickr.com/3182/3016119567_1cee920141_z.jpg,5,0
disgust,http://farm8.staticflickr.com/7103/13387132423_ea839dab43_z.jpg,5,0
disgust,http://farm3.staticflickr.com/2455/3633475382_85db455a29_z.jpg,5,0
disgust,http://farm2.staticflickr.com/1248/543576559_64f557140c_z.jpg,5,0
disgust,http://farm4.staticflickr.com/3584/3425271952_1c179b5c42_z.jpg,2,3
disgust,http://farm2.staticflickr.com/1180/4724534831_3ce6f2232f_z.jpg,4,1
disgust,http://farm1.staticflickr.com/165/355781890_b3d4cc25a4_z.jpg,5,0
disgust,http://farm4.staticflickr.com/3219/3120943702_458b97c614_z.jpg,5,0
disgust,http://farm4.staticflickr.com/3893/14589935798_c6b16ea9cb_z.jpg,5,0
disgust,http://farm6.staticflickr.com/5066/5625811375_3f31ba51fb_z.jpg,5,0
disgust,http://farm8.staticflickr.com/7019/6715372961_b0b5ac648b_z.jpg,5,0
disgust,http://farm4.staticflickr.com/3221/2765002345_0cfb3d7318_z.jpg,5,0
disgust,http://farm8.staticflickr.com/7427/9685225508_af140f6b64_z.jpg,5,0
disgust,http://farm8.staticflickr.com/7162/6721056777_75e8238b32_z.jpg,5,0
disgust,http://farm6.staticflickr.com/5082/5221698203_74f61e8012_z.jpg,5,0
disgust,http://farm6.staticflickr.com/5049/5305913984_a0ba0cce5a_z.jpg,5,0
disgust,http://farm1.staticflickr.com/44/163978020_c77527f8ea_z.jpg,5,0
disgust,http://farm4.staticflickr.com/3473/3226116656_5d1b8859a5_z.jpg,5,0
disgust,http://farm2.staticflickr.com/1245/559327619_e08277e4c1_z.jpg,4,0
disgust,http://farm5.staticflickr.com/4054/4679720878_b6670943f4_z.jpg,5,0
disgust,http://farm4.staticflickr.com/3207/3057122486_8676618333_z.jpg,2,3
disgust,http://farm4.staticflickr.com/3216/2919586494_0f1d0acbaf_z.jpg,5,0
disgust,http://farm4.staticflickr.com/3030/2751488785_7ebdf0af05_z.jpg,4,1
disgust,http://farm6.staticflickr.com/5335/9638477333_bcbb7558d7_z.jpg,4,0
disgust,http://farm4.staticflickr.com/3096/2732718378_cf417c9759_z.jpg,0,5
disgust,http://farm3.staticflickr.com/2034/3529602108_cae17df924_z.jpg,1,4
disgust,http://farm3.staticflickr.com/2371/2259074985_c898e80c19_z.jpg,4,1
disgust,http://farm7.staticflickr.com/6081/6045498762_ba16b5ed0c_z.jpg,4,1
disgust,http://farm7.staticflickr.com/6171/6144619391_769ea2245d_z.jpg,4,1
disgust,http://farm7.staticflickr.com/6086/6087205720_1abc0e9da8_z.jpg,5,0
disgust,http://farm8.staticflickr.com/7566/15434728004_b4d7727e2d_z.jpg,4,1
disgust,http://farm4.staticflickr.com/3601/3348578218_fff250c842_z.jpg,5,0
disgust,http://farm4.staticflickr.com/3066/2942569792_63e9c653fa_z.jpg,3,2
disgust,http://farm3.staticflickr.com/2602/3863334125_7104e6cff7_z.jpg,0,4
disgust,http://farm6.staticflickr.com/5285/5341515245_63f3229353_z.jpg,4,1
disgust,http://farm4.staticflickr.com/3049/2350125114_260a3857e0_z.jpg,3,2
disgust,http://farm4.staticflickr.com/3656/3503487937_0f3af8e09d_z.jpg,5,0
disgust,http://farm4.staticflickr.com/3373/3506182539_44ea49d240_z.jpg,2,3
disgust,http://farm3.staticflickr.com/2506/3736328878_4391efb164_z.jpg,5,0
disgust,http://farm3.staticflickr.com/2285/2492435642_a7b6e8110b_z.jpg,4,1
disgust,http://farm4.staticflickr.com/3002/2712875416_fd16960b7f_z.jpg,1,4
disgust,http://farm5.staticflickr.com/4061/4453336981_3ef7ddc66d_z.jpg,5,0
disgust,http://farm4.staticflickr.com/3345/3517664307_4641785f1e_z.jpg,0,5
disgust,http://farm8.staticflickr.com/7156/6643727867_617b7e5b7e_z.jpg,5,0
disgust,http://farm9.staticflickr.com/8472/8101874336_a75f7567b9_z.jpg,4,1
disgust,http://farm4.staticflickr.com/3355/3186590060_64094700d7_z.jpg,5,0
disgust,http://farm6.staticflickr.com/5307/5843649117_4d47231c84_z.jpg,4,0
disgust,http://farm3.staticflickr.com/2184/2222651581_fab15ae97c_z.jpg,5,0
disgust,http://farm8.staticflickr.com/7175/6662638301_24a109034c_z.jpg,4,1
disgust,http://farm5.staticflickr.com/4051/4484422223_483e82d9a9_z.jpg,5,0
disgust,http://farm4.staticflickr.com/3353/4635397901_90fe23e0cc_z.jpg,5,0
disgust,http://farm4.staticflickr.com/3008/2582996988_2a0555b556_z.jpg,5,0
disgust,http://farm3.staticflickr.com/2082/2364620902_ec0cb5f3ce_z.jpg,3,2
disgust,http://farm4.staticflickr.com/3176/2686885739_72f5d9f662_z.jpg,5,0
disgust,http://farm8.staticflickr.com/7556/16124084976_74d85df58f_z.jpg,2,3
disgust,http://farm4.staticflickr.com/3233/3120923103_1dff4c6940_z.jpg,3,2
disgust,http://farm8.staticflickr.com/7125/7108168079_c00d60f86b_z.jpg,4,1
disgust,http://farm6.staticflickr.com/5212/5473213996_0c1fdb6d50_z.jpg,3,2
disgust,http://farm2.staticflickr.com/1302/4681832371_6ea6461870_z.jpg,5,0
disgust,http://farm4.staticflickr.com/3502/3229231814_b38dc10d75_z.jpg,5,0
disgust,http://farm4.staticflickr.com/3789/9464721651_057f6aaa8e_z.jpg,5,0
disgust,http://farm4.staticflickr.com/3150/2724399487_5fa4bc570b_z.jpg,5,0
disgust,http://farm1.staticflickr.com/55/110271227_58497e4ca1_z.jpg,5,0
disgust,http://farm5.staticflickr.com/4036/4292680770_8ab2c4419e_z.jpg,2,3
disgust,http://farm4.staticflickr.com/3848/14796986114_f0affb326a_z.jpg,4,1
disgust,http://farm3.staticflickr.com/2732/4326394745_0791edfd18_z.jpg,3,2
disgust,http://farm8.staticflickr.com/7094/13402221965_ae2c8faa52_z.jpg,5,0
disgust,http://farm1.staticflickr.com/131/418980287_8b3eed51bb_z.jpg,4,1
disgust,http://farm5.staticflickr.com/4061/4661923182_808efe12df_z.jpg,5,0
disgust,http://farm4.staticflickr.com/3037/2571730347_81a5fa5601_z.jpg,5,0
disgust,http://farm6.staticflickr.com/5256/5393985873_c3555b0dfc_z.jpg,5,0
disgust,http://farm3.staticflickr.com/2184/2115808805_6d7789771b_z.jpg,5,0
disgust,http://farm9.staticflickr.com/8005/7332497362_bbd7668ffc_z.jpg,1,3
disgust,http://farm4.staticflickr.com/3109/2640528646_fa578aa3da_z.jpg,3,2
disgust,http://farm4.staticflickr.com/3190/2708641460_628142d289_z.jpg,4,1
disgust,http://farm5.staticflickr.com/4138/4848555451_5c80443237_z.jpg,3,2
disgust,http://farm9.staticflickr.com/8065/8173275587_b5bee0fc2c_z.jpg,4,1
disgust,http://farm9.staticflickr.com/8456/7962945848_07f3865e82_z.jpg,2,3
disgust,http://farm6.staticflickr.com/5310/5579406564_feb2b412c4_z.jpg,3,2
disgust,http://farm6.staticflickr.com/5573/14781727804_4236f9d380_z.jpg,4,1
disgust,http://farm3.staticflickr.com/2449/3885745634_06200f777d_z.jpg,4,0
disgust,http://farm4.staticflickr.com/3232/2736373765_f0206d8dd4_z.jpg,1,4
disgust,http://farm4.staticflickr.com/3280/2752791762_a7bebc7ed8_z.jpg,4,1
disgust,http://farm4.staticflickr.com/3101/2564927050_b939bdd804_z.jpg,1,4
disgust,http://farm4.staticflickr.com/3098/2636348135_089a48fc1d_z.jpg,4,1
disgust,http://farm9.staticflickr.com/8350/8203528202_2eb0f20f56_z.jpg,0,5
disgust,http://farm9.staticflickr.com/8208/8256653320_5e0613cd98_z.jpg,5,0
disgust,http://farm8.staticflickr.com/7234/7082169465_76078f1571_z.jpg,5,0
disgust,http://farm6.staticflickr.com/5560/14801651663_2477c46769_z.jpg,5,0
disgust,http://farm3.staticflickr.com/2624/3788605891_e62c3df6d9_z.jpg,5,0
disgust,http://farm4.staticflickr.com/3592/3515834649_9a46759a9e_z.jpg,4,1
disgust,http://farm5.staticflickr.com/4106/5217025175_db88927639_z.jpg,0,5
disgust,http://farm1.staticflickr.com/200/510092652_0053f93c9c_z.jpg,4,1
disgust,http://farm3.staticflickr.com/2713/4356813232_de815963e9_z.jpg,4,1
disgust,http://farm6.staticflickr.com/5588/14904382809_6198e00979_z.jpg,5,0
disgust,http://farm5.staticflickr.com/4064/4687027765_88ded57d65_z.jpg,4,1
disgust,http://farm4.staticflickr.com/3053/3041356385_353bba2ffe_z.jpg,5,0
disgust,http://farm4.staticflickr.com/3161/2991217264_b0c18434a7_z.jpg,5,0
disgust,http://farm3.staticflickr.com/2823/13622787225_7cab791d79_z.jpg,3,2
disgust,http://farm3.staticflickr.com/2550/3721437725_b011b17904_z.jpg,5,0
disgust,http://farm4.staticflickr.com/3106/2549718141_528df92cfc_z.jpg,5,0
disgust,http://farm3.staticflickr.com/2243/1899085340_00b7e8572b_z.jpg,1,4
disgust,http://farm4.staticflickr.com/3128/3162038592_44484a2027_z.jpg,5,0
disgust,http://farm5.staticflickr.com/4122/4954021366_1c759c6a01_z.jpg,5,0
disgust,http://farm9.staticflickr.com/8468/8119823402_819f9282c0_z.jpg,4,1
disgust,http://farm1.staticflickr.com/172/479476056_5946d9912d_z.jpg,3,1
disgust,http://farm5.staticflickr.com/4104/4975599837_00073a3100_z.jpg,3,2
disgust,http://farm4.staticflickr.com/3016/2891275855_70572e0b35_z.jpg,5,0
disgust,http://farm4.staticflickr.com/3178/2775927733_6dcef5bbb9_z.jpg,4,1
disgust,http://farm3.staticflickr.com/2087/2230984692_0a1a52d865_z.jpg,5,0
disgust,http://farm4.staticflickr.com/3096/3136125038_4a929bb49e_z.jpg,5,0
disgust,http://farm8.staticflickr.com/7334/12628324753_ce6e7d5b68_z.jpg,4,1
disgust,http://farm4.staticflickr.com/3224/2455418787_1009d36793_z.jpg,1,4
disgust,http://farm7.staticflickr.com/6192/6148188489_0d76e518a5_z.jpg,3,1
disgust,http://farm1.staticflickr.com/60/217079611_eda13a61af_z.jpg,5,0
disgust,http://farm9.staticflickr.com/8202/8164280470_77b77f8b39_z.jpg,5,0
disgust,http://farm9.staticflickr.com/8301/7874540072_a9e3c502e0_z.jpg,5,0
disgust,http://farm6.staticflickr.com/5246/5369589391_0e7a5f450f_z.jpg,3,2
disgust,http://farm4.staticflickr.com/3903/14569368237_c5ecc37a02_z.jpg,5,0
disgust,http://farm8.staticflickr.com/7367/9118529768_ae4edd41da_z.jpg,5,0
disgust,http://farm4.staticflickr.com/3197/2430160964_7d5755c1d2_z.jpg,5,0
disgust,http://farm4.staticflickr.com/3883/14633484334_31fc18dd48_z.jpg,1,4
disgust,http://farm5.staticflickr.com/4053/4402661124_8de4bb6404_z.jpg,5,0
disgust,http://farm4.staticflickr.com/3328/3310198919_91d0c9cd1a_z.jpg,1,4
disgust,http://farm1.staticflickr.com/65/201324847_92b65b8f4b_z.jpg,5,0
disgust,http://farm6.staticflickr.com/5241/5319331443_83282f10b7_z.jpg,5,0
disgust,http://farm7.staticflickr.com/6209/6040714551_6642c9dbbc_z.jpg,5,0
disgust,http://farm4.staticflickr.com/3534/3790251163_4a07365caa_z.jpg,5,0
disgust,http://farm1.staticflickr.com/111/283348875_6288b48e8c_z.jpg,5,0
disgust,http://farm5.staticflickr.com/4062/4344269219_dbde7358ff_z.jpg,4,1
disgust,http://farm7.staticflickr.com/6200/6065743429_eaf853d997_z.jpg,0,5
disgust,http://farm5.staticflickr.com/4012/4314435596_33443d7ea6_z.jpg,5,0
disgust,http://farm4.staticflickr.com/3296/2727674404_db7c862d72_z.jpg,5,0
disgust,http://farm3.staticflickr.com/2028/5697922842_8d8f1613bb_z.jpg,5,0
disgust,http://farm6.staticflickr.com/5596/14759877936_771864a26e_z.jpg,5,0
disgust,http://farm3.staticflickr.com/2210/2828067592_796c220969_z.jpg,5,0
disgust,http://farm5.staticflickr.com/4062/4377194992_6a30bd0384_z.jpg,5,0
disgust,http://farm3.staticflickr.com/2807/13480142675_c81076e7b3_z.jpg,0,5
disgust,http://farm6.staticflickr.com/5262/5579757176_a60daab022_z.jpg,5,0
disgust,http://farm3.staticflickr.com/2934/14260969903_51d7b06826_z.jpg,1,4
disgust,http://farm4.staticflickr.com/3252/3150534161_14e99a9fc5_z.jpg,5,0
disgust,http://farm9.staticflickr.com/8658/15875271890_b2d492e95f_z.jpg,3,2
disgust,http://farm8.staticflickr.com/7074/7360670030_b5639bff54_z.jpg,5,0
disgust,http://farm4.staticflickr.com/3237/3058070440_c925fd1c26_z.jpg,2,3
disgust,http://farm4.staticflickr.com/3269/2402627324_de693d7b04_z.jpg,3,2
disgust,http://farm9.staticflickr.com/8297/7791246160_b91b1778df_z.jpg,4,1
disgust,http://farm3.staticflickr.com/2895/14763903655_8efbd8a596_z.jpg,5,0
disgust,http://farm1.staticflickr.com/95/244070895_a4ef677329_z.jpg,0,5
disgust,http://farm5.staticflickr.com/4071/4585473396_73c768093a_z.jpg,4,1
disgust,http://farm3.staticflickr.com/2645/4082946281_39e75e668e_z.jpg,5,0
disgust,http://farm5.staticflickr.com/4083/4844981529_e0f1fc37f9_z.jpg,5,0
disgust,http://farm5.staticflickr.com/4067/4641701721_896bb3aae9_z.jpg,5,0
disgust,http://farm5.staticflickr.com/4146/4968796909_5f8dc8fd55_z.jpg,4,1
disgust,http://farm3.staticflickr.com/2718/4128334720_1283afa957_z.jpg,4,1
disgust,http://farm1.staticflickr.com/79/239100911_5fa1dd34a3_z.jpg,1,4
disgust,http://farm5.staticflickr.com/4002/4289198842_8b3e3e7dbf_z.jpg,5,0
disgust,http://farm1.staticflickr.com/201/518614963_4861a4d1e5_z.jpg,2,3
disgust,http://farm4.staticflickr.com/3319/4562710879_df71df3711_z.jpg,5,0
disgust,http://farm8.staticflickr.com/7429/10082781434_5ecf0692ec_z.jpg,3,2
disgust,http://farm8.staticflickr.com/7353/12197863406_4f570fcd04_z.jpg,5,0
disgust,http://farm4.staticflickr.com/3604/3391947420_7d176b6cc5_z.jpg,5,0
disgust,http://farm7.staticflickr.com/6104/6870012604_46b1f5fd88_z.jpg,4,1
disgust,http://farm7.staticflickr.com/6183/6058951147_ddbfd98a19_z.jpg,3,2
disgust,http://farm6.staticflickr.com/5131/5422370793_d40372af8b_z.jpg,5,0
disgust,http://farm4.staticflickr.com/3344/4620662071_807c00631f_z.jpg,5,0
disgust,http://farm8.staticflickr.com/7263/7512177000_949b66b6ec_z.jpg,5,0
disgust,http://farm3.staticflickr.com/2011/1520631892_94d81f5a5a_z.jpg,0,5
disgust,http://farm2.staticflickr.com/1048/1261718117_908649d551_z.jpg,5,0
disgust,http://farm3.staticflickr.com/2457/3869308639_229696dc07_z.jpg,5,0
disgust,http://farm4.staticflickr.com/3257/2317511637_fdf2574370_z.jpg,5,0
disgust,http://farm2.staticflickr.com/1258/1270231001_6ee4b071a4_z.jpg,4,1
disgust,http://farm4.staticflickr.com/3294/2944057861_509b3d5baf_z.jpg,2,3
disgust,http://farm6.staticflickr.com/5220/5474897330_f306f04384_z.jpg,5,0
disgust,http://farm6.staticflickr.com/5140/5493736410_60eba7a156_z.jpg,4,1
disgust,http://farm4.staticflickr.com/3908/14735898170_42b5c0dfaf_z.jpg,5,0
disgust,http://farm4.staticflickr.com/3878/14760034396_6bd090801c_z.jpg,5,0
disgust,http://farm3.staticflickr.com/2408/2896384353_f21db60661_z.jpg,4,1
disgust,http://farm8.staticflickr.com/7433/9580774010_dcd025197c_z.jpg,4,0
disgust,http://farm8.staticflickr.com/7359/12528881905_22fdcd6eaf_z.jpg,5,0
disgust,http://farm9.staticflickr.com/8184/8126357457_aa33538d26_z.jpg,4,1
disgust,http://farm4.staticflickr.com/3184/2719094785_0c7f627110_z.jpg,5,0
disgust,http://farm2.staticflickr.com/1124/536108735_8cec561de0_z.jpg,5,0
disgust,http://farm3.staticflickr.com/2264/5788763007_9c16fa3def_z.jpg,4,1
disgust,http://farm4.staticflickr.com/3954/15562536642_275d834a44_z.jpg,5,0
disgust,http://farm8.staticflickr.com/7352/12899775675_a303d5be41_z.jpg,5,0
disgust,http://farm3.staticflickr.com/2643/3688097810_1862573f79_z.jpg,2,3
disgust,http://farm6.staticflickr.com/5179/5447509977_983088f4be_z.jpg,3,2
disgust,http://farm3.staticflickr.com/2923/14766341925_2dfa053181_z.jpg,5,0
disgust,http://farm4.staticflickr.com/3262/2371745413_26ddfbebc0_z.jpg,2,3
disgust,http://farm5.staticflickr.com/4127/4974884221_e9cdbbdf17_z.jpg,5,0
disgust,http://farm9.staticflickr.com/8210/8269354560_845eeb9858_z.jpg,4,1
disgust,http://farm4.staticflickr.com/3011/5844173120_fcae7b8ae7_z.jpg,5,0
disgust,http://farm1.staticflickr.com/52/132460873_dc8493e609_z.jpg,5,0
disgust,http://farm9.staticflickr.com/8302/7881509920_eea21b5e9a_z.jpg,5,0
disgust,http://farm4.staticflickr.com/3126/3161037585_c697199e41_z.jpg,4,1
disgust,http://farm4.staticflickr.com/3526/3932235209_f21cac776b_z.jpg,4,1
disgust,http://farm2.staticflickr.com/1437/879539885_c5a152d6c4_z.jpg,3,2
disgust,http://farm8.staticflickr.com/7017/6824959131_a6c8fab487_z.jpg,5,0
disgust,http://farm1.staticflickr.com/74/190126180_2ae71673cf_z.jpg,5,0
disgust,http://farm3.staticflickr.com/2633/5738602410_361c40becb_z.jpg,3,2
disgust,http://farm4.staticflickr.com/3129/2542704493_3d77af43cc_z.jpg,5,0
disgust,http://farm6.staticflickr.com/5030/5689883639_b054b94b9f_z.jpg,5,0
disgust,http://farm1.staticflickr.com/61/186975725_7f335a49fd_z.jpg,2,2
disgust,http://farm7.staticflickr.com/6078/6038564380_0ba2547fc7_z.jpg,3,2
disgust,http://farm3.staticflickr.com/2374/2941938446_02cb7905e5_z.jpg,3,2
disgust,http://farm8.staticflickr.com/7430/9641190978_4736c06f1e_z.jpg,5,0
disgust,http://farm4.staticflickr.com/3414/3487567412_95541e87b3_z.jpg,5,0
disgust,http://farm4.staticflickr.com/3766/12599774155_2eb274f42d_z.jpg,5,0
disgust,http://farm4.staticflickr.com/3269/3052014786_5f31465900_z.jpg,4,1
disgust,http://farm1.staticflickr.com/159/433647658_4423edca8e_z.jpg,5,0
disgust,http://farm8.staticflickr.com/7538/15437652903_60b35d0157_z.jpg,5,0
disgust,http://farm3.staticflickr.com/2413/2116539701_cef93b856a_z.jpg,3,2
disgust,http://farm8.staticflickr.com/7220/7293292766_1a29eaa362_z.jpg,5,0
disgust,http://farm3.staticflickr.com/2489/3785120607_ce07666e8f_z.jpg,1,4
disgust,http://farm5.staticflickr.com/4140/4756668270_e97177c422_z.jpg,5,0
disgust,http://farm4.staticflickr.com/3137/2779170791_cd9de25648_z.jpg,0,5
disgust,http://farm4.staticflickr.com/3362/3499421564_d66e35fe6c_z.jpg,5,0
disgust,http://farm3.staticflickr.com/2323/2327813838_5176a740b4_z.jpg,5,0
disgust,http://farm9.staticflickr.com/8327/8114792506_50de403f41_z.jpg,3,2
disgust,http://farm6.staticflickr.com/5085/5270402660_2b27728f70_z.jpg,5,0
disgust,http://farm5.staticflickr.com/4066/4681370604_b87bf86344_z.jpg,5,0
disgust,http://farm1.staticflickr.com/77/192201046_2869095358_z.jpg,5,0
disgust,http://farm9.staticflickr.com/8520/8458487214_8271af890b_z.jpg,1,4
disgust,http://farm3.staticflickr.com/2884/9134704730_824458dca4_z.jpg,2,3
disgust,http://farm3.staticflickr.com/2220/2066248414_5ee82f4b63_z.jpg,5,0
disgust,http://farm2.staticflickr.com/1415/545265095_23f04fb113_z.jpg,3,2
disgust,http://farm3.staticflickr.com/2171/2434261196_5eff56debe_z.jpg,8,2
disgust,http://farm4.staticflickr.com/3151/2690798671_afd62038c1_z.jpg,5,0
disgust,http://farm5.staticflickr.com/4029/4525026296_df7780145f_z.jpg,5,0
disgust,http://farm4.staticflickr.com/3239/2840300543_97397f9f0d_z.jpg,5,0
disgust,http://farm4.staticflickr.com/3011/3056582616_9b93837aa2_z.jpg,4,1
disgust,http://farm4.staticflickr.com/3121/2788079758_65913dc61f_z.jpg,5,0
disgust,http://farm4.staticflickr.com/3076/2872012350_b401f73bb3_z.jpg,5,0
disgust,http://farm5.staticflickr.com/4013/4578315620_76f1efc3d8_z.jpg,5,0
disgust,http://farm3.staticflickr.com/2796/4083713340_7aeb65ce03_z.jpg,5,0
disgust,http://farm3.staticflickr.com/2078/2323989169_d8326b004f_z.jpg,4,1
disgust,http://farm6.staticflickr.com/5233/5844192330_7a99e35274_z.jpg,5,0
disgust,http://farm4.staticflickr.com/3125/2730673734_b2fdede2a1_z.jpg,5,0
disgust,http://farm4.staticflickr.com/3304/3282072849_9a01256661_z.jpg,5,0
disgust,http://farm3.staticflickr.com/2107/1999499649_8255107a73_z.jpg,5,0
disgust,http://farm8.staticflickr.com/7419/9293545900_17e0cb2819_z.jpg,4,1
disgust,http://farm8.staticflickr.com/7352/12296241774_10e6ec511a_z.jpg,5,0
disgust,http://farm4.staticflickr.com/3240/3034778808_53b4c11bd6_z.jpg,0,4
disgust,http://farm3.staticflickr.com/2137/5711185287_8f8dc1f36d_z.jpg,1,4
disgust,http://farm3.staticflickr.com/2005/2360896159_98af54f9c6_z.jpg,5,0
disgust,http://farm7.staticflickr.com/6026/5943255693_4abf19f59d_z.jpg,3,2
disgust,http://farm4.staticflickr.com/3662/3503402793_f669d97390_z.jpg,5,0
disgust,http://farm6.staticflickr.com/5308/5661045340_ea2c95539f_z.jpg,5,0
disgust,http://farm3.staticflickr.com/2905/14216705383_2ee8020903_z.jpg,0,5
disgust,http://farm4.staticflickr.com/3255/3159834425_48e1f74bac_z.jpg,5,0
disgust,http://farm8.staticflickr.com/7041/6992746115_9bcf616e5f_z.jpg,2,3
disgust,http://farm9.staticflickr.com/8156/7339999078_8a1f7713a2_z.jpg,5,0
disgust,http://farm4.staticflickr.com/3138/2896297141_e4a9a9a7a4_z.jpg,2,3
disgust,http://farm9.staticflickr.com/8063/8276205806_6d09527ed5_z.jpg,5,0
disgust,http://farm7.staticflickr.com/6198/6092431721_9972f6836f_z.jpg,5,0
disgust,http://farm8.staticflickr.com/7215/13693476903_ba1529e2ba_z.jpg,4,1
disgust,http://farm6.staticflickr.com/5546/9118552720_d518a31667_z.jpg,4,1
disgust,http://farm5.staticflickr.com/4039/4667886788_cff1fdc853_z.jpg,3,2
disgust,http://farm7.staticflickr.com/6078/6092973970_df04104da4_z.jpg,5,0
disgust,http://farm3.staticflickr.com/2581/4191488667_452745b84d_z.jpg,2,3
disgust,http://farm4.staticflickr.com/3904/14589879370_058891177b_z.jpg,5,0
disgust,http://farm4.staticflickr.com/3403/3513461157_cbf07b6a00_z.jpg,5,0
disgust,http://farm9.staticflickr.com/8287/7862395994_80f45fdb09_z.jpg,5,0
disgust,http://farm5.staticflickr.com/4032/4415092543_bb9849b562_z.jpg,0,5
disgust,http://farm4.staticflickr.com/3021/2354102357_7dc9e5ce96_z.jpg,5,0
disgust,http://farm3.staticflickr.com/2611/3885536765_4c6390c452_z.jpg,4,1
disgust,http://farm6.staticflickr.com/5090/5365642453_6ae43fe248_z.jpg,5,0
disgust,http://farm4.staticflickr.com/3700/9118222590_1d31588012_z.jpg,4,1
disgust,http://farm3.staticflickr.com/2150/2357613224_e1c5bfc402_z.jpg,5,0
disgust,http://farm4.staticflickr.com/3177/2934734507_a556a60b45_z.jpg,5,0
disgust,http://farm8.staticflickr.com/7296/11745511244_837d2f0379_z.jpg,5,0
disgust,http://farm6.staticflickr.com/5131/5471210267_e6e50620ab_z.jpg,2,3
disgust,http://farm8.staticflickr.com/7066/7029919025_c846fcaa98_z.jpg,3,2
disgust,http://farm7.staticflickr.com/6098/6304616584_e33e3ca421_z.jpg,5,0
disgust,http://farm1.staticflickr.com/185/442983070_9c102976d3_z.jpg,4,1
disgust,http://farm2.staticflickr.com/1381/1051246398_7f3ff9894f_z.jpg,5,0
disgust,http://farm5.staticflickr.com/4054/4681366370_59c3b421c1_z.jpg,4,0
disgust,http://farm4.staticflickr.com/3786/9640830824_645214fd10_z.jpg,5,0
disgust,http://farm3.staticflickr.com/2771/4246438040_c1ae79e5dd_z.jpg,4,1
disgust,http://farm4.staticflickr.com/3354/3337355324_d937692214_z.jpg,5,0
disgust,http://farm4.staticflickr.com/3135/2964370541_936cf95e87_z.jpg,4,1
disgust,http://farm5.staticflickr.com/4072/4462427117_15cf2fa0af_z.jpg,5,0
disgust,http://farm3.staticflickr.com/2364/2217724283_99b882da13_z.jpg,4,1
disgust,http://farm8.staticflickr.com/7207/6834598108_7dd92d15bb_z.jpg,5,0
disgust,http://farm4.staticflickr.com/3141/2420148908_fbd61d19c3_z.jpg,5,0
disgust,http://farm6.staticflickr.com/5533/9958360844_7d0bfb3441_z.jpg,5,0
disgust,http://farm1.staticflickr.com/53/116285403_2d1e3e0dd8_z.jpg,2,3
disgust,http://farm4.staticflickr.com/3074/4608930456_c6f652d500_z.jpg,1,4
disgust,http://farm1.staticflickr.com/124/342637464_16c76cd341_z.jpg,5,0
disgust,http://farm9.staticflickr.com/8037/8027469525_6408af285b_z.jpg,5,0
disgust,http://farm6.staticflickr.com/5563/14785047137_e5492c6eca_z.jpg,2,3
disgust,http://farm4.staticflickr.com/3048/3033474856_16f68f498c_z.jpg,5,0
disgust,http://farm3.staticflickr.com/2772/4237606735_2640dd3b93_z.jpg,5,0
disgust,http://farm8.staticflickr.com/7020/6804019655_d6544c7f55_z.jpg,4,1
disgust,http://farm4.staticflickr.com/3555/3504254524_235b8f97a0_z.jpg,4,0
disgust,http://farm8.staticflickr.com/7553/16288899822_2185e112c2_z.jpg,4,1
disgust,http://farm4.staticflickr.com/3275/2423348529_881e50cd49_z.jpg,0,5
disgust,http://farm7.staticflickr.com/6198/6063556973_ac499e6f08_z.jpg,5,0
disgust,http://farm3.staticflickr.com/2911/14431246570_17378c753c_z.jpg,5,0
disgust,http://farm4.staticflickr.com/3137/3137506907_e5a33d6481_z.jpg,5,0
disgust,http://farm4.staticflickr.com/3713/9641117028_10c53cd398_z.jpg,5,0
disgust,http://farm5.staticflickr.com/4072/4549930084_a99a04ab0c_z.jpg,4,1
disgust,http://farm4.staticflickr.com/3030/2450459779_8ac1490312_z.jpg,5,0
disgust,http://farm4.staticflickr.com/3633/3655237458_6c36724069_z.jpg,2,2
disgust,http://farm1.staticflickr.com/104/297465890_1063025f25_z.jpg,5,0
disgust,http://farm3.staticflickr.com/2866/9415405179_9eea8a2d22_z.jpg,5,0
disgust,http://farm4.staticflickr.com/3273/2414711060_fac7f582f7_z.jpg,3,2
disgust,http://farm4.staticflickr.com/3600/3482369543_5036b2979f_z.jpg,5,0
disgust,http://farm4.staticflickr.com/3499/3188544451_0c7fd577b9_z.jpg,4,1
disgust,http://farm2.staticflickr.com/1140/594623373_844224bdc1_z.jpg,5,0
disgust,http://farm5.staticflickr.com/4148/5011403164_7eea22024e_z.jpg,5,0
disgust,http://farm5.staticflickr.com/4080/4776007734_327cc1ed0f_z.jpg,2,3
disgust,http://farm4.staticflickr.com/3049/2633044700_51fe42e37f_z.jpg,2,3
disgust,http://farm8.staticflickr.com/7009/6404567047_63e496908f_z.jpg,5,0
disgust,http://farm4.staticflickr.com/3527/3458305214_e67a35e963_z.jpg,5,0
disgust,http://farm8.staticflickr.com/7267/7510908734_d4e6a57aa5_z.jpg,4,1
disgust,http://farm1.staticflickr.com/136/355765707_424dd7bff9_z.jpg,3,2
disgust,http://farm6.staticflickr.com/5248/5253852441_c73806bfc5_z.jpg,3,2
disgust,http://farm4.staticflickr.com/3714/13693246025_cfdd8f46aa_z.jpg,5,0
disgust,http://farm4.staticflickr.com/3589/3446789784_398a6f9a0c_z.jpg,5,0
disgust,http://farm3.staticflickr.com/2754/4133385824_820577a6cf_z.jpg,1,4
disgust,http://farm1.staticflickr.com/224/501720703_934a2e00a7_z.jpg,2,3
disgust,http://farm4.staticflickr.com/3083/3138066205_618d67d459_z.jpg,5,0
disgust,http://farm8.staticflickr.com/7574/16054205455_0fc25b7ce9_z.jpg,4,1
disgust,http://farm8.staticflickr.com/7367/12983519094_6c1eae26c7_z.jpg,5,0
disgust,http://farm3.staticflickr.com/2386/2151022680_6ff34df7c0_z.jpg,4,1
disgust,http://farm6.staticflickr.com/5536/9177430417_121a284a75_z.jpg,5,0
disgust,http://farm9.staticflickr.com/8074/8319224919_e5ebc198c6_z.jpg,5,0
disgust,http://farm6.staticflickr.com/5248/5374542426_e46815f3fa_z.jpg,5,0
disgust,http://farm4.staticflickr.com/3838/14574139818_20e58870af_z.jpg,5,0
disgust,http://farm4.staticflickr.com/3098/2599150865_99621a26af_z.jpg,5,0
disgust,http://farm4.staticflickr.com/3252/2675355884_73bf94a55a_z.jpg,4,1
disgust,http://farm4.staticflickr.com/3430/3351743381_f19571b535_z.jpg,5,0
disgust,http://farm9.staticflickr.com/8109/8591887772_057fcebda2_z.jpg,3,2
disgust,http://farm3.staticflickr.com/2140/2402624879_c9b743bb07_z.jpg,2,3
disgust,http://farm9.staticflickr.com/8317/8052480070_440be35959_z.jpg,5,0
disgust,http://farm8.staticflickr.com/7249/7546107224_9ae78a6f1b_z.jpg,4,1
disgust,http://farm6.staticflickr.com/5563/14802933903_7de53ae062_z.jpg,5,0
disgust,http://farm4.staticflickr.com/3141/2700491047_c5e325ef62_z.jpg,3,2
disgust,http://farm3.staticflickr.com/2796/4068888120_773328110b_z.jpg,4,1
disgust,http://farm4.staticflickr.com/3857/14592293490_d253c4e4bd_z.jpg,5,0
disgust,http://farm1.staticflickr.com/149/349027864_4d7bde350d_z.jpg,1,4
disgust,http://farm3.staticflickr.com/2329/3536366846_fa49b33c3b_z.jpg,4,1
disgust,http://farm1.staticflickr.com/107/273131299_bd4182adb0_z.jpg,3,1
disgust,http://farm7.staticflickr.com/6129/6096876195_c78267ff91_z.jpg,5,0
disgust,http://farm5.staticflickr.com/4094/4937308400_234d7c5f3d_z.jpg,5,0
disgust,http://farm3.staticflickr.com/2731/4145821822_4016a9aa26_z.jpg,3,2
disgust,http://farm3.staticflickr.com/2185/1941074464_35244de92c_z.jpg,4,1
disgust,http://farm4.staticflickr.com/3057/2864378286_073c202118_z.jpg,5,0
disgust,http://farm3.staticflickr.com/2401/2258549410_da20cd3d0d_z.jpg,5,0
disgust,http://farm8.staticflickr.com/7377/9640814068_a03d8b8a9c_z.jpg,5,0
disgust,http://farm5.staticflickr.com/4065/4315470424_f5ffcfdb19_z.jpg,4,1
disgust,http://farm8.staticflickr.com/7582/15581946323_7360d1c4ca_z.jpg,5,0
disgust,http://farm9.staticflickr.com/8015/7611387896_95ceee9702_z.jpg,5,0
disgust,http://farm4.staticflickr.com/3846/14466024454_dec36309f9_z.jpg,5,0
disgust,http://farm4.staticflickr.com/3529/3738757617_236f79fcc8_z.jpg,2,3
disgust,http://farm5.staticflickr.com/4049/4353635549_e6103b3837_z.jpg,5,0
disgust,http://farm1.staticflickr.com/131/330763410_d2777cbc91_z.jpg,3,2
disgust,http://farm1.staticflickr.com/174/437336287_ac9a154386_z.jpg,5,0
disgust,http://farm4.staticflickr.com/3931/15229821420_2d95ef0be9_z.jpg,5,0
disgust,http://farm9.staticflickr.com/8196/8114071743_d1a0c0a561_z.jpg,5,0
disgust,http://farm5.staticflickr.com/4070/4523896959_bd083873a9_z.jpg,5,0
disgust,http://farm8.staticflickr.com/7002/6701286373_7760da643c_z.jpg,4,1
disgust,http://farm2.staticflickr.com/1220/549715864_670706a90d_z.jpg,5,0
disgust,http://farm3.staticflickr.com/2485/4034251448_ef6e0bc6e1_z.jpg,3,2
disgust,http://farm4.staticflickr.com/3023/2311968980_f676ac36c3_z.jpg,0,5
disgust,http://farm8.staticflickr.com/7459/10604244783_e82604cbde_z.jpg,5,0
disgust,http://farm6.staticflickr.com/5470/13658451464_1d0a7982e8_z.jpg,5,0
disgust,http://farm3.staticflickr.com/2320/2328676243_1d4206cf12_z.jpg,3,2
disgust,http://farm4.staticflickr.com/3272/2961606548_b32da8da41_z.jpg,7,3
disgust,http://farm2.staticflickr.com/1093/1481125648_95d43dcb2e_z.jpg,4,1
disgust,http://farm4.staticflickr.com/3927/15382600816_8bf9429109_z.jpg,4,1
disgust,http://farm4.staticflickr.com/3272/3077442947_8eab11caf7_z.jpg,2,3
disgust,http://farm4.staticflickr.com/3915/14582200939_d352d0ef55_z.jpg,4,1
disgust,http://farm4.staticflickr.com/3621/3320736163_93cc83b48e_z.jpg,3,2
disgust,http://farm8.staticflickr.com/7268/7036056945_8a2754bb0d_z.jpg,5,0
disgust,http://farm9.staticflickr.com/8362/8307608329_1d9f5ef125_z.jpg,3,2
disgust,http://farm9.staticflickr.com/8476/8387859452_277fd1c9b1_z.jpg,3,2
disgust,http://farm1.staticflickr.com/69/198193754_d8ad4cb44a_z.jpg,5,0
disgust,http://farm2.staticflickr.com/1120/1423335697_4f0d7e9a7f_z.jpg,5,0
disgust,http://farm5.staticflickr.com/4083/5073914843_8121a46f14_z.jpg,2,3
disgust,http://farm5.staticflickr.com/4111/4947804554_3206952c6f_z.jpg,4,1
disgust,http://farm1.staticflickr.com/64/204339784_bd6bf9a2c5_z.jpg,5,0
disgust,http://farm2.staticflickr.com/1220/1488116248_1ad55b5582_z.jpg,5,0
disgust,http://farm6.staticflickr.com/5032/14241401463_a406866f87_z.jpg,5,0
disgust,http://farm4.staticflickr.com/3248/2720384803_2c6e613280_z.jpg,5,0
disgust,http://farm6.staticflickr.com/5308/5765248813_fbb18a16c3_z.jpg,5,0
disgust,http://farm4.staticflickr.com/3192/5843629861_d26973b095_z.jpg,5,0
disgust,http://farm4.staticflickr.com/3365/3345257986_bf2a6c24f3_z.jpg,5,0
disgust,http://farm3.staticflickr.com/2427/3960490153_48c0fe3a5f_z.jpg,3,2
disgust,http://farm4.staticflickr.com/3276/2953418254_8d288edb48_z.jpg,1,4
disgust,http://farm4.staticflickr.com/3253/2949714746_2799331a4d_z.jpg,5,0
disgust,http://farm5.staticflickr.com/4116/4929380681_72b3ab3542_z.jpg,4,1
disgust,http://farm4.staticflickr.com/3353/3518465359_86c7393b11_z.jpg,5,0
disgust,http://farm4.staticflickr.com/3314/3609284531_d62feb5be2_z.jpg,5,0
disgust,http://farm7.staticflickr.com/6016/5932930892_9d3a1dfa47_z.jpg,5,0
disgust,http://farm4.staticflickr.com/3124/3133308253_b543046a92_z.jpg,5,0
disgust,http://farm3.staticflickr.com/2660/4450637263_cca8933212_z.jpg,3,2
disgust,http://farm8.staticflickr.com/7004/6591592387_2a75088048_z.jpg,1,4
disgust,http://farm3.staticflickr.com/2793/4415604658_df64f423df_z.jpg,5,0
disgust,http://farm8.staticflickr.com/7149/13693230595_d88ee3c3e9_z.jpg,4,1
disgust,http://farm5.staticflickr.com/4152/5135229479_d2effa1b0c_z.jpg,5,0
disgust,http://farm4.staticflickr.com/3818/13827261113_733256e144_z.jpg,4,1
disgust,http://farm7.staticflickr.com/6229/6262322404_883262178c_z.jpg,5,0
disgust,http://farm2.staticflickr.com/1187/1440937517_e0f7a023ce_z.jpg,5,0
disgust,http://farm8.staticflickr.com/7478/16142841062_6c37597e79_z.jpg,3,2
disgust,http://farm3.staticflickr.com/2268/2485978377_6e880ab578_z.jpg,5,0
disgust,http://farm4.staticflickr.com/3048/2381673468_637c7f4c06_z.jpg,5,0
disgust,http://farm8.staticflickr.com/7084/7276374730_27a3fc24ee_z.jpg,5,0
disgust,http://farm4.staticflickr.com/3176/2720028006_01c94cabfc_z.jpg,4,1
disgust,http://farm4.staticflickr.com/3242/2624479059_b507d09fc7_z.jpg,5,0
disgust,http://farm3.staticflickr.com/2488/4222349086_8ab284628a_z.jpg,5,0
disgust,http://farm3.staticflickr.com/2119/2105578251_f5c63d0c0c_z.jpg,0,5
disgust,http://farm3.staticflickr.com/2879/13693533755_3076650286_z.jpg,4,0
disgust,http://farm1.staticflickr.com/104/260456656_62ecdf503a_z.jpg,5,0
disgust,http://farm2.staticflickr.com/1258/1478261641_211a45a8c9_z.jpg,5,0
disgust,http://farm4.staticflickr.com/3268/2860626815_07d827bd37_z.jpg,0,5
disgust,http://farm1.staticflickr.com/106/299687123_43c2166dfb_z.jpg,0,5
disgust,http://farm3.staticflickr.com/2326/2477556056_c7daa2f507_z.jpg,5,0
disgust,http://farm4.staticflickr.com/3285/3110440635_9014afe244_z.jpg,1,4
disgust,http://farm4.staticflickr.com/3109/3185930095_cd682ce71f_z.jpg,5,0
disgust,http://farm3.staticflickr.com/2729/5846916508_e6ec8a0362_z.jpg,5,0
disgust,http://farm6.staticflickr.com/5243/5305292745_2634355cbd_z.jpg,5,0
disgust,http://farm8.staticflickr.com/7062/6966990852_fa69f80e46_z.jpg,0,5
disgust,http://farm6.staticflickr.com/5609/15479979382_383d39dc93_z.jpg,5,0
disgust,http://farm7.staticflickr.com/6132/6037559915_e562d9fc08_z.jpg,0,5
disgust,http://farm4.staticflickr.com/3209/2404967858_1cc18078b0_z.jpg,4,1
disgust,http://farm9.staticflickr.com/8229/8492119784_7e3512369a_z.jpg,1,4
disgust,http://farm1.staticflickr.com/176/485928987_95acaffb5a_z.jpg,5,0
disgust,http://farm9.staticflickr.com/8175/7893850776_ee4db9a949_z.jpg,5,0
disgust,http://farm5.staticflickr.com/4093/4786754877_b1004686e9_z.jpg,4,1
disgust,http://farm4.staticflickr.com/3772/10087545413_d1ac127b73_z.jpg,5,0
disgust,http://farm4.staticflickr.com/3295/3020421239_55d2450546_z.jpg,5,0
disgust,http://farm3.staticflickr.com/2857/9547628764_a8f2776b53_z.jpg,4,1
disgust,http://farm4.staticflickr.com/3801/9641132676_541a4bdc3c_z.jpg,5,0
disgust,http://farm2.staticflickr.com/1303/1194218782_844bbf5498_z.jpg,5,0
disgust,http://farm4.staticflickr.com/3253/2757384898_cdd0e4f701_z.jpg,4,1
disgust,http://farm1.staticflickr.com/65/167399834_e0eb584929_z.jpg,5,0
disgust,http://farm5.staticflickr.com/4096/4814306256_3911b5259e_z.jpg,0,5
disgust,http://farm5.staticflickr.com/4130/4832634635_3e756388e4_z.jpg,5,0
disgust,http://farm5.staticflickr.com/4132/5135809670_f9a5fd1120_z.jpg,5,0
disgust,http://farm4.staticflickr.com/3225/3652954243_3f704830cd_z.jpg,2,3
disgust,http://farm5.staticflickr.com/4153/5413303843_659f07963c_z.jpg,4,1
disgust,http://farm4.staticflickr.com/3279/3042197634_0105e54cfc_z.jpg,2,3
disgust,http://farm8.staticflickr.com/7329/9637853595_433b555e68_z.jpg,4,1
disgust,http://farm2.staticflickr.com/1282/4674565065_0f265d27b2_z.jpg,1,4
disgust,http://farm4.staticflickr.com/3037/3047864383_c50abc2586_z.jpg,0,5
disgust,http://farm4.staticflickr.com/3004/2980310386_92a892897a_z.jpg,5,0
disgust,http://farm6.staticflickr.com/5458/10213164455_504bf58028_z.jpg,5,0
disgust,http://farm9.staticflickr.com/8497/8339777643_cef30dfa10_z.jpg,4,1
disgust,http://farm4.staticflickr.com/3759/9637599665_9dc0b4c8de_z.jpg,5,0
disgust,http://farm8.staticflickr.com/7253/8153709424_fa99fdc0bf_z.jpg,0,5
disgust,http://farm9.staticflickr.com/8019/7599426838_d5883ec76e_z.jpg,1,4
disgust,http://farm4.staticflickr.com/3903/14761563211_e6c14fa205_z.jpg,5,0
disgust,http://farm6.staticflickr.com/5004/5267401955_6ffb0ee50f_z.jpg,5,0
disgust,http://farm4.staticflickr.com/3079/3155003504_0db32e1328_z.jpg,3,2
disgust,http://farm1.staticflickr.com/34/115094873_fc8959479e_z.jpg,4,1
disgust,http://farm8.staticflickr.com/7456/9637949973_8a004afbb0_z.jpg,4,0
disgust,http://farm4.staticflickr.com/3465/3379902377_7cc64a1ac3_z.jpg,4,1
disgust,http://farm4.staticflickr.com/3050/2744093361_6cf5dea28c_z.jpg,2,3
disgust,http://farm3.staticflickr.com/2253/2467836347_8855075eb6_z.jpg,5,0
disgust,http://farm2.staticflickr.com/1301/4679194480_909d888552_z.jpg,0,5
disgust,http://farm3.staticflickr.com/2499/4139043786_c3a2aa84b3_z.jpg,3,2
disgust,http://farm3.staticflickr.com/2578/4148250045_d0a1a441ba_z.jpg,5,0
disgust,http://farm4.staticflickr.com/3423/3402308507_342cd75297_z.jpg,2,3
disgust,http://farm3.staticflickr.com/2104/2277733415_fa77eda1bf_z.jpg,1,4
disgust,http://farm3.staticflickr.com/2550/3814787903_b3d9f848b9_z.jpg,1,4
disgust,http://farm5.staticflickr.com/4061/4683257577_c135b70f4f_z.jpg,5,0
disgust,http://farm4.staticflickr.com/3699/11402983515_c8bb038ffc_z.jpg,5,0
disgust,http://farm4.staticflickr.com/3650/3504251636_5422d1a669_z.jpg,2,3
disgust,http://farm6.staticflickr.com/5220/5387843790_3283eaf8b6_z.jpg,5,0
disgust,http://farm8.staticflickr.com/7370/11604847885_9843b6bcdd_z.jpg,5,0
disgust,http://farm6.staticflickr.com/5290/5219180315_76a4e73fbb_z.jpg,3,2
disgust,http://farm6.staticflickr.com/5342/8879441435_30eb3df5f5_z.jpg,5,0
disgust,http://farm4.staticflickr.com/3255/3206905416_2c751164e5_z.jpg,5,0
disgust,http://farm8.staticflickr.com/7109/7129591917_58b04e091e_z.jpg,4,1
disgust,http://farm4.staticflickr.com/3813/10073615033_7d86fbb5d0_z.jpg,2,3
disgust,http://farm9.staticflickr.com/8164/7286472560_a373bd983e_z.jpg,5,0
disgust,http://farm6.staticflickr.com/5450/9003596091_5600ae4975_z.jpg,5,0
disgust,http://farm6.staticflickr.com/5253/5569711561_fac3bcc550_z.jpg,2,2
disgust,http://farm3.staticflickr.com/2723/4331108276_a4dccc496f_z.jpg,5,0
disgust,http://farm7.staticflickr.com/6010/5998146919_ddefe79ccf_z.jpg,5,0
disgust,http://farm8.staticflickr.com/7330/11653795295_c4c268fa71_z.jpg,3,2
disgust,http://farm4.staticflickr.com/3076/2286551880_2224ea8dfd_z.jpg,3,2
disgust,http://farm3.staticflickr.com/2539/3899898248_05738341d9_z.jpg,2,3
disgust,http://farm3.staticflickr.com/2893/8778130786_3e701606de_z.jpg,5,0
disgust,http://farm9.staticflickr.com/8011/7668497228_dd4b84376a_z.jpg,2,3
disgust,http://farm4.staticflickr.com/3118/3316608478_e381eb27ba_z.jpg,4,0
disgust,http://farm4.staticflickr.com/3622/3472372526_fdc27694ed_z.jpg,2,3
disgust,http://farm5.staticflickr.com/4068/4433808812_7a379a988e_z.jpg,2,3
disgust,http://farm5.staticflickr.com/4043/4338665596_c2be5b05b6_z.jpg,2,3
disgust,http://farm4.staticflickr.com/3362/3254759492_9d42484755_z.jpg,3,2
disgust,http://farm4.staticflickr.com/3581/3555580276_999004c158_z.jpg,5,0
disgust,http://farm3.staticflickr.com/2208/1502426145_93f51e2015_z.jpg,2,3
disgust,http://farm3.staticflickr.com/2276/2493643947_9758328dd0_z.jpg,5,0
disgust,http://farm4.staticflickr.com/3072/2323736736_48ef9a023b_z.jpg,5,0
disgust,http://farm4.staticflickr.com/3170/2284175083_e5d082ea3a_z.jpg,4,1
disgust,http://farm3.staticflickr.com/2914/14451535731_6d1350bfe2_z.jpg,5,0
disgust,http://farm4.staticflickr.com/3096/2734718105_230aa41b20_z.jpg,5,0
disgust,http://farm8.staticflickr.com/7236/7176916032_6e7662d90d_z.jpg,5,0
disgust,http://farm4.staticflickr.com/3397/3630061582_a82e56b7d9_z.jpg,5,0
disgust,http://farm1.staticflickr.com/109/309114499_0fba95123a_z.jpg,5,0
disgust,http://farm4.staticflickr.com/3263/2910261286_b6e9bf871d_z.jpg,5,0
disgust,http://farm6.staticflickr.com/5212/5443715575_bef1a965fe_z.jpg,4,1
disgust,http://farm4.staticflickr.com/3842/14756859766_52da426027_z.jpg,3,2
disgust,http://farm7.staticflickr.com/6117/6251194764_cdfca32b46_z.jpg,2,2
disgust,http://farm6.staticflickr.com/5576/15251238425_5346002fda_z.jpg,1,4
disgust,http://farm4.staticflickr.com/3496/3970291511_dd3523fc23_z.jpg,4,1
disgust,http://farm4.staticflickr.com/3340/3658354687_7574e9a13b_z.jpg,5,0
disgust,http://farm4.staticflickr.com/3026/2799754351_f3538a96fa_z.jpg,5,0
disgust,http://farm4.staticflickr.com/3539/3337348512_930ca05891_z.jpg,5,0
disgust,http://farm4.staticflickr.com/3468/3213573526_2b91bfa88a_z.jpg,4,1
disgust,http://farm3.staticflickr.com/2261/5696031962_881cefbd22_z.jpg,0,5
disgust,http://farm4.staticflickr.com/3004/2656844428_8fc4b8ba05_z.jpg,5,0
disgust,http://farm3.staticflickr.com/2116/2222657823_bcb81c32b0_z.jpg,5,0
disgust,http://farm5.staticflickr.com/4144/5183304049_178bbd7bda_z.jpg,4,1
disgust,http://farm4.staticflickr.com/3225/2668001836_ae5912e224_z.jpg,5,0
disgust,http://farm4.staticflickr.com/3204/2923633035_1fbb0a2930_z.jpg,5,0
disgust,http://farm4.staticflickr.com/3298/3479279037_c0f4e05756_z.jpg,5,0
disgust,http://farm2.staticflickr.com/1116/5109909949_d9ec5b23b4_z.jpg,5,0
disgust,http://farm9.staticflickr.com/8465/8126939935_e8b86ca95f_z.jpg,0,5
disgust,http://farm4.staticflickr.com/3496/3924363883_8860282657_z.jpg,1,4
disgust,http://farm4.staticflickr.com/3199/2660660143_b598fc4ef8_z.jpg,1,4
disgust,http://farm6.staticflickr.com/5124/5209702198_74400d0788_z.jpg,5,0
disgust,http://farm9.staticflickr.com/8330/8372058328_ab64c03e69_z.jpg,5,0
disgust,http://farm3.staticflickr.com/2928/14764919245_8f2045533a_z.jpg,5,0
disgust,http://farm5.staticflickr.com/4044/4277369528_e7beb03eb9_z.jpg,5,0
disgust,http://farm3.staticflickr.com/2558/4019038235_828854c842_z.jpg,1,4
disgust,http://farm4.staticflickr.com/3819/9581394711_7b42484b05_z.jpg,5,0
disgust,http://farm3.staticflickr.com/2046/2237668837_319ed80f23_z.jpg,3,2
disgust,http://farm5.staticflickr.com/4115/4735849105_c4e46f8ac7_z.jpg,5,0
disgust,http://farm4.staticflickr.com/3411/3260504070_0e0c158399_z.jpg,5,0
disgust,http://farm8.staticflickr.com/7124/6855277350_b644f2675b_z.jpg,5,0
disgust,http://farm3.staticflickr.com/2348/2408793452_0b936554ee_z.jpg,5,0
disgust,http://farm4.staticflickr.com/3815/11119506975_eca7791bb7_z.jpg,1,4
disgust,http://farm4.staticflickr.com/3838/14595237020_8b4df494ec_z.jpg,5,0
disgust,http://farm3.staticflickr.com/2410/2427767340_dd6df4f1d3_z.jpg,5,0
disgust,http://farm6.staticflickr.com/5223/5779745814_6f63fb2dc3_z.jpg,4,1
disgust,http://farm3.staticflickr.com/2343/2154380461_0308000e7f_z.jpg,5,0
disgust,http://farm1.staticflickr.com/126/402948544_174cd3bf61_z.jpg,5,0
disgust,http://farm3.staticflickr.com/2258/2064963008_a4b9b7a756_z.jpg,3,2
disgust,http://farm3.staticflickr.com/2736/4503533166_791251353c_z.jpg,3,2
disgust,http://farm4.staticflickr.com/3541/3642575674_ace3772b0e_z.jpg,4,1
disgust,http://farm3.staticflickr.com/2189/2236979816_4cdece58e8_z.jpg,5,0
disgust,http://farm9.staticflickr.com/8328/8361414774_54382072fd_z.jpg,5,0
disgust,http://farm4.staticflickr.com/3061/2943450380_1afd2a5922_z.jpg,2,3
disgust,http://farm4.staticflickr.com/3737/9630921916_41575900fb_z.jpg,4,1
disgust,http://farm3.staticflickr.com/2249/2457641250_dbd79dd5bc_z.jpg,5,0
disgust,http://farm1.staticflickr.com/39/117314339_83491801c2_z.jpg,1,4
disgust,http://farm8.staticflickr.com/7261/7713805180_74f103f567_z.jpg,5,0
disgust,http://farm8.staticflickr.com/7264/7780294340_17d46fed9a_z.jpg,5,0
disgust,http://farm6.staticflickr.com/5557/14782717905_973c672155_z.jpg,5,0
disgust,http://farm4.staticflickr.com/3538/3369568263_dd9c6b4983_z.jpg,4,1
disgust,http://farm9.staticflickr.com/8447/7808738318_b951d118f3_z.jpg,0,5
disgust,http://farm5.staticflickr.com/4060/4550030393_2352a574bd_z.jpg,5,0
disgust,http://farm4.staticflickr.com/3115/2720375237_3c137381f0_z.jpg,5,0
disgust,http://farm4.staticflickr.com/3856/14594170989_1329fa863f_z.jpg,5,0
disgust,http://farm3.staticflickr.com/2913/14803609093_495ec214c6_z.jpg,5,0
disgust,http://farm6.staticflickr.com/5564/14855162793_89bababc0b_z.jpg,5,0
disgust,http://farm8.staticflickr.com/7012/6827397727_768e89c852_z.jpg,3,1
disgust,http://farm8.staticflickr.com/7185/6970686335_a9f4566a9d_z.jpg,5,0
disgust,http://farm4.staticflickr.com/3838/14770873193_0335cd0324_z.jpg,4,1
disgust,http://farm6.staticflickr.com/5588/14759538991_c45f0f39ae_z.jpg,5,0
disgust,http://farm4.staticflickr.com/3525/3227640908_963823affa_z.jpg,5,0
disgust,http://farm2.staticflickr.com/1378/1172122136_2a76010309_z.jpg,5,0
disgust,http://farm4.staticflickr.com/3072/3039046133_a1453df778_z.jpg,5,0
disgust,http://farm8.staticflickr.com/7262/6983670226_c8ea3c4aca_z.jpg,4,1
disgust,http://farm3.staticflickr.com/2630/3802468014_46492aac39_z.jpg,3,2
disgust,http://farm6.staticflickr.com/5009/5229407767_8d15f45142_z.jpg,5,0
disgust,http://farm8.staticflickr.com/7338/13646524913_163bc7edb3_z.jpg,5,0
disgust,http://farm6.staticflickr.com/5105/5584239958_181ac95d22_z.jpg,1,4
disgust,http://farm3.staticflickr.com/2376/2281385344_c44a304ea6_z.jpg,4,1
disgust,http://farm6.staticflickr.com/5252/5588204038_8a53637304_z.jpg,1,4
disgust,http://farm4.staticflickr.com/3567/3339478985_ee6df87ef1_z.jpg,2,3
disgust,http://farm6.staticflickr.com/5553/14779357841_71ffb85db1_z.jpg,5,0
disgust,http://farm4.staticflickr.com/3122/3173727096_6c4bdc77ac_z.jpg,0,5
disgust,http://farm2.staticflickr.com/1142/851224164_24a15ea821_z.jpg,5,0
disgust,http://farm6.staticflickr.com/5590/14773641372_834c1ce2bc_z.jpg,5,0
disgust,http://farm4.staticflickr.com/3278/2833210171_20e6a900a2_z.jpg,3,2
disgust,http://farm8.staticflickr.com/7117/7092329227_9efe68ff6e_z.jpg,2,3
disgust,http://farm5.staticflickr.com/4149/5031020073_5b7256284d_z.jpg,3,2
disgust,http://farm4.staticflickr.com/3276/2776103902_7fc90475f3_z.jpg,4,1
disgust,http://farm4.staticflickr.com/3175/2916421485_ea6b267661_z.jpg,5,0
disgust,http://farm3.staticflickr.com/2511/5704479421_de9bbc10ba_z.jpg,3,2
disgust,http://farm2.staticflickr.com/1003/3175175580_c02c116d90_z.jpg,5,0
disgust,http://farm1.staticflickr.com/98/210330453_3f08d6bc47_z.jpg,1,4
disgust,http://farm4.staticflickr.com/3618/3523362975_1818d897ed_z.jpg,4,1
disgust,http://farm5.staticflickr.com/4100/4756083306_569322b532_z.jpg,4,1
disgust,http://farm9.staticflickr.com/8173/8071797860_f50fdc8a1e_z.jpg,0,5
disgust,http://farm4.staticflickr.com/3792/12557271324_bf115e98f0_z.jpg,5,0
disgust,http://farm3.staticflickr.com/2758/4498729785_4d657885c7_z.jpg,5,0
disgust,http://farm6.staticflickr.com/5100/5426019906_688155273a_z.jpg,2,3
disgust,http://farm1.staticflickr.com/112/305803944_3f84db8425_z.jpg,3,2
disgust,http://farm2.staticflickr.com/1365/1436682608_4e9cbb701f_z.jpg,2,3
disgust,http://farm4.staticflickr.com/3597/3295856750_fff0131824_z.jpg,4,1
disgust,http://farm6.staticflickr.com/5564/14574655168_f38908db5d_z.jpg,5,0
disgust,http://farm4.staticflickr.com/3815/11263483156_1c5f9db1ba_z.jpg,5,0
disgust,http://farm6.staticflickr.com/5224/5655947393_f913d09c0b_z.jpg,5,0
disgust,http://farm9.staticflickr.com/8046/8392763489_4972380fa4_z.jpg,4,0
disgust,http://farm8.staticflickr.com/7436/9235753268_9465b0658c_z.jpg,4,1
disgust,http://farm3.staticflickr.com/2237/2120009107_d4c3d5be0d_z.jpg,4,0
disgust,http://farm4.staticflickr.com/3216/2318281807_3ea06287ca_z.jpg,3,2
disgust,http://farm1.staticflickr.com/65/227307558_b6f7fbe599_z.jpg,0,5
disgust,http://farm1.staticflickr.com/177/414588736_f27fa5379d_z.jpg,5,0
disgust,http://farm4.staticflickr.com/3138/2632201908_fcff30cb51_z.jpg,5,0
disgust,http://farm5.staticflickr.com/4066/4549654572_52058e95ab_z.jpg,5,0
disgust,http://farm6.staticflickr.com/5058/5447818163_365b089764_z.jpg,4,1
disgust,http://farm6.staticflickr.com/5091/5414156807_218cca4653_z.jpg,5,0
disgust,http://farm4.staticflickr.com/3840/14777787682_2ac1d30bbe_z.jpg,5,0
disgust,http://farm4.staticflickr.com/3473/3351507489_d09048a600_z.jpg,4,1
disgust,http://farm4.staticflickr.com/3839/14763927084_3dbba3dc0b_z.jpg,5,0
disgust,http://farm1.staticflickr.com/107/367703156_23109bd241_z.jpg,4,1
disgust,http://farm1.staticflickr.com/87/369936744_51e3bf1d7f_z.jpg,5,0
disgust,http://farm4.staticflickr.com/3523/3179212626_67075c0d51_z.jpg,5,0
disgust,http://farm4.staticflickr.com/3025/2550469176_5090999ece_z.jpg,5,0
disgust,http://farm8.staticflickr.com/7294/9584160522_fc20fb453f_z.jpg,5,0
disgust,http://farm4.staticflickr.com/3045/3053026474_5bc8abed21_z.jpg,4,1
disgust,http://farm8.staticflickr.com/7371/11605618806_a7576a9421_z.jpg,5,0
disgust,http://farm3.staticflickr.com/2682/4246438236_acab9c8dce_z.jpg,5,0
disgust,http://farm4.staticflickr.com/3831/11902281103_39db24db7f_z.jpg,5,0
disgust,http://farm4.staticflickr.com/3348/3648557724_e028a50c2a_z.jpg,4,0
disgust,http://farm4.staticflickr.com/3732/9293625398_91228d94de_z.jpg,3,2
disgust,http://farm2.staticflickr.com/1026/527015040_8fb6ce2112_z.jpg,4,1
disgust,http://farm3.staticflickr.com/2674/4145211740_5b0f64ce4f_z.jpg,5,0
disgust,http://farm9.staticflickr.com/8055/8114488345_5ab3324d45_z.jpg,4,1
disgust,http://farm8.staticflickr.com/7442/9593517964_c6df03a434_z.jpg,4,1
disgust,http://farm9.staticflickr.com/8448/7744810270_062a8af9e7_z.jpg,5,0
disgust,http://farm4.staticflickr.com/3445/3924365949_7a03fe7243_z.jpg,0,5
disgust,http://farm4.staticflickr.com/3466/3737419834_7bd3a1245c_z.jpg,1,4
disgust,http://farm9.staticflickr.com/8054/8132896294_ee2dc0d43c_z.jpg,4,1
disgust,http://farm1.staticflickr.com/23/96593443_68944a8467_z.jpg,5,0
disgust,http://farm1.staticflickr.com/114/289633446_7b88f8d2fc_z.jpg,5,0
disgust,http://farm4.staticflickr.com/3542/3312972669_125d7e9102_z.jpg,4,1
disgust,http://farm4.staticflickr.com/3625/3478627738_5ec12fffe9_z.jpg,1,4
disgust,http://farm4.staticflickr.com/3180/2795757304_5f402f8b46_z.jpg,5,0
disgust,http://farm9.staticflickr.com/8509/8409731525_78289d1539_z.jpg,4,1
disgust,http://farm6.staticflickr.com/5587/14762652545_5e7bf0e49a_z.jpg,5,0
disgust,http://farm4.staticflickr.com/3066/2994182161_90207577af_z.jpg,5,0
disgust,http://farm4.staticflickr.com/3887/14555750724_49ca72deca_z.jpg,4,1
disgust,http://farm7.staticflickr.com/6125/5999171626_08583e8da0_z.jpg,5,0
disgust,http://farm4.staticflickr.com/3581/3657820550_463ff22e19_z.jpg,5,0
disgust,http://farm3.staticflickr.com/2335/1588494705_4daf7e5150_z.jpg,5,0
disgust,http://farm4.staticflickr.com/3747/9844883624_71f8bb76b7_z.jpg,5,0
disgust,http://farm4.staticflickr.com/3174/2666647084_a41f48a8e0_z.jpg,5,0
disgust,http://farm5.staticflickr.com/4148/5219983035_e899eea5b3_z.jpg,4,1
disgust,http://farm9.staticflickr.com/8207/8177293138_72034a8b40_z.jpg,5,0
disgust,http://farm5.staticflickr.com/4119/4875661032_722fe7a9ce_z.jpg,5,0
disgust,http://farm6.staticflickr.com/5588/15200717131_44fcfe81e3_z.jpg,5,0
disgust,http://farm3.staticflickr.com/2936/14757701281_fa1407fb81_z.jpg,5,0
disgust,http://farm8.staticflickr.com/7390/13693542805_51e3c07d1a_z.jpg,5,0
disgust,http://farm3.staticflickr.com/2387/3848706965_7f8e962fbc_z.jpg,2,3
disgust,http://farm4.staticflickr.com/3110/2716244124_bc9d87ee8f_z.jpg,5,0
disgust,http://farm3.staticflickr.com/2816/11850325653_acf414929c_z.jpg,5,0
disgust,http://farm4.staticflickr.com/3173/2798798799_aef8193aa3_z.jpg,5,0
disgust,http://farm3.staticflickr.com/2296/2253986862_0501ab46a7_z.jpg,4,1
disgust,http://farm5.staticflickr.com/4123/4870295108_04274a30da_z.jpg,3,2
disgust,http://farm8.staticflickr.com/7233/7043425297_b0dec5d708_z.jpg,4,1
disgust,http://farm6.staticflickr.com/5341/8771550039_b26d49e222_z.jpg,2,3
disgust,http://farm3.staticflickr.com/2863/9544302498_599c94bdb0_z.jpg,5,0
disgust,http://farm3.staticflickr.com/2466/4005404299_3bcc089c5e_z.jpg,4,1
disgust,http://farm4.staticflickr.com/3085/2546750221_1007a3fda9_z.jpg,5,0
disgust,http://farm8.staticflickr.com/7444/11605610574_16026742be_z.jpg,4,1
