disgust,http://farm4.staticflickr.com/3136/2775934593_30ba3371f7_z.jpg,5,0
disgust,http://farm1.staticflickr.com/185/422410600_376e5b268a_z.jpg,3,1
disgust,http://farm4.staticflickr.com/3209/2839966601_a08e060986_z.jpg,3,2
disgust,http://farm3.staticflickr.com/2567/4013609081_2174d05c14_z.jpg,5,0
disgust,http://farm9.staticflickr.com/8123/8805517628_ed51888470_z.jpg,4,1
disgust,http://farm6.staticflickr.com/5154/14311944132_f77a8cd013_z.jpg,4,0
disgust,http://farm3.staticflickr.com/2266/1684987616_123e995d7b_z.jpg,5,0
disgust,http://farm6.staticflickr.com/5348/9477405797_831ce0685c_z.jpg,5,0
disgust,http://farm4.staticflickr.com/3397/3627928862_e3962f64b0_z.jpg,3,2
disgust,http://farm5.staticflickr.com/4148/5181692295_c7c74e9dbf_z.jpg,4,1
disgust,http://farm8.staticflickr.com/7151/6512273621_8f2a8f3c0b_z.jpg,5,0
disgust,http://farm4.staticflickr.com/3055/2973854065_18aa730410_z.jpg,4,0
disgust,http://farm7.staticflickr.com/6163/6169496580_b971dac676_z.jpg,4,1
disgust,http://farm2.staticflickr.com/1344/1481191002_f4c26d05ce_z.jpg,4,1
disgust,http://farm2.staticflickr.com/1355/1478231403_e076bce2ee_z.jpg,4,0
disgust,http://farm3.staticflickr.com/2099/2202322590_dcfde62cc1_z.jpg,4,1
disgust,http://farm4.staticflickr.com/3245/2935721157_1d80c3909a_z.jpg,1,4
disgust,http://farm4.staticflickr.com/3035/2693231385_34d91b9690_z.jpg,5,0
disgust,http://farm3.staticflickr.com/2006/2614530818_cf2ef4994d_z.jpg,5,0
disgust,http://farm1.staticflickr.com/230/495035591_2f352a8d71_z.jpg,5,0
disgust,http://farm4.staticflickr.com/3349/3636651865_b669c1de20_z.jpg,3,2
disgust,http://farm8.staticflickr.com/7240/6945930460_a1d91a9da5_z.jpg,5,0
disgust,http://farm5.staticflickr.com/4080/4811747626_76e2412358_z.jpg,5,0
disgust,http://farm6.staticflickr.com/5306/5891508609_e73c5274df_z.jpg,4,0
disgust,http://farm9.staticflickr.com/8422/7595150300_a62d979188_z.jpg,5,0
disgust,http://farm9.staticflickr.com/8101/8464627164_802c87ea16_z.jpg,3,2
disgust,http://farm4.staticflickr.com/3221/2647647040_0d2dd0c64b_z.jpg,4,1
disgust,http://farm4.staticflickr.com/3061/2720059590_5b230f026d_z.jpg,5,0
disgust,http://farm8.staticflickr.com/7013/6498665357_5bb91e332b_z.jpg,5,0
disgust,http://farm7.staticflickr.com/6149/5963443337_e3d369023a_z.jpg,0,5
disgust,http://farm3.staticflickr.com/2320/2392056711_9c8100fe24_z.jpg,5,0
disgust,http://farm4.staticflickr.com/3837/14826929033_652e5b6fd3_z.jpg,4,0
disgust,http://farm6.staticflickr.com/5245/5300433832_2cd5ec0c2d_z.jpg,3,2
disgust,http://farm5.staticflickr.com/4041/5125974790_15ca7210a5_z.jpg,3,0
disgust,http://farm9.staticflickr.com/8011/7305302142_ea1e09e505_z.jpg,5,0
disgust,http://farm3.staticflickr.com/2797/4504054686_745eb72a92_z.jpg,4,1
disgust,http://farm4.staticflickr.com/3566/3783612464_2b655bcb0d_z.jpg,5,0
disgust,http://farm4.staticflickr.com/3292/2595234283_7faeb28cfa_z.jpg,0,5
disgust,http://farm4.staticflickr.com/3213/2685842311_324cc15e27_z.jpg,4,0
disgust,http://farm2.staticflickr.com/1339/545200119_a094207961_z.jpg,5,0
disgust,http://farm8.staticflickr.com/7403/9926548706_bec80ba0cf_z.jpg,1,4
disgust,http://farm4.staticflickr.com/3304/3430628947_5dfd523e44_z.jpg,1,4
disgust,http://farm3.staticflickr.com/2373/2534962252_83eeff694b_z.jpg,5,0
disgust,http://farm5.staticflickr.com/4003/4623918177_b0defbbe67_z.jpg,2,3
disgust,http://farm3.staticflickr.com/2118/2198890357_7fb12ca212_z.jpg,4,1
disgust,http://farm4.staticflickr.com/3821/9640235662_a12ea29865_z.jpg,5,0
disgust,http://farm4.staticflickr.com/3192/2896022982_9928d9d427_z.jpg,5,0
disgust,http://farm5.staticflickr.com/4132/4969147995_a3d75491dd_z.jpg,4,1
disgust,http://farm7.staticflickr.com/6209/6080479067_5c33cd607d_z.jpg,5,0
disgust,http://farm4.staticflickr.com/3279/2719104419_757f0939e6_z.jpg,5,0
disgust,http://farm8.staticflickr.com/7238/7184912019_420374e156_z.jpg,5,0
disgust,http://farm2.staticflickr.com/1208/1451451676_aadf824e31_z.jpg,2,3
disgust,http://farm6.staticflickr.com/5290/5247432926_1d94f4fe02_z.jpg,1,4
disgust,http://farm8.staticflickr.com/7089/13693269905_10600c7dd7_z.jpg,5,0
disgust,http://farm8.staticflickr.com/7206/6832092568_0da27e0232_z.jpg,5,0
disgust,http://farm9.staticflickr.com/8248/8549919423_b966730168_z.jpg,2,3
disgust,http://farm8.staticflickr.com/7271/7423409736_cefe33c0fc_z.jpg,5,0
disgust,http://farm3.staticflickr.com/2591/4148325933_4053767479_z.jpg,4,1
disgust,http://farm9.staticflickr.com/8502/8261873178_8e7ecc905a_z.jpg,5,0
disgust,http://farm4.staticflickr.com/3435/3196422681_2af55fb23f_z.jpg,5,0
disgust,http://farm9.staticflickr.com/8125/15823205102_33a1a1e382_z.jpg,2,3
disgust,http://farm9.staticflickr.com/8109/8632480203_e3aaa7a4e5_z.jpg,5,0
disgust,http://farm9.staticflickr.com/8499/8369438822_710e629516_z.jpg,4,1
disgust,http://farm8.staticflickr.com/7439/11289938216_dde750bf6c_z.jpg,5,0
disgust,http://farm7.staticflickr.com/6048/6356612265_daf0607eff_z.jpg,5,0
disgust,http://farm1.staticflickr.com/210/469121096_4e36ba6341_z.jpg,5,0
disgust,http://farm4.staticflickr.com/3094/2776786990_6dbaf4344b_z.jpg,3,2
disgust,http://farm6.staticflickr.com/5556/14762395332_4a4fa16d76_z.jpg,5,0
disgust,http://farm3.staticflickr.com/2852/13387962104_8cf575ecd9_z.jpg,2,3
disgust,http://farm4.staticflickr.com/3887/14417710633_7d33066427_z.jpg,5,0
disgust,http://farm4.staticflickr.com/3164/2637884725_903dec540e_z.jpg,5,0
disgust,http://farm8.staticflickr.com/7168/6661483435_14f54dccc9_z.jpg,5,0
disgust,http://farm6.staticflickr.com/5335/7238648020_5c4e95394a_z.jpg,5,0
disgust,http://farm3.staticflickr.com/2788/4121936075_f4e967f68a_z.jpg,4,1
disgust,http://farm4.staticflickr.com/3252/2923036054_29cd402104_z.jpg,5,0
disgust,http://farm3.staticflickr.com/2091/2279696180_bb8ea3f2cf_z.jpg,5,0
disgust,http://farm3.staticflickr.com/2090/2089301123_ea1f2cb043_z.jpg,3,2
disgust,http://farm4.staticflickr.com/3155/2599037871_9b96359ef8_z.jpg,5,0
disgust,http://farm4.staticflickr.com/3883/15072777949_2186567279_z.jpg,5,0
disgust,http://farm9.staticflickr.com/8342/8196429877_b1b67c47df_z.jpg,5,0
disgust,http://farm9.staticflickr.com/8286/7641759870_a047a1ea0f_z.jpg,5,0
disgust,http://farm6.staticflickr.com/5517/9609902712_626087b780_z.jpg,5,0
disgust,http://farm4.staticflickr.com/3101/3152487635_aedc73611e_z.jpg,5,0
disgust,http://farm4.staticflickr.com/3784/11604863815_ecc7e94239_z.jpg,5,0
disgust,http://farm3.staticflickr.com/2020/2260800001_6e3fb3a7d1_z.jpg,0,5
disgust,http://farm4.staticflickr.com/3244/3129383874_9b7ea5f011_z.jpg,5,0
disgust,http://farm9.staticflickr.com/8258/8612316534_236a1b42cc_z.jpg,2,3
disgust,http://farm3.staticflickr.com/2669/4015017521_6b8b75dbe0_z.jpg,5,0
disgust,http://farm3.staticflickr.com/2222/2478055702_ce014a432d_z.jpg,5,0
disgust,http://farm4.staticflickr.com/3090/2927362609_cd7d09f88c_z.jpg,5,0
disgust,http://farm6.staticflickr.com/5579/14749763642_c1f557e639_z.jpg,5,0
disgust,http://farm4.staticflickr.com/3241/2987382889_6e4349c728_z.jpg,4,1
disgust,http://farm3.staticflickr.com/2327/2249606518_5b044a6807_z.jpg,5,0
disgust,http://farm4.staticflickr.com/3813/9640353482_7c4c984ef0_z.jpg,3,0
disgust,http://farm5.staticflickr.com/4153/5113419646_4cc68eba5f_z.jpg,5,0
disgust,http://farm6.staticflickr.com/5575/15205489466_72d4bbd03e_z.jpg,0,5
disgust,http://farm5.staticflickr.com/4105/5084746102_eb700821a9_z.jpg,5,0
disgust,http://farm6.staticflickr.com/5531/10521479113_9bccaa1a95_z.jpg,5,0
disgust,http://farm6.staticflickr.com/5576/14770299619_7575462faa_z.jpg,5,0
disgust,http://farm3.staticflickr.com/2533/4107776562_c9899eb1c2_z.jpg,5,0
disgust,http://farm4.staticflickr.com/3838/14593123949_947cd64d8e_z.jpg,5,0
disgust,http://farm8.staticflickr.com/7264/7533674264_2259424971_z.jpg,5,0
disgust,http://farm7.staticflickr.com/6084/6060310034_a0f8596f2c_z.jpg,5,0
disgust,http://farm4.staticflickr.com/3856/14595823560_8f0d6e4bff_z.jpg,5,0
disgust,http://farm4.staticflickr.com/3399/3273976077_635a4ae50e_z.jpg,5,0
disgust,http://farm3.staticflickr.com/2438/3961133206_2515f28c66_z.jpg,5,0
disgust,http://farm5.staticflickr.com/4073/4854597420_c2cfea9c77_z.jpg,3,2
disgust,http://farm4.staticflickr.com/3323/5844206802_5fdc3fcac8_z.jpg,3,2
disgust,http://farm4.staticflickr.com/3095/2662300099_e05a2f3be0_z.jpg,5,0
disgust,http://farm6.staticflickr.com/5290/5319528281_c96ce77475_z.jpg,5,0
disgust,http://farm4.staticflickr.com/3625/3358499975_18b4d65980_z.jpg,4,1
disgust,http://farm5.staticflickr.com/4108/4983773537_d046483d49_z.jpg,3,2
disgust,http://farm4.staticflickr.com/3628/3572587926_2f91dcecea_z.jpg,5,0
disgust,http://farm8.staticflickr.com/7340/9118230174_eda68b5a26_z.jpg,5,0
disgust,http://farm5.staticflickr.com/4023/4250934813_1540de3ed3_z.jpg,4,1
disgust,http://farm6.staticflickr.com/5481/11936925623_4dea09ae11_z.jpg,5,0
disgust,http://farm4.staticflickr.com/3081/2634723678_6826997b69_z.jpg,4,1
disgust,http://farm4.staticflickr.com/3078/3207840792_b9ae23cb69_z.jpg,5,0
disgust,http://farm6.staticflickr.com/5224/5650320975_fa95372340_z.jpg,5,0
disgust,http://farm9.staticflickr.com/8427/7713795912_8f0125f826_z.jpg,5,0
disgust,http://farm9.staticflickr.com/8248/8664802360_b72ea5e971_z.jpg,4,1
disgust,http://farm3.staticflickr.com/2806/10581180885_555c58d60e_z.jpg,5,0
disgust,http://farm2.staticflickr.com/1073/606880918_7dcf4d4668_z.jpg,3,1
disgust,http://farm4.staticflickr.com/3076/3162765024_98fcb74393_z.jpg,3,2
disgust,http://farm2.staticflickr.com/1291/4685943628_40d800e763_z.jpg,3,0
disgust,http://farm3.staticflickr.com/2070/1519756024_d2104ace40_z.jpg,5,0
disgust,http://farm3.staticflickr.com/2416/1977934653_6eb6dcd594_z.jpg,1,4
disgust,http://farm6.staticflickr.com/5556/14758987285_ea9b0d315d_z.jpg,5,0
disgust,http://farm3.staticflickr.com/2722/4362060355_c02315c3b3_z.jpg,4,1
disgust,http://farm6.staticflickr.com/5190/5844166944_5333b8b54e_z.jpg,5,0
disgust,http://farm1.staticflickr.com/221/507247768_083e0572b1_z.jpg,5,0
disgust,http://farm9.staticflickr.com/8480/8158494532_6076dd0694_z.jpg,5,0
disgust,http://farm9.staticflickr.com/8290/7829899830_7528db4216_z.jpg,5,0
disgust,http://farm6.staticflickr.com/5171/5425973319_6cdddf6910_z.jpg,5,0
disgust,http://farm1.staticflickr.com/139/321952120_f99b88c042_z.jpg,3,1
disgust,http://farm8.staticflickr.com/7195/6983265062_12c786397b_z.jpg,5,0
disgust,http://farm8.staticflickr.com/7147/6702940397_67104c4954_z.jpg,5,0
disgust,http://farm4.staticflickr.com/3620/3325264275_dce39d8718_z.jpg,5,0
disgust,http://farm4.staticflickr.com/3174/2818065366_0024a8fb73_z.jpg,5,0
disgust,http://farm4.staticflickr.com/3317/3446803347_d29231b5e6_z.jpg,5,0
disgust,http://farm3.staticflickr.com/2450/3934721244_4398c855e3_z.jpg,5,0
disgust,http://farm4.staticflickr.com/3848/14762360674_4fa9f50dbf_z.jpg,4,0
disgust,http://farm4.staticflickr.com/3809/12900037494_29f4485d8e_z.jpg,5,0
disgust,http://farm4.staticflickr.com/3574/3456692063_8d89f92f9c_z.jpg,3,0
disgust,http://farm7.staticflickr.com/6023/5965215599_eca3ece8ac_z.jpg,5,0
disgust,http://farm9.staticflickr.com/8197/8199479691_070b6499e6_z.jpg,5,0
disgust,http://farm4.staticflickr.com/3235/2855105176_b2d4bdfa7e_z.jpg,4,0
disgust,http://farm1.staticflickr.com/85/279946801_82c740263d_z.jpg,5,0
disgust,http://farm1.staticflickr.com/120/282981624_1303bff0de_z.jpg,4,1
disgust,http://farm3.staticflickr.com/2608/3708981221_991c53bc51_z.jpg,5,0
disgust,http://farm8.staticflickr.com/7253/7660498614_8cb24d1ea6_z.jpg,4,1
disgust,http://farm3.staticflickr.com/2364/1917533552_9de389fc52_z.jpg,1,4
disgust,http://farm1.staticflickr.com/133/366183120_2c6ef6d708_z.jpg,4,1
disgust,http://farm4.staticflickr.com/3242/2352138096_44c15c0835_z.jpg,5,0
disgust,http://farm4.staticflickr.com/3051/2370678886_c71581938e_z.jpg,5,0
disgust,http://farm3.staticflickr.com/2916/14702435444_30f11de614_z.jpg,4,0
disgust,http://farm8.staticflickr.com/7018/6838560497_2c2819e6bb_z.jpg,5,0
disgust,http://farm4.staticflickr.com/3210/2827363125_c10d9c5b50_z.jpg,5,5
disgust,http://farm4.staticflickr.com/3070/3030105845_d267ff624f_z.jpg,5,0
disgust,http://farm4.staticflickr.com/3898/14974490541_a2f3aaca22_z.jpg,5,0
disgust,http://farm5.staticflickr.com/4086/5003636649_45aeb87329_z.jpg,5,0
disgust,http://farm4.staticflickr.com/3255/3123814636_a636803a56_z.jpg,4,0
disgust,http://farm4.staticflickr.com/3637/3518470004_6e4fbe179d_z.jpg,4,1
disgust,http://farm3.staticflickr.com/2205/2752155596_d68c73118f_z.jpg,4,0
disgust,http://farm6.staticflickr.com/5249/5226871701_e6fbe3e7b4_z.jpg,5,0
disgust,http://farm4.staticflickr.com/3084/2724306909_5ecfa6b3d7_z.jpg,3,2
disgust,http://farm3.staticflickr.com/2813/9637891313_a053e6d8ef_z.jpg,5,0
disgust,http://farm3.staticflickr.com/2124/2502208657_95938a69d8_z.jpg,4,0
disgust,http://farm6.staticflickr.com/5588/14563343748_690614af98_z.jpg,4,1
disgust,http://farm5.staticflickr.com/4090/5032412752_5afe78dcc1_z.jpg,5,0
disgust,http://farm4.staticflickr.com/3456/3936435504_a3df66434b_z.jpg,5,0
disgust,http://farm5.staticflickr.com/4107/4962816272_fb02fcb1a8_z.jpg,1,4
disgust,http://farm9.staticflickr.com/8220/8320832305_3910a1dbf6_z.jpg,5,0
disgust,http://farm8.staticflickr.com/7003/6427368765_8bb43bc0cf_z.jpg,5,0
disgust,http://farm5.staticflickr.com/4098/4813620911_edcac5997f_z.jpg,5,0
disgust,http://farm4.staticflickr.com/3877/14768568667_3d70ff4255_z.jpg,4,1
disgust,http://farm3.staticflickr.com/2900/14728626366_8475a57473_z.jpg,5,0
disgust,http://farm9.staticflickr.com/8427/7539107440_3786d01ef5_z.jpg,5,0
disgust,http://farm4.staticflickr.com/3419/3827290367_765f6230de_z.jpg,5,0
disgust,http://farm6.staticflickr.com/5006/5234743318_376d4da4b9_z.jpg,5,0
disgust,http://farm4.staticflickr.com/3748/11605510643_41c57e3c34_z.jpg,5,0
disgust,http://farm4.staticflickr.com/3064/2735509771_59f04ff93c_z.jpg,4,1
disgust,http://farm6.staticflickr.com/5111/14278839476_3a65644fef_z.jpg,5,0
disgust,http://farm5.staticflickr.com/4094/4795047597_a5e84aa80c_z.jpg,5,0
disgust,http://farm3.staticflickr.com/2281/2100661269_fb057fc83c_z.jpg,4,0
disgust,http://farm6.staticflickr.com/5217/5523756030_69c92103ec_z.jpg,5,0
disgust,http://farm4.staticflickr.com/3873/14615825444_26caa4d6a4_z.jpg,5,0
disgust,http://farm3.staticflickr.com/2348/2254802209_ef5523d66e_z.jpg,5,0
disgust,http://farm5.staticflickr.com/4073/5446026384_32e45258ba_z.jpg,5,0
disgust,http://farm4.staticflickr.com/3022/2927448702_dec077bcb9_z.jpg,5,0
disgust,http://farm3.staticflickr.com/2243/2304606808_79ce3a03c1_z.jpg,5,0
disgust,http://farm8.staticflickr.com/7156/6498659777_0ea9187aae_z.jpg,5,0
disgust,http://farm1.staticflickr.com/47/147880095_67efa486ea_z.jpg,5,0
disgust,http://farm4.staticflickr.com/3183/2717353603_13a8df6ca0_z.jpg,5,0
disgust,http://farm5.staticflickr.com/4086/5125643842_46de302964_z.jpg,5,0
disgust,http://farm2.staticflickr.com/1422/537948479_3d0ec6df82_z.jpg,5,0
disgust,http://farm4.staticflickr.com/3506/3865044944_b7c82a93d6_z.jpg,1,4
disgust,http://farm4.staticflickr.com/3416/4575458079_68d836011c_z.jpg,5,0
disgust,http://farm4.staticflickr.com/3652/3504292788_b23a70640f_z.jpg,5,0
disgust,http://farm8.staticflickr.com/7544/16054527171_3fee360313_z.jpg,5,0
disgust,http://farm9.staticflickr.com/8236/8477232393_0148ca7e50_z.jpg,5,0
disgust,http://farm7.staticflickr.com/6109/6307712042_ca80a1a60f_z.jpg,5,0
disgust,http://farm1.staticflickr.com/212/481891853_75c85a910f_z.jpg,5,0
disgust,http://farm4.staticflickr.com/3498/3753867532_5eb9966886_z.jpg,5,0
disgust,http://farm3.staticflickr.com/2112/2174844063_7585d7d208_z.jpg,5,0
disgust,http://farm6.staticflickr.com/5506/11278900573_aba358272b_z.jpg,5,0
disgust,http://farm3.staticflickr.com/2944/15146843418_567efd3155_z.jpg,5,0
disgust,http://farm1.staticflickr.com/142/321799656_7057ebee60_z.jpg,5,0
disgust,http://farm4.staticflickr.com/3114/3176865973_dfbfcbe8d1_z.jpg,4,1
disgust,http://farm9.staticflickr.com/8156/7343860426_787819b50c_z.jpg,5,0
disgust,http://farm4.staticflickr.com/3174/3020665873_e8fa6a4cc0_z.jpg,5,0
disgust,http://farm4.staticflickr.com/3273/2876797352_b2ab46c544_z.jpg,5,0
disgust,http://farm8.staticflickr.com/7013/6508023695_9998793e1c_z.jpg,4,1
disgust,http://farm4.staticflickr.com/3075/2562744486_626527e0e0_z.jpg,5,0
disgust,http://farm3.staticflickr.com/2659/4124798067_5f2dcb9b08_z.jpg,3,0
disgust,http://farm5.staticflickr.com/4052/4681903541_00e62f9b77_z.jpg,5,0
disgust,http://farm5.staticflickr.com/4064/4299862098_a3119decf0_z.jpg,1,4
disgust,http://farm3.staticflickr.com/2221/2393909824_2e1653d0ae_z.jpg,2,3
disgust,http://farm8.staticflickr.com/7195/6931703899_9a586ac265_z.jpg,5,0
disgust,http://farm3.staticflickr.com/2235/5738458475_841f39bbec_z.jpg,5,0
disgust,http://farm4.staticflickr.com/3097/2377067354_4b9edc9019_z.jpg,4,0
disgust,http://farm7.staticflickr.com/6145/5934824390_f08724ffb7_z.jpg,5,0
disgust,http://farm8.staticflickr.com/7346/11393552095_6ddafdbf20_z.jpg,5,0
disgust,http://farm8.staticflickr.com/7335/13693813425_98b511f269_z.jpg,5,0
disgust,http://farm8.staticflickr.com/7399/9118773454_26ed8f4379_z.jpg,5,0
disgust,http://farm3.staticflickr.com/2939/14202082436_37ab190920_z.jpg,3,0
disgust,http://farm1.staticflickr.com/210/449097345_d5037870b5_z.jpg,2,3
disgust,http://farm4.staticflickr.com/3682/9711149596_217ca90ca1_z.jpg,5,0
disgust,http://farm3.staticflickr.com/2406/2222690551_6eaecab424_z.jpg,5,0
disgust,http://farm1.staticflickr.com/105/301233043_fff5723fe3_z.jpg,5,0
disgust,http://farm5.staticflickr.com/4125/5021361493_55aa90b63f_z.jpg,4,1
disgust,http://farm2.staticflickr.com/1361/1180867870_2cae0e2097_z.jpg,0,5
disgust,http://farm4.staticflickr.com/3462/3765726296_70488c53b8_z.jpg,1,4
disgust,http://farm4.staticflickr.com/3495/3746644526_675b813f65_z.jpg,5,0
disgust,http://farm1.staticflickr.com/229/522314139_26a4198ff6_z.jpg,1,4
disgust,http://farm6.staticflickr.com/5565/14542209667_bd45cbf3d0_z.jpg,3,2
disgust,http://farm5.staticflickr.com/4061/4661923182_808efe12df_z.jpg,5,0
disgust,http://farm4.staticflickr.com/3284/2958499879_6a43015dea_z.jpg,4,1
disgust,http://farm1.staticflickr.com/124/366116379_bae1582c40_z.jpg,5,0
disgust,http://farm9.staticflickr.com/8356/8416254231_b351d0dd4c_z.jpg,5,0
disgust,http://farm8.staticflickr.com/7063/6872253704_9c280202a4_z.jpg,5,0
disgust,http://farm4.staticflickr.com/3732/11605267275_2323020430_z.jpg,5,0
disgust,http://farm8.staticflickr.com/7306/11131287236_b95e4e1ee5_z.jpg,5,0
disgust,http://farm3.staticflickr.com/2871/9382948727_d33a03777e_z.jpg,5,0
disgust,http://farm6.staticflickr.com/5457/9970181596_5d1443b4ba_z.jpg,5,0
disgust,http://farm2.staticflickr.com/1284/5183306585_e54508a86b_z.jpg,5,0
disgust,http://farm5.staticflickr.com/4115/4819906011_8391f555ae_z.jpg,5,0
disgust,http://farm4.staticflickr.com/3789/13402215693_0861c6edcf_z.jpg,5,0
disgust,http://farm7.staticflickr.com/6069/6030557553_88867f2660_z.jpg,5,0
disgust,http://farm3.staticflickr.com/2667/4243164255_8749b2a31a_z.jpg,1,4
disgust,http://farm9.staticflickr.com/8363/8401377755_625c482c3f_z.jpg,5,0
disgust,http://farm8.staticflickr.com/7308/13945581369_e66d601929_z.jpg,0,5
disgust,http://farm9.staticflickr.com/8327/8373916682_d1b022bd3b_z.jpg,5,0
disgust,http://farm4.staticflickr.com/3620/3590205640_5ed69e950a_z.jpg,4,1
disgust,http://farm8.staticflickr.com/7012/6612790855_73976259a2_z.jpg,5,0
disgust,http://farm7.staticflickr.com/6127/6208193699_8d109e77ef_z.jpg,3,0
disgust,http://farm5.staticflickr.com/4002/4500822748_0705a94041_z.jpg,3,2
disgust,http://farm9.staticflickr.com/8376/8486696600_6ed8f8f079_z.jpg,2,3
disgust,http://farm9.staticflickr.com/8422/7840265686_e588ec443a_z.jpg,2,3
disgust,http://farm6.staticflickr.com/5081/5225604709_bf75b33311_z.jpg,3,2
disgust,http://farm4.staticflickr.com/3822/13480247923_84a6858e61_z.jpg,0,5
disgust,http://farm7.staticflickr.com/6030/5877499063_9619aab47e_z.jpg,5,0
disgust,http://farm6.staticflickr.com/5449/9011701948_09bd56aa8f_z.jpg,5,0
disgust,http://farm8.staticflickr.com/7266/6957836804_61ff8c2e9b_z.jpg,3,0
disgust,http://farm8.staticflickr.com/7274/7118795923_15c086e4b8_z.jpg,3,2
disgust,http://farm3.staticflickr.com/2565/4015417955_5b1b7d07de_z.jpg,2,3
disgust,http://farm3.staticflickr.com/2714/4050925054_f863f04cdc_z.jpg,5,0
disgust,http://farm4.staticflickr.com/3684/14306755912_3b7c10534e_z.jpg,5,0
disgust,http://farm9.staticflickr.com/8216/8400743324_af1da6e3b1_z.jpg,5,0
disgust,http://farm4.staticflickr.com/3209/3131538096_60be1d57f8_z.jpg,5,0
disgust,http://farm3.staticflickr.com/2223/2186264665_87cee56922_z.jpg,5,0
disgust,http://farm4.staticflickr.com/3032/2612340770_f15f2c2f8b_z.jpg,5,0
disgust,http://farm3.staticflickr.com/2918/14591337130_8ef8f22ba8_z.jpg,5,0
disgust,http://farm5.staticflickr.com/4125/5057258880_8dd5862c02_z.jpg,1,4
disgust,http://farm8.staticflickr.com/7354/13693482903_f00c809c3e_z.jpg,5,0
disgust,http://farm7.staticflickr.com/6201/6096872245_4a5bd137e1_z.jpg,1,3
disgust,http://farm6.staticflickr.com/5547/9287479675_21308c7897_z.jpg,5,0
disgust,http://farm7.staticflickr.com/6190/6160441957_0a087435d0_z.jpg,5,0
disgust,http://farm4.staticflickr.com/3661/3503451821_24832a3638_z.jpg,4,0
disgust,http://farm3.staticflickr.com/2658/4006341261_d40b36b305_z.jpg,0,5
disgust,http://farm4.staticflickr.com/3564/3479019864_e13ee4fb68_z.jpg,5,0
disgust,http://farm4.staticflickr.com/3120/2609484141_2773c43f1e_z.jpg,5,0
disgust,http://farm6.staticflickr.com/5186/5779233653_a967597a80_z.jpg,5,0
disgust,http://farm3.staticflickr.com/2033/2186948078_9291e37ae0_z.jpg,5,0
disgust,http://farm8.staticflickr.com/7244/6969437338_776e3b73cc_z.jpg,5,0
disgust,http://farm4.staticflickr.com/3841/14750587136_2639442695_z.jpg,5,0
disgust,http://farm4.staticflickr.com/3262/2634372472_637cc0f4b0_z.jpg,5,0
disgust,http://farm5.staticflickr.com/4112/4835634725_0bd2115fcd_z.jpg,1,4
disgust,http://farm4.staticflickr.com/3764/8850541538_4dc19ace68_z.jpg,5,0
disgust,http://farm2.staticflickr.com/1373/1445664282_035b2bf953_z.jpg,5,0
disgust,http://farm4.staticflickr.com/3291/3023016638_f59f66e4cc_z.jpg,5,0
disgust,http://farm4.staticflickr.com/3016/3034549556_b99bb9fc0d_z.jpg,5,0
disgust,http://farm1.staticflickr.com/213/506696320_f32b5c4ddd_z.jpg,4,0
disgust,http://farm5.staticflickr.com/4127/5051135971_49447af6cb_z.jpg,4,1
disgust,http://farm9.staticflickr.com/8346/8253387686_a1dc05c13a_z.jpg,3,0
disgust,http://farm4.staticflickr.com/3045/2808345270_da14de7d68_z.jpg,5,0
disgust,http://farm8.staticflickr.com/7015/6610416069_955a6e9693_z.jpg,5,0
disgust,http://farm3.staticflickr.com/2817/8778120198_18d0c19302_z.jpg,5,0
disgust,http://farm4.staticflickr.com/3112/2843092979_298cbe1fe1_z.jpg,5,0
disgust,http://farm3.staticflickr.com/2825/11394513683_02f5ac0e9a_z.jpg,5,0
disgust,http://farm6.staticflickr.com/5550/14516152316_a91ed5a06a_z.jpg,2,3
disgust,http://farm8.staticflickr.com/7032/6409509597_17ec188b35_z.jpg,5,0
disgust,http://farm4.staticflickr.com/3647/3379888745_2ae0ef0201_z.jpg,5,0
disgust,http://farm5.staticflickr.com/4014/4453552025_ef7ef4b0da_z.jpg,5,0
disgust,http://farm4.staticflickr.com/3672/11289708224_c34f3d0266_z.jpg,5,0
disgust,http://farm3.staticflickr.com/2134/2232111719_3bf21be9a2_z.jpg,5,0
disgust,http://farm5.staticflickr.com/4040/4211919592_2553324899_z.jpg,2,3
disgust,http://farm6.staticflickr.com/5554/14780232861_0d0ebd78c8_z.jpg,5,0
disgust,http://farm4.staticflickr.com/3285/2856040355_c384aac1ba_z.jpg,5,0
disgust,http://farm1.staticflickr.com/84/270649679_9d87f88411_z.jpg,2,3
disgust,http://farm3.staticflickr.com/2940/14781668754_6f8e922fc9_z.jpg,5,0
disgust,http://farm3.staticflickr.com/2699/4111188550_3e864e36eb_z.jpg,5,0
disgust,http://farm4.staticflickr.com/3176/2667208919_b377ca24d0_z.jpg,5,0
disgust,http://farm3.staticflickr.com/2927/13959445759_9849238fa9_z.jpg,5,0
disgust,http://farm7.staticflickr.com/6068/6154979748_c126fb1ece_z.jpg,5,0
disgust,http://farm3.staticflickr.com/2108/2258212627_905c8a3136_z.jpg,4,0
disgust,http://farm1.staticflickr.com/194/484252382_d06488be9f_z.jpg,2,3
disgust,http://farm4.staticflickr.com/3071/3058290480_4ae76afb7b_z.jpg,5,0
disgust,http://farm4.staticflickr.com/3192/2980121554_924664c2b1_z.jpg,4,0
disgust,http://farm2.staticflickr.com/1082/3168126906_c65c36e085_z.jpg,5,0
disgust,http://farm4.staticflickr.com/3811/8854144640_a588366ec5_z.jpg,5,0
disgust,http://farm6.staticflickr.com/5211/5466316527_24782fdd58_z.jpg,4,1
disgust,http://farm7.staticflickr.com/6003/5945323164_2e6c2ea500_z.jpg,5,0
disgust,http://farm4.staticflickr.com/3224/5838551360_edef9c44ac_z.jpg,5,0
disgust,http://farm4.staticflickr.com/3187/3097989979_60d66bb1bb_z.jpg,5,0
disgust,http://farm4.staticflickr.com/3095/2526135956_c2a89c3377_z.jpg,2,3
disgust,http://farm3.staticflickr.com/2894/11289997774_38d2aea084_z.jpg,5,0
disgust,http://farm8.staticflickr.com/7253/7713807748_5a74d3dbdd_z.jpg,5,0
disgust,http://farm1.staticflickr.com/39/100492554_70148f1792_z.jpg,1,4
disgust,http://farm7.staticflickr.com/6013/5970780450_112ccc5d61_z.jpg,1,4
disgust,http://farm9.staticflickr.com/8026/7268329172_2457440f4e_z.jpg,5,0
disgust,http://farm1.staticflickr.com/53/114214563_9a2c0b368c_z.jpg,5,0
disgust,http://farm9.staticflickr.com/8292/7695868916_372c3dedef_z.jpg,5,0
disgust,http://farm2.staticflickr.com/1407/811141536_4283743052_z.jpg,5,0
disgust,http://farm8.staticflickr.com/7113/7423649906_ec532bdd58_z.jpg,5,0
disgust,http://farm1.staticflickr.com/130/385089774_7cdef60825_z.jpg,5,0
disgust,http://farm4.staticflickr.com/3081/2907946194_194f98367e_z.jpg,5,0
disgust,http://farm5.staticflickr.com/4049/4704117987_744cffc5cf_z.jpg,5,0
disgust,http://farm4.staticflickr.com/3210/3010276081_4ff0dffe64_z.jpg,4,0
disgust,http://farm3.staticflickr.com/2522/3783584208_c829764e20_z.jpg,5,0
disgust,http://farm4.staticflickr.com/3219/3120943702_458b97c614_z.jpg,5,0
disgust,http://farm5.staticflickr.com/4094/4902969353_81b09f657f_z.jpg,5,0
disgust,http://farm3.staticflickr.com/2775/4083730644_747d5acfef_z.jpg,5,0
disgust,http://farm3.staticflickr.com/2366/2273799651_5a82f1c870_z.jpg,5,0
disgust,http://farm3.staticflickr.com/2513/3834474038_cc5fe06cdf_z.jpg,5,0
disgust,http://farm2.staticflickr.com/1089/613699050_2e93da6ce7_z.jpg,3,0
disgust,http://farm4.staticflickr.com/3450/3277776482_56b2e7dc3a_z.jpg,5,0
disgust,http://farm4.staticflickr.com/3219/3108808152_215c8a3b7e_z.jpg,5,0
disgust,http://farm9.staticflickr.com/8035/7986818848_9ebc4235c2_z.jpg,5,0
disgust,http://farm4.staticflickr.com/3053/2914957564_0861429698_z.jpg,1,3
disgust,http://farm4.staticflickr.com/3375/3438085205_d841dd943e_z.jpg,1,4
disgust,http://farm4.staticflickr.com/3189/3140079100_1f8c6d88c4_z.jpg,5,0
disgust,http://farm3.staticflickr.com/2932/14748574414_fa2a2885ea_z.jpg,5,0
disgust,http://farm4.staticflickr.com/3277/2965422921_cc193c1a56_z.jpg,5,0
disgust,http://farm4.staticflickr.com/3080/2647608197_5b6139f273_z.jpg,5,0
disgust,http://farm4.staticflickr.com/3867/14802591613_91cc3fd93f_z.jpg,5,0
disgust,http://farm4.staticflickr.com/3146/2419841913_a85e6c6157_z.jpg,5,0
disgust,http://farm6.staticflickr.com/5255/5490470749_9ca3be0c3e_z.jpg,5,0
disgust,http://farm7.staticflickr.com/6073/6038107520_ae7f972db9_z.jpg,4,1
disgust,http://farm7.staticflickr.com/6208/6128414293_0fd37f93a4_z.jpg,4,1
disgust,http://farm4.staticflickr.com/3106/3089683307_21c87e1abc_z.jpg,4,1
disgust,http://farm6.staticflickr.com/5497/10367222833_a8d7bc5b7c_z.jpg,2,3
disgust,http://farm5.staticflickr.com/4112/5090958674_7923b5f8d8_z.jpg,1,4
disgust,http://farm6.staticflickr.com/5583/14762366652_cb80651f5b_z.jpg,5,0
disgust,http://farm4.staticflickr.com/3569/3334418981_3b94fe5e94_z.jpg,5,0
disgust,http://farm4.staticflickr.com/3897/14670788255_9d5f9faebc_z.jpg,2,3
disgust,http://farm1.staticflickr.com/232/508214070_59fd0fde7a_z.jpg,5,0
disgust,http://farm3.staticflickr.com/2680/4041836773_5be5a124b8_z.jpg,3,2
disgust,http://farm1.staticflickr.com/126/420899581_25bf665684_z.jpg,5,0
disgust,http://farm4.staticflickr.com/3260/2574735776_df0454d15e_z.jpg,4,1
disgust,http://farm4.staticflickr.com/3113/2752712957_04a01d7a75_z.jpg,5,0
disgust,http://farm3.staticflickr.com/2909/14767522012_9670ee8b63_z.jpg,5,0
disgust,http://farm8.staticflickr.com/7152/6726481735_213f896948_z.jpg,1,3
disgust,http://farm4.staticflickr.com/3146/2923568558_503263c8bc_z.jpg,5,0
disgust,http://farm5.staticflickr.com/4004/4684290497_b17659ed31_z.jpg,5,0
disgust,http://farm5.staticflickr.com/4070/4271685328_0f55e586a8_z.jpg,5,0
disgust,http://farm3.staticflickr.com/2855/9342183239_457104a6fc_z.jpg,4,1
disgust,http://farm3.staticflickr.com/2312/2411749488_1828ec9cd4_z.jpg,5,0
disgust,http://farm6.staticflickr.com/5031/14222525485_0481898312_z.jpg,5,0
disgust,http://farm8.staticflickr.com/7493/16048466387_75746092f2_z.jpg,5,0
disgust,http://farm8.staticflickr.com/7272/7111034119_2945bc209e_z.jpg,2,3
disgust,http://farm4.staticflickr.com/3033/2819531610_da02065cc7_z.jpg,1,4
disgust,http://farm5.staticflickr.com/4023/4215875649_52de7c9ccd_z.jpg,5,0
disgust,http://farm4.staticflickr.com/3146/2657896101_b63e70cb24_z.jpg,5,0
disgust,http://farm8.staticflickr.com/7402/9118375318_3d84543e44_z.jpg,5,0
disgust,http://farm9.staticflickr.com/8235/8386772365_c0a5ab936d_z.jpg,5,0
disgust,http://farm3.staticflickr.com/2635/3687126401_6fa3c9a1a2_z.jpg,1,4
disgust,http://farm3.staticflickr.com/2378/2444176528_cf23964890_z.jpg,5,0
disgust,http://farm9.staticflickr.com/8469/8098390890_aca2a3b125_z.jpg,5,0
disgust,http://farm6.staticflickr.com/5296/5434753350_7d25831964_z.jpg,2,3
disgust,http://farm8.staticflickr.com/7371/9293820773_f25149d779_z.jpg,4,0
disgust,http://farm4.staticflickr.com/3092/2488686034_0f7dd9d2e5_z.jpg,5,0
disgust,http://farm4.staticflickr.com/3508/3749868266_ae76ae7b10_z.jpg,5,0
disgust,http://farm3.staticflickr.com/2462/3718502410_9b2a5cb02f_z.jpg,2,2
disgust,http://farm6.staticflickr.com/5500/12000514813_23f1cb3e5f_z.jpg,5,0
disgust,http://farm9.staticflickr.com/8321/7942907318_315f9f4e4d_z.jpg,4,1
disgust,http://farm3.staticflickr.com/2910/14566048757_e9aa456f88_z.jpg,5,0
disgust,http://farm4.staticflickr.com/3427/3735617837_a2b94ceaf2_z.jpg,5,0
disgust,http://farm4.staticflickr.com/3162/2829866474_fcd8bf2556_z.jpg,5,0
disgust,http://farm7.staticflickr.com/6067/6102373680_923321589f_z.jpg,3,0
disgust,http://farm4.staticflickr.com/3617/3317150142_a6c9aee45b_z.jpg,4,1
disgust,http://farm4.staticflickr.com/3117/2629292845_e541d16bab_z.jpg,5,0
disgust,http://farm8.staticflickr.com/7175/6535839321_da66d61462_z.jpg,1,4
disgust,http://farm3.staticflickr.com/2286/2236750431_251cefc4d7_z.jpg,4,1
disgust,http://farm8.staticflickr.com/7486/16061396281_1f62bfe3cf_z.jpg,5,0
disgust,http://farm8.staticflickr.com/7026/6693588897_dace60b85d_z.jpg,5,0
disgust,http://farm3.staticflickr.com/2290/2344559468_66a839d4c3_z.jpg,4,0
disgust,http://farm4.staticflickr.com/3203/3081450493_625e5baef9_z.jpg,5,0
disgust,http://farm2.staticflickr.com/1134/1425231647_7e113e1c95_z.jpg,5,0
disgust,http://farm3.staticflickr.com/2242/2419744422_0dc10c9cb5_z.jpg,4,1
disgust,http://farm4.staticflickr.com/3647/3383732966_48834eeff4_z.jpg,5,0
disgust,http://farm4.staticflickr.com/3763/11394656084_4e43bc47de_z.jpg,5,0
disgust,http://farm8.staticflickr.com/7309/9640844182_54718b8ab7_z.jpg,4,0
disgust,http://farm4.staticflickr.com/3173/2670581845_8c514e1988_z.jpg,4,0
disgust,http://farm4.staticflickr.com/3243/4009304293_d45fa750aa_z.jpg,1,4
disgust,http://farm9.staticflickr.com/8044/8132868535_e2fe7d67b7_z.jpg,5,0
disgust,http://farm9.staticflickr.com/8045/8084097936_2a13fba173_z.jpg,1,4
disgust,http://farm3.staticflickr.com/2842/11605058003_45f07842cb_z.jpg,5,0
disgust,http://farm2.staticflickr.com/1228/1356097327_0cbfe0fefa_z.jpg,2,3
disgust,http://farm3.staticflickr.com/2039/2061116658_50bcf55abe_z.jpg,5,0
disgust,http://farm9.staticflickr.com/8382/8486451779_6da3935dcc_z.jpg,5,0
disgust,http://farm3.staticflickr.com/2679/4289320756_8844928076_z.jpg,4,1
disgust,http://farm7.staticflickr.com/6152/6187760314_d9ce9dab41_z.jpg,3,2
disgust,http://farm3.staticflickr.com/2710/4352347619_5d8beda833_z.jpg,5,0
disgust,http://farm8.staticflickr.com/7576/15893089785_a90aaca9bd_z.jpg,5,0
disgust,http://farm9.staticflickr.com/8260/8605426702_8161aa0543_z.jpg,4,0
disgust,http://farm3.staticflickr.com/2825/10620201036_c0c55e7278_z.jpg,5,0
disgust,http://farm6.staticflickr.com/5453/7401840716_4bf28bd3cf_z.jpg,5,0
disgust,http://farm3.staticflickr.com/2641/4108711894_8e75760ee5_z.jpg,5,0
disgust,http://farm9.staticflickr.com/8337/8284612155_40c24f8bf2_z.jpg,4,1
disgust,http://farm4.staticflickr.com/3285/3134863470_f803f15174_z.jpg,4,1
disgust,http://farm6.staticflickr.com/5172/5469000175_78b4abe945_z.jpg,3,2
disgust,http://farm4.staticflickr.com/3078/2775945903_03f0a611bf_z.jpg,5,0
disgust,http://farm6.staticflickr.com/5005/5371887444_9ed9ddd44a_z.jpg,5,0
disgust,http://farm1.staticflickr.com/35/115084705_6dfff78fa7_z.jpg,0,5
disgust,http://farm4.staticflickr.com/3873/15251812942_f76950c045_z.jpg,5,0
disgust,http://farm4.staticflickr.com/3565/5699616578_570c2e2009_z.jpg,4,1
disgust,http://farm3.staticflickr.com/2142/2197199249_ebf11bf347_z.jpg,3,0
disgust,http://farm6.staticflickr.com/5513/9780966421_246d811e53_z.jpg,3,0
disgust,http://farm1.staticflickr.com/122/262420614_d751f2d265_z.jpg,5,0
disgust,http://farm6.staticflickr.com/5528/9531491730_855980b5e4_z.jpg,5,0
disgust,http://farm6.staticflickr.com/5551/14748728794_82db724491_z.jpg,5,0
disgust,http://farm1.staticflickr.com/222/494667907_6db8af4457_z.jpg,3,2
disgust,http://farm3.staticflickr.com/2595/4108718998_2a8ddcea08_z.jpg,5,0
disgust,http://farm3.staticflickr.com/2932/14774872371_b56074194e_z.jpg,5,0
disgust,http://farm4.staticflickr.com/3233/2283989490_429c75d022_z.jpg,5,0
disgust,http://farm3.staticflickr.com/2915/14321283241_4323996580_z.jpg,5,0
disgust,http://farm4.staticflickr.com/3508/3908105878_c81e3ce054_z.jpg,0,5
disgust,http://farm6.staticflickr.com/5093/5406300065_855fedb112_z.jpg,5,0
disgust,http://farm3.staticflickr.com/2320/2490286135_eedb13b5dc_z.jpg,5,0
disgust,http://farm3.staticflickr.com/2795/4125777095_02782980d7_z.jpg,5,0
disgust,http://farm7.staticflickr.com/6052/5887595018_0654fd79a6_z.jpg,5,0
disgust,http://farm6.staticflickr.com/5501/9636986469_a35a46a34b_z.jpg,3,0
disgust,http://farm2.staticflickr.com/1155/3168140654_c0c7b63d24_z.jpg,1,4
disgust,http://farm1.staticflickr.com/188/389115213_7674699242_z.jpg,5,0
disgust,http://farm6.staticflickr.com/5585/14760523056_9d62b216ba_z.jpg,5,0
disgust,http://farm4.staticflickr.com/3134/3152228557_20a848fd83_z.jpg,5,0
disgust,http://farm4.staticflickr.com/3721/11604848465_300bed4cab_z.jpg,5,0
disgust,http://farm8.staticflickr.com/7044/6861066410_090b045621_z.jpg,3,2
disgust,http://farm6.staticflickr.com/5312/5865053201_3784950924_z.jpg,5,0
disgust,http://farm8.staticflickr.com/7153/6685967057_f51506ffa9_z.jpg,5,0
disgust,http://farm2.staticflickr.com/1009/1433653399_0bd63dfc1d_z.jpg,5,0
disgust,http://farm7.staticflickr.com/6170/6167830357_cd4fcbb943_z.jpg,1,4
disgust,http://farm8.staticflickr.com/7383/13819284854_d67050edfc_z.jpg,5,0
disgust,http://farm9.staticflickr.com/8417/8859325674_5fda14734b_z.jpg,2,2
disgust,http://farm5.staticflickr.com/4038/4565418715_61600a1ce2_z.jpg,5,0
disgust,http://farm8.staticflickr.com/7449/10247041573_6ef83a193a_z.jpg,4,1
disgust,http://farm4.staticflickr.com/3789/9544847081_ce4260174e_z.jpg,5,0
disgust,http://farm6.staticflickr.com/5516/10959660303_fe2ff39dbd_z.jpg,5,0
disgust,http://farm9.staticflickr.com/8051/8435045480_294b1b3560_z.jpg,3,2
disgust,http://farm3.staticflickr.com/2357/2420754584_9364a6d91b_z.jpg,5,0
disgust,http://farm4.staticflickr.com/3151/2867945631_61f345fd35_z.jpg,2,3
disgust,http://farm8.staticflickr.com/7027/6760318327_17cfb11b92_z.jpg,5,0
disgust,http://farm4.staticflickr.com/3349/3624313623_04615fd7eb_z.jpg,5,0
disgust,http://farm1.staticflickr.com/52/132461950_c90690c0c2_z.jpg,5,0
disgust,http://farm4.staticflickr.com/3848/14828394857_1725ef926f_z.jpg,3,0
disgust,http://farm3.staticflickr.com/2597/3735841172_eb4451c765_z.jpg,5,0
disgust,http://farm1.staticflickr.com/145/377229077_e5ff5f1076_z.jpg,2,3
disgust,http://farm4.staticflickr.com/3202/2514953225_3d367212ea_z.jpg,5,0
disgust,http://farm9.staticflickr.com/8152/7286470498_c9ba06f9e7_z.jpg,5,0
disgust,http://farm4.staticflickr.com/3454/3256095247_37293dd3e9_z.jpg,1,4
disgust,http://farm1.staticflickr.com/83/222376653_1293f37dfb_z.jpg,5,0
disgust,http://farm4.staticflickr.com/3052/2861189142_4bf52a6bbb_z.jpg,4,1
disgust,http://farm4.staticflickr.com/3292/2989005578_b1cce16c4a_z.jpg,4,1
disgust,http://farm2.staticflickr.com/1203/595084263_35d809ea79_z.jpg,4,1
disgust,http://farm7.staticflickr.com/6066/6209807041_248799e551_z.jpg,0,5
disgust,http://farm4.staticflickr.com/3896/14902238685_dbcdcf8e1d_z.jpg,5,0
disgust,http://farm4.staticflickr.com/3455/3245833206_7f854cb9da_z.jpg,4,1
disgust,http://farm7.staticflickr.com/6227/6270671131_cdaebdb5a0_z.jpg,5,0
disgust,http://farm7.staticflickr.com/6072/6104163189_f8d3d1a078_z.jpg,2,3
disgust,http://farm7.staticflickr.com/6161/6149138725_c82c4bb668_z.jpg,5,0
disgust,http://farm6.staticflickr.com/5288/5229612591_b2f7e8ef6d_z.jpg,5,0
disgust,http://farm4.staticflickr.com/3893/14774560192_0e34d7c863_z.jpg,4,1
disgust,http://farm3.staticflickr.com/2016/2044512890_0d2dbea67d_z.jpg,5,0
disgust,http://farm5.staticflickr.com/4077/4855933732_8188a764ab_z.jpg,5,0
disgust,http://farm5.staticflickr.com/4090/5136462209_557b3b4f38_z.jpg,5,0
disgust,http://farm3.staticflickr.com/2052/2863716206_22e2d4ec46_z.jpg,5,0
disgust,http://farm1.staticflickr.com/46/127784692_190a881d85_z.jpg,5,0
disgust,http://farm8.staticflickr.com/7432/11421882665_e6481e96b7_z.jpg,5,0
disgust,http://farm6.staticflickr.com/5585/14586833397_4455d796aa_z.jpg,5,0
disgust,http://farm3.staticflickr.com/2128/2240710945_1a86bb4b22_z.jpg,5,0
disgust,http://farm1.staticflickr.com/131/321924366_36d4ee18f3_z.jpg,5,0
disgust,http://farm4.staticflickr.com/3884/14598123579_7f27f582a2_z.jpg,5,0
disgust,http://farm3.staticflickr.com/2629/4186650672_9747c214fa_z.jpg,5,0
disgust,http://farm4.staticflickr.com/3397/3208500807_a888d6560f_z.jpg,4,0
disgust,http://farm3.staticflickr.com/2892/9485970118_a654bee038_z.jpg,5,0
disgust,http://farm3.staticflickr.com/2820/13630103173_8824906b9c_z.jpg,5,0
disgust,http://farm7.staticflickr.com/6138/6189525031_49057a069c_z.jpg,4,1
disgust,http://farm4.staticflickr.com/3142/2759474081_6f26367d1b_z.jpg,5,0
disgust,http://farm4.staticflickr.com/3206/2764137334_acb44f4ff0_z.jpg,5,0
disgust,http://farm6.staticflickr.com/5444/9520012762_479b94d5af_z.jpg,5,0
disgust,http://farm6.staticflickr.com/5109/5764856386_ab7961d938_z.jpg,5,0
disgust,http://farm4.staticflickr.com/3589/3327416256_c887fdcd47_z.jpg,0,5
disgust,http://farm8.staticflickr.com/7280/7729709922_67e30d06c9_z.jpg,5,0
disgust,http://farm4.staticflickr.com/3467/5838020173_0f553489d4_z.jpg,4,1
disgust,http://farm9.staticflickr.com/8495/8362197651_a63ef698b3_z.jpg,5,0
disgust,http://farm3.staticflickr.com/2761/5846904668_48c34ee3b0_z.jpg,4,0
disgust,http://farm5.staticflickr.com/4064/4704851592_a0a73d4b97_z.jpg,5,0
disgust,http://farm2.staticflickr.com/1122/821420947_7d9e31900e_z.jpg,1,4
disgust,http://farm5.staticflickr.com/4149/5104882558_6062120230_z.jpg,5,0
disgust,http://farm8.staticflickr.com/7248/7505829692_33ca396cef_z.jpg,5,0
disgust,http://farm9.staticflickr.com/8160/7403839142_77714199e8_z.jpg,5,0
disgust,http://farm6.staticflickr.com/5479/14484636834_dd0e083e6c_z.jpg,5,0
disgust,http://farm7.staticflickr.com/6152/6269519160_82c72c20b7_z.jpg,5,0
disgust,http://farm3.staticflickr.com/2438/3911950014_7a619e687a_z.jpg,5,0
disgust,http://farm3.staticflickr.com/2609/4233956701_1e4d017a11_z.jpg,5,0
disgust,http://farm4.staticflickr.com/3639/3589886604_f996b8b1fe_z.jpg,5,0
disgust,http://farm9.staticflickr.com/8160/7533672374_1d156d11d0_z.jpg,5,0
disgust,http://farm3.staticflickr.com/2725/4415458217_994345322f_z.jpg,5,0
disgust,http://farm8.staticflickr.com/7227/7212779180_a42af66d6a_z.jpg,5,0
disgust,http://farm5.staticflickr.com/4020/5130776646_633e237f10_z.jpg,5,0
disgust,http://farm3.staticflickr.com/2424/3600810828_dd9f340b4c_z.jpg,5,0
disgust,http://farm4.staticflickr.com/3327/3561478019_b3afedb2a8_z.jpg,5,0
disgust,http://farm3.staticflickr.com/2099/2054335380_77ef8def35_z.jpg,4,1
disgust,http://farm8.staticflickr.com/7212/13693774504_547637aa05_z.jpg,5,0
disgust,http://farm1.staticflickr.com/192/458342208_1b6320970f_z.jpg,2,3
disgust,http://farm4.staticflickr.com/3343/3207298574_104f30f77f_z.jpg,3,2
disgust,http://farm6.staticflickr.com/5576/14595396467_1b2919b35e_z.jpg,5,0
disgust,http://farm3.staticflickr.com/2162/2314807872_0d7372efc4_z.jpg,5,0
disgust,http://farm7.staticflickr.com/6214/6262292652_b4562237d9_z.jpg,5,0
disgust,http://farm3.staticflickr.com/2877/9835867504_4b1a7f4d84_z.jpg,0,5
disgust,http://farm4.staticflickr.com/3663/3548968302_ea7f30377e_z.jpg,3,0
disgust,http://farm9.staticflickr.com/8311/8042524929_a3503bd92a_z.jpg,5,0
disgust,http://farm3.staticflickr.com/2887/9592297689_e6f92051be_z.jpg,5,0
disgust,http://farm3.staticflickr.com/2129/2266739886_73a43f875c_z.jpg,3,2
disgust,http://farm1.staticflickr.com/19/102304195_60292e217b_z.jpg,4,1
disgust,http://farm3.staticflickr.com/2926/13693245183_8a8ca30f77_z.jpg,5,0
disgust,http://farm3.staticflickr.com/2357/2469961786_f674d7a539_z.jpg,2,2
disgust,http://farm8.staticflickr.com/7409/9665279753_c28e2e4863_z.jpg,2,3
disgust,http://farm9.staticflickr.com/8109/8614914301_28abfbb399_z.jpg,5,0
disgust,http://farm4.staticflickr.com/3043/2648086146_585ea5e853_z.jpg,5,0
disgust,http://farm6.staticflickr.com/5490/9514565676_df847fddca_z.jpg,5,0
disgust,http://farm9.staticflickr.com/8520/8674858074_116a9b7d07_z.jpg,5,0
disgust,http://farm9.staticflickr.com/8292/7530529472_6f64d341af_z.jpg,2,3
disgust,http://farm6.staticflickr.com/5161/5246216102_c752f16798_z.jpg,5,0
disgust,http://farm6.staticflickr.com/5151/7367610176_7d0944c329_z.jpg,3,0
disgust,http://farm4.staticflickr.com/3843/14750236595_e039c1094f_z.jpg,5,0
disgust,http://farm4.staticflickr.com/3654/3517079511_d92658433c_z.jpg,3,1
disgust,http://farm5.staticflickr.com/4048/4479930050_ca8e7c6aef_z.jpg,5,0
disgust,http://farm3.staticflickr.com/2133/2198889667_7dbb5e84eb_z.jpg,5,0
disgust,http://farm3.staticflickr.com/2416/5822521514_63f701d71c_z.jpg,4,1
disgust,http://farm8.staticflickr.com/7099/7286467494_9e8df0f25a_z.jpg,4,0
disgust,http://farm2.staticflickr.com/1201/833326729_87abd6d57a_z.jpg,5,0
disgust,http://farm4.staticflickr.com/3137/3052342053_8ce0e2e919_z.jpg,5,0
disgust,http://farm4.staticflickr.com/3265/2644325544_ef6e2dd85e_z.jpg,5,0
disgust,http://farm2.staticflickr.com/1333/580957094_4a6df1254c_z.jpg,5,0
disgust,http://farm1.staticflickr.com/61/190607205_daba4fb5af_z.jpg,4,1
disgust,http://farm3.staticflickr.com/2195/1957990137_8fb33f3f8a_z.jpg,5,0
disgust,http://farm8.staticflickr.com/7252/7659609916_1ab2b0bc97_z.jpg,5,0
disgust,http://farm3.staticflickr.com/2944/15393495656_b81ccb27b4_z.jpg,5,0
disgust,http://farm9.staticflickr.com/8502/8272688889_35ff3c4b41_z.jpg,5,0
disgust,http://farm4.staticflickr.com/3159/2759927456_19a0fd7720_z.jpg,4,1
disgust,http://farm4.staticflickr.com/3165/2776781274_24beb1f6f4_z.jpg,5,0
disgust,http://farm6.staticflickr.com/5595/14847944011_c0787be1ee_z.jpg,4,0
disgust,http://farm4.staticflickr.com/3243/2775954871_6105b48ff7_z.jpg,5,0
disgust,http://farm4.staticflickr.com/3542/3654853883_d5b9ed173d_z.jpg,5,0
disgust,http://farm6.staticflickr.com/5016/5388823266_c4470cd0bb_z.jpg,4,1
disgust,http://farm7.staticflickr.com/6071/6105476464_30f9d6f4d4_z.jpg,5,0
disgust,http://farm5.staticflickr.com/4140/4860329943_7796b0c739_z.jpg,5,0
disgust,http://farm4.staticflickr.com/3373/5843651897_79afcaa82e_z.jpg,4,0
disgust,http://farm4.staticflickr.com/3227/3034277631_76ba81aebc_z.jpg,5,0
disgust,http://farm5.staticflickr.com/4059/4211917810_7a4ce250db_z.jpg,1,4
disgust,http://farm9.staticflickr.com/8240/8662701038_1ab3f1c309_z.jpg,5,0
disgust,http://farm6.staticflickr.com/5487/9637976787_2ebc6bef6b_z.jpg,5,0
disgust,http://farm8.staticflickr.com/7402/11605181664_4168c336e9_z.jpg,5,0
disgust,http://farm6.staticflickr.com/5011/5459360853_a67ba49085_z.jpg,5,0
disgust,http://farm9.staticflickr.com/8245/8462144214_90d52916f6_z.jpg,5,0
disgust,http://farm4.staticflickr.com/3840/14595068048_a34a8b29a3_z.jpg,5,0
disgust,http://farm6.staticflickr.com/5561/14596613390_cf873528fe_z.jpg,5,0
disgust,http://farm4.staticflickr.com/3451/3272420013_83a7295daf_z.jpg,2,3
disgust,http://farm3.staticflickr.com/2592/3736424284_6367197d11_z.jpg,5,0
disgust,http://farm6.staticflickr.com/5026/5681698491_68333d57d2_z.jpg,4,1
disgust,http://farm9.staticflickr.com/8077/8275586044_1ba87fa062_z.jpg,5,0
disgust,http://farm1.staticflickr.com/145/416039420_d2beab2e93_z.jpg,5,0
disgust,http://farm4.staticflickr.com/3134/3195768640_b05d170f0c_z.jpg,4,1
disgust,http://farm6.staticflickr.com/5091/13693608634_49d12cf58c_z.jpg,5,0
disgust,http://farm3.staticflickr.com/2930/14782062602_595c7098ce_z.jpg,5,0
disgust,http://farm2.staticflickr.com/1054/5098747909_c617eac87c_z.jpg,5,0
disgust,http://farm4.staticflickr.com/3585/3395618666_1c83b739a8_z.jpg,5,0
disgust,http://farm8.staticflickr.com/7147/6411707273_519b773009_z.jpg,5,0
disgust,http://farm5.staticflickr.com/4134/4874873989_608c906a1b_z.jpg,5,0
disgust,http://farm4.staticflickr.com/3109/3234301716_ff961d9746_z.jpg,5,0
disgust,http://farm4.staticflickr.com/3257/2837248333_02cec10725_z.jpg,2,3
disgust,http://farm5.staticflickr.com/4132/5073503696_149d9e4c3d_z.jpg,1,4
disgust,http://farm4.staticflickr.com/3711/8813122373_3d1d8b5e7b_z.jpg,1,4
disgust,http://farm4.staticflickr.com/3640/3669088684_9ff33c33e2_z.jpg,5,0
disgust,http://farm5.staticflickr.com/4065/4498786024_6323422869_z.jpg,5,0
disgust,http://farm4.staticflickr.com/3138/3290078660_674f77e5b8_z.jpg,5,0
disgust,http://farm3.staticflickr.com/2862/12827799894_00a6a575b1_z.jpg,4,1
disgust,http://farm4.staticflickr.com/3143/2289738712_fdf4920e87_z.jpg,5,0
disgust,http://farm9.staticflickr.com/8052/8147892998_3870751541_z.jpg,3,1
disgust,http://farm8.staticflickr.com/7149/6415304939_4b5693cab1_z.jpg,3,2
disgust,http://farm8.staticflickr.com/7311/14167165563_2c1347801f_z.jpg,4,0
disgust,http://farm4.staticflickr.com/3157/2920040015_eb9e38c048_z.jpg,5,0
disgust,http://farm8.staticflickr.com/7408/8794621183_108a5d7d96_z.jpg,5,0
disgust,http://farm2.staticflickr.com/1406/841298136_d29882e156_z.jpg,5,0
disgust,http://farm8.staticflickr.com/7185/6805659110_582e269463_z.jpg,4,1
disgust,http://farm4.staticflickr.com/3767/9183553235_e2fc8ae491_z.jpg,5,0
disgust,http://farm3.staticflickr.com/2062/2159167009_31963540da_z.jpg,2,3
disgust,http://farm4.staticflickr.com/3227/2664706068_aa1bdbee77_z.jpg,5,0
disgust,http://farm3.staticflickr.com/2392/1908250650_f77c977c09_z.jpg,3,2
disgust,http://farm7.staticflickr.com/6192/6050937749_ef132aca82_z.jpg,5,0
disgust,http://farm3.staticflickr.com/2785/4324858915_1b8b1939dd_z.jpg,3,2
disgust,http://farm3.staticflickr.com/2728/4495661503_63848f6cd0_z.jpg,5,0
disgust,http://farm4.staticflickr.com/3221/2911359710_f67da3f376_z.jpg,3,1
disgust,http://farm4.staticflickr.com/3135/2726963515_e063976535_z.jpg,4,1
disgust,http://farm8.staticflickr.com/7184/6931312160_819cbc446d_z.jpg,0,5
disgust,http://farm3.staticflickr.com/2045/2438516754_1c897bb4a2_z.jpg,4,1
disgust,http://farm5.staticflickr.com/4007/4689545062_89328be9d7_z.jpg,5,0
disgust,http://farm9.staticflickr.com/8678/15876448598_d5bc80d671_z.jpg,5,0
disgust,http://farm3.staticflickr.com/2324/2277930445_8698be15f5_z.jpg,5,0
disgust,http://farm4.staticflickr.com/3426/5843651431_a4bab91c3b_z.jpg,5,0
disgust,http://farm4.staticflickr.com/3248/2395558855_62f4cc061c_z.jpg,5,0
disgust,http://farm6.staticflickr.com/5251/5524745026_036b72e193_z.jpg,5,0
disgust,http://farm2.staticflickr.com/1295/4679776566_c723a728f1_z.jpg,5,0
disgust,http://farm4.staticflickr.com/3031/2564743400_a83f5e9d87_z.jpg,5,0
disgust,http://farm4.staticflickr.com/3556/3503472747_e8bb421300_z.jpg,5,0
disgust,http://farm6.staticflickr.com/5043/5230204544_91b308325d_z.jpg,5,0
disgust,http://farm5.staticflickr.com/4066/4453334879_d3bed44e79_z.jpg,5,0
disgust,http://farm4.staticflickr.com/3253/2781121821_876892aaa0_z.jpg,3,2
disgust,http://farm3.staticflickr.com/2936/14761992344_21ff70acb0_z.jpg,5,0
disgust,http://farm3.staticflickr.com/2501/3785945119_7243b32e35_z.jpg,5,0
disgust,http://farm6.staticflickr.com/5568/15200376405_5de20b42e3_z.jpg,5,0
disgust,http://farm5.staticflickr.com/4106/4949614501_a26ab3c298_z.jpg,4,0
disgust,http://farm1.staticflickr.com/154/407806935_4955f83831_z.jpg,5,0
disgust,http://farm4.staticflickr.com/3741/9295250540_168878070e_z.jpg,4,0
disgust,http://farm8.staticflickr.com/7365/9115966189_9e208295ab_z.jpg,5,0
disgust,http://farm8.staticflickr.com/7372/9116626715_28fb17bae7_z.jpg,5,0
disgust,http://farm6.staticflickr.com/5570/15009597798_37d44d2c3c_z.jpg,5,0
disgust,http://farm3.staticflickr.com/2423/4018089383_876eb86240_z.jpg,4,1
disgust,http://farm6.staticflickr.com/5086/5305299363_e34494152a_z.jpg,5,0
disgust,http://farm3.staticflickr.com/2925/14236003842_e5cc7c605e_z.jpg,4,1
disgust,http://farm8.staticflickr.com/7211/7281648926_dd266fa59f_z.jpg,5,0
disgust,http://farm5.staticflickr.com/4072/4434857293_aa2a8fd5fa_z.jpg,4,1
disgust,http://farm3.staticflickr.com/2670/3840067975_f04bb58932_z.jpg,5,0
disgust,http://farm4.staticflickr.com/3376/3620352430_5b51180894_z.jpg,4,0
disgust,http://farm5.staticflickr.com/4008/4681353620_037f173e08_z.jpg,5,0
disgust,http://farm9.staticflickr.com/8527/8471785080_da2d59f68d_z.jpg,0,5
disgust,http://farm3.staticflickr.com/2917/14745746131_0e421894e7_z.jpg,5,0
disgust,http://farm7.staticflickr.com/6094/6282974465_cae6bae2a1_z.jpg,5,0
disgust,http://farm4.staticflickr.com/3034/2881459515_fe7313e07f_z.jpg,1,4
disgust,http://farm4.staticflickr.com/3043/3147602997_5f1d504acb_z.jpg,5,0
disgust,http://farm3.staticflickr.com/2839/9640806070_58fa96631d_z.jpg,5,0
disgust,http://farm6.staticflickr.com/5109/5776231301_3a0c1642d8_z.jpg,5,0
disgust,http://farm3.staticflickr.com/2151/2102935025_d7f554c05c_z.jpg,4,0
disgust,http://farm4.staticflickr.com/3285/3039961596_5a16d1f042_z.jpg,4,0
disgust,http://farm9.staticflickr.com/8335/8132870013_5b064ec7ef_z.jpg,5,0
disgust,http://farm8.staticflickr.com/7080/7286476052_f008bc4e11_z.jpg,5,0
disgust,http://farm1.staticflickr.com/142/319923070_bcda81186e_z.jpg,5,0
disgust,http://farm4.staticflickr.com/3138/3017256648_1d96f43c10_z.jpg,5,0
disgust,http://farm4.staticflickr.com/3091/3167474096_31d17f6b4b_z.jpg,5,0
disgust,http://farm4.staticflickr.com/3351/3299401206_9f55055e18_z.jpg,5,0
disgust,http://farm3.staticflickr.com/2522/4111947091_a696ae59a6_z.jpg,5,0
disgust,http://farm4.staticflickr.com/3013/2967153682_e98c9fbeb4_z.jpg,5,0
disgust,http://farm2.staticflickr.com/1300/1084024995_cafca97b78_z.jpg,5,0
disgust,http://farm9.staticflickr.com/8069/8174919134_677b6faef9_z.jpg,4,1
disgust,http://farm4.staticflickr.com/3651/3361370550_2a1296a40b_z.jpg,5,0
disgust,http://farm7.staticflickr.com/6168/6236576231_858cb100d4_z.jpg,4,0
disgust,http://farm3.staticflickr.com/2854/13693535625_d2965dac65_z.jpg,4,0
disgust,http://farm4.staticflickr.com/3135/3052412536_1c14a3b717_z.jpg,5,0
disgust,http://farm4.staticflickr.com/3396/3497581833_452182ac2f_z.jpg,5,0
disgust,http://farm3.staticflickr.com/2219/2506958541_5fd1702665_z.jpg,4,1
disgust,http://farm4.staticflickr.com/3468/3239699528_a1d7eb66d1_z.jpg,5,0
disgust,http://farm9.staticflickr.com/8355/8320360692_d20f95f843_z.jpg,5,0
disgust,http://farm6.staticflickr.com/5450/7055633453_e50bf0d8d1_z.jpg,5,0
disgust,http://farm9.staticflickr.com/8382/8514655627_c729d8cf33_z.jpg,5,0
disgust,http://farm8.staticflickr.com/7083/7305245620_70c6e54966_z.jpg,4,1
disgust,http://farm5.staticflickr.com/4044/4254861118_9e775ae611_z.jpg,5,0
disgust,http://farm5.staticflickr.com/4139/4951486505_7380caf17b_z.jpg,5,0
disgust,http://farm4.staticflickr.com/3149/2554551937_8cc907f20d_z.jpg,3,2
disgust,http://farm8.staticflickr.com/7506/15476264069_4ca0907325_z.jpg,5,0
disgust,http://farm6.staticflickr.com/5175/5552148004_6e855b2b2a_z.jpg,5,0
disgust,http://farm4.staticflickr.com/3776/9141035055_7e01b23ec1_z.jpg,5,0
disgust,http://farm4.staticflickr.com/3293/2956661499_8a45a3987d_z.jpg,5,0
disgust,http://farm3.staticflickr.com/2570/4176644815_0d9f59a3e0_z.jpg,4,1
disgust,http://farm4.staticflickr.com/3113/2667494903_81e80d2808_z.jpg,5,0
disgust,http://farm7.staticflickr.com/6064/6036845592_dfca803a07_z.jpg,5,0
disgust,http://farm4.staticflickr.com/3038/3019298489_7fbe38d8d0_z.jpg,5,0
disgust,http://farm7.staticflickr.com/6190/6053735625_b5f5684fc3_z.jpg,5,0
disgust,http://farm5.staticflickr.com/4080/4788263175_b5b79ab03a_z.jpg,1,4
disgust,http://farm7.staticflickr.com/6164/6210326486_30a9ac2f5b_z.jpg,1,4
disgust,http://farm4.staticflickr.com/3284/2617688722_b278c61983_z.jpg,1,4
disgust,http://farm4.staticflickr.com/3003/2719703203_7ed1149eda_z.jpg,5,0
disgust,http://farm1.staticflickr.com/211/506685206_676177f096_z.jpg,5,0
disgust,http://farm5.staticflickr.com/4059/4537870920_1e416295a3_z.jpg,5,0
disgust,http://farm1.staticflickr.com/157/395776277_6a4b6227ed_z.jpg,5,0
disgust,http://farm4.staticflickr.com/3624/3612384655_f91949e476_z.jpg,5,0
disgust,http://farm4.staticflickr.com/3436/3876889303_b71f17880a_z.jpg,5,0
disgust,http://farm8.staticflickr.com/7015/6830326493_20f1380811_z.jpg,5,0
disgust,http://farm8.staticflickr.com/7116/7784472014_2a2ddcb8dd_z.jpg,5,0
disgust,http://farm3.staticflickr.com/2822/8998857700_b64a3e1846_z.jpg,2,3
disgust,http://farm1.staticflickr.com/90/247394108_3899b33c05_z.jpg,3,2
disgust,http://farm8.staticflickr.com/7442/15839148343_9dd287365e_z.jpg,5,0
disgust,http://farm9.staticflickr.com/8477/8275583676_92a5585016_z.jpg,5,0
disgust,http://farm1.staticflickr.com/54/130500265_ec867cdc58_z.jpg,5,0
disgust,http://farm3.staticflickr.com/2092/2145495023_259fa5dc73_z.jpg,4,1
disgust,http://farm3.staticflickr.com/2895/14586682099_6df0e0d0ff_z.jpg,5,0
disgust,http://farm4.staticflickr.com/3199/3014200871_24e1479ab4_z.jpg,5,0
disgust,http://farm9.staticflickr.com/8154/7262965688_b2285a8daa_z.jpg,5,0
disgust,http://farm8.staticflickr.com/7157/6843265855_236ba60239_z.jpg,5,0
disgust,http://farm5.staticflickr.com/4060/4387454386_0898c02592_z.jpg,5,0
disgust,http://farm3.staticflickr.com/2024/5798907693_4966b57fe9_z.jpg,5,0
disgust,http://farm8.staticflickr.com/7394/8870141092_426bd5d539_z.jpg,3,0
disgust,http://farm6.staticflickr.com/5588/14772626742_5c5a7a021a_z.jpg,5,0
disgust,http://farm9.staticflickr.com/8426/7676430310_de4a87823b_z.jpg,5,0
disgust,http://farm4.staticflickr.com/3756/13693542853_2990c8b4b6_z.jpg,5,0
disgust,http://farm4.staticflickr.com/3255/3159050646_968244b7d5_z.jpg,5,0
disgust,http://farm4.staticflickr.com/3498/5839434028_501a3014b3_z.jpg,4,1
disgust,http://farm6.staticflickr.com/5217/5530354361_679bb969fe_z.jpg,5,0
disgust,http://farm6.staticflickr.com/5511/13939356000_89c43263fd_z.jpg,5,0
disgust,http://farm3.staticflickr.com/2382/2124099715_fec9a73617_z.jpg,5,0
disgust,http://farm4.staticflickr.com/3679/9805166683_086a997c94_z.jpg,5,0
disgust,http://farm4.staticflickr.com/3232/2819535288_ce78c9aaf3_z.jpg,2,3
disgust,http://farm7.staticflickr.com/6024/5922148873_628bd6e7c7_z.jpg,3,0
disgust,http://farm7.staticflickr.com/6083/6141188555_87ab0eac52_z.jpg,1,4
disgust,http://farm4.staticflickr.com/3041/2507904955_d43a7928b1_z.jpg,5,0
disgust,http://farm2.staticflickr.com/1201/1450131916_e24b98467e_z.jpg,5,0
disgust,http://farm9.staticflickr.com/8476/8141767315_c4500fec87_z.jpg,2,3
disgust,http://farm4.staticflickr.com/3317/3332147466_90be240861_z.jpg,5,0
disgust,http://farm4.staticflickr.com/3180/2841561065_cda8db1ca8_z.jpg,2,3
disgust,http://farm3.staticflickr.com/2697/4422897583_c2a5ee80a5_z.jpg,3,2
disgust,http://farm4.staticflickr.com/3227/2526376610_d0c75aeac6_z.jpg,5,0
disgust,http://farm9.staticflickr.com/8016/7678040590_14418f0d23_z.jpg,5,0
disgust,http://farm1.staticflickr.com/56/146428700_da8c57d94b_z.jpg,2,3
disgust,http://farm7.staticflickr.com/6210/6094123699_702f9ec111_z.jpg,2,3
disgust,http://farm6.staticflickr.com/5616/15608117150_9a74544c30_z.jpg,4,0
disgust,http://farm5.staticflickr.com/4013/4701666327_af04427d13_z.jpg,5,0
disgust,http://farm9.staticflickr.com/8225/8486759600_e9be11d46a_z.jpg,1,4
disgust,http://farm2.staticflickr.com/1392/5135805470_e2a2c54c42_z.jpg,5,0
disgust,http://farm6.staticflickr.com/5135/5456511070_b91310af7c_z.jpg,5,0
disgust,http://farm3.staticflickr.com/2889/9541241138_51a844c05f_z.jpg,4,0
disgust,http://farm4.staticflickr.com/3161/2758673110_e1b0105687_z.jpg,2,3
disgust,http://farm4.staticflickr.com/3001/5708783990_b8b7d4bea1_z.jpg,5,0
disgust,http://farm4.staticflickr.com/3128/5819322739_6ef11b5a5e_z.jpg,4,1
disgust,http://farm9.staticflickr.com/8397/8676173558_197e477edd_z.jpg,5,0
disgust,http://farm2.staticflickr.com/1057/758582416_45ea91e3fa_z.jpg,1,4
disgust,http://farm6.staticflickr.com/5309/5579755134_4b2c854f4a_z.jpg,5,0
disgust,http://farm5.staticflickr.com/4004/4417477337_d143aff1e7_z.jpg,5,0
disgust,http://farm4.staticflickr.com/3859/15014774826_315101ee7f_z.jpg,1,4
disgust,http://farm5.staticflickr.com/4061/4544638987_bc7a347c4a_z.jpg,5,0
disgust,http://farm6.staticflickr.com/5461/7221917270_d7980a529d_z.jpg,5,0
disgust,http://farm7.staticflickr.com/6145/5969947967_b4d31db6c5_z.jpg,5,0
disgust,http://farm4.staticflickr.com/3526/3459502978_37c40f6c73_z.jpg,5,0
disgust,http://farm1.staticflickr.com/135/325892592_3d6830c227_z.jpg,4,1
disgust,http://farm4.staticflickr.com/3408/3523403261_a580f7c741_z.jpg,5,0
disgust,http://farm5.staticflickr.com/4146/4949614009_050ec248a6_z.jpg,5,0
disgust,http://farm4.staticflickr.com/3917/15081178722_d381b4cfdd_z.jpg,3,2
disgust,http://farm4.staticflickr.com/3797/9641673356_8a3619e553_z.jpg,5,0
disgust,http://farm5.staticflickr.com/4043/4377255783_fe0e7fe78d_z.jpg,4,1
disgust,http://farm3.staticflickr.com/2550/4096826187_42787142c5_z.jpg,5,0
disgust,http://farm8.staticflickr.com/7331/9351626668_3112da0644_z.jpg,4,0
disgust,http://farm3.staticflickr.com/2040/2526854149_f8f767db6a_z.jpg,3,2
disgust,http://farm2.staticflickr.com/1101/1354079750_d12ce97060_z.jpg,5,0
disgust,http://farm2.staticflickr.com/1397/1437557099_ca595e7715_z.jpg,4,1
disgust,http://farm6.staticflickr.com/5214/5519740695_1fff97df75_z.jpg,2,3
disgust,http://farm5.staticflickr.com/4077/4740520746_568efc00bb_z.jpg,5,0
disgust,http://farm1.staticflickr.com/44/106935744_b06f981278_z.jpg,5,0
disgust,http://farm1.staticflickr.com/59/174267489_1494e42848_z.jpg,5,0
disgust,http://farm3.staticflickr.com/2769/5844927556_139d1a0c74_z.jpg,5,0
disgust,http://farm4.staticflickr.com/3797/10160872976_9bf7a5450e_z.jpg,5,0
disgust,http://farm6.staticflickr.com/5090/5368050421_4f3f53610c_z.jpg,5,0
disgust,http://farm4.staticflickr.com/3560/5746479026_77fa052985_z.jpg,2,3
disgust,http://farm4.staticflickr.com/3648/3334669420_0bea1ae84d_z.jpg,1,4
disgust,http://farm4.staticflickr.com/3308/3195936240_ee3325c996_z.jpg,0,5
disgust,http://farm3.staticflickr.com/2759/5843634935_34fc288feb_z.jpg,5,0
disgust,http://farm4.staticflickr.com/3133/2827304565_b8593d8146_z.jpg,4,1
disgust,http://farm4.staticflickr.com/3060/2741580588_0720f73c6f_z.jpg,0,5
disgust,http://farm4.staticflickr.com/3437/3706677846_569dc04bb5_z.jpg,1,4
disgust,http://farm4.staticflickr.com/3818/11967875145_51ae729c5d_z.jpg,3,2
disgust,http://farm8.staticflickr.com/7441/9206538483_a0b3a31116_z.jpg,5,0
disgust,http://farm6.staticflickr.com/5584/14773279755_6c2fbc3443_z.jpg,5,0
disgust,http://farm4.staticflickr.com/3063/3071369597_965314fe95_z.jpg,4,1
disgust,http://farm1.staticflickr.com/110/286743615_7eb43d83e0_z.jpg,5,0
disgust,http://farm7.staticflickr.com/6086/6092447433_91200553fc_z.jpg,5,0
disgust,http://farm3.staticflickr.com/2177/2148076705_7986f4afaa_z.jpg,5,0
disgust,http://farm9.staticflickr.com/8475/8416265835_e9bec4afb2_z.jpg,5,0
disgust,http://farm9.staticflickr.com/8012/7108108173_815e6fa4cb_z.jpg,1,4
disgust,http://farm3.staticflickr.com/2016/2317146344_505ef0dff7_z.jpg,4,1
disgust,http://farm5.staticflickr.com/4092/5169870480_18908ed7f0_z.jpg,5,0
disgust,http://farm3.staticflickr.com/2055/2143354540_62f85e1df1_z.jpg,5,0
disgust,http://farm9.staticflickr.com/8432/7713805002_fc9192ae4d_z.jpg,5,0
disgust,http://farm1.staticflickr.com/138/367704961_1bf12de9ae_z.jpg,5,0
disgust,http://farm6.staticflickr.com/5006/5247521219_94bfa0f5d5_z.jpg,5,0
disgust,http://farm3.staticflickr.com/2838/9565151690_3a0d7f6c82_z.jpg,5,0
disgust,http://farm2.staticflickr.com/1232/1343573564_d57ef9acea_z.jpg,5,0
disgust,http://farm7.staticflickr.com/6065/6127351854_4a71a6bc59_z.jpg,1,4
disgust,http://farm4.staticflickr.com/3665/11021661696_ac5bf38e44_z.jpg,5,0
disgust,http://farm3.staticflickr.com/2173/2170401940_e579b12cf9_z.jpg,5,0
disgust,http://farm1.staticflickr.com/194/453688043_115749f092_z.jpg,1,4
disgust,http://farm4.staticflickr.com/3703/12752835603_7f55bb6fb2_z.jpg,5,0
disgust,http://farm1.staticflickr.com/136/361741405_d1fc1efb36_z.jpg,0,5
disgust,http://farm8.staticflickr.com/7197/6801783154_7b8111bae9_z.jpg,4,1
disgust,http://farm5.staticflickr.com/4034/5143879418_5a55a1e3a0_z.jpg,3,2
disgust,http://farm9.staticflickr.com/8470/8132863879_3bf96a1801_z.jpg,5,0
disgust,http://farm4.staticflickr.com/3163/2308797895_13cffb4b84_z.jpg,1,4
disgust,http://farm3.staticflickr.com/2501/3962310001_6d24cb94c7_z.jpg,4,1
disgust,http://farm2.staticflickr.com/1206/5135827986_bef6d89fe9_z.jpg,5,0
disgust,http://farm6.staticflickr.com/5342/9640227040_b68441ff6b_z.jpg,5,0
disgust,http://farm3.staticflickr.com/2165/2187187834_658694e672_z.jpg,5,0
disgust,http://farm8.staticflickr.com/7424/10863487873_d7d94b1659_z.jpg,5,0
disgust,http://farm4.staticflickr.com/3207/3078827688_062077f2e5_z.jpg,4,0
disgust,http://farm7.staticflickr.com/6179/6261786867_22be9ddf8d_z.jpg,5,0
disgust,http://farm4.staticflickr.com/3845/14774608451_7ea17841a1_z.jpg,5,0
disgust,http://farm1.staticflickr.com/58/206456280_a21863d273_z.jpg,5,0
disgust,http://farm4.staticflickr.com/3166/5754344977_9eb5ede30b_z.jpg,4,1
disgust,http://farm3.staticflickr.com/2465/3736310558_d89f446dbe_z.jpg,4,0
disgust,http://farm4.staticflickr.com/3038/4553021002_b20ff7b481_z.jpg,5,0
disgust,http://farm3.staticflickr.com/2589/5844203470_bf92c4df6b_z.jpg,3,0
disgust,http://farm4.staticflickr.com/3801/9724804574_be78fb547a_z.jpg,2,3
disgust,http://farm4.staticflickr.com/3250/3034547388_fab9354890_z.jpg,5,0
disgust,http://farm1.staticflickr.com/247/3163228469_19495643c6_z.jpg,3,0
disgust,http://farm1.staticflickr.com/212/496252174_b445b367ee_z.jpg,5,0
disgust,http://farm5.staticflickr.com/4148/4991517768_7d303e2fc0_z.jpg,3,1
disgust,http://farm4.staticflickr.com/3354/4626885645_790b4a5002_z.jpg,3,2
disgust,http://farm3.staticflickr.com/2936/14596108809_ffcb8f0472_z.jpg,4,0
disgust,http://farm8.staticflickr.com/7466/16056580135_835c59e6ac_z.jpg,5,0
disgust,http://farm9.staticflickr.com/8358/8338978045_7c44befcb9_z.jpg,5,0
disgust,http://farm4.staticflickr.com/3115/2719161823_045b2a285d_z.jpg,4,0
disgust,http://farm2.staticflickr.com/1414/5319545699_75aea0cb6d_z.jpg,4,1
disgust,http://farm2.staticflickr.com/1329/1332685821_0e51ae7fd7_z.jpg,5,0
disgust,http://farm3.staticflickr.com/2716/4426332337_c6f8772eb0_z.jpg,5,0
disgust,http://farm8.staticflickr.com/7433/11272808363_e3619aed3d_z.jpg,5,0
disgust,http://farm8.staticflickr.com/7093/7166482599_0fbb5e4dd0_z.jpg,2,3
disgust,http://farm8.staticflickr.com/7024/6779384513_fd64a3c820_z.jpg,5,0
disgust,http://farm4.staticflickr.com/3495/3188542736_32c2904529_z.jpg,5,0
disgust,http://farm3.staticflickr.com/2766/4314920742_3ec309f827_z.jpg,5,0
disgust,http://farm3.staticflickr.com/2282/2305727754_d548b0b403_z.jpg,5,0
disgust,http://farm4.staticflickr.com/3101/2765909279_e3bbd629e3_z.jpg,5,0
disgust,http://farm8.staticflickr.com/7514/15909542305_5e8c3ddcdf_z.jpg,5,0
disgust,http://farm8.staticflickr.com/7028/6512314131_af5d014ea3_z.jpg,5,0
disgust,http://farm2.staticflickr.com/1411/1479608436_8a675ea128_z.jpg,4,1
disgust,http://farm3.staticflickr.com/2567/4153414407_835d5cf295_z.jpg,5,0
disgust,http://farm4.staticflickr.com/3205/3604880805_56384fd9b1_z.jpg,4,1
disgust,http://farm4.staticflickr.com/3882/14777749132_f42aa914ca_z.jpg,5,0
disgust,http://farm3.staticflickr.com/2890/9422519629_43b3652f4d_z.jpg,5,0
disgust,http://farm8.staticflickr.com/7353/11352065626_13b2bed804_z.jpg,5,0
disgust,http://farm3.staticflickr.com/2161/2467834237_4c56796b2c_z.jpg,5,0
disgust,http://farm3.staticflickr.com/2017/2674348439_1a3edea239_z.jpg,2,3
disgust,http://farm5.staticflickr.com/4025/4250947756_8f49b817d9_z.jpg,5,0
disgust,http://farm6.staticflickr.com/5217/5402116759_73289fda18_z.jpg,5,0
disgust,http://farm4.staticflickr.com/3690/11099526946_eb1024141f_z.jpg,5,0
disgust,http://farm4.staticflickr.com/3873/15169486377_4744c60e15_z.jpg,5,0
disgust,http://farm4.staticflickr.com/3064/2733319889_2b344f5a8b_z.jpg,1,4
disgust,http://farm3.staticflickr.com/2373/1575345474_24251b3425_z.jpg,4,1
disgust,http://farm3.staticflickr.com/2851/10713591644_775c979098_z.jpg,5,0
disgust,http://farm3.staticflickr.com/2562/3702417528_c1a9e96e4f_z.jpg,4,1
disgust,http://farm2.staticflickr.com/1422/588785061_c618af1061_z.jpg,3,2
disgust,http://farm9.staticflickr.com/8071/8291588277_4596838395_z.jpg,4,1
disgust,http://farm5.staticflickr.com/4020/4467306346_a05884bd5f_z.jpg,4,1
disgust,http://farm4.staticflickr.com/3217/2350726378_b93fd14ed0_z.jpg,5,0
disgust,http://farm3.staticflickr.com/2725/4082931695_84bffbb812_z.jpg,5,0
disgust,http://farm8.staticflickr.com/7432/14009940778_c8266debff_z.jpg,4,0
disgust,http://farm4.staticflickr.com/3252/2446003221_6f3c5f4d3b_z.jpg,5,0
disgust,http://farm3.staticflickr.com/2178/1934079477_cd36e3c870_z.jpg,5,0
disgust,http://farm7.staticflickr.com/6201/6092446779_d2b3301b64_z.jpg,5,0
disgust,http://farm1.staticflickr.com/95/226672340_87f7cf02c0_z.jpg,5,0
disgust,http://farm4.staticflickr.com/3417/5712022325_39904b83a0_z.jpg,5,0
disgust,http://farm3.staticflickr.com/2039/2379196746_ef692c64c3_z.jpg,4,1
disgust,http://farm8.staticflickr.com/7399/9536663150_dabc4bb63e_z.jpg,5,0
disgust,http://farm4.staticflickr.com/3222/2739207880_fc9dbc8664_z.jpg,5,0
disgust,http://farm4.staticflickr.com/3953/14931370603_75af4aa01e_z.jpg,5,0
disgust,http://farm4.staticflickr.com/3156/3034542768_3a209402a7_z.jpg,5,0
disgust,http://farm3.staticflickr.com/2063/2062184859_81eafaec8a_z.jpg,4,1
disgust,http://farm3.staticflickr.com/2584/5843649413_b090bd3653_z.jpg,5,0
disgust,http://farm4.staticflickr.com/3724/11289725104_bc1127a480_z.jpg,5,0
disgust,http://farm2.staticflickr.com/1184/548609937_b8cd0a4eba_z.jpg,5,0
disgust,http://farm6.staticflickr.com/5459/9651913436_88a0e80daf_z.jpg,3,2
disgust,http://farm5.staticflickr.com/4058/5135231467_8a412e757a_z.jpg,5,0
disgust,http://farm4.staticflickr.com/3014/3033704397_418b845629_z.jpg,4,0
disgust,http://farm4.staticflickr.com/3068/2944761147_062c4b9b86_z.jpg,5,0
disgust,http://farm2.staticflickr.com/1313/1285902756_7e3c0bd24d_z.jpg,5,0
disgust,http://farm3.staticflickr.com/2731/4467698894_d0a2f8ef50_z.jpg,2,1
disgust,http://farm4.staticflickr.com/3904/14593952697_220d9aa859_z.jpg,5,0
disgust,http://farm9.staticflickr.com/8149/7477461612_949ccd3078_z.jpg,5,0
disgust,http://farm4.staticflickr.com/3811/13693816333_7ddb365b95_z.jpg,3,0
disgust,http://farm4.staticflickr.com/3364/3306946947_abfd9511a5_z.jpg,5,0
disgust,http://farm4.staticflickr.com/3857/14595281489_1f47f2bdbd_z.jpg,5,0
disgust,http://farm7.staticflickr.com/6072/6092449737_7f0e1792b4_z.jpg,5,0
disgust,http://farm3.staticflickr.com/2621/4070063509_007b98e1d6_z.jpg,5,0
disgust,http://farm7.staticflickr.com/6076/6054287572_1407bc5b06_z.jpg,5,0
disgust,http://farm8.staticflickr.com/7348/9788274325_0464af130d_z.jpg,5,0
disgust,http://farm1.staticflickr.com/47/170490630_a342428913_z.jpg,5,0
disgust,http://farm4.staticflickr.com/3812/11289702976_10a7562e4a_z.jpg,5,0
disgust,http://farm5.staticflickr.com/4153/5015490411_af297652bd_z.jpg,1,4
disgust,http://farm6.staticflickr.com/5071/5844240000_08a39b9d6a_z.jpg,3,2
disgust,http://farm3.staticflickr.com/2091/2273263629_4b78efefc2_z.jpg,4,1
disgust,http://farm4.staticflickr.com/3226/2780762388_ebdd7eb4d9_z.jpg,3,2
disgust,http://farm6.staticflickr.com/5155/5905577708_894654019d_z.jpg,5,0
disgust,http://farm1.staticflickr.com/160/346611517_53e40ee753_z.jpg,5,0
disgust,http://farm3.staticflickr.com/2591/4156009971_5ec636920b_z.jpg,4,0
disgust,http://farm2.staticflickr.com/1324/615441578_521a738215_z.jpg,5,0
disgust,http://farm6.staticflickr.com/5150/5579340542_838f6995da_z.jpg,3,0
disgust,http://farm8.staticflickr.com/7342/8717460181_6e6f443963_z.jpg,5,0
disgust,http://farm8.staticflickr.com/7043/6936256070_b1e05f4a36_z.jpg,5,0
disgust,http://farm3.staticflickr.com/2115/2338548224_e5debe1b2a_z.jpg,5,0
disgust,http://farm3.staticflickr.com/2278/2166330447_648f71ca75_z.jpg,5,0
disgust,http://farm4.staticflickr.com/3008/3977947733_eacfaf390d_z.jpg,4,0
disgust,http://farm3.staticflickr.com/2598/3856329470_80e3b9181c_z.jpg,1,4
disgust,http://farm2.staticflickr.com/1066/1472081979_3abd9cbeb5_z.jpg,1,4
disgust,http://farm3.staticflickr.com/2200/2470090453_054ab152e7_z.jpg,5,0
disgust,http://farm3.staticflickr.com/2783/4444718061_5248988348_z.jpg,4,1
disgust,http://farm9.staticflickr.com/8336/8387869550_97d4425e2f_z.jpg,4,1
disgust,http://farm4.staticflickr.com/3058/2560080788_1181d03af5_z.jpg,3,2
disgust,http://farm2.staticflickr.com/1106/545157745_14ea7a2dde_z.jpg,5,0
disgust,http://farm5.staticflickr.com/4116/4799556179_c27ee938ff_z.jpg,3,0
disgust,http://farm5.staticflickr.com/4154/4980226018_0c555d81c3_z.jpg,5,0
disgust,http://farm9.staticflickr.com/8019/7477227588_3dc6c9f9ab_z.jpg,5,0
disgust,http://farm4.staticflickr.com/3146/2719049515_c484ef3393_z.jpg,5,0
disgust,http://farm4.staticflickr.com/3592/3345317860_ef3cb10cce_z.jpg,5,0
disgust,http://farm7.staticflickr.com/6138/6202796421_914327d57e_z.jpg,5,0
disgust,http://farm4.staticflickr.com/3154/2646992935_f0f06ec833_z.jpg,5,0
disgust,http://farm4.staticflickr.com/3542/3622753137_af86cb94bb_z.jpg,5,0
disgust,http://farm4.staticflickr.com/3385/3552966725_d5f9bb04e9_z.jpg,5,0
disgust,http://farm3.staticflickr.com/2384/2584050368_90519fcd5a_z.jpg,5,0
disgust,http://farm5.staticflickr.com/4106/5096209994_815427dcd6_z.jpg,3,2
disgust,http://farm3.staticflickr.com/2858/11353954304_2e2a269419_z.jpg,3,0
disgust,http://farm4.staticflickr.com/3323/3504184046_6b99a58040_z.jpg,4,0
disgust,http://farm9.staticflickr.com/8088/8559684615_dfa77ec276_z.jpg,3,0
disgust,http://farm4.staticflickr.com/3460/3793141687_97557172cc_z.jpg,4,0
disgust,http://farm3.staticflickr.com/2912/14785139995_8d68c05ae6_z.jpg,3,1
disgust,http://farm6.staticflickr.com/5259/5467449006_933e8c39b7_z.jpg,5,0
disgust,http://farm1.staticflickr.com/73/204955090_40181b0350_z.jpg,5,0
disgust,http://farm2.staticflickr.com/1157/5135820510_f4ac1ac19a_z.jpg,5,0
disgust,http://farm4.staticflickr.com/3381/3632260783_b9f6313a21_z.jpg,5,0
disgust,http://farm4.staticflickr.com/3797/12918774305_c1ee21f5b5_z.jpg,5,0
disgust,http://farm3.staticflickr.com/2907/14347819463_040622bd33_z.jpg,2,3
disgust,http://farm3.staticflickr.com/2164/2547009148_0ca8b3cfbc_z.jpg,5,0
disgust,http://farm8.staticflickr.com/7068/6865581191_809b2ae56c_z.jpg,5,0
disgust,http://farm4.staticflickr.com/3659/3602372627_d4ceedc58a_z.jpg,5,0
disgust,http://farm3.staticflickr.com/2274/2826150184_ba002ebf28_z.jpg,5,0
disgust,http://farm7.staticflickr.com/6186/6143528137_eb45b1bd24_z.jpg,5,0
disgust,http://farm2.staticflickr.com/1050/1188240012_ea1d860372_z.jpg,5,0
disgust,http://farm3.staticflickr.com/2118/2383153204_c1f32d6fbb_z.jpg,5,0
disgust,http://farm4.staticflickr.com/3186/2720381355_5ceb6e7e39_z.jpg,7,0
disgust,http://farm3.staticflickr.com/2371/2805889950_4726287f8e_z.jpg,5,0
disgust,http://farm9.staticflickr.com/8127/8953096353_4e8bba3704_z.jpg,5,0
disgust,http://farm4.staticflickr.com/3165/2417277395_e40d1629e3_z.jpg,4,0
disgust,http://farm4.staticflickr.com/3040/2543483795_a31cabba1a_z.jpg,4,0
disgust,http://farm2.staticflickr.com/1214/1388969116_06357a0332_z.jpg,5,0
disgust,http://farm6.staticflickr.com/5042/5347398844_1ce7dbbb8f_z.jpg,5,0
disgust,http://farm3.staticflickr.com/2806/13402279464_38743ec529_z.jpg,5,0
disgust,http://farm3.staticflickr.com/2083/2539240813_b9b3fbc4e2_z.jpg,5,0
disgust,http://farm3.staticflickr.com/2611/4122904802_09e4d8cc08_z.jpg,3,2
disgust,http://farm4.staticflickr.com/3864/14676473600_0d32994472_z.jpg,5,0
disgust,http://farm1.staticflickr.com/140/356503169_5d252584dc_z.jpg,4,0
disgust,http://farm8.staticflickr.com/7358/13540054184_16dd0e0b3d_z.jpg,0,5
disgust,http://farm7.staticflickr.com/6016/6010935939_9ced57186d_z.jpg,5,0
disgust,http://farm9.staticflickr.com/8154/7286468098_666800e6d8_z.jpg,5,0
disgust,http://farm8.staticflickr.com/7041/6887783079_946f87157f_z.jpg,5,0
disgust,http://farm3.staticflickr.com/2714/4519985793_0fe77c46f8_z.jpg,5,0
disgust,http://farm4.staticflickr.com/3063/2627514507_7f0d29aee6_z.jpg,3,2
disgust,http://farm3.staticflickr.com/2650/4101323018_347018190e_z.jpg,5,0
disgust,http://farm4.staticflickr.com/3588/3380705884_1c5dde1439_z.jpg,5,0
disgust,http://farm9.staticflickr.com/8270/10259602514_7737dc73a0_z.jpg,5,0
disgust,http://farm5.staticflickr.com/4134/4812643782_4e5ae3e4fe_z.jpg,4,1
disgust,http://farm4.staticflickr.com/3316/3599750059_b6147ecb69_z.jpg,5,0
disgust,http://farm9.staticflickr.com/8034/7975502710_93cef9c761_z.jpg,5,0
disgust,http://farm4.staticflickr.com/3831/11272968324_fce76018ee_z.jpg,5,0
disgust,http://farm3.staticflickr.com/2633/4083001119_1f037b52fa_z.jpg,5,0
disgust,http://farm1.staticflickr.com/195/451034118_9070117571_z.jpg,0,5
disgust,http://farm5.staticflickr.com/4130/5097329488_70ffe8d7c3_z.jpg,5,0
disgust,http://farm8.staticflickr.com/7348/9118840346_c5c9c9228a_z.jpg,5,0
disgust,http://farm4.staticflickr.com/3921/14750656124_29ba0c9864_z.jpg,5,0
disgust,http://farm3.staticflickr.com/2763/4323690040_29145510c9_z.jpg,5,0
disgust,http://farm4.staticflickr.com/3009/2951251370_5da08943fd_z.jpg,5,0
disgust,http://farm8.staticflickr.com/7244/14056766241_71461bf5d6_z.jpg,5,0
disgust,http://farm6.staticflickr.com/5179/5490361824_9264ee5a59_z.jpg,3,1
disgust,http://farm9.staticflickr.com/8105/8632297743_f120b55fb7_z.jpg,5,0
disgust,http://farm3.staticflickr.com/2391/2245311370_db093d391d_z.jpg,3,2
disgust,http://farm6.staticflickr.com/5346/8908912063_e76b8543bd_z.jpg,2,3
disgust,http://farm5.staticflickr.com/4110/5005977556_a376f8857a_z.jpg,4,1
disgust,http://farm3.staticflickr.com/2756/4462715831_5497227104_z.jpg,5,0
disgust,http://farm5.staticflickr.com/4028/4685815818_74b44624fb_z.jpg,3,1
disgust,http://farm3.staticflickr.com/2380/2404331878_752ee54959_z.jpg,2,3
disgust,http://farm5.staticflickr.com/4032/4385585454_62dc41772b_z.jpg,1,4
disgust,http://farm5.staticflickr.com/4022/4630343249_7a0a3c9311_z.jpg,5,0
disgust,http://farm4.staticflickr.com/3170/2719244677_7d01248e3f_z.jpg,5,0
disgust,http://farm6.staticflickr.com/5005/5229569265_f3a765089b_z.jpg,5,0
