disgust,http://farm9.staticflickr.com/8439/7757483348_ef39c5f2c6_z.jpg,5,0
disgust,http://farm1.staticflickr.com/108/289648953_3932c386aa_z.jpg,5,0
disgust,http://farm7.staticflickr.com/6202/6081950264_b9cc39bbf5_z.jpg,5,0
disgust,http://farm4.staticflickr.com/3690/10896802226_7d35f267d7_z.jpg,5,0
disgust,http://farm3.staticflickr.com/2076/2185982438_711530bf20_z.jpg,4,1
disgust,http://farm8.staticflickr.com/7427/9115967191_4ef263d1fe_z.jpg,5,0
disgust,http://farm3.staticflickr.com/2408/2469959428_c8d0ec0a45_z.jpg,1,4
disgust,http://farm3.staticflickr.com/2430/3534767565_3eb735ce57_z.jpg,5,0
disgust,http://farm8.staticflickr.com/7420/8778295640_86d9f96f88_z.jpg,5,0
disgust,http://farm3.staticflickr.com/2362/2198893967_8db17562f8_z.jpg,5,0
disgust,http://farm2.staticflickr.com/1351/4607585444_34b4f7c113_z.jpg,5,0
disgust,http://farm5.staticflickr.com/4003/4565019783_7bd36f0780_z.jpg,3,1
disgust,http://farm1.staticflickr.com/231/466518226_65e01644d2_z.jpg,2,3
disgust,http://farm5.staticflickr.com/4060/4349491984_aaa0b60296_z.jpg,4,1
disgust,http://farm9.staticflickr.com/8388/8626437151_13c709a7bd_z.jpg,5,0
disgust,http://farm1.staticflickr.com/142/325158976_1a47f2461d_z.jpg,2,3
disgust,http://farm1.staticflickr.com/92/246383110_7f2def5b49_z.jpg,5,0
disgust,http://farm2.staticflickr.com/1331/4724554829_a4d65362c0_z.jpg,5,0
disgust,http://farm4.staticflickr.com/3246/3060282801_189447ce34_z.jpg,5,0
disgust,http://farm4.staticflickr.com/3796/9681830355_2815711d63_z.jpg,5,0
disgust,http://farm4.staticflickr.com/3062/2562936727_4f7cc0f14a_z.jpg,5,0
disgust,http://farm3.staticflickr.com/2910/14776387412_8442235d67_z.jpg,5,0
disgust,http://farm6.staticflickr.com/5468/9638428331_7793a94c80_z.jpg,5,0
disgust,http://farm9.staticflickr.com/8004/7571569394_e3543e6967_z.jpg,5,0
disgust,http://farm5.staticflickr.com/4117/4869689057_8b2874406b_z.jpg,5,0
disgust,http://farm4.staticflickr.com/3814/9118846314_ae9674c7e6_z.jpg,5,0
disgust,http://farm4.staticflickr.com/3174/2768200703_e9757efa5d_z.jpg,5,0
disgust,http://farm8.staticflickr.com/7384/9115961507_80cc00a1a4_z.jpg,5,0
disgust,http://farm4.staticflickr.com/3799/10559085766_b9d94d5f7c_z.jpg,4,1
disgust,http://farm3.staticflickr.com/2571/3758298608_356d08706b_z.jpg,5,0
disgust,http://farm3.staticflickr.com/2322/2538785550_026ba60136_z.jpg,2,3
disgust,http://farm2.staticflickr.com/1366/5140503068_32591c2047_z.jpg,5,0
disgust,http://farm4.staticflickr.com/3014/2293127663_e606408d3f_z.jpg,5,0
disgust,http://farm8.staticflickr.com/7083/7334582142_1c3e6342ba_z.jpg,5,0
disgust,http://farm7.staticflickr.com/6026/5984235778_fef12d4321_z.jpg,5,0
disgust,http://farm8.staticflickr.com/7153/6513038439_37a8a024ee_z.jpg,5,0
disgust,http://farm8.staticflickr.com/7206/6906831437_d1613607c8_z.jpg,5,0
disgust,http://farm2.staticflickr.com/1041/1439583591_1e3e3061ac_z.jpg,5,0
disgust,http://farm4.staticflickr.com/3443/3232832864_e665bb27e2_z.jpg,5,0
disgust,http://farm4.staticflickr.com/3261/2647305695_03d1a7f6fe_z.jpg,5,0
disgust,http://farm5.staticflickr.com/4154/4845488208_582d9e3ae7_z.jpg,1,4
disgust,http://farm4.staticflickr.com/3230/3140477196_c9573a4026_z.jpg,5,0
disgust,http://farm4.staticflickr.com/3156/2850632620_dd7b62d75c_z.jpg,5,0
disgust,http://farm8.staticflickr.com/7172/6813014429_368ecf6b27_z.jpg,2,3
disgust,http://farm9.staticflickr.com/8465/8113331966_6c5718251e_z.jpg,5,0
disgust,http://farm5.staticflickr.com/4113/5205301312_1127eefaaf_z.jpg,5,0
disgust,http://farm8.staticflickr.com/7371/8849917337_29bb494e68_z.jpg,5,0
disgust,http://farm4.staticflickr.com/3412/5717952235_ef3060ae4c_z.jpg,4,1
disgust,http://farm4.staticflickr.com/3066/2584835898_c898d0dacc_z.jpg,4,1
disgust,http://farm4.staticflickr.com/3063/3108387271_447a779dfb_z.jpg,4,1
disgust,http://farm3.staticflickr.com/2320/2282472048_6fdef5b13d_z.jpg,5,0
disgust,http://farm4.staticflickr.com/3059/2984782948_a31664b4e9_z.jpg,5,0
disgust,http://farm4.staticflickr.com/3798/13175441384_de9b4284e1_z.jpg,5,0
disgust,http://farm6.staticflickr.com/5528/11043669354_2d94338f09_z.jpg,5,0
disgust,http://farm1.staticflickr.com/98/240862752_ee7d8337ee_z.jpg,5,0
disgust,http://farm9.staticflickr.com/8039/7892456854_be095a007e_z.jpg,1,4
disgust,http://farm4.staticflickr.com/3595/3290974174_0e1f5c116a_z.jpg,5,0
disgust,http://farm3.staticflickr.com/2740/4508039107_010661b678_z.jpg,5,0
disgust,http://farm5.staticflickr.com/4127/5002998362_699b347609_z.jpg,5,0
disgust,http://farm2.staticflickr.com/1035/1182596284_1917e04df7_z.jpg,3,2
disgust,http://farm6.staticflickr.com/5214/5488494575_945c5fd744_z.jpg,4,1
disgust,http://farm5.staticflickr.com/4099/4778934435_710186b27e_z.jpg,5,0
disgust,http://farm4.staticflickr.com/3157/3005232821_4fb8be2427_z.jpg,5,0
disgust,http://farm5.staticflickr.com/4075/4904581352_b1cf759138_z.jpg,3,2
disgust,http://farm6.staticflickr.com/5478/9557517194_1be98f6f63_z.jpg,4,1
disgust,http://farm1.staticflickr.com/40/240862370_2512c5ef9c_z.jpg,3,2
disgust,http://farm9.staticflickr.com/8235/8564335399_4dcbe13719_z.jpg,5,0
disgust,http://farm6.staticflickr.com/5188/5788412581_83bd04051f_z.jpg,2,3
disgust,http://farm4.staticflickr.com/3387/3594223265_4d52a4141e_z.jpg,4,1
disgust,http://farm7.staticflickr.com/6055/6330928779_b620be84a5_z.jpg,5,0
disgust,http://farm4.staticflickr.com/3180/2566537615_c40aeeebb4_z.jpg,0,5
disgust,http://farm9.staticflickr.com/8209/8176625704_0859480c12_z.jpg,4,1
disgust,http://farm6.staticflickr.com/5051/5399391602_1b341a3681_z.jpg,5,0
disgust,http://farm9.staticflickr.com/8348/8254075084_410a72ed5c_z.jpg,5,0
disgust,http://farm4.staticflickr.com/3592/3612340011_cc13a59beb_z.jpg,5,0
disgust,http://farm9.staticflickr.com/8369/8561590622_3704d42c72_z.jpg,3,2
disgust,http://farm2.staticflickr.com/1323/4725173196_7c68934bb9_z.jpg,5,0
disgust,http://farm3.staticflickr.com/2582/4124319038_9b6332a2a4_z.jpg,5,0
disgust,http://farm8.staticflickr.com/7496/15872980559_86304b9e8a_z.jpg,5,0
disgust,http://farm4.staticflickr.com/3571/3668274355_63c10635e2_z.jpg,5,0
disgust,http://farm2.staticflickr.com/1336/5135225043_ffe0ac169e_z.jpg,5,0
disgust,http://farm8.staticflickr.com/7401/13693496755_160c2194d2_z.jpg,5,0
disgust,http://farm6.staticflickr.com/5210/5341492789_185199f979_z.jpg,5,0
disgust,http://farm3.staticflickr.com/2919/14728292806_9749c4921b_z.jpg,5,0
disgust,http://farm8.staticflickr.com/7157/6600560521_3b3688d241_z.jpg,3,2
disgust,http://farm1.staticflickr.com/165/362853071_0da6881538_z.jpg,2,3
disgust,http://farm2.staticflickr.com/1241/1110618122_d192920aec_z.jpg,5,0
disgust,http://farm3.staticflickr.com/2200/2148976563_b839320e33_z.jpg,2,3
disgust,http://farm2.staticflickr.com/1357/812740287_1f964fe1b7_z.jpg,5,0
disgust,http://farm8.staticflickr.com/7232/7174100330_659a9e857f_z.jpg,1,4
disgust,http://farm4.staticflickr.com/3546/3635809902_ffc54099ae_z.jpg,5,0
disgust,http://farm6.staticflickr.com/5196/5806123551_14a8b4d55e_z.jpg,4,0
disgust,http://farm6.staticflickr.com/5498/11289949316_6ef38794ca_z.jpg,5,0
disgust,http://farm6.staticflickr.com/5281/5224093057_756f3c5ef8_z.jpg,3,2
disgust,http://farm6.staticflickr.com/5335/9581383561_648e07f1c7_z.jpg,5,0
disgust,http://farm8.staticflickr.com/7144/6773558757_147a793f0e_z.jpg,5,0
disgust,http://farm4.staticflickr.com/3256/5841364568_90ea857bfd_z.jpg,5,0
disgust,http://farm6.staticflickr.com/5190/5779701222_976cac3da0_z.jpg,5,0
disgust,http://farm4.staticflickr.com/3211/2650603657_778ddbc35a_z.jpg,5,0
disgust,http://farm3.staticflickr.com/2431/3726430484_9b719ff032_z.jpg,3,2
disgust,http://farm3.staticflickr.com/2722/4083673346_7cb9d24563_z.jpg,5,0
disgust,http://farm9.staticflickr.com/8319/7891449294_bbed71fe25_z.jpg,2,3
disgust,http://farm4.staticflickr.com/3451/3349978187_3f8176d87c_z.jpg,5,0
disgust,http://farm3.staticflickr.com/2905/13669424903_a1a2c6ce87_z.jpg,2,3
disgust,http://farm9.staticflickr.com/8514/8514445677_ebc7564683_z.jpg,5,0
disgust,http://farm4.staticflickr.com/3080/3109572453_2c391f0b30_z.jpg,5,0
disgust,http://farm9.staticflickr.com/8530/8538008569_af25b416bd_z.jpg,5,0
disgust,http://farm6.staticflickr.com/5572/14804505543_eb95dc5670_z.jpg,5,0
disgust,http://farm8.staticflickr.com/7396/9985004693_5ee7f802d6_z.jpg,5,0
disgust,http://farm6.staticflickr.com/5292/5393564556_8d9720d8fb_z.jpg,5,0
disgust,http://farm4.staticflickr.com/3667/12599689443_4e996bc07e_z.jpg,5,0
disgust,http://farm6.staticflickr.com/5206/5268678586_2d4504df1b_z.jpg,5,0
disgust,http://farm8.staticflickr.com/7323/10861042325_df0db29fde_z.jpg,5,0
disgust,http://farm1.staticflickr.com/46/137199402_00588d8fee_z.jpg,5,0
disgust,http://farm3.staticflickr.com/2147/5818083951_285751fc1c_z.jpg,5,0
disgust,http://farm9.staticflickr.com/8041/8049688794_da58357dd5_z.jpg,5,0
disgust,http://farm5.staticflickr.com/4069/4522832332_a5549f3717_z.jpg,5,0
disgust,http://farm4.staticflickr.com/3949/15651091385_174e676ffa_z.jpg,0,5
disgust,http://farm3.staticflickr.com/2247/2377530160_3ea92df0d4_z.jpg,5,0
disgust,http://farm4.staticflickr.com/3159/2758996253_0695e4c23b_z.jpg,4,1
disgust,http://farm6.staticflickr.com/5217/5407072715_8edf70a89a_z.jpg,3,2
disgust,http://farm4.staticflickr.com/3198/3074791484_0fa542b102_z.jpg,5,0
disgust,http://farm3.staticflickr.com/2757/4276462456_c1b8402738_z.jpg,5,0
disgust,http://farm9.staticflickr.com/8364/8308381768_01eb1119d6_z.jpg,4,1
disgust,http://farm3.staticflickr.com/2057/4514716341_2acd29302d_z.jpg,5,0
disgust,http://farm3.staticflickr.com/2144/2139720996_a623693f53_z.jpg,4,1
disgust,http://farm2.staticflickr.com/1194/3173704981_978a81bcbb_z.jpg,5,0
disgust,http://farm4.staticflickr.com/3245/2382110482_b724febaa6_z.jpg,5,0
disgust,http://farm4.staticflickr.com/3871/14780587994_b91f54e484_z.jpg,4,0
disgust,http://farm4.staticflickr.com/3552/3845407635_41bb901ae2_z.jpg,5,0
disgust,http://farm4.staticflickr.com/3864/14577824730_0f5ffc142d_z.jpg,5,0
disgust,http://farm6.staticflickr.com/5248/5233058295_b8198ab223_z.jpg,5,0
disgust,http://farm3.staticflickr.com/2711/13212225195_016c39da5f_z.jpg,5,0
disgust,http://farm9.staticflickr.com/8098/8456664821_6223d05e48_z.jpg,5,0
disgust,http://farm4.staticflickr.com/3549/3322192693_1f6416de13_z.jpg,5,0
disgust,http://farm6.staticflickr.com/5183/5631500705_7018868448_z.jpg,5,0
disgust,http://farm4.staticflickr.com/3011/2703527922_27b6940a3e_z.jpg,3,2
disgust,http://farm7.staticflickr.com/6023/5930669013_49e9060b37_z.jpg,4,1
disgust,http://farm9.staticflickr.com/8504/8340088623_2349d08880_z.jpg,3,2
disgust,http://farm6.staticflickr.com/5161/5373901287_471105cb9e_z.jpg,5,0
disgust,http://farm9.staticflickr.com/8083/8287793008_0f005c71b8_z.jpg,1,4
disgust,http://farm6.staticflickr.com/5244/5268059859_d75a66e8a4_z.jpg,5,0
disgust,http://farm8.staticflickr.com/7393/12810845984_c8ae02aaec_z.jpg,2,3
disgust,http://farm4.staticflickr.com/3525/5844193906_f7fd421749_z.jpg,5,0
disgust,http://farm3.staticflickr.com/2666/3718721380_fb493790df_z.jpg,1,4
disgust,http://farm4.staticflickr.com/3340/3480079538_6ba3e78e61_z.jpg,5,0
disgust,http://farm4.staticflickr.com/3146/2753438309_98e1ff3cd4_z.jpg,3,2
disgust,http://farm4.staticflickr.com/3025/3057532509_46136d88a6_z.jpg,5,0
disgust,http://farm1.staticflickr.com/115/303075043_f0118a0584_z.jpg,5,0
disgust,http://farm9.staticflickr.com/8483/8237522840_41e06a9f49_z.jpg,5,0
disgust,http://farm4.staticflickr.com/3416/4615334125_e49a9fdc61_z.jpg,5,0
disgust,http://farm6.staticflickr.com/5132/5471534268_c4041151b1_z.jpg,4,1
disgust,http://farm4.staticflickr.com/3205/3042194046_0a6f8d91b4_z.jpg,4,1
disgust,http://farm6.staticflickr.com/5608/15560190256_5f0b92d11b_z.jpg,5,0
disgust,http://farm3.staticflickr.com/2099/2265744639_d6cae2b9d2_z.jpg,5,0
disgust,http://farm4.staticflickr.com/3502/3274279412_119a3515f5_z.jpg,5,0
disgust,http://farm4.staticflickr.com/3114/2641596250_9be695468d_z.jpg,5,0
disgust,http://farm2.staticflickr.com/1328/1009261119_868b864c61_z.jpg,5,0
disgust,http://farm5.staticflickr.com/4015/4715889999_5fd56ae291_z.jpg,3,2
disgust,http://farm9.staticflickr.com/8295/7996944351_732dc70bd9_z.jpg,5,0
disgust,http://farm4.staticflickr.com/3119/2755291130_0bd467bd62_z.jpg,4,1
disgust,http://farm2.staticflickr.com/1245/1479104034_d9248676f2_z.jpg,5,0
disgust,http://farm9.staticflickr.com/8091/8585903974_c271f3974d_z.jpg,5,0
disgust,http://farm4.staticflickr.com/3175/2813099076_2863fb2d24_z.jpg,4,1
disgust,http://farm4.staticflickr.com/3228/2719054251_9d622d8f7c_z.jpg,5,0
disgust,http://farm4.staticflickr.com/3114/3125030325_e6ba56642e_z.jpg,5,0
disgust,http://farm3.staticflickr.com/2277/2472219898_aea9263113_z.jpg,5,0
disgust,http://farm6.staticflickr.com/5267/5843678095_67eeb92942_z.jpg,5,0
disgust,http://farm6.staticflickr.com/5451/9637937733_1aca8c09e4_z.jpg,5,0
disgust,http://farm8.staticflickr.com/7193/6811035188_d6b83e33ba_z.jpg,4,1
disgust,http://farm9.staticflickr.com/8126/8658893012_383952429d_z.jpg,5,0
disgust,http://farm3.staticflickr.com/2919/14601422018_4c6ea09a59_z.jpg,4,1
disgust,http://farm5.staticflickr.com/4129/5022254744_737025b3a1_z.jpg,4,1
disgust,http://farm4.staticflickr.com/3025/2358180832_4029bb4b33_z.jpg,5,0
disgust,http://farm4.staticflickr.com/3105/2793911701_91975a5172_z.jpg,5,0
disgust,http://farm3.staticflickr.com/2884/11290030733_8a55985506_z.jpg,5,0
disgust,http://farm3.staticflickr.com/2540/3736022977_d249717c7b_z.jpg,5,0
disgust,http://farm2.staticflickr.com/1264/1257648315_2bbde25ace_z.jpg,4,1
disgust,http://farm4.staticflickr.com/3235/3146187086_58947ee608_z.jpg,4,1
disgust,http://farm4.staticflickr.com/3275/2585982379_b933553ab6_z.jpg,5,0
disgust,http://farm4.staticflickr.com/3743/12620289943_7df8ce98fb_z.jpg,5,0
disgust,http://farm4.staticflickr.com/3105/3147160508_f35fe384bd_z.jpg,4,1
disgust,http://farm4.staticflickr.com/3290/2972438887_5cd01dcbeb_z.jpg,5,0
disgust,http://farm3.staticflickr.com/2179/2042818368_7e60ca5dba_z.jpg,1,4
disgust,http://farm2.staticflickr.com/1315/565568339_898b80f20b_z.jpg,5,0
disgust,http://farm3.staticflickr.com/2344/2200953318_76ab4cc384_z.jpg,5,0
disgust,http://farm5.staticflickr.com/4135/4885692862_f0095761cd_z.jpg,4,1
disgust,http://farm4.staticflickr.com/3630/4013223487_fa125cf2b8_z.jpg,5,0
disgust,http://farm3.staticflickr.com/2820/8849920363_29052b033c_z.jpg,5,0
disgust,http://farm7.staticflickr.com/6133/5996995976_45367c6c94_z.jpg,4,1
disgust,http://farm6.staticflickr.com/5445/8751905244_5de849c23e_z.jpg,5,0
disgust,http://farm1.staticflickr.com/166/398933012_05dc8ce061_z.jpg,3,2
disgust,http://farm5.staticflickr.com/4002/4469772671_f5ecc31925_z.jpg,4,1
disgust,http://farm4.staticflickr.com/3753/14308552154_06ab6005d3_z.jpg,5,0
disgust,http://farm5.staticflickr.com/4119/4774537536_ba0e88f6d0_z.jpg,3,2
disgust,http://farm1.staticflickr.com/155/410251690_4a1fdae513_z.jpg,5,0
disgust,http://farm4.staticflickr.com/3719/9386375901_fd31c08d49_z.jpg,3,2
disgust,http://farm6.staticflickr.com/5229/5608536332_fe7e653121_z.jpg,1,4
disgust,http://farm5.staticflickr.com/4050/4534090006_4a1ae92ab2_z.jpg,5,0
disgust,http://farm4.staticflickr.com/3356/3503447993_4d15abe933_z.jpg,5,0
disgust,http://farm4.staticflickr.com/3792/9293604118_6694cc3e2e_z.jpg,5,0
disgust,http://farm3.staticflickr.com/2007/2282495192_34962df81b_z.jpg,4,1
disgust,http://farm1.staticflickr.com/104/291533963_c9dbbaf7e6_z.jpg,4,1
disgust,http://farm4.staticflickr.com/3197/3139962837_e2e237d992_z.jpg,5,0
disgust,http://farm6.staticflickr.com/5344/7401819380_4eeb575b51_z.jpg,5,0
disgust,http://farm8.staticflickr.com/7160/6821017185_2bafe8f240_z.jpg,5,0
disgust,http://farm6.staticflickr.com/5245/5268059641_a356a47b13_z.jpg,4,1
disgust,http://farm3.staticflickr.com/2047/2195510540_cf02de5696_z.jpg,5,0
disgust,http://farm4.staticflickr.com/3148/2753106161_133786be8b_z.jpg,4,1
disgust,http://farm4.staticflickr.com/3568/3393858925_27becba18d_z.jpg,5,0
disgust,http://farm3.staticflickr.com/2946/15218756878_c9db205c0c_z.jpg,5,0
disgust,http://farm3.staticflickr.com/2781/4479354967_d002c69e29_z.jpg,0,5
disgust,http://farm4.staticflickr.com/3137/2563332987_d285426b1f_z.jpg,0,5
disgust,http://farm4.staticflickr.com/3061/2897398870_a6558146e7_z.jpg,5,0
disgust,http://farm1.staticflickr.com/49/132474086_4cc9e82674_z.jpg,5,0
disgust,http://farm2.staticflickr.com/1276/1227373892_6adf943009_z.jpg,5,0
disgust,http://farm8.staticflickr.com/7091/7320065680_95a668fefc_z.jpg,5,0
disgust,http://farm7.staticflickr.com/6114/6283488520_e65f1415d4_z.jpg,5,0
disgust,http://farm2.staticflickr.com/1278/5186903326_9c44151785_z.jpg,5,0
disgust,http://farm5.staticflickr.com/4145/4841019819_9692e13e0d_z.jpg,5,0
disgust,http://farm4.staticflickr.com/3269/3056426997_d3f02f462d_z.jpg,5,0
disgust,http://farm3.staticflickr.com/2877/9637478277_4480ef9fbe_z.jpg,5,0
disgust,http://farm4.staticflickr.com/3614/3347582366_e99de71878_z.jpg,5,0
disgust,http://farm4.staticflickr.com/3254/3090658203_9fd4372e48_z.jpg,5,0
disgust,http://farm4.staticflickr.com/3645/3347067841_46001fed27_z.jpg,5,0
disgust,http://farm4.staticflickr.com/3447/3308442835_0c79153e2d_z.jpg,3,2
disgust,http://farm3.staticflickr.com/2706/5758719695_4d709b404d_z.jpg,4,1
disgust,http://farm3.staticflickr.com/2341/1561716378_79256a3338_z.jpg,5,0
disgust,http://farm3.staticflickr.com/2734/4254391013_4c40058dae_z.jpg,3,2
disgust,http://farm8.staticflickr.com/7333/16257773247_faa343e45a_z.jpg,3,2
disgust,http://farm4.staticflickr.com/3272/5731371594_fc38a8c829_z.jpg,3,2
disgust,http://farm5.staticflickr.com/4028/4661425111_d09a218394_z.jpg,4,1
disgust,http://farm5.staticflickr.com/4019/4626860901_3767f83f47_z.jpg,2,3
disgust,http://farm3.staticflickr.com/2380/2246083661_a834e6ac6a_z.jpg,1,4
disgust,http://farm1.staticflickr.com/244/519008128_649e39955d_z.jpg,4,1
disgust,http://farm3.staticflickr.com/2301/3531277592_942c859fc9_z.jpg,5,0
disgust,http://farm7.staticflickr.com/6020/5994879064_d48cf76c4a_z.jpg,5,0
disgust,http://farm4.staticflickr.com/3397/5766723635_6f86eafa82_z.jpg,0,5
disgust,http://farm1.staticflickr.com/133/381316332_95c5df948e_z.jpg,2,3
disgust,http://farm3.staticflickr.com/2238/2113905791_3192e03893_z.jpg,5,0
disgust,http://farm6.staticflickr.com/5243/5356715670_5482b9e9e2_z.jpg,4,1
disgust,http://farm1.staticflickr.com/115/267468029_16735c26e6_z.jpg,5,0
disgust,http://farm9.staticflickr.com/8365/8563207260_de6918fc20_z.jpg,4,1
disgust,http://farm5.staticflickr.com/4115/4869679901_b86386e178_z.jpg,5,0
disgust,http://farm6.staticflickr.com/5108/5594635198_7fb67c1ac2_z.jpg,5,0
disgust,http://farm6.staticflickr.com/5444/10077625506_d09bc2f5ba_z.jpg,5,0
disgust,http://farm4.staticflickr.com/3132/2295581292_67c162c36a_z.jpg,5,0
disgust,http://farm4.staticflickr.com/3460/3235977489_6e75bc54af_z.jpg,5,0
disgust,http://farm3.staticflickr.com/2601/3783648624_18998b5f48_z.jpg,5,0
disgust,http://farm4.staticflickr.com/3182/2960533402_f90f6a43e4_z.jpg,5,0
disgust,http://farm4.staticflickr.com/3713/9293576126_47568991d0_z.jpg,5,0
disgust,http://farm3.staticflickr.com/2697/4083710508_ccbf1ce061_z.jpg,5,0
disgust,http://farm3.staticflickr.com/2502/3957656905_6f3a554af8_z.jpg,5,0
disgust,http://farm6.staticflickr.com/5603/15016537184_f190190270_z.jpg,4,1
disgust,http://farm7.staticflickr.com/6083/6143372298_766ef4f12e_z.jpg,5,0
disgust,http://farm4.staticflickr.com/3007/2536483087_786005a677_z.jpg,3,2
disgust,http://farm4.staticflickr.com/3585/3504318014_a528e0d939_z.jpg,5,0
disgust,http://farm5.staticflickr.com/4097/5411303393_b387220f67_z.jpg,5,0
disgust,http://farm7.staticflickr.com/6007/5961944573_baa4298c57_z.jpg,5,0
disgust,http://farm9.staticflickr.com/8451/7964714922_110445c5da_z.jpg,3,2
disgust,http://farm1.staticflickr.com/59/191355149_48be1c6994_z.jpg,5,0
disgust,http://farm3.staticflickr.com/2302/2122607175_e3b10b8a34_z.jpg,4,1
disgust,http://farm8.staticflickr.com/7410/9559069015_bcde8d4a36_z.jpg,5,0
disgust,http://farm4.staticflickr.com/3687/13384964264_c0feb2866c_z.jpg,3,2
disgust,http://farm9.staticflickr.com/8014/7306059446_6783057bdf_z.jpg,1,4
disgust,http://farm6.staticflickr.com/5164/5249252230_26ebdb937e_z.jpg,5,0
disgust,http://farm4.staticflickr.com/3224/3106862549_6341d7ff02_z.jpg,5,0
disgust,http://farm4.staticflickr.com/3159/3094866737_73cacd2b6c_z.jpg,5,0
disgust,http://farm2.staticflickr.com/1356/5102095138_71d4cc99d4_z.jpg,2,3
disgust,http://farm1.staticflickr.com/185/375109552_8896fdf7e9_z.jpg,1,4
disgust,http://farm4.staticflickr.com/3114/2827797687_5b502081ce_z.jpg,5,0
disgust,http://farm4.staticflickr.com/3191/2626380922_e4d48d0bd5_z.jpg,4,1
disgust,http://farm3.staticflickr.com/2890/9640784052_bc3c64313f_z.jpg,5,0
disgust,http://farm3.staticflickr.com/2933/14489493634_3a3b0c825b_z.jpg,5,0
disgust,http://farm6.staticflickr.com/5575/14781378694_f2997a74aa_z.jpg,5,0
disgust,http://farm3.staticflickr.com/2232/2335543356_a173ca6b9a_z.jpg,4,1
disgust,http://farm8.staticflickr.com/7030/6551505093_b4495ef52a_z.jpg,4,1
disgust,http://farm4.staticflickr.com/3558/3480094618_2f8543bac6_z.jpg,5,0
disgust,http://farm4.staticflickr.com/3229/3131720841_5c3df2e1ac_z.jpg,5,0
disgust,http://farm3.staticflickr.com/2742/4425596654_ffbed8c508_z.jpg,1,4
disgust,http://farm4.staticflickr.com/3517/3238855507_bd87a00268_z.jpg,5,0
disgust,http://farm3.staticflickr.com/2840/12614899103_bc0a061a9a_z.jpg,1,4
disgust,http://farm8.staticflickr.com/7114/7466024742_efbce6209e_z.jpg,5,0
disgust,http://farm5.staticflickr.com/4013/4432292934_c6a1ace377_z.jpg,1,4
disgust,http://farm8.staticflickr.com/7202/6968949594_814ababe54_z.jpg,4,1
disgust,http://farm2.staticflickr.com/1137/1479172664_0443c3a878_z.jpg,3,2
disgust,http://farm2.staticflickr.com/1406/1412903366_9bea626ba7_z.jpg,2,3
disgust,http://farm6.staticflickr.com/5452/8848596840_8fce7f5fbb_z.jpg,4,1
disgust,http://farm6.staticflickr.com/5052/5586347053_d76b06a420_z.jpg,5,0
disgust,http://farm3.staticflickr.com/2481/3925156484_71102ec09f_z.jpg,3,2
disgust,http://farm4.staticflickr.com/3394/3183374653_283a63cb76_z.jpg,5,0
disgust,http://farm4.staticflickr.com/3236/2698014608_4d577c4e77_z.jpg,5,0
disgust,http://farm4.staticflickr.com/3112/2914360719_0c44d94e95_z.jpg,5,0
disgust,http://farm1.staticflickr.com/76/197609012_205bdc8daf_z.jpg,4,1
disgust,http://farm6.staticflickr.com/5266/5686853647_bef1a7f371_z.jpg,4,1
disgust,http://farm3.staticflickr.com/2119/2401815035_e6056403b2_z.jpg,3,2
disgust,http://farm4.staticflickr.com/3541/3385004554_4c63e586a5_z.jpg,5,0
disgust,http://farm9.staticflickr.com/8029/7989748815_521db74932_z.jpg,5,0
disgust,http://farm2.staticflickr.com/1376/1010026858_0c850133c8_z.jpg,5,0
disgust,http://farm3.staticflickr.com/2839/9640294780_9d5f3c2efd_z.jpg,5,0
disgust,http://farm4.staticflickr.com/3200/2670572165_9bc08c2b4c_z.jpg,3,2
disgust,http://farm6.staticflickr.com/5018/5472200986_9ab4346bc4_z.jpg,5,0
disgust,http://farm4.staticflickr.com/3677/9972256693_65e3ff7ffe_z.jpg,5,0
disgust,http://farm5.staticflickr.com/4081/4885893923_829e773510_z.jpg,5,0
disgust,http://farm8.staticflickr.com/7438/10143599606_02065ddefc_z.jpg,5,0
disgust,http://farm7.staticflickr.com/6106/6261162912_266dfd0e13_z.jpg,5,0
disgust,http://farm4.staticflickr.com/3489/3197638759_83a1fa6dab_z.jpg,5,0
disgust,http://farm3.staticflickr.com/2746/4473740846_6df3bd4fd8_z.jpg,5,0
disgust,http://farm3.staticflickr.com/2776/4109180110_b3d1921e62_z.jpg,5,0
disgust,http://farm3.staticflickr.com/2437/3746365835_50efcd9162_z.jpg,4,1
disgust,http://farm3.staticflickr.com/2890/12230456935_8d481ac0b8_z.jpg,5,0
disgust,http://farm6.staticflickr.com/5067/5594963252_6358fcc493_z.jpg,4,1
disgust,http://farm4.staticflickr.com/3292/3039883182_c792a14cc8_z.jpg,5,0
disgust,http://farm8.staticflickr.com/7439/8864446172_0399d6068e_z.jpg,3,2
disgust,http://farm3.staticflickr.com/2677/4306083135_18432389a0_z.jpg,5,0
disgust,http://farm9.staticflickr.com/8187/8077405251_dd1fe3d821_z.jpg,3,2
disgust,http://farm8.staticflickr.com/7378/8861314776_fd1c4580f6_z.jpg,5,0
disgust,http://farm6.staticflickr.com/5296/5431549329_ef31fbe286_z.jpg,5,0
disgust,http://farm6.staticflickr.com/5201/5243970900_88eb7bb54f_z.jpg,5,0
disgust,http://farm3.staticflickr.com/2425/3578273595_fc71490e5a_z.jpg,5,0
disgust,http://farm6.staticflickr.com/5159/14425216143_f4383030f1_z.jpg,5,0
disgust,http://farm4.staticflickr.com/3670/11604856505_56a578de6b_z.jpg,5,0
disgust,http://farm9.staticflickr.com/8524/8543063169_f74f7ed11c_z.jpg,3,2
disgust,http://farm4.staticflickr.com/3318/3210271802_b63f89b999_z.jpg,5,0
disgust,http://farm8.staticflickr.com/7308/12591792803_5716803c44_z.jpg,5,0
disgust,http://farm3.staticflickr.com/2740/4367322857_3a64cf45f5_z.jpg,5,0
disgust,http://farm5.staticflickr.com/4149/5072636463_dae419a2e6_z.jpg,2,3
disgust,http://farm8.staticflickr.com/7412/11605288405_554cc927b7_z.jpg,5,0
disgust,http://farm4.staticflickr.com/3003/2768326113_b074d9184f_z.jpg,5,0
disgust,http://farm4.staticflickr.com/3247/2996556043_61cb713058_z.jpg,5,0
disgust,http://farm4.staticflickr.com/3881/14574635719_6f18abc4bf_z.jpg,5,0
disgust,http://farm2.staticflickr.com/1297/5186691088_10c6312f8f_z.jpg,5,0
disgust,http://farm2.staticflickr.com/1191/904640613_324a7a8572_z.jpg,3,2
disgust,http://farm4.staticflickr.com/3886/14759885806_4d4dd07e5f_z.jpg,5,0
disgust,http://farm5.staticflickr.com/4136/4851052522_17677cc6da_z.jpg,0,5
disgust,http://farm4.staticflickr.com/3022/3363544575_de28200b83_z.jpg,5,0
disgust,http://farm6.staticflickr.com/5174/5478676913_1ab8140a9a_z.jpg,1,4
disgust,http://farm4.staticflickr.com/3786/9118222734_d105d989be_z.jpg,5,0
disgust,http://farm4.staticflickr.com/3702/9028049976_710b27c63b_z.jpg,5,0
disgust,http://farm3.staticflickr.com/2252/2217644918_d1ec0fb0ff_z.jpg,5,0
disgust,http://farm3.staticflickr.com/2509/5843707639_434c4e184d_z.jpg,5,0
disgust,http://farm7.staticflickr.com/6125/5952128699_2407870654_z.jpg,3,2
disgust,http://farm4.staticflickr.com/3049/2575872268_4cc7887faf_z.jpg,5,0
disgust,http://farm9.staticflickr.com/8229/8366801742_bd97f7a340_z.jpg,5,0
disgust,http://farm3.staticflickr.com/2705/4448903547_fc3bf4ecdd_z.jpg,3,2
disgust,http://farm8.staticflickr.com/7064/6950853139_82135330ea_z.jpg,4,1
disgust,http://farm9.staticflickr.com/8213/8309955146_c133d3bc32_z.jpg,5,0
disgust,http://farm4.staticflickr.com/3215/3043356054_9f11396ae8_z.jpg,5,0
disgust,http://farm3.staticflickr.com/2015/2211814132_636e844a7f_z.jpg,5,0
disgust,http://farm6.staticflickr.com/5285/5235203459_5a0aba6304_z.jpg,5,0
disgust,http://farm4.staticflickr.com/3167/3047631966_916d3cbe78_z.jpg,5,0
disgust,http://farm4.staticflickr.com/3294/3059628937_284373fd86_z.jpg,5,0
disgust,http://farm1.staticflickr.com/222/468923548_06a22516e6_z.jpg,5,0
disgust,http://farm1.staticflickr.com/36/87007991_0732a4265f_z.jpg,2,3
disgust,http://farm4.staticflickr.com/3260/2574735776_df0454d15e_z.jpg,3,2
disgust,http://farm4.staticflickr.com/3895/14578197309_176f4d6d9f_z.jpg,5,0
disgust,http://farm4.staticflickr.com/3150/2772459212_ce30d16585_z.jpg,5,0
disgust,http://farm9.staticflickr.com/8347/8173256326_38776a6e5d_z.jpg,5,0
disgust,http://farm7.staticflickr.com/6213/6315070947_b134c9998d_z.jpg,0,5
disgust,http://farm2.staticflickr.com/1142/1346569158_84909eaeff_z.jpg,4,1
disgust,http://farm5.staticflickr.com/4072/4225553716_a3d3b5eac5_z.jpg,5,0
disgust,http://farm5.staticflickr.com/4152/5183748028_cfc4fdeae5_z.jpg,5,0
disgust,http://farm5.staticflickr.com/4012/4523897483_1be530ca68_z.jpg,5,0
disgust,http://farm4.staticflickr.com/3166/2976218288_7cd372680a_z.jpg,3,2
disgust,http://farm3.staticflickr.com/2896/14764673974_6917c3e18a_z.jpg,5,0
disgust,http://farm8.staticflickr.com/7028/6512266421_29e5e41840_z.jpg,5,0
disgust,http://farm6.staticflickr.com/5258/5566646081_2145c07987_z.jpg,5,0
disgust,http://farm8.staticflickr.com/7416/9524080269_fd29793068_z.jpg,1,4
disgust,http://farm6.staticflickr.com/5214/5459363203_3a7dab3847_z.jpg,4,1
disgust,http://farm8.staticflickr.com/7078/6934817582_31bfa2fef4_z.jpg,5,0
disgust,http://farm1.staticflickr.com/111/283338677_614eab90be_z.jpg,2,3
disgust,http://farm3.staticflickr.com/2467/3589354532_89011c2a02_z.jpg,5,0
disgust,http://farm6.staticflickr.com/5185/5683951522_4bb7f2377c_z.jpg,5,0
disgust,http://farm4.staticflickr.com/3413/3408499326_c560ae6b28_z.jpg,4,1
disgust,http://farm1.staticflickr.com/225/443826902_30c5398eac_z.jpg,5,0
disgust,http://farm6.staticflickr.com/5298/5513633806_91c7a4db50_z.jpg,4,1
disgust,http://farm3.staticflickr.com/2567/4156249299_9da7d1e626_z.jpg,5,0
disgust,http://farm4.staticflickr.com/3262/2339746703_4580de09fa_z.jpg,5,0
disgust,http://farm5.staticflickr.com/4067/5137041402_c0c3d6dcdc_z.jpg,5,0
disgust,http://farm5.staticflickr.com/4138/4894196475_15c365f660_z.jpg,4,1
disgust,http://farm3.staticflickr.com/2918/14753297006_7c12810097_z.jpg,5,0
disgust,http://farm1.staticflickr.com/90/215393024_d804cfb7e4_z.jpg,5,0
disgust,http://farm2.staticflickr.com/1286/1400928296_c67dd84ee1_z.jpg,4,1
disgust,http://farm3.staticflickr.com/2074/2280658695_2ac5a7ee01_z.jpg,5,0
disgust,http://farm9.staticflickr.com/8477/8182367493_bcb1421c4d_z.jpg,4,1
disgust,http://farm8.staticflickr.com/7025/6474192717_77b535a118_z.jpg,5,0
disgust,http://farm3.staticflickr.com/2124/2308300544_e2902e3a82_z.jpg,4,1
disgust,http://farm4.staticflickr.com/3108/2364331638_09ef2be055_z.jpg,5,0
disgust,http://farm4.staticflickr.com/3101/3173508344_b95d3f06a9_z.jpg,1,4
disgust,http://farm3.staticflickr.com/2750/4437697432_792d8a3fd5_z.jpg,5,0
disgust,http://farm8.staticflickr.com/7401/9220230980_1d2de47edf_z.jpg,5,0
disgust,http://farm4.staticflickr.com/3583/3640032919_6df6b30fa4_z.jpg,5,0
disgust,http://farm6.staticflickr.com/5143/5594377657_98f44e9a5c_z.jpg,4,1
disgust,http://farm9.staticflickr.com/8051/8099399670_48ee6e47f9_z.jpg,5,0
disgust,http://farm1.staticflickr.com/41/85837696_dfb2376593_z.jpg,2,3
disgust,http://farm4.staticflickr.com/3137/2719905998_14fc95a395_z.jpg,5,0
disgust,http://farm4.staticflickr.com/3179/2851354994_079da87037_z.jpg,4,1
disgust,http://farm7.staticflickr.com/6240/6237954230_f902d05811_z.jpg,1,4
disgust,http://farm4.staticflickr.com/3465/3813421594_1527b3a124_z.jpg,5,0
disgust,http://farm4.staticflickr.com/3882/14784718862_6dc4d70521_z.jpg,5,0
disgust,http://farm9.staticflickr.com/8209/8198690314_491af112a1_z.jpg,4,1
disgust,http://farm5.staticflickr.com/4137/4740722428_0b9b370c59_z.jpg,5,0
disgust,http://farm9.staticflickr.com/8550/8708483096_18db578fa5_z.jpg,2,3
disgust,http://farm9.staticflickr.com/8321/8058808529_4d020795b2_z.jpg,5,0
disgust,http://farm2.staticflickr.com/1136/5130753690_1773da8a66_z.jpg,5,0
disgust,http://farm4.staticflickr.com/3794/9641081480_26da13010b_z.jpg,5,0
disgust,http://farm9.staticflickr.com/8148/7488572080_42f6cc982a_z.jpg,5,0
disgust,http://farm1.staticflickr.com/222/495798807_238d96ee32_z.jpg,5,0
disgust,http://farm4.staticflickr.com/3735/12492532763_51d4c882ec_z.jpg,4,1
disgust,http://farm3.staticflickr.com/2420/2431006088_05ca28a101_z.jpg,1,4
disgust,http://farm4.staticflickr.com/3872/14662726598_c9c95edf49_z.jpg,4,1
disgust,http://farm9.staticflickr.com/8363/8275576294_bf11f05d84_z.jpg,5,0
disgust,http://farm4.staticflickr.com/3027/2552997885_b8df475645_z.jpg,5,0
disgust,http://farm1.staticflickr.com/86/279537108_89d41400b4_z.jpg,5,0
disgust,http://farm4.staticflickr.com/3417/3365989430_3c0610f9e4_z.jpg,3,2
disgust,http://farm5.staticflickr.com/4065/5081699253_85c96a1b01_z.jpg,4,1
disgust,http://farm5.staticflickr.com/4115/4737275033_d2a34fe53c_z.jpg,1,4
disgust,http://farm3.staticflickr.com/2064/2102921941_96d8485a1f_z.jpg,5,0
disgust,http://farm9.staticflickr.com/8541/8713393912_a2d5c087a9_z.jpg,5,0
disgust,http://farm4.staticflickr.com/3781/11387397576_daeb45e30a_z.jpg,0,5
disgust,http://farm4.staticflickr.com/3097/2667211249_da5f4f8062_z.jpg,5,0
disgust,http://farm2.staticflickr.com/1023/771722182_108928a601_z.jpg,5,0
disgust,http://farm6.staticflickr.com/5166/5330430889_96108680b0_z.jpg,5,0
disgust,http://farm9.staticflickr.com/8158/7411217558_7ba8d94389_z.jpg,4,1
disgust,http://farm4.staticflickr.com/3042/2361727848_f1dd7e17ed_z.jpg,2,3
disgust,http://farm7.staticflickr.com/6084/6154820316_bdfab3c30a_z.jpg,5,0
disgust,http://farm4.staticflickr.com/3305/3657956296_6def12597d_z.jpg,4,1
disgust,http://farm8.staticflickr.com/7404/9641682730_4f8d8e9fe5_z.jpg,5,0
disgust,http://farm4.staticflickr.com/3649/5779206299_46d1a1a101_z.jpg,5,0
disgust,http://farm1.staticflickr.com/122/259644988_dae5281c2c_z.jpg,5,0
disgust,http://farm6.staticflickr.com/5187/5608482363_4c3c017429_z.jpg,1,4
disgust,http://farm9.staticflickr.com/8285/7817458018_ca38e5fd92_z.jpg,5,0
disgust,http://farm9.staticflickr.com/8383/8459951551_d3e308ed52_z.jpg,5,0
disgust,http://farm6.staticflickr.com/5124/5345175478_53700ae903_z.jpg,5,0
disgust,http://farm9.staticflickr.com/8172/7924846680_775d8d0caa_z.jpg,5,0
disgust,http://farm4.staticflickr.com/3947/15578125667_831a395b6a_z.jpg,5,0
disgust,http://farm3.staticflickr.com/2169/5709551878_2b861dd0f8_z.jpg,3,2
disgust,http://farm4.staticflickr.com/3264/2652987016_8f7a0f7d79_z.jpg,5,0
disgust,http://farm4.staticflickr.com/3791/9972976113_d3d4337df4_z.jpg,5,0
disgust,http://farm6.staticflickr.com/5210/5268664598_3b9c1f9c1e_z.jpg,5,0
disgust,http://farm4.staticflickr.com/3158/2736342156_583ddb4099_z.jpg,5,0
disgust,http://farm3.staticflickr.com/2799/4457102565_736bb7ab27_z.jpg,4,1
disgust,http://farm4.staticflickr.com/3772/13694192374_b87941dd15_z.jpg,5,0
disgust,http://farm3.staticflickr.com/2843/13693587864_793a79df21_z.jpg,5,0
disgust,http://farm8.staticflickr.com/7035/6763298641_5958fcb646_z.jpg,5,0
disgust,http://farm1.staticflickr.com/112/276629099_85c9d1cfb6_z.jpg,5,0
disgust,http://farm4.staticflickr.com/3912/14753036614_375d42954c_z.jpg,5,0
disgust,http://farm4.staticflickr.com/3280/3059428249_612921278d_z.jpg,5,0
disgust,http://farm8.staticflickr.com/7055/6876878725_2c346bcd6d_z.jpg,5,0
disgust,http://farm9.staticflickr.com/8149/7286476208_37c20ba751_z.jpg,5,0
disgust,http://farm9.staticflickr.com/8664/16014826445_cc9164ff3d_z.jpg,5,0
disgust,http://farm4.staticflickr.com/3247/2452989319_52b83ccce9_z.jpg,5,0
disgust,http://farm4.staticflickr.com/3283/3033711703_c8c266ae6f_z.jpg,5,0
disgust,http://farm1.staticflickr.com/147/407160795_f0cbf8be1b_z.jpg,5,0
disgust,http://farm8.staticflickr.com/7384/9640373848_4a1e0c590d_z.jpg,5,0
disgust,http://farm3.staticflickr.com/2453/3670126522_94af243b5f_z.jpg,5,0
disgust,http://farm4.staticflickr.com/3038/3003144139_5ca7e3abe2_z.jpg,5,0
disgust,http://farm5.staticflickr.com/4070/4550032315_041cb32993_z.jpg,4,1
disgust,http://farm4.staticflickr.com/3290/2896639403_6c530df85a_z.jpg,5,5
disgust,http://farm4.staticflickr.com/3124/2752726913_6275ddb886_z.jpg,4,1
disgust,http://farm3.staticflickr.com/2427/3933023628_db444fce74_z.jpg,3,2
disgust,http://farm6.staticflickr.com/5460/9637510705_b0f8946fdb_z.jpg,5,0
disgust,http://farm4.staticflickr.com/3568/4554700234_fd325b348d_z.jpg,4,1
disgust,http://farm4.staticflickr.com/3864/14981815349_ee70dee42d_z.jpg,5,0
disgust,http://farm1.staticflickr.com/222/520087242_01c6fc72b2_z.jpg,4,1
disgust,http://farm4.staticflickr.com/3013/2775962919_0ebb3387fb_z.jpg,4,1
disgust,http://farm5.staticflickr.com/4002/4524529472_ab806f4fde_z.jpg,4,0
disgust,http://farm7.staticflickr.com/6122/5990458988_c917e8e135_z.jpg,5,0
disgust,http://farm1.staticflickr.com/48/126476171_2233d01b59_z.jpg,5,0
disgust,http://farm5.staticflickr.com/4098/4776682796_b5e6305813_z.jpg,5,0
disgust,http://farm8.staticflickr.com/7167/6553994157_a27c8851c4_z.jpg,4,1
disgust,http://farm4.staticflickr.com/3899/14797330990_fbe3159b2a_z.jpg,5,0
disgust,http://farm6.staticflickr.com/5091/5524132339_4edf87022a_z.jpg,5,0
disgust,http://farm4.staticflickr.com/3774/10427119363_db689d1a75_z.jpg,5,0
disgust,http://farm8.staticflickr.com/7364/11605264885_bd8d327601_z.jpg,5,0
disgust,http://farm3.staticflickr.com/2078/2437899491_e7be60a098_z.jpg,4,1
disgust,http://farm5.staticflickr.com/4067/4658638923_e815726fc5_z.jpg,4,1
disgust,http://farm8.staticflickr.com/7091/7143870461_b814216ae0_z.jpg,3,2
disgust,http://farm6.staticflickr.com/5573/14328513147_37436ea0a9_z.jpg,4,1
disgust,http://farm9.staticflickr.com/8077/8381126891_2d390a94a4_z.jpg,3,2
disgust,http://farm1.staticflickr.com/68/256217251_2fd289dc92_z.jpg,5,0
disgust,http://farm4.staticflickr.com/3168/3052273463_615cedc7c7_z.jpg,5,0
disgust,http://farm2.staticflickr.com/1395/892838590_fec0b725d5_z.jpg,5,0
disgust,http://farm3.staticflickr.com/2391/2416780739_0069ebcd62_z.jpg,5,0
disgust,http://farm8.staticflickr.com/7108/7621600600_3e459f15d1_z.jpg,5,0
disgust,http://farm3.staticflickr.com/2002/2124639214_fd7ba7a36a_z.jpg,4,1
disgust,http://farm5.staticflickr.com/4011/4418166814_457efb26db_z.jpg,5,0
disgust,http://farm4.staticflickr.com/3229/3033712921_d43f13268b_z.jpg,5,0
disgust,http://farm3.staticflickr.com/2199/2195701712_e7538bd65d_z.jpg,1,4
disgust,http://farm6.staticflickr.com/5070/5652225509_42121f0d10_z.jpg,4,1
disgust,http://farm1.staticflickr.com/55/174514806_eab625d96c_z.jpg,5,0
disgust,http://farm2.staticflickr.com/1148/1051287820_ea6e0be379_z.jpg,5,0
disgust,http://farm4.staticflickr.com/3328/3215299149_e2bfe22436_z.jpg,5,0
disgust,http://farm3.staticflickr.com/2598/3769757371_b3f48244bd_z.jpg,5,0
disgust,http://farm6.staticflickr.com/5168/5366468325_e6e16586dd_z.jpg,4,1
disgust,http://farm4.staticflickr.com/3213/3078431167_1bb080ec45_z.jpg,2,3
disgust,http://farm2.staticflickr.com/1171/1275470893_c9507e821d_z.jpg,5,0
disgust,http://farm5.staticflickr.com/4067/4472318420_0db8ca718b_z.jpg,5,0
disgust,http://farm7.staticflickr.com/6173/6193461016_a295a51a62_z.jpg,5,0
disgust,http://farm9.staticflickr.com/8483/8188775230_a1b1d1cb10_z.jpg,5,0
disgust,http://farm9.staticflickr.com/8093/8548738631_b78bcaa34a_z.jpg,5,0
disgust,http://farm4.staticflickr.com/3786/9491537011_11c4f7b5e0_z.jpg,5,0
disgust,http://farm6.staticflickr.com/5270/5598472753_b0f063ae25_z.jpg,5,0
disgust,http://farm9.staticflickr.com/8091/8380041053_c106691083_z.jpg,5,0
disgust,http://farm8.staticflickr.com/7199/6847813248_f164a8a6cc_z.jpg,5,0
disgust,http://farm1.staticflickr.com/47/132470434_df2c2e09e3_z.jpg,5,0
disgust,http://farm9.staticflickr.com/8398/8679221489_5603940755_z.jpg,1,4
disgust,http://farm5.staticflickr.com/4056/4715110823_58884514e3_z.jpg,5,0
disgust,http://farm3.staticflickr.com/2541/3732833656_f77a8e363b_z.jpg,2,3
disgust,http://farm3.staticflickr.com/2902/13973317497_50ea1f4f6e_z.jpg,5,0
disgust,http://farm5.staticflickr.com/4143/4922795831_51d58bc3ce_z.jpg,5,0
disgust,http://farm4.staticflickr.com/3303/3506984288_008a8a88fa_z.jpg,5,0
disgust,http://farm4.staticflickr.com/3091/3101818715_dceed559cd_z.jpg,5,0
disgust,http://farm1.staticflickr.com/36/85712324_d3c7196cd6_z.jpg,5,0
disgust,http://farm4.staticflickr.com/3557/3323208727_88e8c824c7_z.jpg,5,0
disgust,http://farm5.staticflickr.com/4007/5135811410_b8257a49e9_z.jpg,5,0
disgust,http://farm2.staticflickr.com/1373/1088433616_c12adeb175_z.jpg,5,0
disgust,http://farm4.staticflickr.com/3703/11937494156_862de4c85b_z.jpg,5,0
disgust,http://farm3.staticflickr.com/2687/4498780147_974c46fd7d_z.jpg,5,0
disgust,http://farm4.staticflickr.com/3198/2992484179_ba0f4bf0c5_z.jpg,5,0
disgust,http://farm7.staticflickr.com/6064/6092071465_da8707c639_z.jpg,5,0
disgust,http://farm4.staticflickr.com/3073/2879455875_3414d6186b_z.jpg,5,0
disgust,http://farm2.staticflickr.com/1223/5136449731_e96a239cbc_z.jpg,5,0
disgust,http://farm6.staticflickr.com/5241/5299976275_2169612639_z.jpg,5,0
disgust,http://farm3.staticflickr.com/2807/9279840404_35858f7b23_z.jpg,4,1
disgust,http://farm6.staticflickr.com/5495/11281798453_847717c918_z.jpg,5,0
disgust,http://farm3.staticflickr.com/2678/4280695723_1f8b7f1ce1_z.jpg,5,0
disgust,http://farm6.staticflickr.com/5242/5279195786_da621803ff_z.jpg,5,0
disgust,http://farm4.staticflickr.com/3020/2605974626_1f53135338_z.jpg,3,2
disgust,http://farm4.staticflickr.com/3014/2336757436_48819f047b_z.jpg,4,1
disgust,http://farm7.staticflickr.com/6155/6169516013_980a74cc4d_z.jpg,5,0
disgust,http://farm3.staticflickr.com/2346/1752204067_ad90ae4837_z.jpg,5,0
disgust,http://farm3.staticflickr.com/2713/4125403729_bb61c056dd_z.jpg,4,1
disgust,http://farm3.staticflickr.com/2573/4337912489_03831f538d_z.jpg,2,3
disgust,http://farm4.staticflickr.com/3697/9123453514_4432e4e3a5_z.jpg,5,0
disgust,http://farm4.staticflickr.com/3146/3076638980_0d8fed02e1_z.jpg,5,0
disgust,http://farm1.staticflickr.com/55/165443607_dc6da601e8_z.jpg,1,4
disgust,http://farm4.staticflickr.com/3232/2962277101_f7989094f7_z.jpg,4,1
disgust,http://farm3.staticflickr.com/2226/2221403161_5e2153983f_z.jpg,5,0
disgust,http://farm3.staticflickr.com/2302/2417606234_27e50cebcd_z.jpg,5,0
disgust,http://farm3.staticflickr.com/2533/5844162934_b10a863373_z.jpg,5,0
disgust,http://farm4.staticflickr.com/3571/5844173856_6d0da95cd7_z.jpg,5,0
disgust,http://farm6.staticflickr.com/5588/14757808594_1f675b416b_z.jpg,5,0
disgust,http://farm6.staticflickr.com/5199/5866734709_282422870c_z.jpg,5,0
disgust,http://farm4.staticflickr.com/3239/2928478976_aa976f8ec9_z.jpg,5,0
disgust,http://farm1.staticflickr.com/80/257074325_ca84600a74_z.jpg,5,0
disgust,http://farm4.staticflickr.com/3543/3799117512_6c29dafc77_z.jpg,3,2
disgust,http://farm4.staticflickr.com/3194/2588827438_cf01f72c68_z.jpg,5,0
disgust,http://farm3.staticflickr.com/2924/14585283566_f1f4ecd65e_z.jpg,4,1
disgust,http://farm4.staticflickr.com/3082/2423332962_a5f9e64c42_z.jpg,5,0
disgust,http://farm4.staticflickr.com/3169/2497537278_f5442e7ea1_z.jpg,5,0
disgust,http://farm4.staticflickr.com/3482/4001642948_da697bb0a7_z.jpg,4,1
disgust,http://farm5.staticflickr.com/4104/4974885265_03ebabb7f9_z.jpg,5,0
disgust,http://farm9.staticflickr.com/8404/8636048097_26f94b544b_z.jpg,5,0
disgust,http://farm3.staticflickr.com/2797/4363402251_1ab9f9727b_z.jpg,3,2
disgust,http://farm5.staticflickr.com/4032/4323361091_8da55f8032_z.jpg,5,0
disgust,http://farm4.staticflickr.com/3159/3088029587_da37e0540c_z.jpg,5,0
disgust,http://farm3.staticflickr.com/2848/11457081886_e952d9a608_z.jpg,5,0
disgust,http://farm4.staticflickr.com/3265/2644325544_ef6e2dd85e_z.jpg,5,0
disgust,http://farm6.staticflickr.com/5013/5500816363_3ef1cf05c8_z.jpg,5,0
disgust,http://farm9.staticflickr.com/8311/7890373576_4a2178c5eb_z.jpg,3,2
disgust,http://farm3.staticflickr.com/2452/3626353778_987dda99e4_z.jpg,5,0
disgust,http://farm9.staticflickr.com/8525/8467195765_3a58a9a1d3_z.jpg,5,0
disgust,http://farm4.staticflickr.com/3251/2955918098_10e4325933_z.jpg,5,0
disgust,http://farm3.staticflickr.com/2304/1804194266_759ba7506b_z.jpg,0,5
disgust,http://farm4.staticflickr.com/3266/2634529868_82878892fa_z.jpg,5,0
disgust,http://farm3.staticflickr.com/2411/2479298014_efbe4fa4c5_z.jpg,1,4
disgust,http://farm3.staticflickr.com/2232/2530421142_44c38d678f_z.jpg,5,0
disgust,http://farm4.staticflickr.com/3741/12620289293_5458cd20a0_z.jpg,5,0
disgust,http://farm3.staticflickr.com/2035/2260283837_03226bd794_z.jpg,5,0
disgust,http://farm4.staticflickr.com/3364/3652708689_8fda56f0fa_z.jpg,5,0
disgust,http://farm8.staticflickr.com/7008/6693804051_62269b0ed5_z.jpg,5,0
disgust,http://farm4.staticflickr.com/3558/5844257236_4966b39c11_z.jpg,5,0
disgust,http://farm6.staticflickr.com/5097/5562586347_054ec038c5_z.jpg,5,0
disgust,http://farm4.staticflickr.com/3139/2522721532_fa5b4f48f8_z.jpg,1,4
disgust,http://farm4.staticflickr.com/3331/3298755128_a7ae8e1bdc_z.jpg,5,0
disgust,http://farm8.staticflickr.com/7405/14076233723_535e5e09db_z.jpg,3,2
disgust,http://farm4.staticflickr.com/3167/2715034349_377ea038b8_z.jpg,0,5
disgust,http://farm3.staticflickr.com/2068/2496711775_90399ac43b_z.jpg,5,0
disgust,http://farm3.staticflickr.com/2933/14148524510_f1a07fbfc6_z.jpg,2,3
disgust,http://farm9.staticflickr.com/8229/8416288487_336726b83b_z.jpg,5,0
disgust,http://farm9.staticflickr.com/8191/8137005356_0bb6988174_z.jpg,5,0
disgust,http://farm4.staticflickr.com/3625/3367883657_dbcef8dd7d_z.jpg,5,0
disgust,http://farm7.staticflickr.com/6220/6295704567_26aaf9149c_z.jpg,5,0
disgust,http://farm9.staticflickr.com/8059/8274516863_bd12c4ee6e_z.jpg,5,0
disgust,http://farm3.staticflickr.com/2429/5823916907_cd7450a6f3_z.jpg,5,0
disgust,http://farm4.staticflickr.com/3726/13693520405_f06cc2e30b_z.jpg,5,0
disgust,http://farm1.staticflickr.com/47/147881095_2eb201fed5_z.jpg,5,0
disgust,http://farm4.staticflickr.com/3046/2618834448_76ffae0514_z.jpg,5,0
disgust,http://farm1.staticflickr.com/163/387420291_29ff26e3d3_z.jpg,4,1
disgust,http://farm3.staticflickr.com/2737/4070165423_52e95420df_z.jpg,5,0
disgust,http://farm3.staticflickr.com/2855/11606056706_b6903278d2_z.jpg,5,0
disgust,http://farm5.staticflickr.com/4077/4930310324_46dd663668_z.jpg,5,0
disgust,http://farm1.staticflickr.com/36/103405812_18867211be_z.jpg,5,0
disgust,http://farm4.staticflickr.com/3403/3513461157_cbf07b6a00_z.jpg,5,0
disgust,http://farm3.staticflickr.com/2355/1893892492_34e510eb04_z.jpg,5,0
disgust,http://farm6.staticflickr.com/5030/5646637922_2fa39c9d70_z.jpg,5,0
disgust,http://farm4.staticflickr.com/3251/2684933830_782f45540f_z.jpg,3,2
disgust,http://farm5.staticflickr.com/4147/5002961685_c87b8df193_z.jpg,5,0
disgust,http://farm4.staticflickr.com/3427/3348644912_dd114da7ba_z.jpg,5,0
disgust,http://farm4.staticflickr.com/3033/2991337580_eea32b0754_z.jpg,1,4
disgust,http://farm4.staticflickr.com/3895/14595031340_ce939b53b7_z.jpg,5,0
disgust,http://farm4.staticflickr.com/3143/2969855977_8b82be9e12_z.jpg,3,2
disgust,http://farm3.staticflickr.com/2778/4082976605_1c6fbca2ca_z.jpg,5,0
disgust,http://farm9.staticflickr.com/8084/8371608499_c614cf00d2_z.jpg,5,0
disgust,http://farm5.staticflickr.com/4094/4869536626_bf53079cc8_z.jpg,5,0
disgust,http://farm1.staticflickr.com/113/292902509_2763c9aefd_z.jpg,5,0
disgust,http://farm3.staticflickr.com/2570/4108805825_cb60581b34_z.jpg,5,0
disgust,http://farm3.staticflickr.com/2331/2422869526_0c0ba4b433_z.jpg,5,0
disgust,http://farm1.staticflickr.com/55/178643132_4f352e2b03_z.jpg,0,5
disgust,http://farm4.staticflickr.com/3002/2720034142_c64a6037e5_z.jpg,5,0
disgust,http://farm3.staticflickr.com/2129/1936270253_6247244fc1_z.jpg,5,0
disgust,http://farm4.staticflickr.com/3167/2566849709_f0dffe0ea7_z.jpg,5,0
disgust,http://farm4.staticflickr.com/3596/3439633603_4d1b6ae31d_z.jpg,5,0
disgust,http://farm3.staticflickr.com/2894/11393568116_6ae9774119_z.jpg,5,0
disgust,http://farm4.staticflickr.com/3068/2660863636_5606a8e8ca_z.jpg,5,0
disgust,http://farm4.staticflickr.com/3530/5723876719_2de7222664_z.jpg,5,0
disgust,http://farm9.staticflickr.com/8358/8332171804_d7b86b37a4_z.jpg,4,1
disgust,http://farm3.staticflickr.com/2614/3692189703_c45c1a03b6_z.jpg,2,3
disgust,http://farm9.staticflickr.com/8209/8261237457_fa917802e8_z.jpg,5,0
disgust,http://farm6.staticflickr.com/5091/5436930355_ec980d548e_z.jpg,5,0
disgust,http://farm5.staticflickr.com/4096/4927968683_f72d28046e_z.jpg,5,0
disgust,http://farm4.staticflickr.com/3064/3055375232_d9f53048d4_z.jpg,2,3
disgust,http://farm3.staticflickr.com/2908/14590174618_31d76d8bf8_z.jpg,5,0
disgust,http://farm8.staticflickr.com/7367/16440884266_a6426977f4_z.jpg,5,0
disgust,http://farm3.staticflickr.com/2032/4511279043_d405fcf8bd_z.jpg,5,0
disgust,http://farm8.staticflickr.com/7415/8724034985_0ede953db3_z.jpg,3,2
disgust,http://farm5.staticflickr.com/4088/5058810924_83ca8bf89d_z.jpg,0,5
disgust,http://farm3.staticflickr.com/2056/2148878454_c983bd0c33_z.jpg,5,0
disgust,http://farm6.staticflickr.com/5176/5443007136_54cbab525b_z.jpg,3,2
disgust,http://farm7.staticflickr.com/6163/6159740862_fdc3eba968_z.jpg,4,1
disgust,http://farm4.staticflickr.com/3892/14749677501_ce8bbbb547_z.jpg,5,0
disgust,http://farm6.staticflickr.com/5002/5368223097_04d549158f_z.jpg,5,0
disgust,http://farm3.staticflickr.com/2557/4094237721_8acff56f82_z.jpg,4,1
disgust,http://farm7.staticflickr.com/6165/6135269043_b91417bc0b_z.jpg,0,5
disgust,http://farm5.staticflickr.com/4132/5042200433_f002418449_z.jpg,3,2
disgust,http://farm6.staticflickr.com/5107/5777722132_1ea9673cda_z.jpg,5,0
disgust,http://farm5.staticflickr.com/4080/4746998701_ffb6e235d3_z.jpg,3,2
disgust,http://farm9.staticflickr.com/8300/7896828996_a6f74d31db_z.jpg,2,3
disgust,http://farm3.staticflickr.com/2784/4115759751_42a747e565_z.jpg,4,1
disgust,http://farm3.staticflickr.com/2418/2062376975_8c905ce72a_z.jpg,5,0
disgust,http://farm8.staticflickr.com/7301/9821060316_99819719fb_z.jpg,5,0
disgust,http://farm2.staticflickr.com/1068/5109410313_c8916888c0_z.jpg,5,0
disgust,http://farm4.staticflickr.com/3435/3297641170_de3e419e49_z.jpg,1,4
disgust,http://farm4.staticflickr.com/3126/2785956408_9bb334a7eb_z.jpg,2,3
disgust,http://farm8.staticflickr.com/7424/10526622026_842d111cf5_z.jpg,5,0
disgust,http://farm8.staticflickr.com/7338/8870903823_476aa824d0_z.jpg,5,0
disgust,http://farm7.staticflickr.com/6154/6173840317_128155b1fd_z.jpg,5,0
disgust,http://farm9.staticflickr.com/8239/8458587397_acc7a923ec_z.jpg,5,0
disgust,http://farm6.staticflickr.com/5494/9805075354_b01c13f26f_z.jpg,5,0
disgust,http://farm1.staticflickr.com/101/310311676_1ce96396c6_z.jpg,5,0
disgust,http://farm5.staticflickr.com/4124/4975495762_f71bbf44cb_z.jpg,5,0
disgust,http://farm2.staticflickr.com/1003/1007402043_1eb1042b96_z.jpg,4,1
disgust,http://farm4.staticflickr.com/3195/3054081106_556b04c2c2_z.jpg,5,0
disgust,http://farm5.staticflickr.com/4063/4572417195_e6c854a90a_z.jpg,4,1
disgust,http://farm4.staticflickr.com/3013/2909257384_26fb122d74_z.jpg,4,1
disgust,http://farm4.staticflickr.com/3675/9918340535_0ff09c4456_z.jpg,4,1
disgust,http://farm7.staticflickr.com/6121/5972596467_dd273c5212_z.jpg,3,2
disgust,http://farm4.staticflickr.com/3193/2340246417_b96d42a91f_z.jpg,5,0
disgust,http://farm5.staticflickr.com/4050/5077666228_ab4d68d41a_z.jpg,5,0
disgust,http://farm6.staticflickr.com/5161/5229562003_e5ece00981_z.jpg,5,0
disgust,http://farm1.staticflickr.com/206/446254250_2e1de67e78_z.jpg,3,2
disgust,http://farm9.staticflickr.com/8292/7780139680_320ddcdf6d_z.jpg,3,2
disgust,http://farm3.staticflickr.com/2870/9429280612_1f03e42876_z.jpg,5,0
disgust,http://farm7.staticflickr.com/6198/6056713241_01ccabe446_z.jpg,4,1
disgust,http://farm7.staticflickr.com/6135/6193458160_ce803119c7_z.jpg,5,0
disgust,http://farm3.staticflickr.com/2066/2535491253_5dcdc878f1_z.jpg,5,0
disgust,http://farm9.staticflickr.com/8099/8595881676_2075b0bc19_z.jpg,2,3
disgust,http://farm8.staticflickr.com/7245/7364580646_80f111ef34_z.jpg,4,1
disgust,http://farm2.staticflickr.com/1183/1154352407_26dcdea52c_z.jpg,5,0
disgust,http://farm9.staticflickr.com/8124/8684480703_6db792c281_z.jpg,5,0
disgust,http://farm4.staticflickr.com/3014/2585715462_31c0894b1e_z.jpg,5,0
disgust,http://farm7.staticflickr.com/6212/6332388711_de43b473e7_z.jpg,5,0
disgust,http://farm6.staticflickr.com/5009/5268064361_2a26282644_z.jpg,5,0
disgust,http://farm5.staticflickr.com/4109/5069765979_24c3a9d0a0_z.jpg,5,0
disgust,http://farm9.staticflickr.com/8188/8362431832_f9dab59ac6_z.jpg,1,4
disgust,http://farm8.staticflickr.com/7100/7401955736_d8e9398865_z.jpg,5,0
disgust,http://farm3.staticflickr.com/2726/4130188800_6f391d6d87_z.jpg,5,0
disgust,http://farm9.staticflickr.com/8069/8192831363_a7249bf607_z.jpg,5,0
disgust,http://farm3.staticflickr.com/2267/2225414531_981ec9c76e_z.jpg,0,5
disgust,http://farm7.staticflickr.com/6223/6852078164_a9803e545b_z.jpg,5,0
disgust,http://farm1.staticflickr.com/46/125916772_8d504b504b_z.jpg,5,0
disgust,http://farm4.staticflickr.com/3853/15307318552_44f46c9f10_z.jpg,5,0
disgust,http://farm6.staticflickr.com/5602/15345794608_1eb0fff54a_z.jpg,5,0
disgust,http://farm2.staticflickr.com/1240/4721151624_be02ea4828_z.jpg,4,1
disgust,http://farm9.staticflickr.com/8001/7640276364_4820118809_z.jpg,5,0
disgust,http://farm6.staticflickr.com/5270/5605789567_33f0bba704_z.jpg,4,1
disgust,http://farm6.staticflickr.com/5447/7058384727_a5f9704020_z.jpg,5,0
disgust,http://farm6.staticflickr.com/5480/14123107208_76d6682e87_z.jpg,5,0
disgust,http://farm4.staticflickr.com/3181/2875653795_e4f5e8a319_z.jpg,5,0
disgust,http://farm7.staticflickr.com/6025/6188993659_701c027a12_z.jpg,5,0
disgust,http://farm1.staticflickr.com/53/117314380_4da6b4dde7_z.jpg,5,0
disgust,http://farm4.staticflickr.com/3534/3223881109_f2974504cf_z.jpg,5,0
disgust,http://farm4.staticflickr.com/3509/5844181546_a068484738_z.jpg,5,0
disgust,http://farm6.staticflickr.com/5022/5843619005_6524e2a8f3_z.jpg,5,0
disgust,http://farm9.staticflickr.com/8123/8608013186_87f7d07df8_z.jpg,5,0
disgust,http://farm4.staticflickr.com/3903/14662260481_a26c83221c_z.jpg,5,0
disgust,http://farm8.staticflickr.com/7144/6608616887_777bb607dc_z.jpg,5,0
disgust,http://farm4.staticflickr.com/3889/14577162967_3e0ea2f9e8_z.jpg,5,0
disgust,http://farm4.staticflickr.com/3820/9437865489_7d2f9abfdb_z.jpg,5,0
disgust,http://farm6.staticflickr.com/5587/14931507277_076d52f9ee_z.jpg,5,0
disgust,http://farm4.staticflickr.com/3699/9639881939_67bf6b9cd1_z.jpg,1,4
disgust,http://farm3.staticflickr.com/2262/2104289432_9078ab4e85_z.jpg,5,0
disgust,http://farm3.staticflickr.com/2573/5720382633_2a604bfe1c_z.jpg,5,0
disgust,http://farm4.staticflickr.com/3017/2478859076_61270fe803_z.jpg,5,0
disgust,http://farm3.staticflickr.com/2556/3688735150_96da176b7a_z.jpg,4,1
disgust,http://farm4.staticflickr.com/3253/2775955273_a78e590707_z.jpg,4,1
disgust,http://farm6.staticflickr.com/5566/14760704842_0e28904683_z.jpg,5,0
disgust,http://farm4.staticflickr.com/3194/3095274785_d0b166c7b1_z.jpg,5,0
disgust,http://farm4.staticflickr.com/3722/9293520332_851cb667b4_z.jpg,5,0
disgust,http://farm8.staticflickr.com/7003/6512294907_8e1b3b7679_z.jpg,5,0
disgust,http://farm2.staticflickr.com/1060/592962155_d12809771e_z.jpg,5,0
disgust,http://farm4.staticflickr.com/3268/3207636102_0f99abb3d1_z.jpg,4,1
disgust,http://farm3.staticflickr.com/2094/2233281543_692881b2c2_z.jpg,5,0
disgust,http://farm4.staticflickr.com/3218/2663683445_dd657ea8aa_z.jpg,5,0
disgust,http://farm4.staticflickr.com/3417/3553431226_267c6e3242_z.jpg,5,0
disgust,http://farm3.staticflickr.com/2077/2270914926_bb0ccc011b_z.jpg,3,2
disgust,http://farm7.staticflickr.com/6048/6241247956_027b2a874c_z.jpg,5,0
disgust,http://farm3.staticflickr.com/2107/2204248028_59f72f3919_z.jpg,0,5
disgust,http://farm7.staticflickr.com/6094/6354778067_44cf76b25e_z.jpg,5,0
disgust,http://farm4.staticflickr.com/3940/15478563606_c0bce4ae8b_z.jpg,5,0
disgust,http://farm3.staticflickr.com/2940/14766009194_ef58df4fa5_z.jpg,5,0
disgust,http://farm3.staticflickr.com/2337/2257198442_39aec87116_z.jpg,5,0
disgust,http://farm9.staticflickr.com/8435/7988240352_c45bfc31a0_z.jpg,0,5
disgust,http://farm3.staticflickr.com/2296/2166598994_9b909213b2_z.jpg,5,0
disgust,http://farm8.staticflickr.com/7075/7207061050_9b6edd7e46_z.jpg,5,0
disgust,http://farm8.staticflickr.com/7166/13693289205_534a292523_z.jpg,5,0
disgust,http://farm1.staticflickr.com/171/417168764_9c1168b52e_z.jpg,5,0
disgust,http://farm6.staticflickr.com/5485/11124625546_e3e2f6df11_z.jpg,5,0
disgust,http://farm4.staticflickr.com/3225/2490294245_8c4fa9c8c7_z.jpg,4,1
disgust,http://farm8.staticflickr.com/7093/13270956433_e070cf3852_z.jpg,5,0
disgust,http://farm9.staticflickr.com/8168/7492438308_7b73c93193_z.jpg,4,1
disgust,http://farm6.staticflickr.com/5572/14801985933_e4433a9945_z.jpg,4,1
disgust,http://farm4.staticflickr.com/3610/3290917863_af17c90d4d_z.jpg,1,4
disgust,http://farm2.staticflickr.com/1413/688924462_918b4aefeb_z.jpg,2,3
disgust,http://farm7.staticflickr.com/6039/6350696613_9cd2ac4eeb_z.jpg,5,0
disgust,http://farm4.staticflickr.com/3610/3416180291_fac6e5bd86_z.jpg,4,1
disgust,http://farm6.staticflickr.com/5574/14776438454_e5e25b41ba_z.jpg,5,0
disgust,http://farm9.staticflickr.com/8474/8075435927_b1d063cc71_z.jpg,5,0
disgust,http://farm3.staticflickr.com/2212/2515224096_9c07784cce_z.jpg,5,0
disgust,http://farm5.staticflickr.com/4081/4922049044_43096afb77_z.jpg,1,4
disgust,http://farm8.staticflickr.com/7517/15875135560_48dcb9963e_z.jpg,5,0
disgust,http://farm3.staticflickr.com/2898/14491687729_e7444effb9_z.jpg,5,0
disgust,http://farm2.staticflickr.com/1024/1345685914_3572052de6_z.jpg,5,0
disgust,http://farm4.staticflickr.com/3030/2605980558_f79ed15649_z.jpg,4,1
disgust,http://farm5.staticflickr.com/4013/4492636010_8590889468_z.jpg,5,0
disgust,http://farm9.staticflickr.com/8028/7473260210_b20f58ac65_z.jpg,0,5
disgust,http://farm9.staticflickr.com/8431/7735096394_f1d97af37b_z.jpg,5,0
disgust,http://farm9.staticflickr.com/8281/7641048352_6601d4b712_z.jpg,4,1
disgust,http://farm3.staticflickr.com/2845/11195824616_55c984b076_z.jpg,3,2
disgust,http://farm8.staticflickr.com/7088/6948742596_f128ce517b_z.jpg,0,5
disgust,http://farm6.staticflickr.com/5099/5543072011_56d1e85e31_z.jpg,3,2
disgust,http://farm7.staticflickr.com/6085/6115996387_f6496d0030_z.jpg,5,0
disgust,http://farm6.staticflickr.com/5286/5293893840_2d81a4840b_z.jpg,3,2
disgust,http://farm3.staticflickr.com/2760/4470106237_20e4f685e0_z.jpg,5,0
disgust,http://farm5.staticflickr.com/4098/4776110570_13a4b02654_z.jpg,5,0
disgust,http://farm4.staticflickr.com/3576/3481303109_4dc2f7ddc9_z.jpg,2,3
disgust,http://farm8.staticflickr.com/7456/14009928699_cb96bedf6c_z.jpg,3,2
disgust,http://farm5.staticflickr.com/4106/5203319676_440506b8d7_z.jpg,2,3
disgust,http://farm8.staticflickr.com/7030/6600149911_24bc25111d_z.jpg,5,0
disgust,http://farm6.staticflickr.com/5334/9206427781_a6f6cee005_z.jpg,3,2
disgust,http://farm6.staticflickr.com/5330/9211316642_c0cb96bc20_z.jpg,3,2
disgust,http://farm3.staticflickr.com/2030/2233063029_b5ddd26d50_z.jpg,5,0
disgust,http://farm5.staticflickr.com/4029/4472963205_e18434ee32_z.jpg,2,3
disgust,http://farm1.staticflickr.com/58/160284481_5c0bf23780_z.jpg,3,2
disgust,http://farm8.staticflickr.com/7168/6584349861_cb5059530d_z.jpg,5,0
disgust,http://farm1.staticflickr.com/126/361741458_c1bd1fd696_z.jpg,0,5
disgust,http://farm6.staticflickr.com/5034/5843711025_6f810609c4_z.jpg,5,0
disgust,http://farm1.staticflickr.com/69/207015405_8415ce8d3f_z.jpg,5,0
disgust,http://farm7.staticflickr.com/6107/6303313421_0f34bbdda6_z.jpg,5,0
disgust,http://farm2.staticflickr.com/1184/1438370186_9eabf26886_z.jpg,5,0
disgust,http://farm9.staticflickr.com/8076/8283682658_3f6a740625_z.jpg,5,0
disgust,http://farm6.staticflickr.com/5068/5661628824_554c7f9b3a_z.jpg,4,1
disgust,http://farm3.staticflickr.com/2455/3956772471_7540350b0d_z.jpg,2,3
disgust,http://farm3.staticflickr.com/2497/3947742191_90a6b5d49a_z.jpg,5,0
disgust,http://farm4.staticflickr.com/3930/15402455931_7a4a822b21_z.jpg,3,2
disgust,http://farm3.staticflickr.com/2633/3815442887_8a18c9644f_z.jpg,5,0
disgust,http://farm4.staticflickr.com/3793/9326857117_b20a18977c_z.jpg,4,1
disgust,http://farm8.staticflickr.com/7201/13941162314_0ebec0ce74_z.jpg,5,0
disgust,http://farm5.staticflickr.com/4141/5412586853_875fa2f3ac_z.jpg,1,4
disgust,http://farm4.staticflickr.com/3021/2498824647_9b6e95377b_z.jpg,5,0
disgust,http://farm8.staticflickr.com/7180/6887164309_e1aa93d066_z.jpg,2,3
disgust,http://farm5.staticflickr.com/4040/5151319555_460a3034cb_z.jpg,5,0
disgust,http://farm3.staticflickr.com/2452/3634423266_bb25d482a7_z.jpg,1,4
disgust,http://farm8.staticflickr.com/7224/7156381498_7b39e35949_z.jpg,5,0
disgust,http://farm4.staticflickr.com/3268/5765728218_e5fe8fab85_z.jpg,5,0
disgust,http://farm5.staticflickr.com/4009/4314918662_b65e8325f3_z.jpg,5,0
disgust,http://farm2.staticflickr.com/1349/536571781_3b7d52ac82_z.jpg,5,0
disgust,http://farm8.staticflickr.com/7154/6450389221_8873f9908f_z.jpg,4,1
disgust,http://farm1.staticflickr.com/50/140806729_f28df044c1_z.jpg,4,1
disgust,http://farm3.staticflickr.com/2769/4454116892_99f72cc263_z.jpg,5,0
disgust,http://farm5.staticflickr.com/4050/4715112317_f1ba006552_z.jpg,4,1
disgust,http://farm4.staticflickr.com/3896/14597654209_523fca621f_z.jpg,3,2
disgust,http://farm4.staticflickr.com/3316/4625504332_71c7306229_z.jpg,2,3
disgust,http://farm6.staticflickr.com/5209/5329480496_84020972dd_z.jpg,5,0
disgust,http://farm3.staticflickr.com/2327/1571727337_f67a0d0e0c_z.jpg,5,0
disgust,http://farm8.staticflickr.com/7044/6937345287_2428e8a75e_z.jpg,5,0
disgust,http://farm5.staticflickr.com/4050/4698316063_ba3ef1083d_z.jpg,5,0
disgust,http://farm3.staticflickr.com/2015/2463772815_a40ce18785_z.jpg,4,1
disgust,http://farm1.staticflickr.com/150/356350448_18e7899f52_z.jpg,3,2
disgust,http://farm8.staticflickr.com/7136/8159842008_76945f6a16_z.jpg,5,0
disgust,http://farm6.staticflickr.com/5441/8771552175_da7a42844a_z.jpg,5,0
disgust,http://farm8.staticflickr.com/7330/11466614445_996fc2b28b_z.jpg,1,4
disgust,http://farm4.staticflickr.com/3690/11409844235_e2d9495fe8_z.jpg,4,1
disgust,http://farm7.staticflickr.com/6085/6143775788_ac10a486d4_z.jpg,5,0
disgust,http://farm4.staticflickr.com/3359/3205067852_99654df603_z.jpg,5,0
disgust,http://farm4.staticflickr.com/3400/3289725824_0bf1f4fc1e_z.jpg,4,1
disgust,http://farm4.staticflickr.com/3096/2775933603_fbc381d4ff_z.jpg,4,1
disgust,http://farm3.staticflickr.com/2362/2044794305_5ee7bfd81d_z.jpg,3,2
disgust,http://farm1.staticflickr.com/56/132465760_2cc1bdbe28_z.jpg,5,0
disgust,http://farm4.staticflickr.com/3266/3185929177_f77a9cd78f_z.jpg,5,0
disgust,http://farm4.staticflickr.com/3220/2788101112_2f2c510f84_z.jpg,5,0
disgust,http://farm4.staticflickr.com/3528/3304494941_ee4ce4e050_z.jpg,5,0
disgust,http://farm3.staticflickr.com/2110/2719257707_55e813caa2_z.jpg,5,0
disgust,http://farm9.staticflickr.com/8508/8426277922_7663ecf98e_z.jpg,3,2
disgust,http://farm6.staticflickr.com/5503/14436570987_3de3d01e59_z.jpg,5,0
disgust,http://farm7.staticflickr.com/6051/6335173911_f281047f7f_z.jpg,4,1
disgust,http://farm9.staticflickr.com/8373/8394889010_4a99f048d4_z.jpg,5,0
disgust,http://farm4.staticflickr.com/3514/3458863895_c965e8cd3f_z.jpg,5,0
disgust,http://farm5.staticflickr.com/4140/4817934250_ded8ff8653_z.jpg,2,2
disgust,http://farm6.staticflickr.com/5055/5471864190_176b2e8262_z.jpg,5,0
disgust,http://farm2.staticflickr.com/1115/3353863410_36d6c696a0_z.jpg,5,0
disgust,http://farm4.staticflickr.com/3735/9637153191_31ceb8691c_z.jpg,5,0
disgust,http://farm3.staticflickr.com/2031/2324584443_d8c70bc984_z.jpg,2,3
disgust,http://farm5.staticflickr.com/4139/5411761754_a3b6ac909c_z.jpg,5,0
disgust,http://farm4.staticflickr.com/3599/3600594082_c6b7d6e6e9_z.jpg,5,0
disgust,http://farm3.staticflickr.com/2871/9544842941_459ae7368b_z.jpg,5,0
disgust,http://farm4.staticflickr.com/3520/3736375214_b4483643a2_z.jpg,5,0
disgust,http://farm8.staticflickr.com/7197/6864529063_85b803a8ed_z.jpg,5,0
disgust,http://farm8.staticflickr.com/7349/9290737113_7873fdd6e8_z.jpg,4,1
disgust,http://farm4.staticflickr.com/3300/3225540992_2001311f6f_z.jpg,3,2
disgust,http://farm6.staticflickr.com/5504/10220443153_1a0eb4edeb_z.jpg,5,0
disgust,http://farm1.staticflickr.com/49/139559266_c311aa4fd7_z.jpg,2,3
disgust,http://farm5.staticflickr.com/4120/4922366978_b48d57cd19_z.jpg,5,0
disgust,http://farm3.staticflickr.com/2776/4304740335_51c2c9c31f_z.jpg,0,5
disgust,http://farm8.staticflickr.com/7083/13539829273_75cfffcc43_z.jpg,0,5
disgust,http://farm4.staticflickr.com/3398/5795093782_3c97330a4a_z.jpg,5,0
disgust,http://farm4.staticflickr.com/3045/3031604238_41a0ab1cbc_z.jpg,5,0
disgust,http://farm9.staticflickr.com/8001/7334577024_0897539922_z.jpg,5,0
disgust,http://farm9.staticflickr.com/8087/8384962486_98c6e57cdc_z.jpg,3,2
disgust,http://farm5.staticflickr.com/4145/5016236424_2ab27fd25c_z.jpg,5,0
disgust,http://farm6.staticflickr.com/5052/5401686806_218142e740_z.jpg,5,0
disgust,http://farm1.staticflickr.com/171/436884944_00f119faa2_z.jpg,5,0
disgust,http://farm3.staticflickr.com/2934/14752095065_e3fdb5662a_z.jpg,5,0
disgust,http://farm5.staticflickr.com/4074/4922138442_61107e1507_z.jpg,5,0
disgust,http://farm5.staticflickr.com/4026/4531912826_a09fe151ec_z.jpg,5,0
disgust,http://farm3.staticflickr.com/2566/4006835801_203750b700_z.jpg,0,5
disgust,http://farm5.staticflickr.com/4054/5139859457_c71d8f0097_z.jpg,1,3
disgust,http://farm8.staticflickr.com/7278/7715731424_7f6363bb69_z.jpg,3,2
disgust,http://farm3.staticflickr.com/2245/2383103216_ac34b1ec60_z.jpg,5,0
disgust,http://farm3.staticflickr.com/2422/3762976362_e9ba90beaf_z.jpg,5,0
disgust,http://farm9.staticflickr.com/8014/7678107660_b958228307_z.jpg,2,3
disgust,http://farm8.staticflickr.com/7425/8723136744_b43cc489d6_z.jpg,0,5
disgust,http://farm4.staticflickr.com/3008/3020019393_073c0a55eb_z.jpg,5,0
disgust,http://farm4.staticflickr.com/3512/3771438842_444e308f16_z.jpg,4,1
disgust,http://farm4.staticflickr.com/3148/2646702961_7f9bcb3b5b_z.jpg,3,2
disgust,http://farm2.staticflickr.com/1309/4730566599_0dd72884fb_z.jpg,5,0
disgust,http://farm4.staticflickr.com/3699/13694116884_eec8ededf7_z.jpg,5,0
disgust,http://farm1.staticflickr.com/151/377608753_ee02ba3630_z.jpg,5,0
disgust,http://farm8.staticflickr.com/7553/15869543380_e08625eb76_z.jpg,5,0
disgust,http://farm2.staticflickr.com/1248/1367975028_e4ef1fc4ac_z.jpg,5,0
disgust,http://farm4.staticflickr.com/3034/2698563564_b7afd796d4_z.jpg,5,0
disgust,http://farm7.staticflickr.com/6027/5910661452_b654aab09a_z.jpg,5,0
disgust,http://farm4.staticflickr.com/3005/2835445412_c505975c53_z.jpg,5,0
disgust,http://farm4.staticflickr.com/3574/3394455493_67dc962d74_z.jpg,5,0
disgust,http://farm6.staticflickr.com/5555/14163246866_97d01ba5f6_z.jpg,3,2
disgust,http://farm4.staticflickr.com/3029/2755611116_e18a6fc448_z.jpg,5,0
disgust,http://farm3.staticflickr.com/2269/2430096634_af7dc84cbd_z.jpg,4,1
disgust,http://farm5.staticflickr.com/4053/4658767450_652c7243dd_z.jpg,4,0
disgust,http://farm4.staticflickr.com/3892/14415026944_81d2d2aedb_z.jpg,3,2
disgust,http://farm4.staticflickr.com/3310/3506024872_e4405f3396_z.jpg,5,0
disgust,http://farm6.staticflickr.com/5136/5389429400_b6b119c60f_z.jpg,5,0
disgust,http://farm1.staticflickr.com/204/489125736_dc5309004d_z.jpg,5,0
disgust,http://farm6.staticflickr.com/5442/6903684626_ee885bff5e_z.jpg,0,5
disgust,http://farm4.staticflickr.com/3006/2522058769_f8594e5949_z.jpg,3,2
disgust,http://farm6.staticflickr.com/5089/5230161748_94b0074fcb_z.jpg,5,0
disgust,http://farm4.staticflickr.com/3618/3551474214_56bf459e91_z.jpg,4,1
disgust,http://farm7.staticflickr.com/6129/5926957866_d0b39f4416_z.jpg,5,0
disgust,http://farm4.staticflickr.com/3718/12089598594_8eace79821_z.jpg,5,0
disgust,http://farm5.staticflickr.com/4105/5019689703_8a72aa0724_z.jpg,5,0
disgust,http://farm3.staticflickr.com/2128/2378603228_69b1644ee2_z.jpg,5,0
disgust,http://farm9.staticflickr.com/8450/8025101032_3a5cb4f787_z.jpg,5,0
disgust,http://farm3.staticflickr.com/2020/1869981095_620dd376cc_z.jpg,5,0
disgust,http://farm1.staticflickr.com/134/326309011_87f420c2bd_z.jpg,4,1
disgust,http://farm3.staticflickr.com/2111/2242020021_cef85f5b04_z.jpg,5,0
disgust,http://farm7.staticflickr.com/6208/6210320620_ba16144f7a_z.jpg,2,3
disgust,http://farm1.staticflickr.com/116/273555282_cb0706e5a2_z.jpg,5,0
disgust,http://farm5.staticflickr.com/4143/4783341387_c697080fd9_z.jpg,0,5
disgust,http://farm3.staticflickr.com/2205/2752155596_d68c73118f_z.jpg,4,1
disgust,http://farm6.staticflickr.com/5329/9026092888_0b6408f016_z.jpg,5,0
disgust,http://farm4.staticflickr.com/3247/3059657386_069d1ac4b9_z.jpg,3,2
disgust,http://farm4.staticflickr.com/3417/3364894537_a860057ee0_z.jpg,4,1
disgust,http://farm2.staticflickr.com/1018/1434428797_ef48431984_z.jpg,5,0
disgust,http://farm8.staticflickr.com/7576/16042029241_ece59150e7_z.jpg,5,0
disgust,http://farm4.staticflickr.com/3078/3120369168_0b18ed44ed_z.jpg,5,0
disgust,http://farm4.staticflickr.com/3283/3004195627_3989a4129e_z.jpg,5,0
disgust,http://farm6.staticflickr.com/5211/5427545895_a5b19a6f45_z.jpg,4,1
disgust,http://farm6.staticflickr.com/5545/14454121569_4950c43448_z.jpg,4,1
disgust,http://farm6.staticflickr.com/5594/14773582915_738c43bd4c_z.jpg,5,0
disgust,http://farm3.staticflickr.com/2865/9615664664_09e1f97ab2_z.jpg,3,2
disgust,http://farm8.staticflickr.com/7173/6686098053_6cda442ee9_z.jpg,3,2
disgust,http://farm1.staticflickr.com/96/240947846_29032a0ee2_z.jpg,5,0
disgust,http://farm3.staticflickr.com/2829/11289773123_9ed934b61d_z.jpg,5,0
disgust,http://farm5.staticflickr.com/4021/4243615917_917b34297f_z.jpg,1,4
disgust,http://farm5.staticflickr.com/4101/4870978076_084d25c2f9_z.jpg,2,3
disgust,http://farm8.staticflickr.com/7106/7560252470_c837d5615e_z.jpg,0,5
disgust,http://farm4.staticflickr.com/3542/3476020007_a4d3286f54_z.jpg,5,0
disgust,http://farm3.staticflickr.com/2784/4478086836_499f2115a9_z.jpg,5,0
disgust,http://farm6.staticflickr.com/5202/5268675598_eb097532e4_z.jpg,5,0
disgust,http://farm1.staticflickr.com/107/283340196_83d99d34d8_z.jpg,2,3
disgust,http://farm6.staticflickr.com/5549/9643117858_42164bbae4_z.jpg,5,0
disgust,http://farm9.staticflickr.com/8037/8055139721_524b518a09_z.jpg,5,0
disgust,http://farm4.staticflickr.com/3183/2897255961_449954cb81_z.jpg,5,0
disgust,http://farm2.staticflickr.com/1404/1466334320_d03b36918f_z.jpg,5,0
disgust,http://farm6.staticflickr.com/5529/10581221406_12258c0fd3_z.jpg,5,0
disgust,http://farm3.staticflickr.com/2824/9638500905_4b6e3be856_z.jpg,5,0
disgust,http://farm7.staticflickr.com/6181/6053456542_b1624896c1_z.jpg,5,0
disgust,http://farm8.staticflickr.com/7543/15977694936_64d32664f0_z.jpg,5,0
disgust,http://farm4.staticflickr.com/3101/2615479051_6002f8d736_z.jpg,3,2
disgust,http://farm4.staticflickr.com/3378/3275816230_2b80c28017_z.jpg,5,0
disgust,http://farm1.staticflickr.com/176/464465169_9510c7f289_z.jpg,2,3
disgust,http://farm5.staticflickr.com/4140/4750102006_424fecaaae_z.jpg,5,0
disgust,http://farm4.staticflickr.com/3451/3225189971_4473f43140_z.jpg,5,0
disgust,http://farm4.staticflickr.com/3539/3642180255_e13e148c3b_z.jpg,4,1
disgust,http://farm4.staticflickr.com/3935/15439973601_a9461ffaba_z.jpg,1,4
disgust,http://farm7.staticflickr.com/6197/6142360966_76afbe3dd2_z.jpg,5,0
disgust,http://farm3.staticflickr.com/2648/4055279378_0b6f1181b0_z.jpg,0,5
disgust,http://farm1.staticflickr.com/252/453228859_2c960b3df6_z.jpg,4,1
disgust,http://farm5.staticflickr.com/4128/5003567764_8e778df9f7_z.jpg,5,0
disgust,http://farm2.staticflickr.com/1229/1438281348_e57e47fed5_z.jpg,5,0
disgust,http://farm3.staticflickr.com/2637/3963602809_4e37dcc4b5_z.jpg,5,0
disgust,http://farm3.staticflickr.com/2294/2133512739_46476f3548_z.jpg,5,0
disgust,http://farm4.staticflickr.com/3263/2796253472_431efbb1ce_z.jpg,2,3
disgust,http://farm3.staticflickr.com/2525/3957516103_f55072e0fe_z.jpg,5,0
disgust,http://farm3.staticflickr.com/2912/14596086468_ed054e9567_z.jpg,5,0
disgust,http://farm6.staticflickr.com/5590/14781960074_be9e929fae_z.jpg,5,0
disgust,http://farm6.staticflickr.com/5065/5617038365_20df51ae3b_z.jpg,5,0
disgust,http://farm2.staticflickr.com/1192/657220634_74705bbdcf_z.jpg,5,0
disgust,http://farm7.staticflickr.com/6216/6282089677_e087f9b565_z.jpg,0,5
disgust,http://farm4.staticflickr.com/3914/14491260379_9644768e3c_z.jpg,3,2
disgust,http://farm6.staticflickr.com/5114/7173110352_e3d745922c_z.jpg,5,0
disgust,http://farm4.staticflickr.com/3553/3614991909_b89e49102a_z.jpg,4,1
disgust,http://farm9.staticflickr.com/8015/6983756830_b70f9bd1e2_z.jpg,5,0
disgust,http://farm5.staticflickr.com/4043/4283275607_15c6f59c39_z.jpg,4,1
disgust,http://farm8.staticflickr.com/7024/6549866295_192704cf01_z.jpg,5,0
disgust,http://farm9.staticflickr.com/8523/8590322554_15f0964256_z.jpg,2,3
disgust,http://farm3.staticflickr.com/2689/4516649589_91b7367396_z.jpg,5,0
disgust,http://farm3.staticflickr.com/2161/2147454072_c319c2fa63_z.jpg,0,5
disgust,http://farm7.staticflickr.com/6146/5975529206_14c54d5847_z.jpg,5,0
disgust,http://farm3.staticflickr.com/2406/2468642576_3595bf8074_z.jpg,5,0
disgust,http://farm5.staticflickr.com/4115/4810197839_67e4bfc12b_z.jpg,5,0
disgust,http://farm7.staticflickr.com/6136/5930539524_f5c678b85e_z.jpg,5,0
disgust,http://farm4.staticflickr.com/3247/3061553030_d4edd59ba5_z.jpg,4,1
disgust,http://farm9.staticflickr.com/8301/7785704198_3859fb6a81_z.jpg,0,5
disgust,http://farm3.staticflickr.com/2105/2449496821_472abc3247_z.jpg,3,2
disgust,http://farm1.staticflickr.com/146/428470505_8da8535c86_z.jpg,5,0
disgust,http://farm1.staticflickr.com/161/418127377_a7b2f06a89_z.jpg,5,0
disgust,http://farm3.staticflickr.com/2667/4139508301_53f6d2715e_z.jpg,5,0
disgust,http://farm3.staticflickr.com/2135/1848534200_893f844396_z.jpg,5,0
disgust,http://farm1.staticflickr.com/85/268687924_6097e00f25_z.jpg,5,0
disgust,http://farm3.staticflickr.com/2143/2189250909_ba699db7cc_z.jpg,5,0
disgust,http://farm4.staticflickr.com/3917/14568934718_9b405594be_z.jpg,5,0
disgust,http://farm6.staticflickr.com/5203/5268690852_84b0630d6a_z.jpg,5,0
disgust,http://farm5.staticflickr.com/4016/4491296405_a46ca1dde4_z.jpg,4,1
disgust,http://farm3.staticflickr.com/2040/2191584414_ca697199a0_z.jpg,5,0
disgust,http://farm4.staticflickr.com/3283/2539774743_208ca0b497_z.jpg,1,4
disgust,http://farm9.staticflickr.com/8481/8270426065_33b4afa9ab_z.jpg,2,3
disgust,http://farm5.staticflickr.com/4039/5159207519_3839e9b37d_z.jpg,5,0
disgust,http://farm4.staticflickr.com/3143/2856149248_da626149e3_z.jpg,5,0
disgust,http://farm4.staticflickr.com/3110/2827192793_2f1fa3e171_z.jpg,3,2
disgust,http://farm6.staticflickr.com/5349/9195974317_234d4d4b60_z.jpg,5,0
disgust,http://farm4.staticflickr.com/3076/2546879815_4b755e013f_z.jpg,2,3
disgust,http://farm2.staticflickr.com/1196/1479102336_7688bf8665_z.jpg,5,0
disgust,http://farm8.staticflickr.com/7164/6498662947_75ded4525d_z.jpg,5,0
disgust,http://farm4.staticflickr.com/3157/3034548368_fe6d406834_z.jpg,5,0
disgust,http://farm6.staticflickr.com/5299/5468997985_0237c809aa_z.jpg,5,0
disgust,http://farm4.staticflickr.com/3086/3213366571_16f539e26c_z.jpg,5,0
disgust,http://farm5.staticflickr.com/4128/5071184991_2754fdf33d_z.jpg,5,0
disgust,http://farm5.staticflickr.com/4121/4755182933_084fb7dfcd_z.jpg,5,0
disgust,http://farm6.staticflickr.com/5256/5472134840_13fa35af7d_z.jpg,5,0
disgust,http://farm3.staticflickr.com/2071/2214137166_9338810579_z.jpg,5,0
disgust,http://farm4.staticflickr.com/3584/3319997905_759e3d35bc_z.jpg,4,1
disgust,http://farm6.staticflickr.com/5523/11966570263_18dc08ffb2_z.jpg,3,2
disgust,http://farm4.staticflickr.com/3235/2708789055_fe53efefbf_z.jpg,4,1
disgust,http://farm8.staticflickr.com/7076/6929402904_73c7d07abc_z.jpg,5,0
disgust,http://farm4.staticflickr.com/3232/2751021204_5a3cf147cd_z.jpg,5,0
disgust,http://farm4.staticflickr.com/3701/13203567314_c70b823d62_z.jpg,1,4
disgust,http://farm9.staticflickr.com/8001/6994034950_f172f5ff28_z.jpg,5,0
disgust,http://farm5.staticflickr.com/4102/4909874496_fc247f943b_z.jpg,1,4
disgust,http://farm9.staticflickr.com/8094/8473104372_bb3d84c02c_z.jpg,5,0
disgust,http://farm8.staticflickr.com/7432/8876957585_2a618b3cf0_z.jpg,5,0
disgust,http://farm6.staticflickr.com/5579/14777349114_765f0a6d33_z.jpg,5,0
disgust,http://farm9.staticflickr.com/8450/8011445043_4c43a02b93_z.jpg,5,0
disgust,http://farm3.staticflickr.com/2724/4280514599_14f1daa882_z.jpg,5,0
disgust,http://farm3.staticflickr.com/2578/3785740515_1c87612361_z.jpg,5,0
disgust,http://farm9.staticflickr.com/8431/7502084536_8351680ac7_z.jpg,5,0
disgust,http://farm6.staticflickr.com/5445/9652228146_8ec7bd324f_z.jpg,5,0
disgust,http://farm3.staticflickr.com/2001/2199678780_cef01a4f51_z.jpg,3,2
disgust,http://farm8.staticflickr.com/7294/12757173675_fd5120c438_z.jpg,5,0
