excitement,http://farm4.staticflickr.com/3723/13164215815_140309d81f_z.jpg,4,1
excitement,http://farm9.staticflickr.com/8185/8390037167_b2215a0fd3_z.jpg,0,5
excitement,http://farm6.staticflickr.com/5585/14786528173_059fd8d8c2_z.jpg,5,0
excitement,http://farm9.staticflickr.com/8623/15751209419_1f61a353b5_z.jpg,5,0
excitement,http://farm8.staticflickr.com/7211/13475584923_f1ace55302_z.jpg,5,0
excitement,http://farm9.staticflickr.com/8588/15489895403_3a2dc15dd0_z.jpg,4,1
excitement,http://farm6.staticflickr.com/5594/14526939378_709d60ca0a_z.jpg,1,4
excitement,http://farm8.staticflickr.com/7553/16158460546_96af1ea249_z.jpg,3,2
excitement,http://farm6.staticflickr.com/5579/14671385774_3ca2dc4ab4_z.jpg,5,0
excitement,http://farm9.staticflickr.com/8003/7685618444_85d19aeab1_z.jpg,4,0
excitement,http://farm4.staticflickr.com/3771/11884482596_5c047d3645_z.jpg,5,0
excitement,http://farm9.staticflickr.com/8209/8200109080_8940b6c649_z.jpg,3,1
excitement,http://farm8.staticflickr.com/7155/6833588281_0294e18be1_z.jpg,5,0
excitement,http://farm6.staticflickr.com/5113/6913219980_e04069a1f1_z.jpg,4,1
excitement,http://farm8.staticflickr.com/7450/10342345743_867f3fe00a_z.jpg,5,0
excitement,http://farm8.staticflickr.com/7375/10656689203_afb97651ef_z.jpg,4,1
excitement,http://farm9.staticflickr.com/8333/8119499194_7e6dc1f667_z.jpg,0,5
excitement,http://farm4.staticflickr.com/3866/14760765166_51bae7fe8f_z.jpg,5,0
excitement,http://farm6.staticflickr.com/5540/11770455214_313ccbf847_z.jpg,5,0
excitement,http://farm8.staticflickr.com/7102/7177947402_1e5e43f71d_z.jpg,5,0
excitement,http://farm6.staticflickr.com/5482/12037236143_d888fe8f14_z.jpg,3,2
excitement,http://farm4.staticflickr.com/3909/15127579041_725df846e3_z.jpg,4,1
excitement,http://farm8.staticflickr.com/7393/10844272894_ecc9201410_z.jpg,2,3
excitement,http://farm4.staticflickr.com/3895/15174793171_1a49804211_z.jpg,0,5
excitement,http://farm9.staticflickr.com/8259/8683941403_74b1d9841c_z.jpg,2,3
excitement,http://farm8.staticflickr.com/7243/7279157620_b3a7e2f8d0_z.jpg,5,0
excitement,http://farm3.staticflickr.com/2877/9301336606_9e9c537817_z.jpg,4,1
excitement,http://farm8.staticflickr.com/7371/10372157963_6296f2632a_z.jpg,3,2
excitement,http://farm4.staticflickr.com/3900/14951232732_7330631048_z.jpg,3,2
excitement,http://farm6.staticflickr.com/5564/14991146880_9fa199bcb6_z.jpg,0,5
excitement,http://farm8.staticflickr.com/7172/6721686259_02c95e216a_z.jpg,2,3
excitement,http://farm9.staticflickr.com/8483/8167388152_f0f5e46177_z.jpg,2,3
excitement,http://farm8.staticflickr.com/7152/13284003514_daf8e2276d_z.jpg,2,3
excitement,http://farm4.staticflickr.com/3704/9449266140_e50d9226fc_z.jpg,5,0
excitement,http://farm4.staticflickr.com/3903/14221338877_48271911a4_z.jpg,5,0
excitement,http://farm8.staticflickr.com/7083/7267530876_180033e987_z.jpg,5,0
excitement,http://farm6.staticflickr.com/5485/11770039175_83b3d78c76_z.jpg,2,3
excitement,http://farm4.staticflickr.com/3879/15074895565_5bcbe2ac8b_z.jpg,3,2
excitement,http://farm9.staticflickr.com/8160/7185227428_4f468c0344_z.jpg,5,0
excitement,http://farm9.staticflickr.com/8143/7670861368_7c2719da22_z.jpg,0,5
excitement,http://farm9.staticflickr.com/8179/7949929724_1513251259_z.jpg,5,0
excitement,http://farm8.staticflickr.com/7163/13273919595_65ba7c0581_z.jpg,4,1
excitement,http://farm4.staticflickr.com/3912/14991213908_a519047219_z.jpg,0,5
excitement,http://farm9.staticflickr.com/8060/8162602510_b8e6d71c2a_z.jpg,4,1
excitement,http://farm3.staticflickr.com/2911/14478281321_0f88b38f3d_z.jpg,2,3
excitement,http://farm4.staticflickr.com/3922/14597773507_dd7f7c38cb_z.jpg,4,1
excitement,http://farm8.staticflickr.com/7545/15706745331_fd46331393_z.jpg,5,0
excitement,http://farm4.staticflickr.com/3834/10410179054_5c4d14a5e7_z.jpg,5,0
excitement,http://farm9.staticflickr.com/8445/7961145402_eeeff789ff_z.jpg,1,4
excitement,http://farm4.staticflickr.com/3747/9446481911_68caccfb12_z.jpg,4,1
excitement,http://farm8.staticflickr.com/7413/9807714026_b8ba4f125c_z.jpg,4,1
excitement,http://farm9.staticflickr.com/8090/8598685146_a62da5831e_z.jpg,4,1
excitement,http://farm3.staticflickr.com/2863/10355038154_01d4bac893_z.jpg,4,1
excitement,http://farm8.staticflickr.com/7334/11770518844_09a21671c2_z.jpg,4,1
excitement,http://farm4.staticflickr.com/3874/14514801172_30aa1360ec_z.jpg,3,2
excitement,http://farm4.staticflickr.com/3895/14767320444_e0a013bd72_z.jpg,4,1
excitement,http://farm8.staticflickr.com/7345/11023473056_ca38fdc248_z.jpg,3,2
excitement,http://farm6.staticflickr.com/5554/14579806460_409b0bd82c_z.jpg,5,0
excitement,http://farm3.staticflickr.com/2841/10388363896_b858a11cd8_z.jpg,5,0
excitement,http://farm3.staticflickr.com/2896/14743769436_1020ae0e6c_z.jpg,5,0
excitement,http://farm8.staticflickr.com/7302/12984362765_07de8b4f1b_z.jpg,4,1
excitement,http://farm3.staticflickr.com/2891/8888195712_76ecd6f9c0_z.jpg,2,3
excitement,http://farm4.staticflickr.com/3864/14902607686_107721e9a2_z.jpg,4,0
excitement,http://farm8.staticflickr.com/7293/10140121153_c095ff1857_z.jpg,1,4
excitement,http://farm9.staticflickr.com/8044/8441547432_8f8370bde4_z.jpg,5,0
excitement,http://farm4.staticflickr.com/3849/14610035399_02ceb2b6f3_z.jpg,5,0
excitement,http://farm9.staticflickr.com/8011/7533267004_e59e37db03_z.jpg,4,1
excitement,http://farm8.staticflickr.com/7170/6687249037_fe8a63b7b3_z.jpg,4,1
excitement,http://farm8.staticflickr.com/7080/6867239868_a31ab52b9a_z.jpg,0,5
excitement,http://farm4.staticflickr.com/3899/15268403692_e90af09f02_z.jpg,4,1
excitement,http://farm8.staticflickr.com/7055/6795618722_9bd109f1ca_z.jpg,4,1
excitement,http://farm8.staticflickr.com/7077/7195885280_9b3ae62b38_z.jpg,5,0
excitement,http://farm4.staticflickr.com/3951/15738516035_7af89ea3d2_z.jpg,4,1
excitement,http://farm3.staticflickr.com/2905/14116140848_22da82eca3_z.jpg,0,5
excitement,http://farm8.staticflickr.com/7095/7275586082_e17d56d70e_z.jpg,3,2
excitement,http://farm8.staticflickr.com/7580/16183481602_f70919f8a2_z.jpg,1,4
excitement,http://farm8.staticflickr.com/7003/6644110071_90453c482f_z.jpg,5,0
excitement,http://farm9.staticflickr.com/8595/15797615750_c68c4120ea_z.jpg,3,2
excitement,http://farm4.staticflickr.com/3836/14580074079_c5485afecf_z.jpg,5,0
excitement,http://farm9.staticflickr.com/8323/8385836842_a3e77d6826_z.jpg,5,0
excitement,http://farm8.staticflickr.com/7257/7844968620_6467b51c27_z.jpg,5,0
excitement,http://farm4.staticflickr.com/3711/9624274991_8c315a0afa_z.jpg,1,3
excitement,http://farm8.staticflickr.com/7106/13291711443_b1cec65073_z.jpg,5,0
excitement,http://farm9.staticflickr.com/8344/8249960834_91731c9986_z.jpg,5,0
excitement,http://farm9.staticflickr.com/8325/8367984325_d2bbed586d_z.jpg,3,2
excitement,http://farm3.staticflickr.com/2830/10257192315_3f00e7736d_z.jpg,1,4
excitement,http://farm8.staticflickr.com/7089/7391389796_483b2084ca_z.jpg,5,0
excitement,http://farm4.staticflickr.com/3710/11495221064_b6157a5444_z.jpg,4,1
excitement,http://farm6.staticflickr.com/5120/14227176610_2bfe8a1b13_z.jpg,5,0
excitement,http://farm4.staticflickr.com/3840/14363654999_9fcc1ea933_z.jpg,3,2
excitement,http://farm3.staticflickr.com/2903/14786455593_fc6e1054c2_z.jpg,3,2
excitement,http://farm4.staticflickr.com/3928/15255997358_ea562aa7c9_z.jpg,5,0
excitement,http://farm8.staticflickr.com/7214/7338206016_7a7c1f1f1f_z.jpg,5,0
excitement,http://farm6.staticflickr.com/5573/14776481424_f18deb1723_z.jpg,5,0
excitement,http://farm9.staticflickr.com/8336/8097700142_2ccdf229fe_z.jpg,3,2
excitement,http://farm8.staticflickr.com/7200/6795656474_099733031c_z.jpg,3,2
excitement,http://farm9.staticflickr.com/8318/7961001162_7fc2a1682f_z.jpg,0,5
excitement,http://farm4.staticflickr.com/3880/15099461696_f325251381_z.jpg,4,1
excitement,http://farm8.staticflickr.com/7471/15905186138_b3e93a9c7f_z.jpg,5,0
excitement,http://farm4.staticflickr.com/3944/15746598642_53437e9054_z.jpg,0,5
excitement,http://farm9.staticflickr.com/8214/8344009167_b05eb8e9d2_z.jpg,3,2
excitement,http://farm9.staticflickr.com/8669/15719076249_43fc73a9e1_z.jpg,3,2
excitement,http://farm8.staticflickr.com/7213/7259695142_1ec28f6738_z.jpg,5,0
excitement,http://farm6.staticflickr.com/5583/14597753188_746f94335f_z.jpg,5,0
excitement,http://farm8.staticflickr.com/7498/15644360897_60203158a9_z.jpg,4,1
excitement,http://farm6.staticflickr.com/5556/14776310894_4866a14a07_z.jpg,5,0
excitement,http://farm6.staticflickr.com/5558/15082236397_ae179d81bf_z.jpg,3,2
excitement,http://farm9.staticflickr.com/8240/8590714051_29fa93b2f0_z.jpg,0,5
excitement,http://farm8.staticflickr.com/7204/6817483138_4bc39775a8_z.jpg,5,0
excitement,http://farm9.staticflickr.com/8341/8193360289_44b308de14_z.jpg,1,4
excitement,http://farm3.staticflickr.com/2903/14279680106_e6da6f11aa_z.jpg,0,5
excitement,http://farm4.staticflickr.com/3925/14554373727_23605f7a96_z.jpg,2,3
excitement,http://farm4.staticflickr.com/3953/15703463985_c59c728eff_z.jpg,2,3
excitement,http://farm4.staticflickr.com/3872/14306211249_75d0bbda86_z.jpg,0,5
excitement,http://farm8.staticflickr.com/7263/6849484636_aff97f0d33_z.jpg,5,0
excitement,http://farm9.staticflickr.com/8486/8227487222_63b0e477b9_z.jpg,4,1
excitement,http://farm8.staticflickr.com/7369/10549234925_a9a9cb0fa2_z.jpg,1,4
excitement,http://farm3.staticflickr.com/2911/14652793796_eab86a79d7_z.jpg,5,0
excitement,http://farm9.staticflickr.com/8382/8679818333_172ea85e5b_z.jpg,5,0
excitement,http://farm3.staticflickr.com/2826/13455097083_f878f9562c_z.jpg,3,2
excitement,http://farm8.staticflickr.com/7207/6986608412_994f317af4_z.jpg,5,0
excitement,http://farm9.staticflickr.com/8426/7609394592_54323bdfd7_z.jpg,5,0
excitement,http://farm9.staticflickr.com/8438/7936573764_8eee36f143_z.jpg,5,0
excitement,http://farm4.staticflickr.com/3843/14774868031_2f3a0209cb_z.jpg,5,0
excitement,http://farm9.staticflickr.com/8314/8068100932_7af08b7af2_z.jpg,4,1
excitement,http://farm3.staticflickr.com/2928/14540882855_04dc44b860_z.jpg,5,0
excitement,http://farm6.staticflickr.com/5345/9547372721_e2c44ce1cd_z.jpg,1,4
excitement,http://farm3.staticflickr.com/2905/14487525811_1d45de505f_z.jpg,2,3
excitement,http://farm4.staticflickr.com/3901/14598299859_9cc3a2a03e_z.jpg,5,0
excitement,http://farm6.staticflickr.com/5509/9602668607_6338ce77f7_z.jpg,2,2
excitement,http://farm3.staticflickr.com/2927/14047384176_54ede4e6ce_z.jpg,5,0
excitement,http://farm9.staticflickr.com/8038/7895449228_ed171d89b5_z.jpg,5,0
excitement,http://farm4.staticflickr.com/3798/12617818884_54b6d1f638_z.jpg,5,0
excitement,http://farm4.staticflickr.com/3847/15014391289_4e89c9ae6c_z.jpg,5,0
excitement,http://farm4.staticflickr.com/3696/12660128165_851c2f38d3_z.jpg,3,2
excitement,http://farm9.staticflickr.com/8065/8230186356_2b67364d39_z.jpg,1,4
excitement,http://farm9.staticflickr.com/8008/7637046902_d739f54404_z.jpg,3,2
excitement,http://farm9.staticflickr.com/8332/8080346876_3292b36282_z.jpg,1,4
excitement,http://farm9.staticflickr.com/8146/7274924844_b50c218222_z.jpg,3,2
excitement,http://farm3.staticflickr.com/2909/14476992188_425ff399c6_z.jpg,5,0
excitement,http://farm8.staticflickr.com/7051/6941728005_00fa170003_z.jpg,4,1
excitement,http://farm3.staticflickr.com/2811/12462302245_8c1942de47_z.jpg,0,4
excitement,http://farm3.staticflickr.com/2915/14678759206_100b669448_z.jpg,0,5
excitement,http://farm8.staticflickr.com/7487/16004417907_efcb378342_z.jpg,5,0
excitement,http://farm9.staticflickr.com/8232/8381209309_c800c43ca2_z.jpg,3,2
excitement,http://farm3.staticflickr.com/2837/13292354373_ffd60ebb10_z.jpg,4,1
excitement,http://farm8.staticflickr.com/7126/7696627602_511d4cec74_z.jpg,3,2
excitement,http://farm4.staticflickr.com/3871/15127173961_69f78a0d9d_z.jpg,5,0
excitement,http://farm9.staticflickr.com/8305/7979735409_686522bc87_z.jpg,5,0
excitement,http://farm4.staticflickr.com/3885/14592211058_ff5913581f_z.jpg,5,0
excitement,http://farm4.staticflickr.com/3954/15676125722_518e1bef0d_z.jpg,4,1
excitement,http://farm9.staticflickr.com/8329/8119089532_0ed677a2db_z.jpg,3,2
excitement,http://farm9.staticflickr.com/8280/8705794723_e705ae4243_z.jpg,3,2
excitement,http://farm4.staticflickr.com/3883/14763918704_86773987f3_z.jpg,8,2
excitement,http://farm4.staticflickr.com/3897/14801460173_99da0c9803_z.jpg,5,0
excitement,http://farm9.staticflickr.com/8030/7913650088_c76d8644fc_z.jpg,5,0
excitement,http://farm9.staticflickr.com/8455/7950017890_0d9b262deb_z.jpg,5,0
excitement,http://farm4.staticflickr.com/3846/14768388602_447a614d3a_z.jpg,4,1
excitement,http://farm9.staticflickr.com/8351/8366133145_cd96dffd01_z.jpg,5,0
excitement,http://farm8.staticflickr.com/7117/7648994400_6338859d92_z.jpg,1,4
excitement,http://farm4.staticflickr.com/3897/14689884321_c15d466845_z.jpg,0,5
excitement,http://farm8.staticflickr.com/7362/10660914796_f61856fc23_z.jpg,3,2
excitement,http://farm9.staticflickr.com/8509/8385860532_84a12ab10e_z.jpg,2,3
excitement,http://farm8.staticflickr.com/7406/9377091030_86a31c7b97_z.jpg,4,1
excitement,http://farm9.staticflickr.com/8033/7979644845_c88b5ec536_z.jpg,0,5
excitement,http://farm9.staticflickr.com/8607/15984899765_024fa07042_z.jpg,4,1
excitement,http://farm9.staticflickr.com/8393/8634744570_5dd9ebef66_z.jpg,5,0
excitement,http://farm3.staticflickr.com/2898/14596955338_eb14750813_z.jpg,5,0
excitement,http://farm4.staticflickr.com/3950/15073786143_4d67c9349f_z.jpg,5,0
excitement,http://farm4.staticflickr.com/3936/15447587215_c0da6980b1_z.jpg,5,0
excitement,http://farm3.staticflickr.com/2852/11769011145_384e780c22_z.jpg,4,1
excitement,http://farm8.staticflickr.com/7316/13984319073_65bf16c55d_z.jpg,3,2
excitement,http://farm6.staticflickr.com/5569/14759197766_52312b23c5_z.jpg,5,0
excitement,http://farm9.staticflickr.com/8030/7914893952_9d03acb996_z.jpg,0,5
excitement,http://farm6.staticflickr.com/5601/15089289483_639b87f8b6_z.jpg,5,0
excitement,http://farm6.staticflickr.com/5581/15040916812_6dc26ba535_z.jpg,3,2
excitement,http://farm6.staticflickr.com/5580/14694759542_c3583a4747_z.jpg,5,0
excitement,http://farm4.staticflickr.com/3741/11769995106_210aa91b77_z.jpg,5,0
excitement,http://farm6.staticflickr.com/5479/9286104793_65b98631a8_z.jpg,4,1
excitement,http://farm6.staticflickr.com/5582/14219672693_5abed1667a_z.jpg,5,0
excitement,http://farm8.staticflickr.com/7507/15170285364_e5ba26e57b_z.jpg,5,0
excitement,http://farm8.staticflickr.com/7367/12841641963_3ece1aca46_z.jpg,4,1
excitement,http://farm6.staticflickr.com/5313/14363661838_ac55d444b8_z.jpg,5,0
excitement,http://farm6.staticflickr.com/5597/15282725587_47a3d434ff_z.jpg,5,0
excitement,http://farm9.staticflickr.com/8335/8360081657_9fa1d45534_z.jpg,5,0
excitement,http://farm9.staticflickr.com/8064/8268498471_59c371b964_z.jpg,4,1
excitement,http://farm9.staticflickr.com/8215/8321304677_9324bd0d02_z.jpg,0,5
excitement,http://farm4.staticflickr.com/3840/14550276625_998802941c_z.jpg,5,0
excitement,http://farm9.staticflickr.com/8608/15968778926_b089e95a93_z.jpg,5,0
excitement,http://farm9.staticflickr.com/8304/7907085188_892c8248c2_z.jpg,0,5
excitement,http://farm9.staticflickr.com/8151/7335638252_284fa85117_z.jpg,3,2
excitement,http://farm4.staticflickr.com/3679/11769746055_2ef80c050f_z.jpg,2,3
excitement,http://farm9.staticflickr.com/8075/8321305773_523e3a9552_z.jpg,1,4
excitement,http://farm8.staticflickr.com/7040/6879437799_a5eaaa18b4_z.jpg,3,2
excitement,http://farm4.staticflickr.com/3898/15177802035_e51a3f76d6_z.jpg,0,5
excitement,http://farm4.staticflickr.com/3848/14675782775_cc059b27f8_z.jpg,3,2
excitement,http://farm8.staticflickr.com/7431/9807677944_3507b0fdc2_z.jpg,5,0
excitement,http://farm4.staticflickr.com/3750/13492954305_e400a501e3_z.jpg,5,0
excitement,http://farm8.staticflickr.com/7519/16003116291_c709a9912b_z.jpg,3,2
excitement,http://farm9.staticflickr.com/8147/7178694610_1942443355_z.jpg,5,0
excitement,http://farm4.staticflickr.com/3788/8950834956_323f88fa56_z.jpg,4,1
excitement,http://farm4.staticflickr.com/3899/14953187012_066c2c547f_z.jpg,3,2
excitement,http://farm6.staticflickr.com/5346/9438584735_a9ab944969_z.jpg,3,2
excitement,http://farm8.staticflickr.com/7296/9736636731_b33a0212b5_z.jpg,5,0
excitement,http://farm9.staticflickr.com/8175/7921485980_3584effa63_z.jpg,4,1
excitement,http://farm4.staticflickr.com/3919/14778666861_2a5046b620_z.jpg,5,0
excitement,http://farm9.staticflickr.com/8303/7972346490_05d096767f_z.jpg,4,1
excitement,http://farm6.staticflickr.com/5514/10743287425_231aef26f9_z.jpg,5,0
excitement,http://farm8.staticflickr.com/7108/7637046152_48c41677f1_z.jpg,4,1
excitement,http://farm9.staticflickr.com/8449/7932292578_9673fcbd19_z.jpg,4,1
excitement,http://farm9.staticflickr.com/8175/8065172126_4d1a0f9654_z.jpg,2,3
excitement,http://farm8.staticflickr.com/7295/12212938535_7a31b00faf_z.jpg,4,1
excitement,http://farm8.staticflickr.com/7394/11457132953_6fa03c23ea_z.jpg,0,5
excitement,http://farm9.staticflickr.com/8221/8280386262_87e195116f_z.jpg,5,0
excitement,http://farm8.staticflickr.com/7550/15884262977_ca429e0970_z.jpg,5,0
excitement,http://farm8.staticflickr.com/7233/6885264466_4ab19233d6_z.jpg,5,0
excitement,http://farm6.staticflickr.com/5480/11771138536_babdf7abaf_z.jpg,2,3
excitement,http://farm9.staticflickr.com/8034/7896281584_404b31e920_z.jpg,4,1
excitement,http://farm9.staticflickr.com/8535/8699317032_1d016d08bd_z.jpg,5,0
excitement,http://farm3.staticflickr.com/2933/14712923483_77ebaf1f9d_z.jpg,2,3
excitement,http://farm9.staticflickr.com/8207/8249734877_e4c42b9608_z.jpg,4,1
excitement,http://farm4.staticflickr.com/3896/15025085999_c36a841853_z.jpg,0,5
excitement,http://farm8.staticflickr.com/7137/6863131826_f9360f6e7d_z.jpg,3,2
excitement,http://farm8.staticflickr.com/7309/10656357625_903c7161f4_z.jpg,5,0
excitement,http://farm3.staticflickr.com/2904/14480278963_b3783b82ef_z.jpg,5,0
excitement,http://farm9.staticflickr.com/8075/8426076820_1f4b66ea78_z.jpg,5,0
excitement,http://farm6.staticflickr.com/5550/9163662467_081e78ec52_z.jpg,5,0
excitement,http://farm8.staticflickr.com/7016/6808429617_2ab8ce4657_z.jpg,5,0
excitement,http://farm4.staticflickr.com/3701/9547386653_ee7067d1a9_z.jpg,4,1
excitement,http://farm6.staticflickr.com/5575/15091776868_19f6c3ec81_z.jpg,2,3
excitement,http://farm3.staticflickr.com/2912/14082077239_8889300cab_z.jpg,4,1
excitement,http://farm6.staticflickr.com/5550/9464027969_332852e1d0_z.jpg,0,5
excitement,http://farm8.staticflickr.com/7562/16191498496_678b71503c_z.jpg,4,0
excitement,http://farm9.staticflickr.com/8224/8306969466_e6d02f21e8_z.jpg,2,3
excitement,http://farm9.staticflickr.com/8487/8159069307_606b74f3f8_z.jpg,5,0
excitement,http://farm9.staticflickr.com/8151/7652546596_50b215edb9_z.jpg,5,0
excitement,http://farm9.staticflickr.com/8025/7609342564_e9cf2e830d_z.jpg,5,0
excitement,http://farm4.staticflickr.com/3817/13897305802_bda7dc5707_z.jpg,2,3
excitement,http://farm8.staticflickr.com/7031/6622152165_818bc6694e_z.jpg,2,3
excitement,http://farm8.staticflickr.com/7207/6956192040_a619f2a05a_z.jpg,4,1
excitement,http://farm9.staticflickr.com/8040/8014197065_cd450e2721_z.jpg,5,0
excitement,http://farm4.staticflickr.com/3704/9339195982_df06ee1c34_z.jpg,5,0
excitement,http://farm6.staticflickr.com/5499/11867577476_971c621849_z.jpg,4,1
excitement,http://farm3.staticflickr.com/2878/12515077563_3ea22d7531_z.jpg,2,3
excitement,http://farm4.staticflickr.com/3739/12406821005_7f560b43d1_z.jpg,4,1
excitement,http://farm8.staticflickr.com/7452/12586080294_402aecde69_z.jpg,3,2
excitement,http://farm9.staticflickr.com/8126/8658530244_9c887cee24_z.jpg,5,0
excitement,http://farm4.staticflickr.com/3901/14579539919_a8f6fb374b_z.jpg,5,0
excitement,http://farm9.staticflickr.com/8217/8294341310_d5be45be92_z.jpg,5,0
excitement,http://farm6.staticflickr.com/5585/15027402889_fec601254c_z.jpg,5,0
excitement,http://farm3.staticflickr.com/2870/9807724436_17850279c7_z.jpg,1,4
excitement,http://farm8.staticflickr.com/7410/10176191923_277c5865de_z.jpg,5,0
excitement,http://farm6.staticflickr.com/5502/10660705946_094ac46f57_z.jpg,5,0
excitement,http://farm9.staticflickr.com/8031/8044415870_8b5ca6814e_z.jpg,4,1
excitement,http://farm4.staticflickr.com/3895/15188845562_c2f780432e_z.jpg,3,2
excitement,http://farm3.staticflickr.com/2865/12799517055_83f1bc4be0_z.jpg,4,1
excitement,http://farm4.staticflickr.com/3881/14164349507_95354fe167_z.jpg,3,2
excitement,http://farm6.staticflickr.com/5591/15115448399_1a08a68622_z.jpg,5,0
excitement,http://farm8.staticflickr.com/7374/8753067739_c2310fb5f3_z.jpg,4,1
excitement,http://farm3.staticflickr.com/2831/12712114654_2bdf78902a_z.jpg,5,0
excitement,http://farm4.staticflickr.com/3693/13591476473_620c98c351_z.jpg,5,0
excitement,http://farm8.staticflickr.com/7337/9553891082_44acaf9c39_z.jpg,4,1
excitement,http://farm6.staticflickr.com/5562/14700798842_93c7a56160_z.jpg,1,4
excitement,http://farm8.staticflickr.com/7387/11769387054_c587e9af4e_z.jpg,4,1
excitement,http://farm6.staticflickr.com/5572/15211921125_d312b59a16_z.jpg,1,4
excitement,http://farm9.staticflickr.com/8671/16068971525_035a2e1cbb_z.jpg,3,2
excitement,http://farm8.staticflickr.com/7329/11922334186_8fbe119d49_z.jpg,1,4
excitement,http://farm8.staticflickr.com/7221/7284644904_b269df7d6b_z.jpg,4,1
excitement,http://farm8.staticflickr.com/7445/12707490263_65a8b0677c_z.jpg,2,3
excitement,http://farm4.staticflickr.com/3930/15440787302_0a726feb44_z.jpg,5,0
excitement,http://farm6.staticflickr.com/5566/14690703464_e192205c30_z.jpg,5,0
excitement,http://farm6.staticflickr.com/5080/7369581814_b761aff9e9_z.jpg,2,3
excitement,http://farm8.staticflickr.com/7026/6675884057_922a58fc38_z.jpg,5,0
excitement,http://farm9.staticflickr.com/8021/7349394246_0b87105d94_z.jpg,5,0
excitement,http://farm9.staticflickr.com/8097/8407598306_1827ee0ede_z.jpg,5,0
excitement,http://farm6.staticflickr.com/5592/14564821930_c523b53573_z.jpg,5,0
excitement,http://farm4.staticflickr.com/3737/13203394005_bf5e72951c_z.jpg,4,1
excitement,http://farm4.staticflickr.com/3912/14462543058_9116d844dd_z.jpg,2,3
excitement,http://farm9.staticflickr.com/8308/7906700482_b639131352_z.jpg,0,5
excitement,http://farm9.staticflickr.com/8413/8698169263_092a6b1234_z.jpg,4,1
excitement,http://farm9.staticflickr.com/8282/7593433898_ebe6b6c4bb_z.jpg,1,4
excitement,http://farm3.staticflickr.com/2839/10257171293_61fd209b10_z.jpg,2,3
excitement,http://farm8.staticflickr.com/7064/6911324090_51662fd499_z.jpg,2,3
excitement,http://farm8.staticflickr.com/7410/9016140217_79a28d6155_z.jpg,3,1
excitement,http://farm9.staticflickr.com/8505/8551594595_663c4bb87c_z.jpg,0,5
excitement,http://farm9.staticflickr.com/8190/8113446485_e4e16d02c9_z.jpg,4,0
excitement,http://farm9.staticflickr.com/8486/8243035194_50494c5070_z.jpg,3,2
excitement,http://farm3.staticflickr.com/2862/11639760224_13cc922ff5_z.jpg,0,5
excitement,http://farm6.staticflickr.com/5592/14941992360_b95ab6d172_z.jpg,5,0
excitement,http://farm6.staticflickr.com/5548/9533381061_bf1dc5e995_z.jpg,5,0
excitement,http://farm3.staticflickr.com/2939/14758609706_973fab051e_z.jpg,5,0
excitement,http://farm9.staticflickr.com/8002/7511058782_a6db3e94c3_z.jpg,2,3
excitement,http://farm4.staticflickr.com/3930/15219687538_1dcc8467c5_z.jpg,5,0
excitement,http://farm9.staticflickr.com/8283/7697637784_dfca5eae54_z.jpg,5,0
excitement,http://farm4.staticflickr.com/3897/14765273091_642b1b19ea_z.jpg,5,0
excitement,http://farm3.staticflickr.com/2847/12909896153_a9e38e7fe0_z.jpg,5,0
excitement,http://farm4.staticflickr.com/3756/12227046885_1ac4f40930_z.jpg,5,0
excitement,http://farm9.staticflickr.com/8330/8121530397_6d3cd1bf82_z.jpg,2,3
excitement,http://farm9.staticflickr.com/8023/7365331076_5884364583_z.jpg,5,0
excitement,http://farm8.staticflickr.com/7300/12356001253_50e91e0461_z.jpg,4,1
excitement,http://farm6.staticflickr.com/5610/15568165505_f920e2637a_z.jpg,5,0
excitement,http://farm8.staticflickr.com/7407/12614354145_9755e670d9_z.jpg,3,2
excitement,http://farm9.staticflickr.com/8301/7936599522_b72ec1aac0_z.jpg,2,3
excitement,http://farm8.staticflickr.com/7407/8878289429_4fdaec6008_z.jpg,3,2
excitement,http://farm3.staticflickr.com/2926/14581170527_4de0378519_z.jpg,5,0
excitement,http://farm9.staticflickr.com/8245/8640209934_719d4ccdf7_z.jpg,5,0
excitement,http://farm9.staticflickr.com/8538/8671801790_ce7506951e_z.jpg,4,1
excitement,http://farm6.staticflickr.com/5588/14776109512_2ae8cf6767_z.jpg,3,2
excitement,http://farm3.staticflickr.com/2894/9420969621_045801f63c_z.jpg,5,0
excitement,http://farm8.staticflickr.com/7462/16029999340_b6d78d8f4f_z.jpg,5,0
excitement,http://farm8.staticflickr.com/7185/7083310009_49a0c640e4_z.jpg,4,1
excitement,http://farm9.staticflickr.com/8174/7971520756_2724b38bb3_z.jpg,2,3
excitement,http://farm9.staticflickr.com/8118/8671710187_bfced83c95_z.jpg,3,2
excitement,http://farm8.staticflickr.com/7122/7690673300_5faceb15f2_z.jpg,5,0
excitement,http://farm9.staticflickr.com/8549/8711231770_72817640b3_z.jpg,4,0
excitement,http://farm8.staticflickr.com/7377/9742041198_d672ed467c_z.jpg,5,0
excitement,http://farm8.staticflickr.com/7346/13274200563_9d5fa610c9_z.jpg,5,0
excitement,http://farm8.staticflickr.com/7363/12510832324_efbe58a3f0_z.jpg,4,1
excitement,http://farm4.staticflickr.com/3896/14401008390_180609897c_z.jpg,3,2
excitement,http://farm9.staticflickr.com/8298/7978651438_7290bbd93c_z.jpg,2,3
excitement,http://farm4.staticflickr.com/3887/14462222066_fb8eca0782_z.jpg,1,4
excitement,http://farm4.staticflickr.com/3834/10935115866_2717a879e6_z.jpg,4,1
excitement,http://farm8.staticflickr.com/7289/10743269525_7d49daa427_z.jpg,4,1
excitement,http://farm9.staticflickr.com/8234/8512962612_652f0d03ed_z.jpg,3,2
excitement,http://farm4.staticflickr.com/3918/14582897120_59a4f5e182_z.jpg,4,1
excitement,http://farm4.staticflickr.com/3887/14783330915_7b43ff998f_z.jpg,5,0
excitement,http://farm3.staticflickr.com/2922/14298739393_a57ecbcd5c_z.jpg,1,4
excitement,http://farm9.staticflickr.com/8331/8129866024_3a752104a6_z.jpg,4,1
excitement,http://farm9.staticflickr.com/8582/15842893389_95ec125cda_z.jpg,4,1
excitement,http://farm4.staticflickr.com/3716/8940513436_5751568aed_z.jpg,2,3
excitement,http://farm3.staticflickr.com/2896/14550421945_d80bc4d486_z.jpg,0,5
excitement,http://farm9.staticflickr.com/8483/8174308227_1086d462df_z.jpg,5,0
excitement,http://farm4.staticflickr.com/3890/14275127448_d915ec0619_z.jpg,4,1
excitement,http://farm6.staticflickr.com/5581/14399230543_56cca66f8a_z.jpg,4,0
excitement,http://farm8.staticflickr.com/7056/6923145795_e14d7a542b_z.jpg,5,0
excitement,http://farm8.staticflickr.com/7317/13070614635_0ba5a138af_z.jpg,4,1
excitement,http://farm4.staticflickr.com/3875/14782318032_8edf196bc8_z.jpg,5,0
excitement,http://farm8.staticflickr.com/7397/13283995814_3b538fbacf_z.jpg,3,2
excitement,http://farm6.staticflickr.com/5594/15211493762_e34c367b99_z.jpg,0,5
excitement,http://farm9.staticflickr.com/8307/8013481793_1ded8b23cf_z.jpg,3,2
excitement,http://farm4.staticflickr.com/3837/14407945116_18d7ba65b1_z.jpg,5,0
excitement,http://farm4.staticflickr.com/3770/12484363033_1cfea0a1d7_z.jpg,4,1
excitement,http://farm4.staticflickr.com/3942/15726368906_13daaa4e3e_z.jpg,5,0
excitement,http://farm8.staticflickr.com/7453/9462853226_7c4eec2dcd_z.jpg,5,0
excitement,http://farm8.staticflickr.com/7425/9807697775_6ca6cb1a17_z.jpg,2,3
excitement,http://farm9.staticflickr.com/8047/8075411425_7a4c00ed34_z.jpg,2,2
excitement,http://farm9.staticflickr.com/8319/8042981214_1c518b877b_z.jpg,1,4
excitement,http://farm8.staticflickr.com/7228/7376675230_2219453196_z.jpg,4,1
excitement,http://farm6.staticflickr.com/5614/15339493697_51ebe96868_z.jpg,4,1
excitement,http://farm8.staticflickr.com/7136/7863121682_db135fa4a4_z.jpg,2,3
excitement,http://farm3.staticflickr.com/2836/10087726496_8bfa612a9d_z.jpg,5,0
excitement,http://farm8.staticflickr.com/7387/12903202564_176dc1c870_z.jpg,1,4
excitement,http://farm4.staticflickr.com/3912/14801574863_2a590a687c_z.jpg,5,0
excitement,http://farm8.staticflickr.com/7081/7268200044_77f57ef80b_z.jpg,5,0
excitement,http://farm3.staticflickr.com/2931/14761602556_0eac7b3011_z.jpg,5,0
excitement,http://farm8.staticflickr.com/7500/16082305282_41ced7e520_z.jpg,5,0
excitement,http://farm3.staticflickr.com/2910/14489340177_6c5866d319_z.jpg,3,2
excitement,http://farm4.staticflickr.com/3759/12345265033_7262d65350_z.jpg,3,2
excitement,http://farm4.staticflickr.com/3852/14583231548_7b11276a70_z.jpg,3,2
excitement,http://farm3.staticflickr.com/2843/13447862535_7b911a2a22_z.jpg,5,0
excitement,http://farm4.staticflickr.com/3888/14502372298_d30c08087b_z.jpg,4,1
excitement,http://farm8.staticflickr.com/7152/6660867487_9a2c3628c6_z.jpg,1,4
excitement,http://farm4.staticflickr.com/3827/12585646745_9e36749cbd_z.jpg,5,0
excitement,http://farm9.staticflickr.com/8187/8090098829_fc3cac8149_z.jpg,5,0
excitement,http://farm8.staticflickr.com/7222/7180574765_f9c52b093a_z.jpg,2,3
excitement,http://farm8.staticflickr.com/7381/9339156202_431ab4bf5d_z.jpg,3,2
excitement,http://farm8.staticflickr.com/7291/9181066012_6175086e66_z.jpg,2,3
excitement,http://farm6.staticflickr.com/5576/14675792895_bc46dd1ca3_z.jpg,4,1
excitement,http://farm6.staticflickr.com/5564/15025223710_426271c909_z.jpg,2,3
excitement,http://farm6.staticflickr.com/5603/15083456884_a83d851bfd_z.jpg,2,3
excitement,http://farm4.staticflickr.com/3772/11312496555_4fe7ce0cc5_z.jpg,4,1
excitement,http://farm8.staticflickr.com/7040/6867177680_549a43c6d8_z.jpg,0,5
excitement,http://farm4.staticflickr.com/3905/15393193861_faf0e7e98d_z.jpg,5,0
excitement,http://farm8.staticflickr.com/7222/7156848494_9bbf1eab59_z.jpg,2,3
excitement,http://farm8.staticflickr.com/7105/7164431707_811e23c6c2_z.jpg,4,1
excitement,http://farm8.staticflickr.com/7117/7483503320_ef1bc4a4e2_z.jpg,3,2
excitement,http://farm4.staticflickr.com/3834/11112688576_11a5e4d378_z.jpg,1,4
excitement,http://farm9.staticflickr.com/8447/7930931722_b8c331b696_z.jpg,1,4
excitement,http://farm4.staticflickr.com/3871/14349997454_3441f18889_z.jpg,0,5
excitement,http://farm9.staticflickr.com/8267/8697977851_d090e4af2f_z.jpg,5,0
excitement,http://farm9.staticflickr.com/8058/8192257097_6f69e9dfe4_z.jpg,0,4
excitement,http://farm9.staticflickr.com/8136/8699308998_6b6996f321_z.jpg,5,0
excitement,http://farm4.staticflickr.com/3925/14548217179_5e52008bbc_z.jpg,3,2
excitement,http://farm6.staticflickr.com/5532/14383608427_9f91bdb0ef_z.jpg,5,0
excitement,http://farm9.staticflickr.com/8141/7690950172_4b8b813b19_z.jpg,2,3
excitement,http://farm8.staticflickr.com/7555/15385317543_14373f0309_z.jpg,5,0
excitement,http://farm9.staticflickr.com/8454/8005249016_1507d2995b_z.jpg,1,4
excitement,http://farm6.staticflickr.com/5574/14600717028_0eaed7e50a_z.jpg,5,0
excitement,http://farm4.staticflickr.com/3182/13069565664_b365344563_z.jpg,5,0
excitement,http://farm9.staticflickr.com/8527/8681817412_09770ecc5b_z.jpg,5,0
excitement,http://farm6.staticflickr.com/5589/14812968377_90b9753740_z.jpg,5,0
excitement,http://farm8.staticflickr.com/7328/11769706804_733b1082f3_z.jpg,4,1
excitement,http://farm4.staticflickr.com/3846/14981578901_ee0f614b65_z.jpg,5,0
excitement,http://farm8.staticflickr.com/7450/13549319314_5056d22ac3_z.jpg,1,4
excitement,http://farm8.staticflickr.com/7130/7672347036_1029b2ea48_z.jpg,4,1
excitement,http://farm4.staticflickr.com/3936/15603670505_082fc8b6fe_z.jpg,3,2
excitement,http://farm8.staticflickr.com/7127/7801673738_02ff75e91b_z.jpg,2,3
excitement,http://farm9.staticflickr.com/8490/8162563121_98a8893e0d_z.jpg,0,5
excitement,http://farm9.staticflickr.com/8452/8001773466_49d32631e0_z.jpg,5,0
excitement,http://farm8.staticflickr.com/7069/6988754881_b0f7ac35b3_z.jpg,4,1
excitement,http://farm4.staticflickr.com/3721/12356274524_349b06d1e9_z.jpg,5,0
excitement,http://farm4.staticflickr.com/3947/15681418595_9491a95bf4_z.jpg,1,4
excitement,http://farm9.staticflickr.com/8056/8359862165_69f8627e37_z.jpg,2,3
excitement,http://farm6.staticflickr.com/5565/15227223352_0e595d3077_z.jpg,2,3
excitement,http://farm8.staticflickr.com/7481/15083475984_9e30c8a228_z.jpg,2,3
excitement,http://farm4.staticflickr.com/3914/14742066480_2fdbe40757_z.jpg,4,1
excitement,http://farm6.staticflickr.com/5232/14241565011_8e330b80f0_z.jpg,5,0
excitement,http://farm9.staticflickr.com/8630/15789668862_e65e375c7e_z.jpg,3,2
excitement,http://farm3.staticflickr.com/2814/13283658085_25f6388dc7_z.jpg,5,0
excitement,http://farm4.staticflickr.com/3845/14355337179_a258a8a8d2_z.jpg,5,0
excitement,http://farm4.staticflickr.com/3669/12016780605_c0c5b377c9_z.jpg,4,1
excitement,http://farm8.staticflickr.com/7430/9578243740_077d3e7fec_z.jpg,0,5
excitement,http://farm6.staticflickr.com/5519/12717387204_d16f5dbe63_z.jpg,5,0
excitement,http://farm8.staticflickr.com/7361/9470247758_41a9deb11d_z.jpg,4,1
excitement,http://farm9.staticflickr.com/8470/8414073950_9645027cbe_z.jpg,5,0
excitement,http://farm9.staticflickr.com/8521/8588821644_4f9e0073d3_z.jpg,1,4
excitement,http://farm9.staticflickr.com/8445/7930938114_9916b6f89e_z.jpg,4,1
excitement,http://farm3.staticflickr.com/2046/12984442305_897e7c26f1_z.jpg,1,4
excitement,http://farm8.staticflickr.com/7476/15982187779_a8442411b2_z.jpg,5,0
excitement,http://farm4.staticflickr.com/3819/12533936874_596e50f60a_z.jpg,2,3
excitement,http://farm6.staticflickr.com/5549/9467407231_7dedbecfa3_z.jpg,5,0
excitement,http://farm8.staticflickr.com/7117/7094398651_77d27a8efb_z.jpg,5,0
excitement,http://farm8.staticflickr.com/7434/9312601715_f27413afb3_z.jpg,2,3
excitement,http://farm8.staticflickr.com/7228/7053477161_54abf5e3ca_z.jpg,5,0
excitement,http://farm3.staticflickr.com/2911/14675784685_56fc8e3347_z.jpg,5,0
excitement,http://farm6.staticflickr.com/5458/9835887454_ee7f36a5f0_z.jpg,4,1
excitement,http://farm8.staticflickr.com/7118/7678091062_8297a4e90c_z.jpg,5,0
excitement,http://farm6.staticflickr.com/5552/14596292257_5fb871d63e_z.jpg,5,0
excitement,http://farm9.staticflickr.com/8313/7929619518_f74a7faf0a_z.jpg,5,0
excitement,http://farm3.staticflickr.com/2812/10013078734_b2d135b619_z.jpg,4,1
excitement,http://farm8.staticflickr.com/7201/6885553699_ebe86a2dde_z.jpg,4,1
excitement,http://farm6.staticflickr.com/5491/13932296375_b5ce3dc81a_z.jpg,5,0
excitement,http://farm8.staticflickr.com/7486/16217466065_e2baa403e5_z.jpg,5,0
excitement,http://farm6.staticflickr.com/5040/7374423352_8d75f4f008_z.jpg,5,0
excitement,http://farm4.staticflickr.com/3694/9842093753_a91938e139_z.jpg,5,0
excitement,http://farm3.staticflickr.com/2844/11769660556_5c9b8afe78_z.jpg,4,1
excitement,http://farm9.staticflickr.com/8238/8348474524_fa69249363_z.jpg,5,0
excitement,http://farm9.staticflickr.com/8196/8440819015_f9077d404e_z.jpg,0,5
excitement,http://farm6.staticflickr.com/5462/9167821364_2decc64509_z.jpg,3,2
excitement,http://farm9.staticflickr.com/8383/8585189159_c1f7e1fd9d_z.jpg,5,0
excitement,http://farm4.staticflickr.com/3729/10683567126_892317e588_z.jpg,2,3
excitement,http://farm9.staticflickr.com/8078/8391104776_494fc4afa4_z.jpg,2,3
excitement,http://farm9.staticflickr.com/8184/8111090706_c40f6f1dec_z.jpg,1,4
excitement,http://farm9.staticflickr.com/8179/8068112311_737a1ba96e_z.jpg,3,2
excitement,http://farm4.staticflickr.com/3872/14650668070_3a944f23b4_z.jpg,1,4
excitement,http://farm9.staticflickr.com/8621/15724347328_f5464a37ce_z.jpg,3,2
excitement,http://farm8.staticflickr.com/7155/13454969775_f656f90d05_z.jpg,3,2
excitement,http://farm3.staticflickr.com/2877/11770141076_c89d166670_z.jpg,4,1
excitement,http://farm6.staticflickr.com/5493/11344748194_d8506d7095_z.jpg,3,2
excitement,http://farm4.staticflickr.com/3667/10019863853_38a3c8716b_z.jpg,2,3
excitement,http://farm9.staticflickr.com/8047/8112835226_99ea62bf3a_z.jpg,3,2
excitement,http://farm8.staticflickr.com/7248/7038701025_38ed9b5451_z.jpg,2,3
excitement,http://farm6.staticflickr.com/5312/7365329544_b9e6e16fa3_z.jpg,5,0
excitement,http://farm4.staticflickr.com/3919/14792027899_285a1cf14d_z.jpg,4,1
excitement,http://farm4.staticflickr.com/3954/15080143023_df79b5341a_z.jpg,1,4
excitement,http://farm4.staticflickr.com/3853/15143181860_91d2db35be_z.jpg,5,0
excitement,http://farm4.staticflickr.com/3840/14629336840_0518f57ec2_z.jpg,0,5
excitement,http://farm9.staticflickr.com/8236/8513484687_26a65bfa22_z.jpg,5,0
excitement,http://farm6.staticflickr.com/5601/15621476246_4628643b4a_z.jpg,1,4
excitement,http://farm3.staticflickr.com/2866/11072476744_3a9bc56552_z.jpg,1,4
excitement,http://farm8.staticflickr.com/7303/13270237913_6f75eb8eae_z.jpg,1,4
excitement,http://farm8.staticflickr.com/7130/7106270255_49d1ba37bb_z.jpg,5,0
excitement,http://farm8.staticflickr.com/7086/7386343296_24e55d3050_z.jpg,5,0
excitement,http://farm8.staticflickr.com/7300/8727458395_194df7cda7_z.jpg,0,5
excitement,http://farm4.staticflickr.com/3893/15067682720_a23a06b954_z.jpg,3,2
excitement,http://farm4.staticflickr.com/3755/9286104833_a9108cee36_z.jpg,1,4
excitement,http://farm8.staticflickr.com/7086/7267895028_b6235b594d_z.jpg,5,0
excitement,http://farm3.staticflickr.com/2884/9320684412_a9664e853c_z.jpg,3,2
excitement,http://farm9.staticflickr.com/8324/8127553370_64a0e67322_z.jpg,4,1
excitement,http://farm9.staticflickr.com/8571/15345894614_589e51073b_z.jpg,5,0
excitement,http://farm3.staticflickr.com/2879/12919212284_386530e723_z.jpg,1,4
excitement,http://farm4.staticflickr.com/3858/14755870936_ecc3b47d0a_z.jpg,5,0
excitement,http://farm8.staticflickr.com/7323/9386916584_45504ea97a_z.jpg,2,3
excitement,http://farm9.staticflickr.com/8231/8360619662_cf8fdd3f28_z.jpg,5,0
excitement,http://farm4.staticflickr.com/3850/14692804152_3f23456dd1_z.jpg,3,2
excitement,http://farm9.staticflickr.com/8084/8322418688_9d3b8fa96e_z.jpg,0,5
excitement,http://farm9.staticflickr.com/8422/7839036436_5035062561_z.jpg,5,0
excitement,http://farm8.staticflickr.com/7057/6795576176_4f6a7b63c2_z.jpg,4,1
excitement,http://farm4.staticflickr.com/3741/13416485843_64052ce3d2_z.jpg,4,1
excitement,http://farm8.staticflickr.com/7255/7719159350_07c36d6eb7_z.jpg,5,0
excitement,http://farm9.staticflickr.com/8435/7980483697_495e88c235_z.jpg,2,3
excitement,http://farm9.staticflickr.com/8177/7931038872_baed8a6ef4_z.jpg,1,4
excitement,http://farm9.staticflickr.com/8144/7551093896_98d0c66fec_z.jpg,3,2
excitement,http://farm3.staticflickr.com/2918/14211828313_12d538f9d4_z.jpg,4,1
excitement,http://farm6.staticflickr.com/5515/12660084405_d873ea64b5_z.jpg,5,0
excitement,http://farm3.staticflickr.com/2841/10021829556_6bbdb24597_z.jpg,4,1
excitement,http://farm8.staticflickr.com/7220/7275577554_4ccce6236f_z.jpg,4,1
excitement,http://farm4.staticflickr.com/3749/12984615843_baa5373785_z.jpg,4,1
excitement,http://farm8.staticflickr.com/7061/6795601400_9f0c543fca_z.jpg,2,2
excitement,http://farm9.staticflickr.com/8178/7950013790_84ed4a21f1_z.jpg,3,2
excitement,http://farm4.staticflickr.com/3785/10743442614_26d882b26e_z.jpg,5,0
excitement,http://farm9.staticflickr.com/8249/8660565257_7e6d553d6d_z.jpg,4,1
excitement,http://farm6.staticflickr.com/5558/14593379682_0dafb261fc_z.jpg,2,3
excitement,http://farm4.staticflickr.com/3672/14091295479_789732870c_z.jpg,5,0
excitement,http://farm8.staticflickr.com/7366/9701167116_0eb97d8b1d_z.jpg,4,1
excitement,http://farm6.staticflickr.com/5338/9398901494_550163b90c_z.jpg,5,0
excitement,http://farm4.staticflickr.com/3815/9222594735_56e559f9a5_z.jpg,5,0
excitement,http://farm9.staticflickr.com/8190/8097665366_8979b3e1f0_z.jpg,5,0
excitement,http://farm9.staticflickr.com/8085/8440410291_dcccb76494_z.jpg,4,1
excitement,http://farm8.staticflickr.com/7087/7237851518_29e523f086_z.jpg,4,1
excitement,http://farm9.staticflickr.com/8003/7337637062_ea960a8ecd_z.jpg,5,0
excitement,http://farm8.staticflickr.com/7292/12585614275_f715ae03de_z.jpg,5,0
excitement,http://farm4.staticflickr.com/3909/14878625220_19321c5297_z.jpg,5,0
excitement,http://farm9.staticflickr.com/8400/8678412062_75ce589a19_z.jpg,4,1
excitement,http://farm9.staticflickr.com/8436/7883407252_847a2e1459_z.jpg,4,1
excitement,http://farm3.staticflickr.com/2913/14743386736_4b60d1b308_z.jpg,5,0
excitement,http://farm9.staticflickr.com/8450/7929615996_8ac8df8610_z.jpg,5,0
excitement,http://farm9.staticflickr.com/8263/8640790552_bbcc8db895_z.jpg,5,0
excitement,http://farm6.staticflickr.com/5516/10619156924_556083692c_z.jpg,3,2
excitement,http://farm3.staticflickr.com/2870/9311566804_7bd56edfc1_z.jpg,3,2
excitement,http://farm4.staticflickr.com/3760/12707799153_6b59eafcc7_z.jpg,4,1
excitement,http://farm9.staticflickr.com/8205/8214227232_caf73111a5_z.jpg,5,0
excitement,http://farm3.staticflickr.com/2922/13926159388_76319a3850_z.jpg,5,0
excitement,http://farm3.staticflickr.com/2836/12954661465_397b124457_z.jpg,5,0
excitement,http://farm3.staticflickr.com/2810/13284062164_bc03499ebf_z.jpg,3,2
excitement,http://farm9.staticflickr.com/8188/8093102977_d3f16ee2f6_z.jpg,3,2
excitement,http://farm9.staticflickr.com/8522/8681401491_92ff94712d_z.jpg,5,0
excitement,http://farm9.staticflickr.com/8032/7950010656_56b93438e4_z.jpg,3,2
excitement,http://farm9.staticflickr.com/8299/7979733304_c6e988d083_z.jpg,0,5
excitement,http://farm8.staticflickr.com/7063/6941735219_d7ce8aa5b9_z.jpg,1,4
excitement,http://farm9.staticflickr.com/8181/7960667288_f530c75ff2_z.jpg,3,2
excitement,http://farm4.staticflickr.com/3724/11297822446_20811359f8_z.jpg,2,3
excitement,http://farm4.staticflickr.com/3810/14116472927_6e16ce64d8_z.jpg,0,5
excitement,http://farm4.staticflickr.com/3925/14930537646_a582e95fb7_z.jpg,5,0
excitement,http://farm4.staticflickr.com/3840/14666139972_7074452d4c_z.jpg,5,0
excitement,http://farm8.staticflickr.com/7114/7489137388_78e77c60f8_z.jpg,5,0
excitement,http://farm8.staticflickr.com/7187/6795629936_a20f1240d3_z.jpg,4,1
excitement,http://farm8.staticflickr.com/7401/11231528895_99b9b35fc2_z.jpg,5,0
excitement,http://farm9.staticflickr.com/8211/8314212933_824fd92c68_z.jpg,3,2
excitement,http://farm8.staticflickr.com/7307/11020368216_fe7a456c5a_z.jpg,3,2
excitement,http://farm3.staticflickr.com/2826/11974408804_f9980ef0e6_z.jpg,5,0
excitement,http://farm4.staticflickr.com/3908/14940501426_bd846b2bc9_z.jpg,2,3
excitement,http://farm6.staticflickr.com/5312/7365087260_8f5ea63608_z.jpg,5,0
excitement,http://farm4.staticflickr.com/3868/15209647289_0f693f38ba_z.jpg,3,2
excitement,http://farm8.staticflickr.com/7218/6980071554_0131dfa5ec_z.jpg,5,0
excitement,http://farm4.staticflickr.com/3698/9241733027_873fe290bb_z.jpg,2,3
excitement,http://farm4.staticflickr.com/3806/10382746003_abee10b8ee_z.jpg,4,1
excitement,http://farm9.staticflickr.com/8010/7510166670_45dbd579fd_z.jpg,1,4
excitement,http://farm8.staticflickr.com/7401/9272737537_0a56622006_z.jpg,5,0
excitement,http://farm8.staticflickr.com/7433/12236657866_843c29e92a_z.jpg,3,2
excitement,http://farm6.staticflickr.com/5577/14101278537_ab1ae9073f_z.jpg,0,5
excitement,http://farm8.staticflickr.com/7275/7844965278_ce67b6aec0_z.jpg,5,0
excitement,http://farm8.staticflickr.com/7549/16191650706_9f3ed1b202_z.jpg,5,0
excitement,http://farm6.staticflickr.com/5555/14722687004_e7e0e664f9_z.jpg,3,1
excitement,http://farm9.staticflickr.com/8084/8297382453_7a451b0d50_z.jpg,3,2
excitement,http://farm4.staticflickr.com/3862/15004172081_5498f6e389_z.jpg,2,3
excitement,http://farm6.staticflickr.com/5530/9048536004_8bbc27a512_z.jpg,3,2
excitement,http://farm4.staticflickr.com/3820/12839064285_11e5766fbc_z.jpg,5,0
excitement,http://farm4.staticflickr.com/3670/9059237236_8957568dc0_z.jpg,4,1
excitement,http://farm9.staticflickr.com/8320/7936588984_abc1aa56fa_z.jpg,5,0
excitement,http://farm6.staticflickr.com/5571/14506401009_8d28f4b9cb_z.jpg,2,3
excitement,http://farm9.staticflickr.com/8350/8158926755_e13826cde4_z.jpg,4,1
excitement,http://farm4.staticflickr.com/3852/14494869276_c865f9bce3_z.jpg,3,2
excitement,http://farm4.staticflickr.com/3894/14789975813_bbf91ce195_z.jpg,5,0
excitement,http://farm9.staticflickr.com/8291/7738672692_d771decfd3_z.jpg,5,0
excitement,http://farm4.staticflickr.com/3695/9410510499_76e5dca2db_z.jpg,4,1
excitement,http://farm4.staticflickr.com/3930/15484182145_555129184d_z.jpg,5,0
excitement,http://farm8.staticflickr.com/7246/8158696164_107cc38031_z.jpg,5,0
excitement,http://farm9.staticflickr.com/8184/8097629826_e4e4a9467e_z.jpg,5,0
excitement,http://farm6.staticflickr.com/5543/11161655944_142d41b73e_z.jpg,3,2
excitement,http://farm9.staticflickr.com/8026/7283638292_516157aaac_z.jpg,3,2
excitement,http://farm8.staticflickr.com/7341/12921052144_d33c432763_z.jpg,1,4
excitement,http://farm4.staticflickr.com/3712/14289964095_897d241ce2_z.jpg,5,0
excitement,http://farm4.staticflickr.com/3923/14597522080_6926d9228a_z.jpg,5,0
excitement,http://farm9.staticflickr.com/8315/8033759401_c0f054e303_z.jpg,3,2
excitement,http://farm4.staticflickr.com/3844/15211969075_d30777539c_z.jpg,1,4
excitement,http://farm6.staticflickr.com/5155/14350148294_0f4ed71846_z.jpg,0,5
excitement,http://farm4.staticflickr.com/3884/14966546048_8657323605_z.jpg,5,0
excitement,http://farm4.staticflickr.com/3874/14767016215_275df0c7a7_z.jpg,5,0
excitement,http://farm4.staticflickr.com/3796/13142622814_75b0b09cfd_z.jpg,1,4
excitement,http://farm6.staticflickr.com/5584/14766720064_c45d03d59f_z.jpg,5,0
excitement,http://farm4.staticflickr.com/3862/14502901508_b3e5357813_z.jpg,0,5
excitement,http://farm9.staticflickr.com/8161/7263498210_4b118890a3_z.jpg,3,2
excitement,http://farm6.staticflickr.com/5535/12652479605_452c30cc9e_z.jpg,2,3
excitement,http://farm9.staticflickr.com/8432/7587937574_4a42dcbfb5_z.jpg,5,0
excitement,http://farm9.staticflickr.com/8478/8226414801_ef6e91633e_z.jpg,5,0
excitement,http://farm8.staticflickr.com/7406/9461872941_a34d4f90e4_z.jpg,3,2
excitement,http://farm6.staticflickr.com/5614/15648819056_ca9787714f_z.jpg,0,5
excitement,http://farm8.staticflickr.com/7239/7296660292_b2483820ce_z.jpg,1,4
excitement,http://farm6.staticflickr.com/5590/14595744970_6997e7459f_z.jpg,5,0
excitement,http://farm8.staticflickr.com/7266/7867767870_a7e56b7ccb_z.jpg,5,0
excitement,http://farm4.staticflickr.com/3869/14780437245_61fc299350_z.jpg,5,0
excitement,http://farm8.staticflickr.com/7137/7555267178_3a4490958e_z.jpg,4,1
excitement,http://farm9.staticflickr.com/8286/7712286588_fa5b748e75_z.jpg,2,3
excitement,http://farm6.staticflickr.com/5520/14164255010_60eb868b5f_z.jpg,4,1
excitement,http://farm8.staticflickr.com/7514/15693699978_d399354f84_z.jpg,5,0
excitement,http://farm9.staticflickr.com/8454/7895773300_7a9c674747_z.jpg,3,2
excitement,http://farm9.staticflickr.com/8356/8312596710_2079d36ca0_z.jpg,3,2
excitement,http://farm4.staticflickr.com/3899/14777369614_d9bf4a3d49_z.jpg,5,0
excitement,http://farm9.staticflickr.com/8397/8680928928_67c59200f7_z.jpg,4,1
excitement,http://farm8.staticflickr.com/7332/8926355533_b708344f0d_z.jpg,1,4
excitement,http://farm8.staticflickr.com/7458/12660563904_319e6c98a9_z.jpg,4,1
excitement,http://farm3.staticflickr.com/2837/10012976074_6db9c90713_z.jpg,2,3
excitement,http://farm9.staticflickr.com/8113/8699686137_b77c3b3eba_z.jpg,4,1
excitement,http://farm8.staticflickr.com/7132/7607091194_4cf4704770_z.jpg,4,1
excitement,http://farm6.staticflickr.com/5549/14251643952_604a3ca49c_z.jpg,4,1
excitement,http://farm3.staticflickr.com/2933/14115431689_e5eaa2bce2_z.jpg,4,0
excitement,http://farm9.staticflickr.com/8014/7627991084_0372b1449d_z.jpg,4,1
excitement,http://farm4.staticflickr.com/3902/14691891318_56bcdca09c_z.jpg,5,0
excitement,http://farm9.staticflickr.com/8124/8633566150_cb618b50f9_z.jpg,3,2
excitement,http://farm9.staticflickr.com/8301/7979651991_334306a9fd_z.jpg,5,0
excitement,http://farm6.staticflickr.com/5586/14906137928_f3ce2d0cdb_z.jpg,5,0
excitement,http://farm4.staticflickr.com/3753/11866734385_dab51a6f35_z.jpg,5,0
excitement,http://farm4.staticflickr.com/3807/13293073963_f435c23b62_z.jpg,3,2
excitement,http://farm8.staticflickr.com/7516/15306259263_6f31ec157b_z.jpg,5,0
excitement,http://farm8.staticflickr.com/7544/15602758518_856d1349f5_z.jpg,3,1
excitement,http://farm9.staticflickr.com/8233/8382913918_e36db857cf_z.jpg,5,0
excitement,http://farm3.staticflickr.com/2937/14376660018_0ff93b8b0c_z.jpg,5,0
excitement,http://farm4.staticflickr.com/3877/15104789611_67f28143bd_z.jpg,5,0
excitement,http://farm4.staticflickr.com/3854/14788458093_7f0af32234_z.jpg,5,0
excitement,http://farm9.staticflickr.com/8308/7979735534_cfedb5dcbe_z.jpg,5,0
excitement,http://farm4.staticflickr.com/3702/12019483855_3c7c834e45_z.jpg,5,0
excitement,http://farm8.staticflickr.com/7311/12707706943_b8cdd77786_z.jpg,5,0
excitement,http://farm6.staticflickr.com/5562/14590573027_ff0a8edcea_z.jpg,5,0
excitement,http://farm4.staticflickr.com/3887/15167601957_a601a1b4b1_z.jpg,3,2
excitement,http://farm8.staticflickr.com/7432/9413273098_50faa83df0_z.jpg,1,4
excitement,http://farm6.staticflickr.com/5530/12439692344_4e651b8287_z.jpg,5,0
excitement,http://farm4.staticflickr.com/3915/14709299328_6c2aeb29b5_z.jpg,4,1
excitement,http://farm3.staticflickr.com/2930/14582956050_09d7b01e4c_z.jpg,9,1
excitement,http://farm8.staticflickr.com/7555/15811126837_f41997c5fc_z.jpg,0,5
excitement,http://farm3.staticflickr.com/2907/14767830825_b28fbf6c02_z.jpg,5,0
excitement,http://farm9.staticflickr.com/8313/8068010918_d8da0bc8ec_z.jpg,5,0
excitement,http://farm9.staticflickr.com/8175/7979670198_9d550638dd_z.jpg,0,5
excitement,http://farm8.staticflickr.com/7189/6954490145_d85f13f762_z.jpg,4,1
excitement,http://farm8.staticflickr.com/7106/7002638629_3885c09085_z.jpg,5,0
excitement,http://farm8.staticflickr.com/7106/7043416541_b7c91c9dbc_z.jpg,0,5
excitement,http://farm8.staticflickr.com/7462/15738466207_786c3f509c_z.jpg,3,2
excitement,http://farm3.staticflickr.com/2914/14596443747_848d9d1eb0_z.jpg,5,0
excitement,http://farm4.staticflickr.com/3875/14772267473_12d9b1349c_z.jpg,4,1
excitement,http://farm4.staticflickr.com/3779/8871870042_24a472df26_z.jpg,1,4
excitement,http://farm9.staticflickr.com/8100/8597256191_91738c9a42_z.jpg,5,0
excitement,http://farm4.staticflickr.com/3855/14788327103_47852dd522_z.jpg,5,0
excitement,http://farm8.staticflickr.com/7136/7128535223_9564615e86_z.jpg,1,4
excitement,http://farm6.staticflickr.com/5609/15782696576_1a0f8ab533_z.jpg,5,0
excitement,http://farm8.staticflickr.com/7237/7042338655_952a8e683b_z.jpg,4,1
excitement,http://farm4.staticflickr.com/3773/11417922345_90b66e13b2_z.jpg,2,3
excitement,http://farm6.staticflickr.com/5592/14763389721_1c33f1d625_z.jpg,5,0
excitement,http://farm9.staticflickr.com/8439/7929609040_355a68a82e_z.jpg,5,0
excitement,http://farm6.staticflickr.com/5606/15702584745_bf4d5f6359_z.jpg,5,0
excitement,http://farm8.staticflickr.com/7314/9739832433_2c905f7de0_z.jpg,3,2
excitement,http://farm4.staticflickr.com/3919/15067593545_c471c92992_z.jpg,2,3
excitement,http://farm8.staticflickr.com/7071/7397739640_c5d94e4058_z.jpg,3,2
excitement,http://farm4.staticflickr.com/3871/14466983681_7b7f2e6c49_z.jpg,5,0
excitement,http://farm9.staticflickr.com/8449/7972336954_87c1701316_z.jpg,0,5
excitement,http://farm4.staticflickr.com/3740/13549149874_fdc693a93b_z.jpg,1,4
excitement,http://farm9.staticflickr.com/8037/8028238096_db1e7f1796_z.jpg,5,0
excitement,http://farm8.staticflickr.com/7235/7268349348_9fdc8a71e8_z.jpg,5,0
excitement,http://farm8.staticflickr.com/7327/8766169226_949193688a_z.jpg,1,4
excitement,http://farm4.staticflickr.com/3747/13816741864_2d586b0f71_z.jpg,4,1
excitement,http://farm8.staticflickr.com/7270/6930350254_a7ab3013ba_z.jpg,5,0
excitement,http://farm8.staticflickr.com/7522/16094821275_1640900a16_z.jpg,5,0
excitement,http://farm9.staticflickr.com/8515/8534336056_12b3706e7c_z.jpg,5,0
excitement,http://farm8.staticflickr.com/7332/12079310873_c95af97ffa_z.jpg,4,1
excitement,http://farm8.staticflickr.com/7338/13548234763_48eac7ac3e_z.jpg,0,5
excitement,http://farm9.staticflickr.com/8460/8047554931_5b83104caf_z.jpg,3,1
excitement,http://farm9.staticflickr.com/8329/8366491943_b538612e56_z.jpg,5,0
excitement,http://farm6.staticflickr.com/5153/14237285518_a1081e156f_z.jpg,4,1
excitement,http://farm9.staticflickr.com/8097/8347410519_b12e170614_z.jpg,5,0
excitement,http://farm4.staticflickr.com/3882/14478941171_1b3f7bd6e0_z.jpg,5,0
excitement,http://farm8.staticflickr.com/7297/9571937580_cb99938a77_z.jpg,4,1
excitement,http://farm9.staticflickr.com/8147/7492552954_1125a078f2_z.jpg,4,1
excitement,http://farm9.staticflickr.com/8352/8391238789_04f1d91d32_z.jpg,5,0
excitement,http://farm9.staticflickr.com/8512/8441157024_9185f3b522_z.jpg,0,5
excitement,http://farm6.staticflickr.com/5331/9267996007_1299d357e2_z.jpg,3,2
excitement,http://farm9.staticflickr.com/8473/8129919923_7cbf814f82_z.jpg,4,1
excitement,http://farm9.staticflickr.com/8092/8575009488_e7e6073f62_z.jpg,0,5
excitement,http://farm9.staticflickr.com/8655/16142149902_94eb09cc9d_z.jpg,2,3
excitement,http://farm3.staticflickr.com/2927/14767140024_1096387b57_z.jpg,5,0
excitement,http://farm9.staticflickr.com/8025/7552356774_0055f07135_z.jpg,5,0
excitement,http://farm9.staticflickr.com/8398/8653942938_320cb2af5b_z.jpg,5,0
excitement,http://farm4.staticflickr.com/3917/14803334973_758b383628_z.jpg,5,0
excitement,http://farm4.staticflickr.com/3875/14550251815_d0c71235d7_z.jpg,5,0
excitement,http://farm6.staticflickr.com/5490/12667846944_993b03a967_z.jpg,5,0
excitement,http://farm6.staticflickr.com/5118/6897320852_3f994b79f7_z.jpg,3,2
excitement,http://farm3.staticflickr.com/2889/9726611955_4ac49a18ff_z.jpg,5,0
excitement,http://farm3.staticflickr.com/2847/11769525993_538c093365_z.jpg,4,1
excitement,http://farm8.staticflickr.com/7020/13271470494_5b31cc4f63_z.jpg,2,3
excitement,http://farm6.staticflickr.com/5471/12585750733_a19c046590_z.jpg,2,3
excitement,http://farm8.staticflickr.com/7078/7231610796_224f793c69_z.jpg,2,3
excitement,http://farm9.staticflickr.com/8180/7914508280_41d6e1a151_z.jpg,5,0
excitement,http://farm9.staticflickr.com/8008/7549375716_f501b8baf3_z.jpg,2,3
excitement,http://farm4.staticflickr.com/3762/13292935855_41222b89fb_z.jpg,5,0
excitement,http://farm9.staticflickr.com/8465/8146984298_c5e9b26fab_z.jpg,4,0
excitement,http://farm6.staticflickr.com/5529/11769898743_d9d46755e3_z.jpg,1,4
excitement,http://farm3.staticflickr.com/2919/14021830397_0a8c2ea382_z.jpg,4,1
excitement,http://farm4.staticflickr.com/3836/15290896026_653ceeafa3_z.jpg,5,0
excitement,http://farm9.staticflickr.com/8653/16329400025_1f3686a55e_z.jpg,2,3
excitement,http://farm8.staticflickr.com/7310/12984407735_b19e8e8e8f_z.jpg,3,2
excitement,http://farm9.staticflickr.com/8377/8466023448_15d81b70c2_z.jpg,2,3
excitement,http://farm4.staticflickr.com/3807/9274255271_967d836c3e_z.jpg,5,0
excitement,http://farm8.staticflickr.com/7181/6986551379_90e63746e5_z.jpg,1,4
excitement,http://farm4.staticflickr.com/3940/15679713296_5ecbd0da77_z.jpg,4,1
excitement,http://farm4.staticflickr.com/3787/13548374905_cfb9133d3f_z.jpg,0,5
excitement,http://farm8.staticflickr.com/7268/7441539054_6f4113cec3_z.jpg,3,2
excitement,http://farm3.staticflickr.com/2931/14595033369_34fcf12727_z.jpg,4,1
excitement,http://farm4.staticflickr.com/3937/15579928966_8da64fba20_z.jpg,5,0
excitement,http://farm4.staticflickr.com/3873/14595935475_e548b512c1_z.jpg,4,1
excitement,http://farm3.staticflickr.com/2898/14517076891_7e8c07c62b_z.jpg,4,1
excitement,http://farm8.staticflickr.com/7413/13910578547_b418b42f22_z.jpg,5,0
excitement,http://farm4.staticflickr.com/3896/14857278013_d754fde185_z.jpg,1,4
excitement,http://farm8.staticflickr.com/7521/15564640999_7b3abc195d_z.jpg,5,0
excitement,http://farm8.staticflickr.com/7373/12836502933_128e370e97_z.jpg,5,0
excitement,http://farm4.staticflickr.com/3762/9725217821_06e009be31_z.jpg,5,0
excitement,http://farm4.staticflickr.com/3739/11770006066_27789e4bc2_z.jpg,3,2
excitement,http://farm6.staticflickr.com/5524/11771119566_c646e26bc8_z.jpg,1,4
excitement,http://farm8.staticflickr.com/7164/6808457963_5d3a25fb23_z.jpg,3,2
excitement,http://farm9.staticflickr.com/8159/7548356578_d8e074fce3_z.jpg,2,3
excitement,http://farm8.staticflickr.com/7170/6791317005_e770f6ab08_z.jpg,4,1
excitement,http://farm9.staticflickr.com/8002/7358628858_4e8db2bd1f_z.jpg,4,1
excitement,http://farm3.staticflickr.com/2868/10660762216_78108aeedb_z.jpg,5,0
excitement,http://farm4.staticflickr.com/3936/15613916021_e1846e9289_z.jpg,5,0
excitement,http://farm6.staticflickr.com/5441/9807743163_7df18d6407_z.jpg,0,5
excitement,http://farm4.staticflickr.com/3846/15082094370_cedbf3288c_z.jpg,3,2
excitement,http://farm9.staticflickr.com/8064/8214227364_200fb7600d_z.jpg,5,0
excitement,http://farm9.staticflickr.com/8027/7595493874_63449689af_z.jpg,4,1
excitement,http://farm9.staticflickr.com/8031/7914947734_3c401729cc_z.jpg,2,3
excitement,http://farm9.staticflickr.com/8054/8100389081_ba74bab1bb_z.jpg,1,4
excitement,http://farm8.staticflickr.com/7021/6714341771_186bd0f525_z.jpg,5,0
excitement,http://farm3.staticflickr.com/2928/14778249595_89deeb05dd_z.jpg,4,0
excitement,http://farm3.staticflickr.com/2911/14672603551_24b74c89c1_z.jpg,5,0
excitement,http://farm9.staticflickr.com/8461/7979386611_0710a69e97_z.jpg,0,5
excitement,http://farm9.staticflickr.com/8172/7997808048_fdf1212e85_z.jpg,2,2
excitement,http://farm9.staticflickr.com/8517/8561875693_7119f0c8f5_z.jpg,4,1
excitement,http://farm9.staticflickr.com/8193/8080845574_8b594fe6c3_z.jpg,1,4
excitement,http://farm4.staticflickr.com/3774/10660637676_11eedf80b3_z.jpg,5,0
excitement,http://farm3.staticflickr.com/2895/14479070842_272a1c9fce_z.jpg,2,3
excitement,http://farm6.staticflickr.com/5448/7088254307_5ca6d55fc2_z.jpg,4,1
excitement,http://farm8.staticflickr.com/7015/6727147215_28fdcbb896_z.jpg,4,1
excitement,http://farm8.staticflickr.com/7234/7337447254_b28f5a3891_z.jpg,5,0
excitement,http://farm4.staticflickr.com/3910/14294999550_33d9aa3db5_z.jpg,0,5
excitement,http://farm8.staticflickr.com/7224/7270742890_341c1ea464_z.jpg,5,0
excitement,http://farm9.staticflickr.com/8026/7283655726_49742f38f0_z.jpg,4,1
excitement,http://farm3.staticflickr.com/2879/9166096269_9bae450d4f_z.jpg,3,2
excitement,http://farm9.staticflickr.com/8043/8088121804_098dbc7b61_z.jpg,5,0
excitement,http://farm3.staticflickr.com/2825/9464573328_6ea4acb647_z.jpg,4,1
excitement,http://farm9.staticflickr.com/8178/7930892326_616ef24faf_z.jpg,5,0
excitement,http://farm4.staticflickr.com/3842/14481654411_15f100b65c_z.jpg,1,4
excitement,http://farm8.staticflickr.com/7056/13271370423_aa99c520cd_z.jpg,5,0
excitement,http://farm6.staticflickr.com/5578/14582212938_925b1013c5_z.jpg,5,0
excitement,http://farm8.staticflickr.com/7087/13959091906_5b702b7641_z.jpg,3,2
excitement,http://farm3.staticflickr.com/2920/14582544237_a754ae3d30_z.jpg,5,0
excitement,http://farm9.staticflickr.com/8014/6959438154_8b06695fc1_z.jpg,0,5
excitement,http://farm8.staticflickr.com/7048/6845877024_6e07674f71_z.jpg,5,0
excitement,http://farm9.staticflickr.com/8241/8523931806_629845e813_z.jpg,1,3
excitement,http://farm4.staticflickr.com/3795/14302474825_996e062528_z.jpg,0,5
excitement,http://farm9.staticflickr.com/8073/8381206301_5f2cd2d4e4_z.jpg,0,5
excitement,http://farm9.staticflickr.com/8495/8381008979_7ede136ab5_z.jpg,1,4
excitement,http://farm3.staticflickr.com/2816/9128332360_410302ee2c_z.jpg,5,0
excitement,http://farm9.staticflickr.com/8517/8531289488_9f30a1990e_z.jpg,3,2
excitement,http://farm3.staticflickr.com/2916/14591896987_bd389358a9_z.jpg,5,0
excitement,http://farm9.staticflickr.com/8164/7609360774_f1791e09e6_z.jpg,5,0
excitement,http://farm4.staticflickr.com/3784/9168360370_38e9a3260b_z.jpg,3,2
excitement,http://farm4.staticflickr.com/3943/15523712950_ab23bfb8fe_z.jpg,4,1
excitement,http://farm6.staticflickr.com/5568/14767406414_c594ff8d53_z.jpg,5,0
excitement,http://farm8.staticflickr.com/7089/7169807085_9262522e90_z.jpg,3,2
excitement,http://farm9.staticflickr.com/8028/7625375140_890a5cc0db_z.jpg,4,1
excitement,http://farm6.staticflickr.com/5579/14759182426_371b8858a2_z.jpg,5,0
excitement,http://farm4.staticflickr.com/3778/13680026323_48a902a8c1_z.jpg,0,5
excitement,http://farm3.staticflickr.com/2907/14355960376_83c83f02e3_z.jpg,4,1
excitement,http://farm8.staticflickr.com/7551/15854837851_0aca00a4c8_z.jpg,4,1
excitement,http://farm9.staticflickr.com/8293/7719421670_f76c7e7800_z.jpg,5,0
excitement,http://farm3.staticflickr.com/2940/14663893944_fd74e77e33_z.jpg,4,1
excitement,http://farm8.staticflickr.com/7131/7533265434_45affeb99f_z.jpg,1,4
excitement,http://farm6.staticflickr.com/5587/14881259727_2b4f375f2f_z.jpg,1,4
excitement,http://farm9.staticflickr.com/8222/8322379590_cbd4fff07e_z.jpg,1,4
excitement,http://farm4.staticflickr.com/3819/9470188828_33f8749579_z.jpg,5,0
excitement,http://farm8.staticflickr.com/7555/16077502275_d15d86e6e7_z.jpg,4,1
excitement,http://farm8.staticflickr.com/7292/12707974554_a7593731d6_z.jpg,5,0
excitement,http://farm9.staticflickr.com/8166/7154372329_b2b8b7e830_z.jpg,4,1
excitement,http://farm4.staticflickr.com/3704/9325350213_3e10169981_z.jpg,3,2
excitement,http://farm3.staticflickr.com/2877/10248351523_85dd333eda_z.jpg,4,0
excitement,http://farm4.staticflickr.com/3755/12839031085_95e1791f0c_z.jpg,5,0
excitement,http://farm9.staticflickr.com/8149/7650835966_471d54ea5c_z.jpg,5,0
excitement,http://farm4.staticflickr.com/3836/15192174146_426223494d_z.jpg,5,0
excitement,http://farm9.staticflickr.com/8167/7319386714_ed52ae1378_z.jpg,3,2
excitement,http://farm8.staticflickr.com/7212/7391785714_bbd926cee4_z.jpg,0,5
excitement,http://farm9.staticflickr.com/8178/7931043620_56a2804a3e_z.jpg,5,0
excitement,http://farm8.staticflickr.com/7178/6874202532_80afef68c7_z.jpg,5,0
excitement,http://farm4.staticflickr.com/3767/12841994464_89fcafb30b_z.jpg,4,1
excitement,http://farm9.staticflickr.com/8438/7872453350_cf7f5bcc8f_z.jpg,0,5
excitement,http://farm4.staticflickr.com/3938/15514100708_f1690d28b8_z.jpg,2,3
excitement,http://farm8.staticflickr.com/7300/12660261643_f927b5e987_z.jpg,5,0
excitement,http://farm9.staticflickr.com/8109/8632760236_31327b5891_z.jpg,3,2
excitement,http://farm6.staticflickr.com/5610/15125660623_1eaef3f8b9_z.jpg,3,2
excitement,http://farm6.staticflickr.com/5513/12229139834_b6cedf78d0_z.jpg,2,3
excitement,http://farm8.staticflickr.com/7293/10176139493_ac880e3002_z.jpg,2,3
excitement,http://farm8.staticflickr.com/7145/6663170607_8c53a35a2e_z.jpg,5,0
excitement,http://farm9.staticflickr.com/8207/8221830238_c5747f6bc5_z.jpg,1,4
excitement,http://farm4.staticflickr.com/3915/14695666093_4b24d51c04_z.jpg,3,2
excitement,http://farm9.staticflickr.com/8073/8440772549_8d6bdf5325_z.jpg,5,0
excitement,http://farm9.staticflickr.com/8032/8019771846_5f00b8524e_z.jpg,3,2
excitement,http://farm8.staticflickr.com/7048/6858719795_0d80a03456_z.jpg,5,0
excitement,http://farm6.staticflickr.com/5559/15041526322_5c5d34827e_z.jpg,2,3
excitement,http://farm9.staticflickr.com/8628/15562037614_270ac4cf9c_z.jpg,1,4
excitement,http://farm4.staticflickr.com/3812/10024516676_66a16e93f7_z.jpg,5,0
excitement,http://farm9.staticflickr.com/8533/8691377767_3b915aedc2_z.jpg,5,0
excitement,http://farm9.staticflickr.com/8178/7931017590_2f9f612f2a_z.jpg,4,1
excitement,http://farm8.staticflickr.com/7071/7171974350_78734fb79d_z.jpg,5,0
excitement,http://farm9.staticflickr.com/8172/7962026838_80ae665007_z.jpg,0,5
excitement,http://farm6.staticflickr.com/5571/14593752950_019823f655_z.jpg,5,0
excitement,http://farm3.staticflickr.com/2884/9491134376_85da90fe06_z.jpg,4,1
excitement,http://farm4.staticflickr.com/3695/10456039406_4cc994c90f_z.jpg,5,0
excitement,http://farm9.staticflickr.com/8340/8265488048_3650e73a48_z.jpg,3,2
excitement,http://farm9.staticflickr.com/8188/8130268843_2125d3edbe_z.jpg,5,0
excitement,http://farm4.staticflickr.com/3932/15592982305_500d031498_z.jpg,4,0
excitement,http://farm4.staticflickr.com/3854/14597428690_a9bfc40102_z.jpg,5,0
excitement,http://farm9.staticflickr.com/8202/8174555400_edcc71aa74_z.jpg,5,0
excitement,http://farm9.staticflickr.com/8065/8159048959_7c90bb4944_z.jpg,2,3
excitement,http://farm6.staticflickr.com/5573/14991248167_74e08354f6_z.jpg,2,3
excitement,http://farm9.staticflickr.com/8146/7690654644_ff4f14a806_z.jpg,5,0
excitement,http://farm4.staticflickr.com/3918/14375336471_91c91c97ec_z.jpg,4,1
excitement,http://farm4.staticflickr.com/3887/14597793667_f9edaaab84_z.jpg,5,0
excitement,http://farm9.staticflickr.com/8084/8441503902_e16fc51649_z.jpg,5,0
excitement,http://farm9.staticflickr.com/8295/7894937128_56e296ab83_z.jpg,5,0
excitement,http://farm6.staticflickr.com/5547/9130873641_fef87be626_z.jpg,5,0
excitement,http://farm9.staticflickr.com/8180/7962035152_9f79b3fd63_z.jpg,1,4
excitement,http://farm9.staticflickr.com/8016/7677261916_ec8bb9d637_z.jpg,4,1
excitement,http://farm9.staticflickr.com/8194/8381004501_6a156a13f0_z.jpg,5,0
excitement,http://farm8.staticflickr.com/7527/15671059827_4dd2b09871_z.jpg,4,1
excitement,http://farm9.staticflickr.com/8026/7338170360_b8dfe4eb1a_z.jpg,5,0
excitement,http://farm9.staticflickr.com/8300/7819687428_4c58845d05_z.jpg,5,0
excitement,http://farm4.staticflickr.com/3825/8757557164_1d767114a9_z.jpg,5,0
excitement,http://farm4.staticflickr.com/3910/14549341992_df100ce4f3_z.jpg,5,0
excitement,http://farm8.staticflickr.com/7086/7275519862_40313be8f3_z.jpg,5,0
excitement,http://farm6.staticflickr.com/5581/14574046304_63bbec4ba8_z.jpg,4,1
excitement,http://farm6.staticflickr.com/5518/11161646426_7efd523006_z.jpg,3,2
excitement,http://farm6.staticflickr.com/5592/14493878648_e101c1ccaf_z.jpg,5,0
excitement,http://farm8.staticflickr.com/7495/15917825125_41463882e8_z.jpg,1,4
excitement,http://farm6.staticflickr.com/5610/14983039394_e13c5e0af1_z.jpg,5,0
excitement,http://farm9.staticflickr.com/8235/8554839100_ca980a69eb_z.jpg,5,0
excitement,http://farm3.staticflickr.com/2911/14778654752_91bb395fa3_z.jpg,5,0
excitement,http://farm8.staticflickr.com/7044/6928638457_1b597d71b1_z.jpg,2,3
excitement,http://farm9.staticflickr.com/8315/7895641596_96579edcd0_z.jpg,3,2
excitement,http://farm4.staticflickr.com/3936/15417510318_528fb3095d_z.jpg,5,0
excitement,http://farm6.staticflickr.com/5325/6945472208_bdebb03184_z.jpg,5,0
excitement,http://farm3.staticflickr.com/2926/14781990974_a1cf0e1fdf_z.jpg,5,0
excitement,http://farm8.staticflickr.com/7552/15523807460_b947ee3079_z.jpg,5,0
excitement,http://farm9.staticflickr.com/8320/7972316250_656d24e43f_z.jpg,5,0
excitement,http://farm4.staticflickr.com/3730/12865631754_273b237a31_z.jpg,5,0
excitement,http://farm4.staticflickr.com/3796/13568142484_e5eb6f4fb6_z.jpg,4,1
excitement,http://farm3.staticflickr.com/2891/9699197098_2f487a6e93_z.jpg,4,1
excitement,http://farm6.staticflickr.com/5034/14038769467_bed6bd3c20_z.jpg,4,1
excitement,http://farm9.staticflickr.com/8247/8464930125_604352af7a_z.jpg,5,0
excitement,http://farm9.staticflickr.com/8174/7929137786_dbcc259263_z.jpg,1,4
excitement,http://farm6.staticflickr.com/5497/9451745196_355ff98805_z.jpg,5,0
excitement,http://farm4.staticflickr.com/3816/10743341724_904aa7ff62_z.jpg,5,0
excitement,http://farm6.staticflickr.com/5604/15788049985_f0cee5db71_z.jpg,0,5
excitement,http://farm4.staticflickr.com/3696/13283900053_b8fed8b8f2_z.jpg,1,4
excitement,http://farm8.staticflickr.com/7294/11770777686_98fc8b842c_z.jpg,3,2
excitement,http://farm6.staticflickr.com/5350/9993748333_6127435ce7_z.jpg,2,3
excitement,http://farm6.staticflickr.com/5521/14508453543_f7d7b4f1e3_z.jpg,5,0
excitement,http://farm9.staticflickr.com/8670/15667401169_3bca9113c0_z.jpg,1,4
excitement,http://farm8.staticflickr.com/7030/13266052653_a22931d017_z.jpg,5,0
excitement,http://farm4.staticflickr.com/3910/14595937593_fb2826aee4_z.jpg,2,3
excitement,http://farm8.staticflickr.com/7540/15168591673_5988d4bda2_z.jpg,2,3
excitement,http://farm9.staticflickr.com/8474/8119487195_339d0878bd_z.jpg,5,0
excitement,http://farm6.staticflickr.com/5520/9462197557_b4cff40fa3_z.jpg,4,1
excitement,http://farm8.staticflickr.com/7326/11722043414_aa5108a284_z.jpg,0,5
excitement,http://farm4.staticflickr.com/3945/15084103683_e16575b9d2_z.jpg,4,1
excitement,http://farm8.staticflickr.com/7096/7291960646_b258b2fa72_z.jpg,5,0
excitement,http://farm6.staticflickr.com/5557/14766007694_09a3686dac_z.jpg,5,0
excitement,http://farm9.staticflickr.com/8232/8545687811_219d7da963_z.jpg,5,0
excitement,http://farm8.staticflickr.com/7476/15817544448_eab725775e_z.jpg,5,0
excitement,http://farm4.staticflickr.com/3846/14563192068_b1dee521c8_z.jpg,5,0
excitement,http://farm8.staticflickr.com/7248/7015776781_cf59a4328d_z.jpg,1,4
excitement,http://farm6.staticflickr.com/5612/15169563423_504b30f622_z.jpg,5,0
excitement,http://farm4.staticflickr.com/3846/14798928913_d2aaeab081_z.jpg,5,0
excitement,http://farm3.staticflickr.com/2900/14595176779_fe50b9e257_z.jpg,5,0
excitement,http://farm9.staticflickr.com/8215/8440414031_b614a9ceb4_z.jpg,4,1
excitement,http://farm9.staticflickr.com/8508/8412020139_920481fe0e_z.jpg,5,0
excitement,http://farm9.staticflickr.com/8240/8477355974_42a6fd1f85_z.jpg,4,1
excitement,http://farm9.staticflickr.com/8289/7609309822_0bc0c07e4d_z.jpg,5,0
excitement,http://farm4.staticflickr.com/3922/14962790277_cdb57d143e_z.jpg,4,1
excitement,http://farm8.staticflickr.com/7390/13070583365_f6ab52eb91_z.jpg,3,2
excitement,http://farm4.staticflickr.com/3913/14744216476_cf56ddae15_z.jpg,5,0
excitement,http://farm8.staticflickr.com/7086/13283660175_76c6ae3a07_z.jpg,4,1
excitement,http://farm4.staticflickr.com/3735/13455363664_b7b4c06658_z.jpg,3,2
excitement,http://farm4.staticflickr.com/3847/14693082455_1c744446b2_z.jpg,5,0
excitement,http://farm8.staticflickr.com/7379/13284010574_6c7d037255_z.jpg,4,1
excitement,http://farm4.staticflickr.com/3763/11994065585_29e4c31c95_z.jpg,5,0
excitement,http://farm9.staticflickr.com/8013/7605141372_c22b176ab4_z.jpg,5,0
excitement,http://farm6.staticflickr.com/5499/10663179603_99a89f1392_z.jpg,4,0
excitement,http://farm9.staticflickr.com/8428/7776116774_1ff68b4346_z.jpg,4,1
excitement,http://farm6.staticflickr.com/5515/11770019243_05decfe537_z.jpg,3,2
excitement,http://farm6.staticflickr.com/5036/7211619346_c581b62965_z.jpg,4,1
excitement,http://farm9.staticflickr.com/8439/7800440886_23c4ae2867_z.jpg,4,1
excitement,http://farm8.staticflickr.com/7327/12749405534_b24049ffca_z.jpg,5,0
excitement,http://farm4.staticflickr.com/3682/9575688313_e81da153f5_z.jpg,1,4
excitement,http://farm8.staticflickr.com/7241/7180572039_d9ffee64da_z.jpg,4,1
excitement,http://farm4.staticflickr.com/3902/14698307171_a09020e7b4_z.jpg,1,4
excitement,http://farm8.staticflickr.com/7426/12660205993_26a9b63d93_z.jpg,3,2
excitement,http://farm4.staticflickr.com/3748/11721831854_166962540b_z.jpg,2,3
excitement,http://farm8.staticflickr.com/7356/9360982108_8443dc21e3_z.jpg,3,2
excitement,http://farm3.staticflickr.com/2835/11879972626_69672c6625_z.jpg,3,2
excitement,http://farm9.staticflickr.com/8535/8677304935_5867d99f74_z.jpg,5,0
excitement,http://farm4.staticflickr.com/3911/14698280514_e8b3e4d901_z.jpg,5,0
excitement,http://farm9.staticflickr.com/8125/8657340602_3fbaab3352_z.jpg,1,4
excitement,http://farm9.staticflickr.com/8415/10183950206_f90fd4da79_z.jpg,5,0
excitement,http://farm9.staticflickr.com/8109/8623957261_6757662631_z.jpg,3,2
excitement,http://farm6.staticflickr.com/5589/14769336462_bb200ca61b_z.jpg,5,0
excitement,http://farm4.staticflickr.com/3900/14566509547_7b96a71d88_z.jpg,5,0
excitement,http://farm6.staticflickr.com/5476/10660650124_847b5d8e95_z.jpg,4,0
excitement,http://farm9.staticflickr.com/8668/16012651729_5405f67095_z.jpg,5,0
excitement,http://farm4.staticflickr.com/3857/14783583162_bba16e6d69_z.jpg,5,0
excitement,http://farm9.staticflickr.com/8048/8356318573_b10eaceb9a_z.jpg,2,3
excitement,http://farm4.staticflickr.com/3669/13876831294_1dac403a73_z.jpg,4,1
excitement,http://farm4.staticflickr.com/3740/10743375484_4968478de4_z.jpg,4,1
excitement,http://farm8.staticflickr.com/7315/11770647206_898b9046f4_z.jpg,3,2
excitement,http://farm8.staticflickr.com/7429/11383689363_d4251b5362_z.jpg,3,2
excitement,http://farm8.staticflickr.com/7301/8747539788_464378173c_z.jpg,4,1
excitement,http://farm9.staticflickr.com/8362/8321351903_f0684c00a5_z.jpg,0,5
excitement,http://farm9.staticflickr.com/8172/7929838738_c27eea871c_z.jpg,0,4
excitement,http://farm4.staticflickr.com/3854/14189313850_f07b568d82_z.jpg,4,1
excitement,http://farm4.staticflickr.com/3914/14664066499_564f7d9a21_z.jpg,2,3
excitement,http://farm8.staticflickr.com/7530/15921869238_e857252203_z.jpg,4,1
excitement,http://farm6.staticflickr.com/5200/14009215282_09a8c32bcb_z.jpg,4,1
excitement,http://farm3.staticflickr.com/2869/10044601535_69391f857f_z.jpg,5,0
excitement,http://farm4.staticflickr.com/3944/15545012171_51a4d9fcf9_z.jpg,1,4
excitement,http://farm4.staticflickr.com/3951/15710980061_758a174e0c_z.jpg,4,1
excitement,http://farm8.staticflickr.com/7084/7169807277_9686d8d6fe_z.jpg,1,4
excitement,http://farm8.staticflickr.com/7396/12753117344_9558e01087_z.jpg,3,2
excitement,http://farm8.staticflickr.com/7236/6928934770_df031dbe3a_z.jpg,1,4
excitement,http://farm8.staticflickr.com/7355/9921561133_06bce44fca_z.jpg,1,4
excitement,http://farm8.staticflickr.com/7238/7394763468_707d9e0051_z.jpg,4,1
excitement,http://farm8.staticflickr.com/7322/14112451553_384a7a7c21_z.jpg,4,1
excitement,http://farm9.staticflickr.com/8001/7268256850_c10cf653b7_z.jpg,5,0
excitement,http://farm9.staticflickr.com/8336/8091993193_5e56f1270d_z.jpg,3,2
excitement,http://farm4.staticflickr.com/3877/14421856478_0a1810c180_z.jpg,5,0
excitement,http://farm4.staticflickr.com/3785/10721396385_bd56e0d664_z.jpg,1,4
excitement,http://farm8.staticflickr.com/7478/15669080965_8cc4af3481_z.jpg,1,4
excitement,http://farm3.staticflickr.com/2824/9807722614_d57786fd18_z.jpg,1,4
excitement,http://farm4.staticflickr.com/3746/11112641075_fce374d280_z.jpg,1,4
excitement,http://farm9.staticflickr.com/8044/8075586129_43b8a34578_z.jpg,0,5
excitement,http://farm3.staticflickr.com/2917/14672598461_f61e885d41_z.jpg,3,2
excitement,http://farm4.staticflickr.com/3875/14690675134_24a5b9a06e_z.jpg,4,1
excitement,http://farm3.staticflickr.com/2868/9339165146_7225c0d9ea_z.jpg,3,2
excitement,http://farm8.staticflickr.com/7491/15684919566_70ce4c8ccd_z.jpg,5,0
excitement,http://farm6.staticflickr.com/5600/15475562312_3e0083034f_z.jpg,4,1
excitement,http://farm8.staticflickr.com/7106/6990548422_f712c883e8_z.jpg,0,5
excitement,http://farm9.staticflickr.com/8144/7297610612_19de17dab9_z.jpg,5,0
excitement,http://farm4.staticflickr.com/3846/14569849308_9c2b07901f_z.jpg,5,0
excitement,http://farm3.staticflickr.com/2909/14558867508_791117efd1_z.jpg,4,1
excitement,http://farm8.staticflickr.com/7182/6795645900_e7330fc99c_z.jpg,1,4
excitement,http://farm9.staticflickr.com/8022/7567918454_da0f49def4_z.jpg,4,0
excitement,http://farm4.staticflickr.com/3709/11523703715_7566b1e024_z.jpg,5,0
excitement,http://farm4.staticflickr.com/3873/14596976859_ab9ca0608e_z.jpg,5,0
excitement,http://farm9.staticflickr.com/8141/7337894668_1f81f16296_z.jpg,5,0
excitement,http://farm4.staticflickr.com/3676/10220342035_67487b7ed8_z.jpg,2,3
excitement,http://farm3.staticflickr.com/2911/14689901281_7486205823_z.jpg,4,1
excitement,http://farm8.staticflickr.com/7561/15786184131_18346d426f_z.jpg,3,2
excitement,http://farm9.staticflickr.com/8184/8116554661_767bbbb7b6_z.jpg,0,5
excitement,http://farm9.staticflickr.com/8237/8382095502_830c02e391_z.jpg,2,3
excitement,http://farm8.staticflickr.com/7536/15998069565_d9f59fde0b_z.jpg,5,0
excitement,http://farm6.staticflickr.com/5556/14593402439_6ba92f368b_z.jpg,5,0
excitement,http://farm4.staticflickr.com/3686/9343550246_fe2bd19882_z.jpg,5,0
excitement,http://farm9.staticflickr.com/8005/7587938832_e95c4936dd_z.jpg,5,0
excitement,http://farm8.staticflickr.com/7407/13273919965_55514f9650_z.jpg,5,0
excitement,http://farm9.staticflickr.com/8316/7979737631_be046bfa3d_z.jpg,3,2
excitement,http://farm8.staticflickr.com/7073/7052515003_5b4c514085_z.jpg,4,1
excitement,http://farm8.staticflickr.com/7351/12865627864_893e9be609_z.jpg,4,1
excitement,http://farm4.staticflickr.com/3742/9807714915_e24befff0f_z.jpg,5,0
excitement,http://farm8.staticflickr.com/7460/10660832044_67f3042778_z.jpg,5,0
excitement,http://farm9.staticflickr.com/8282/7740721490_c2c79e0f2b_z.jpg,5,0
excitement,http://farm4.staticflickr.com/3853/14310435017_011052b837_z.jpg,4,1
excitement,http://farm3.staticflickr.com/2899/14220789261_2fa4aba8f1_z.jpg,5,0
excitement,http://farm8.staticflickr.com/7440/16464802846_158d8699ce_z.jpg,1,4
excitement,http://farm4.staticflickr.com/3890/15177806675_d26154160e_z.jpg,0,4
excitement,http://farm9.staticflickr.com/8309/7979736387_4ed56d5bed_z.jpg,1,4
excitement,http://farm8.staticflickr.com/7500/16123440406_3c9623a29d_z.jpg,2,3
excitement,http://farm4.staticflickr.com/3867/14363622590_cee755e781_z.jpg,5,0
excitement,http://farm4.staticflickr.com/3470/13057019305_8daf4a7f2f_z.jpg,3,2
excitement,http://farm9.staticflickr.com/8462/7915339982_b0f9b53c7e_z.jpg,2,3
excitement,http://farm4.staticflickr.com/3698/8973712826_20a909c6de_z.jpg,3,2
excitement,http://farm8.staticflickr.com/7093/7178924834_16a094a635_z.jpg,3,2
excitement,http://farm8.staticflickr.com/7284/9372720123_4f68a40bfa_z.jpg,4,1
excitement,http://farm3.staticflickr.com/2908/14675789395_d0ce8aef5b_z.jpg,3,2
excitement,http://farm9.staticflickr.com/8075/8312530515_d821aa5348_z.jpg,4,1
excitement,http://farm4.staticflickr.com/3744/12660204213_631ed12046_z.jpg,4,1
excitement,http://farm9.staticflickr.com/8055/8127003316_2f17335811_z.jpg,2,3
excitement,http://farm9.staticflickr.com/8362/8380961507_9559661e75_z.jpg,1,4
excitement,http://farm8.staticflickr.com/7571/15764432226_bb0ff61f6c_z.jpg,2,3
excitement,http://farm8.staticflickr.com/7051/6915506805_639244c277_z.jpg,4,1
excitement,http://farm6.staticflickr.com/5495/12707715313_d46c169c0e_z.jpg,1,4
excitement,http://farm9.staticflickr.com/8193/8093798584_c14f20707e_z.jpg,5,0
excitement,http://farm4.staticflickr.com/3876/14499946366_6686c8626f_z.jpg,3,2
excitement,http://farm8.staticflickr.com/7215/7337632234_486ba7b852_z.jpg,5,0
excitement,http://farm8.staticflickr.com/7343/9842011316_bfd6a12016_z.jpg,2,3
excitement,http://farm8.staticflickr.com/7230/7337693706_903fe72d52_z.jpg,1,4
excitement,http://farm8.staticflickr.com/7124/7559694458_3ab7aa521b_z.jpg,3,2
excitement,http://farm9.staticflickr.com/8398/8699234848_833fa2f904_z.jpg,5,0
excitement,http://farm8.staticflickr.com/7017/6640015957_2c86bd9469_z.jpg,5,0
excitement,http://farm4.staticflickr.com/3908/15208261370_6e240e56f6_z.jpg,3,2
excitement,http://farm3.staticflickr.com/2894/13274128323_cb6a1e618f_z.jpg,5,0
excitement,http://farm8.staticflickr.com/7258/7656561216_95029cdf95_z.jpg,0,5
excitement,http://farm9.staticflickr.com/8312/7914627572_1fd3ed3379_z.jpg,4,1
excitement,http://farm9.staticflickr.com/8357/8290670009_b7b79ca981_z.jpg,4,1
excitement,http://farm6.staticflickr.com/5578/14450735608_21da5dc923_z.jpg,5,0
excitement,http://farm8.staticflickr.com/7517/16144732871_0dcbb7a824_z.jpg,3,1
