excitement,http://farm8.staticflickr.com/7111/7551239746_5db3f751d3_z.jpg,3,2
excitement,http://farm9.staticflickr.com/8329/8075734298_da179dd1fa_z.jpg,0,5
excitement,http://farm4.staticflickr.com/3868/14590213480_993c7ae481_z.jpg,5,0
excitement,http://farm3.staticflickr.com/2858/9564549681_9c528a489a_z.jpg,5,0
excitement,http://farm6.staticflickr.com/5585/14786528173_059fd8d8c2_z.jpg,5,0
excitement,http://farm8.staticflickr.com/7212/6986684214_289b3bd8f9_z.jpg,5,0
excitement,http://farm6.staticflickr.com/5557/14595153967_560d39cba7_z.jpg,5,0
excitement,http://farm9.staticflickr.com/8172/7895150082_b6bc07aa87_z.jpg,4,1
excitement,http://farm4.staticflickr.com/3886/14506643297_22d6526385_z.jpg,5,0
excitement,http://farm4.staticflickr.com/3908/14943725277_dc82cbde84_z.jpg,4,0
excitement,http://farm6.staticflickr.com/5591/14780105184_cf68fb98e5_z.jpg,5,0
excitement,http://farm8.staticflickr.com/7514/15738464007_8eed4ddce4_z.jpg,5,0
excitement,http://farm3.staticflickr.com/2907/14582255997_9e73ffdbb0_z.jpg,5,0
excitement,http://farm8.staticflickr.com/7554/15753349208_c3f50a5b71_z.jpg,5,0
excitement,http://farm9.staticflickr.com/8384/8514589866_c3436c38a8_z.jpg,5,0
excitement,http://farm8.staticflickr.com/7227/7013353831_854672c194_z.jpg,0,5
excitement,http://farm9.staticflickr.com/8459/7949901664_e6169e0d42_z.jpg,5,0
excitement,http://farm3.staticflickr.com/2860/9993929125_0f725f5368_z.jpg,5,0
excitement,http://farm8.staticflickr.com/7085/7267307060_8669966651_z.jpg,4,1
excitement,http://farm4.staticflickr.com/3867/15299924596_975dec7090_z.jpg,3,2
excitement,http://farm8.staticflickr.com/7518/15932584400_a0587cc679_z.jpg,5,0
excitement,http://farm4.staticflickr.com/3866/14342116968_30b8b9106a_z.jpg,4,1
excitement,http://farm8.staticflickr.com/7142/6847630335_0283dd58f5_z.jpg,5,0
excitement,http://farm6.staticflickr.com/5319/14245424704_c5633c9264_z.jpg,4,0
excitement,http://farm8.staticflickr.com/7566/15904394322_2637724024_z.jpg,4,1
excitement,http://farm8.staticflickr.com/7038/6994072393_0432d2c292_z.jpg,0,5
excitement,http://farm8.staticflickr.com/7185/7042585415_2a403870d9_z.jpg,2,3
excitement,http://farm9.staticflickr.com/8529/8647284140_3b2eeb3bc1_z.jpg,5,0
excitement,http://farm9.staticflickr.com/8312/8032071221_8b7478d998_z.jpg,0,5
excitement,http://farm9.staticflickr.com/8218/8308746090_8e7b43c5e0_z.jpg,4,1
excitement,http://farm8.staticflickr.com/7459/10013060523_d7c13858e9_z.jpg,5,0
excitement,http://farm8.staticflickr.com/7188/6934634750_7e05594ab1_z.jpg,5,0
excitement,http://farm8.staticflickr.com/7082/6892318256_308096a79a_z.jpg,3,2
excitement,http://farm4.staticflickr.com/3693/13233548505_337c69ab9f_z.jpg,5,0
excitement,http://farm8.staticflickr.com/7416/11456960735_3cebdb9133_z.jpg,5,0
excitement,http://farm4.staticflickr.com/3854/14806505057_a4ca710d9c_z.jpg,5,0
excitement,http://farm9.staticflickr.com/8320/7913083902_2aa1152d8e_z.jpg,4,1
excitement,http://farm8.staticflickr.com/7165/6749091273_b1a2bb5c51_z.jpg,4,1
excitement,http://farm9.staticflickr.com/8334/8121665147_9090118ee0_z.jpg,5,0
excitement,http://farm8.staticflickr.com/7095/7083936735_bc6e37254d_z.jpg,3,2
excitement,http://farm4.staticflickr.com/3670/11998059633_a167f496ab_z.jpg,1,4
excitement,http://farm4.staticflickr.com/3919/15025377358_f0d3984f2a_z.jpg,2,3
excitement,http://farm6.staticflickr.com/5563/14656175101_eca58eda64_z.jpg,3,1
excitement,http://farm4.staticflickr.com/3760/11775178053_0d71f5e04e_z.jpg,2,3
excitement,http://farm8.staticflickr.com/7013/6788651043_159df87549_z.jpg,5,0
excitement,http://farm9.staticflickr.com/8642/15529109734_999bbe1bdf_z.jpg,4,1
excitement,http://farm8.staticflickr.com/7070/6941776209_437efdb7a2_z.jpg,2,3
excitement,http://farm3.staticflickr.com/2852/13293151993_c7d0f40994_z.jpg,4,1
excitement,http://farm8.staticflickr.com/7299/12984416155_5075688232_z.jpg,3,2
excitement,http://farm3.staticflickr.com/2912/14589616348_ed1237099d_z.jpg,5,0
excitement,http://farm9.staticflickr.com/8490/8227946002_f610a2cde2_z.jpg,2,3
excitement,http://farm4.staticflickr.com/3937/15645199905_ded60c8c66_z.jpg,2,3
excitement,http://farm6.staticflickr.com/5459/8897167101_bf4edfbc36_z.jpg,5,0
excitement,http://farm8.staticflickr.com/7279/7844949664_275e668124_z.jpg,4,1
excitement,http://farm4.staticflickr.com/3841/14766339184_f989218d74_z.jpg,5,0
excitement,http://farm8.staticflickr.com/7063/7042338521_3090ed0386_z.jpg,3,1
excitement,http://farm9.staticflickr.com/8100/8469085658_607d4371d1_z.jpg,2,3
excitement,http://farm4.staticflickr.com/3918/14350164625_1de5fcc55c_z.jpg,5,0
excitement,http://farm8.staticflickr.com/7271/7512198280_238c13c6ac_z.jpg,4,1
excitement,http://farm4.staticflickr.com/3855/14310250790_f6259a1584_z.jpg,5,0
excitement,http://farm9.staticflickr.com/8349/8236790686_76229cdda8_z.jpg,3,2
excitement,http://farm8.staticflickr.com/7363/11271483373_94210124c0_z.jpg,5,0
excitement,http://farm4.staticflickr.com/3716/9275083508_f4dd995b08_z.jpg,4,0
excitement,http://farm4.staticflickr.com/3925/14583389889_f47b86dfbd_z.jpg,5,0
excitement,http://farm3.staticflickr.com/2839/12215426634_ca44e28999_z.jpg,3,2
excitement,http://farm6.staticflickr.com/5489/14399061133_64781c3554_z.jpg,4,1
excitement,http://farm3.staticflickr.com/2920/14230402392_78120de130_z.jpg,5,0
excitement,http://farm3.staticflickr.com/2915/14363687258_2c85316696_z.jpg,5,0
excitement,http://farm6.staticflickr.com/5597/15411627527_2560ec1c10_z.jpg,4,1
excitement,http://farm8.staticflickr.com/7317/12836950333_5f26c2f6a4_z.jpg,4,1
excitement,http://farm4.staticflickr.com/3736/12865637434_715cd1a18d_z.jpg,2,3
excitement,http://farm3.staticflickr.com/2932/14566645347_e46a278a49_z.jpg,1,4
excitement,http://farm9.staticflickr.com/8336/8449810953_b421f5fe59_z.jpg,5,0
excitement,http://farm9.staticflickr.com/8362/8441081218_0882096caa_z.jpg,2,3
excitement,http://farm8.staticflickr.com/7424/10661032033_f6c62b42c9_z.jpg,5,0
excitement,http://farm9.staticflickr.com/8255/8694561513_378e12edfc_z.jpg,4,1
excitement,http://farm6.staticflickr.com/5452/9698132285_a4d34e3554_z.jpg,0,5
excitement,http://farm8.staticflickr.com/7545/15517620539_0be67987ec_z.jpg,4,1
excitement,http://farm9.staticflickr.com/8507/8430667658_7994f9afee_z.jpg,4,1
excitement,http://farm3.staticflickr.com/2897/14493860088_af922e951f_z.jpg,5,0
excitement,http://farm9.staticflickr.com/8672/15961310558_579d88d05b_z.jpg,3,2
excitement,http://farm8.staticflickr.com/7139/7003801615_51cbf5be91_z.jpg,4,0
excitement,http://farm9.staticflickr.com/8212/8321336989_c65eda67ca_z.jpg,1,4
excitement,http://farm9.staticflickr.com/8395/8687421632_e155fa37be_z.jpg,3,2
excitement,http://farm4.staticflickr.com/3937/15665478451_4794169efb_z.jpg,2,3
excitement,http://farm9.staticflickr.com/8526/8583507881_512308d66b_z.jpg,5,0
excitement,http://farm3.staticflickr.com/2817/9473912903_bf92e274a0_z.jpg,5,0
excitement,http://farm9.staticflickr.com/8552/8698126132_bd94b2d47c_z.jpg,1,4
excitement,http://farm9.staticflickr.com/8627/16061264329_4eb6a718f0_z.jpg,5,0
excitement,http://farm9.staticflickr.com/8229/8476858628_edf2b58a00_z.jpg,4,1
excitement,http://farm8.staticflickr.com/7442/13039456015_cf3c642f72_z.jpg,5,0
excitement,http://farm8.staticflickr.com/7206/6913420989_9a239247ae_z.jpg,5,0
excitement,http://farm9.staticflickr.com/8290/7628015710_d588062fed_z.jpg,5,0
excitement,http://farm3.staticflickr.com/2903/14786455593_fc6e1054c2_z.jpg,5,0
excitement,http://farm6.staticflickr.com/5569/14780374432_ee1138545b_z.jpg,5,0
excitement,http://farm3.staticflickr.com/2936/14572472911_6c496b2605_z.jpg,3,2
excitement,http://farm6.staticflickr.com/5460/9029800236_227b10569b_z.jpg,5,0
excitement,http://farm9.staticflickr.com/8252/8663181188_54f6a0e6ea_z.jpg,5,0
excitement,http://farm4.staticflickr.com/3854/14723321630_6ba31cbe59_z.jpg,0,5
excitement,http://farm4.staticflickr.com/3848/14164353327_8c0bd62242_z.jpg,3,2
excitement,http://farm8.staticflickr.com/7366/9470270676_468e4af7f6_z.jpg,0,4
excitement,http://farm9.staticflickr.com/8647/16149229125_7b72fa45f8_z.jpg,1,4
excitement,http://farm4.staticflickr.com/3679/9541862422_1402439ce2_z.jpg,5,0
excitement,http://farm4.staticflickr.com/3877/14571029456_9ffcd0dec0_z.jpg,5,0
excitement,http://farm6.staticflickr.com/5615/15714974711_ecfaeb0307_z.jpg,5,0
excitement,http://farm4.staticflickr.com/3890/14763792481_eba0077d83_z.jpg,5,0
excitement,http://farm6.staticflickr.com/5448/9267513416_ce220de98b_z.jpg,4,0
excitement,http://farm6.staticflickr.com/5519/9252013666_ddc2dafec8_z.jpg,5,0
excitement,http://farm4.staticflickr.com/3705/9089161255_9140461d65_z.jpg,2,3
excitement,http://farm6.staticflickr.com/5485/11159436755_b6f1e027c7_z.jpg,5,0
excitement,http://farm9.staticflickr.com/8072/8417313122_b03c6e56ac_z.jpg,5,0
excitement,http://farm8.staticflickr.com/7137/7604351684_51c5c5672f_z.jpg,5,0
excitement,http://farm9.staticflickr.com/8435/7929817282_9db2fbaed8_z.jpg,4,1
excitement,http://farm9.staticflickr.com/8421/7626258290_6a3f3199a8_z.jpg,5,0
excitement,http://farm9.staticflickr.com/8353/8345756875_c633fe4c34_z.jpg,5,0
excitement,http://farm4.staticflickr.com/3717/10582065393_7e7f747141_z.jpg,5,0
excitement,http://farm8.staticflickr.com/7067/6816661994_c8cf2361c5_z.jpg,5,0
excitement,http://farm9.staticflickr.com/8439/7764802216_e69fbf8300_z.jpg,5,0
excitement,http://farm8.staticflickr.com/7322/11532881293_b00610c389_z.jpg,5,0
excitement,http://farm8.staticflickr.com/7110/8162572051_5142fc2701_z.jpg,4,1
excitement,http://farm4.staticflickr.com/3713/9560335889_6a6cb8fdf2_z.jpg,5,0
excitement,http://farm4.staticflickr.com/3676/11974295243_f890d8d0e5_z.jpg,5,0
excitement,http://farm9.staticflickr.com/8445/7979743338_bc09d77e3f_z.jpg,2,3
excitement,http://farm8.staticflickr.com/7552/15654739213_81f7be6646_z.jpg,4,1
excitement,http://farm3.staticflickr.com/2876/10785565074_0870d82632_z.jpg,2,3
excitement,http://farm8.staticflickr.com/7450/11400562146_94b6952115_z.jpg,5,0
excitement,http://farm4.staticflickr.com/3845/15312378572_b23e7171b1_z.jpg,1,4
excitement,http://farm8.staticflickr.com/7269/7690612812_fc188f8250_z.jpg,3,2
excitement,http://farm6.staticflickr.com/5595/14760848676_87151c4397_z.jpg,5,0
excitement,http://farm8.staticflickr.com/7308/12226844823_a26efd5123_z.jpg,1,4
excitement,http://farm8.staticflickr.com/7399/10745529795_b559030bb9_z.jpg,4,1
excitement,http://farm3.staticflickr.com/2843/12660246043_3dba02eed3_z.jpg,4,1
excitement,http://farm6.staticflickr.com/5558/14975087075_e25259f1e8_z.jpg,2,2
excitement,http://farm3.staticflickr.com/2932/14489154978_0ed1590781_z.jpg,5,0
excitement,http://farm6.staticflickr.com/5523/9531272200_2e8ced97f7_z.jpg,5,0
excitement,http://farm3.staticflickr.com/2939/14772269483_65b5c4da59_z.jpg,5,0
excitement,http://farm4.staticflickr.com/3926/15091590629_de35c886ac_z.jpg,3,2
excitement,http://farm8.staticflickr.com/7087/6924577636_d6c472fb8b_z.jpg,5,0
excitement,http://farm9.staticflickr.com/8327/8124315928_68bd3fe415_z.jpg,4,0
excitement,http://farm8.staticflickr.com/7044/6783874268_4bac565ac1_z.jpg,5,0
excitement,http://farm8.staticflickr.com/7096/7155893695_e7ee62b1f5_z.jpg,5,0
excitement,http://farm6.staticflickr.com/5560/14766885642_93ac38d25c_z.jpg,5,0
excitement,http://farm9.staticflickr.com/8053/8126275470_31bcbfd042_z.jpg,5,0
excitement,http://farm4.staticflickr.com/3894/14770205823_d4f9b190b4_z.jpg,5,0
excitement,http://farm4.staticflickr.com/3784/11769637095_5bc68fbebd_z.jpg,4,1
excitement,http://farm4.staticflickr.com/3837/14648356321_1c7a96664b_z.jpg,2,3
excitement,http://farm9.staticflickr.com/8182/8036553096_9183b2827b_z.jpg,5,0
excitement,http://farm9.staticflickr.com/8123/8631156419_fc32061308_z.jpg,5,0
excitement,http://farm9.staticflickr.com/8325/8440407911_5114a1e498_z.jpg,3,2
excitement,http://farm6.staticflickr.com/5546/11112722406_fdf6388ffd_z.jpg,3,2
excitement,http://farm3.staticflickr.com/2903/14597858688_711c349265_z.jpg,5,0
excitement,http://farm8.staticflickr.com/7038/6897467587_b90a6e7395_z.jpg,2,3
excitement,http://farm4.staticflickr.com/3671/12707843373_9e6ebd146e_z.jpg,4,1
excitement,http://farm8.staticflickr.com/7355/10040089444_cee4e40bbb_z.jpg,4,0
excitement,http://farm9.staticflickr.com/8216/8292758400_312ba729e2_z.jpg,2,3
excitement,http://farm8.staticflickr.com/7280/6857684906_07b2fb24de_z.jpg,5,0
excitement,http://farm8.staticflickr.com/7524/15739878569_ded896b952_z.jpg,4,0
excitement,http://farm8.staticflickr.com/7183/6948118685_10b965002c_z.jpg,5,0
excitement,http://farm9.staticflickr.com/8069/8262324455_03e0d96d8a_z.jpg,5,0
excitement,http://farm8.staticflickr.com/7417/10212392965_1671d01703_z.jpg,3,2
excitement,http://farm4.staticflickr.com/3904/14987937286_05662d1111_z.jpg,0,5
excitement,http://farm8.staticflickr.com/7352/12533128123_d8d8476d71_z.jpg,4,1
excitement,http://farm9.staticflickr.com/8483/8167351563_1293d53ab3_z.jpg,5,0
excitement,http://farm6.staticflickr.com/5584/14489134589_087b7c31fe_z.jpg,2,3
excitement,http://farm4.staticflickr.com/3950/15071398583_25fe3edf04_z.jpg,5,0
excitement,http://farm6.staticflickr.com/5568/14959124045_b366287457_z.jpg,5,0
excitement,http://farm3.staticflickr.com/2944/15246039027_5403c93e79_z.jpg,4,1
excitement,http://farm9.staticflickr.com/8204/8240870358_b4f0384064_z.jpg,3,1
excitement,http://farm8.staticflickr.com/7215/7308185628_ac3f968b27_z.jpg,5,0
excitement,http://farm4.staticflickr.com/3715/13284033584_5abcb30f77_z.jpg,3,2
excitement,http://farm8.staticflickr.com/7529/15856199492_d328e9a872_z.jpg,5,0
excitement,http://farm8.staticflickr.com/7459/9282812286_aa8dc606fa_z.jpg,5,0
excitement,http://farm8.staticflickr.com/7243/13896994625_8e47b741ea_z.jpg,5,0
excitement,http://farm4.staticflickr.com/3909/14746751966_7f4c9a6a84_z.jpg,4,1
excitement,http://farm9.staticflickr.com/8487/8221193699_0136306e03_z.jpg,5,0
excitement,http://farm4.staticflickr.com/3681/11404519296_2338eb6284_z.jpg,4,1
excitement,http://farm6.staticflickr.com/5575/14137979740_f41e6ee604_z.jpg,4,1
excitement,http://farm9.staticflickr.com/8431/7730644310_4e7c5804ff_z.jpg,5,0
excitement,http://farm3.staticflickr.com/2938/14763889884_94d46c908b_z.jpg,5,0
excitement,http://farm3.staticflickr.com/2900/14772288103_be3efd3184_z.jpg,5,0
excitement,http://farm3.staticflickr.com/2877/9007044852_398f36bfa0_z.jpg,5,0
excitement,http://farm4.staticflickr.com/3918/14859176789_f3af496c8d_z.jpg,5,0
excitement,http://farm9.staticflickr.com/8405/8646167583_4f9268cb3a_z.jpg,5,0
excitement,http://farm9.staticflickr.com/8359/8302837487_dd845ecca8_z.jpg,4,1
excitement,http://farm4.staticflickr.com/3674/9165216427_0d176d688d_z.jpg,5,0
excitement,http://farm9.staticflickr.com/8181/8068169911_3f57697968_z.jpg,5,0
excitement,http://farm9.staticflickr.com/8438/7979743413_2885cee54c_z.jpg,2,3
excitement,http://farm6.staticflickr.com/5441/9370754267_6ccd6b4b5b_z.jpg,2,3
excitement,http://farm3.staticflickr.com/2847/10743601663_6a4aa631ed_z.jpg,5,0
excitement,http://farm6.staticflickr.com/5586/15188900636_6fb7943c23_z.jpg,1,4
excitement,http://farm9.staticflickr.com/8464/8415074928_550d41af62_z.jpg,4,1
excitement,http://farm6.staticflickr.com/5585/15178614481_56905029cb_z.jpg,3,2
excitement,http://farm9.staticflickr.com/8523/8472436876_87fac0cebb_z.jpg,4,1
excitement,http://farm4.staticflickr.com/3897/14492321089_88566f91ca_z.jpg,4,1
excitement,http://farm8.staticflickr.com/7430/13000741174_887d38ef7b_z.jpg,5,0
excitement,http://farm9.staticflickr.com/8148/7585736634_e4b60d7273_z.jpg,2,3
excitement,http://farm9.staticflickr.com/8509/8394047592_1ec9dd983b_z.jpg,5,0
excitement,http://farm3.staticflickr.com/2879/10748971045_004d656a59_z.jpg,4,1
excitement,http://farm9.staticflickr.com/8003/7267984172_98a1f3054a_z.jpg,5,0
excitement,http://farm9.staticflickr.com/8468/8110394243_616ae63b51_z.jpg,1,4
excitement,http://farm9.staticflickr.com/8175/8042963034_db5c336b26_z.jpg,1,4
excitement,http://farm9.staticflickr.com/8469/8129893555_559164a1a3_z.jpg,5,0
excitement,http://farm6.staticflickr.com/5572/14806991040_9701416175_z.jpg,3,2
excitement,http://farm8.staticflickr.com/7536/15421189883_a6c151d49c_z.jpg,4,1
excitement,http://farm9.staticflickr.com/8453/7929821322_061a90345f_z.jpg,4,1
excitement,http://farm4.staticflickr.com/3833/13849681415_f69ef459c8_z.jpg,5,0
excitement,http://farm8.staticflickr.com/7005/6652400307_f8c4cf7fe7_z.jpg,5,0
excitement,http://farm8.staticflickr.com/7425/8761468308_5bbb939b54_z.jpg,5,0
excitement,http://farm6.staticflickr.com/5515/9226798908_8f6a6294a5_z.jpg,4,1
excitement,http://farm9.staticflickr.com/8241/8467224488_b92d4041aa_z.jpg,1,4
excitement,http://farm8.staticflickr.com/7019/6820379721_1c535fbe4b_z.jpg,4,1
excitement,http://farm8.staticflickr.com/7239/7165807681_3ed681186c_z.jpg,5,0
excitement,http://farm9.staticflickr.com/8194/8394806658_0d556a6a60_z.jpg,5,0
excitement,http://farm4.staticflickr.com/3820/9450817530_c12b4b8a41_z.jpg,5,0
excitement,http://farm6.staticflickr.com/5594/14347500871_8024415125_z.jpg,4,1
excitement,http://farm6.staticflickr.com/5511/14474921622_403e820a6a_z.jpg,3,2
excitement,http://farm6.staticflickr.com/5567/14761709146_af7afa5257_z.jpg,5,0
excitement,http://farm8.staticflickr.com/7384/10182386775_806165c1cb_z.jpg,4,1
excitement,http://farm8.staticflickr.com/7086/7221438514_0a2d0fc409_z.jpg,5,0
excitement,http://farm3.staticflickr.com/2877/9533881775_af269b8d1a_z.jpg,5,0
excitement,http://farm9.staticflickr.com/8435/7820659898_76844fc5af_z.jpg,5,0
excitement,http://farm4.staticflickr.com/3830/11986433134_dd77ba6c7f_z.jpg,5,0
excitement,http://farm3.staticflickr.com/2839/12614754054_6de72a31ea_z.jpg,3,2
excitement,http://farm8.staticflickr.com/7512/15989162387_5d6650b4cb_z.jpg,5,0
excitement,http://farm8.staticflickr.com/7381/9036810332_d688130102_z.jpg,5,0
excitement,http://farm9.staticflickr.com/8664/16090704741_9d1c81ef02_z.jpg,5,0
excitement,http://farm9.staticflickr.com/8525/8477355216_4a78aa92b0_z.jpg,5,0
excitement,http://farm8.staticflickr.com/7268/7542012818_bb7b47ac6b_z.jpg,5,0
excitement,http://farm9.staticflickr.com/8037/7912084058_dace13e25d_z.jpg,2,3
excitement,http://farm3.staticflickr.com/2920/14489335687_d5571d5e92_z.jpg,3,2
excitement,http://farm4.staticflickr.com/3774/10388569423_84ec02872e_z.jpg,3,2
excitement,http://farm3.staticflickr.com/2902/14407435059_009dcdfc33_z.jpg,5,0
excitement,http://farm9.staticflickr.com/8314/7931244596_73caa51284_z.jpg,3,2
excitement,http://farm8.staticflickr.com/7352/10655032484_7c0f19cd7f_z.jpg,5,0
excitement,http://farm8.staticflickr.com/7378/11249311893_080052913c_z.jpg,4,1
excitement,http://farm9.staticflickr.com/8196/8139187075_4ea641bfec_z.jpg,4,1
excitement,http://farm9.staticflickr.com/8035/7930912292_931a2ce811_z.jpg,1,4
excitement,http://farm4.staticflickr.com/3952/15560229130_ff663617fe_z.jpg,4,0
excitement,http://farm6.staticflickr.com/5583/14780116624_cc3a437e0b_z.jpg,5,0
excitement,http://farm6.staticflickr.com/5556/14743582866_774fbdd7be_z.jpg,5,0
excitement,http://farm6.staticflickr.com/5545/12365872824_a8ede4562e_z.jpg,5,0
excitement,http://farm9.staticflickr.com/8440/7950014738_79322aefd6_z.jpg,2,3
excitement,http://farm8.staticflickr.com/7104/7398484880_74282425fb_z.jpg,5,0
excitement,http://farm8.staticflickr.com/7125/7523210158_cf617e6444_z.jpg,5,0
excitement,http://farm3.staticflickr.com/2900/14752041172_2032616ac0_z.jpg,5,0
excitement,http://farm9.staticflickr.com/8298/7949904564_afe7eb3556_z.jpg,1,4
excitement,http://farm8.staticflickr.com/7230/13273926315_c3670c65f4_z.jpg,3,2
excitement,http://farm8.staticflickr.com/7507/15958299385_777ee2234b_z.jpg,5,0
excitement,http://farm8.staticflickr.com/7099/7162816671_16fcc94038_z.jpg,3,1
excitement,http://farm4.staticflickr.com/3905/14764998501_d0dd3e2dbd_z.jpg,4,1
excitement,http://farm9.staticflickr.com/8421/7784485044_0ff029bdf4_z.jpg,0,4
excitement,http://farm8.staticflickr.com/7179/6812346734_62510561d5_z.jpg,4,1
excitement,http://farm9.staticflickr.com/8491/8385884768_5054ee887b_z.jpg,1,4
excitement,http://farm4.staticflickr.com/3932/15601910036_679758694d_z.jpg,3,1
excitement,http://farm4.staticflickr.com/3917/14766547912_a2ab1f419b_z.jpg,5,0
excitement,http://farm8.staticflickr.com/7295/9807715436_150b21967b_z.jpg,1,4
excitement,http://farm9.staticflickr.com/8459/7930939750_760da79525_z.jpg,4,1
excitement,http://farm9.staticflickr.com/8186/8077848466_89a7b4911b_z.jpg,5,0
excitement,http://farm3.staticflickr.com/2822/9728490824_c5e686341a_z.jpg,4,1
excitement,http://farm4.staticflickr.com/3880/14563361337_600f9d32d2_z.jpg,5,0
excitement,http://farm6.staticflickr.com/5582/14790130235_e752f65939_z.jpg,3,2
excitement,http://farm4.staticflickr.com/3908/14581768219_fa596d3b79_z.jpg,4,0
excitement,http://farm9.staticflickr.com/8352/8330321894_eee4b137be_z.jpg,5,0
excitement,http://farm8.staticflickr.com/7085/7043418141_0105e05688_z.jpg,1,4
excitement,http://farm9.staticflickr.com/8055/8113471459_e6b48ff50d_z.jpg,4,1
excitement,http://farm6.staticflickr.com/5586/14598372810_75bcb07455_z.jpg,5,0
excitement,http://farm6.staticflickr.com/5564/15053744641_54c7bcabc1_z.jpg,2,3
excitement,http://farm4.staticflickr.com/3740/10895493683_dbcf3c2268_z.jpg,3,2
excitement,http://farm8.staticflickr.com/7264/6957935284_db9b2fd786_z.jpg,5,0
excitement,http://farm8.staticflickr.com/7068/7067576075_5154affa20_z.jpg,5,0
excitement,http://farm6.staticflickr.com/5589/14798689053_4cd8d80808_z.jpg,5,0
excitement,http://farm8.staticflickr.com/7327/9736678879_f06c3727c0_z.jpg,5,0
excitement,http://farm8.staticflickr.com/7384/10743651193_ba91cb50b7_z.jpg,4,1
excitement,http://farm9.staticflickr.com/8452/8035679353_83124117bf_z.jpg,5,0
excitement,http://farm9.staticflickr.com/8178/7914494886_ee8f197e1c_z.jpg,5,0
excitement,http://farm8.staticflickr.com/7305/9225569968_1a61408f3a_z.jpg,5,0
excitement,http://farm4.staticflickr.com/3949/15520457972_9a474f8144_z.jpg,5,0
excitement,http://farm9.staticflickr.com/8289/7698035636_a0dce12123_z.jpg,5,0
excitement,http://farm4.staticflickr.com/3866/14558861418_78a0a5fbc3_z.jpg,2,3
excitement,http://farm6.staticflickr.com/5568/14678080356_0907359ddb_z.jpg,1,3
excitement,http://farm8.staticflickr.com/7138/7690623322_48983f06c2_z.jpg,4,1
excitement,http://farm8.staticflickr.com/7042/6795570718_28338f7403_z.jpg,5,0
excitement,http://farm9.staticflickr.com/8662/15801269409_789317dc84_z.jpg,4,1
excitement,http://farm4.staticflickr.com/3908/14673459424_76d95f7a3d_z.jpg,5,0
excitement,http://farm3.staticflickr.com/2925/14567728369_385db67f62_z.jpg,5,0
excitement,http://farm3.staticflickr.com/2887/10182232013_8d56ec2dec_z.jpg,4,1
excitement,http://farm9.staticflickr.com/8280/8705790709_035b4db8c9_z.jpg,2,3
excitement,http://farm9.staticflickr.com/8527/8582842160_6b48eb17dd_z.jpg,4,1
excitement,http://farm8.staticflickr.com/7155/6652634397_e8a45e043f_z.jpg,5,0
excitement,http://farm9.staticflickr.com/8237/8532329814_06df3a8495_z.jpg,4,1
excitement,http://farm9.staticflickr.com/8088/8529769038_d0bacc6315_z.jpg,1,4
excitement,http://farm8.staticflickr.com/7545/15742890457_83147d842e_z.jpg,4,0
excitement,http://farm3.staticflickr.com/2924/14605170475_ac0dc206c7_z.jpg,5,0
excitement,http://farm4.staticflickr.com/3697/11770228235_86888c8bd1_z.jpg,5,0
excitement,http://farm6.staticflickr.com/5231/14089387790_4dc099ce70_z.jpg,5,0
excitement,http://farm6.staticflickr.com/5560/14589874808_b25e589b31_z.jpg,5,0
excitement,http://farm4.staticflickr.com/3005/13070930084_4aa11d20ba_z.jpg,5,0
excitement,http://farm4.staticflickr.com/3832/11108235443_e0fc70b2f8_z.jpg,3,2
excitement,http://farm8.staticflickr.com/7118/7788672420_b9a2d5ea1e_z.jpg,5,0
excitement,http://farm6.staticflickr.com/5551/15001673058_d1389fff92_z.jpg,4,1
excitement,http://farm9.staticflickr.com/8378/8445427142_f9f0ff075f_z.jpg,5,0
excitement,http://farm6.staticflickr.com/5478/9053856445_4bdf5851c4_z.jpg,5,0
excitement,http://farm6.staticflickr.com/5521/10527370215_f57a237aa6_z.jpg,5,0
excitement,http://farm3.staticflickr.com/2899/14558837130_54f7f74c54_z.jpg,3,2
excitement,http://farm4.staticflickr.com/3784/13274088125_af6e9c2cd0_z.jpg,2,3
excitement,http://farm3.staticflickr.com/2864/11706550036_956213e355_z.jpg,5,0
excitement,http://farm9.staticflickr.com/8189/8127497207_94b632ba96_z.jpg,4,0
excitement,http://farm3.staticflickr.com/2860/10660888466_685271f7b0_z.jpg,5,0
excitement,http://farm8.staticflickr.com/7079/7268239822_9d0632c10c_z.jpg,5,0
excitement,http://farm8.staticflickr.com/7323/14113123082_557a23f417_z.jpg,5,0
excitement,http://farm4.staticflickr.com/3721/11771273206_5f844ae02e_z.jpg,5,0
excitement,http://farm8.staticflickr.com/7059/6910589979_4b31d1f8c0_z.jpg,5,0
excitement,http://farm9.staticflickr.com/8493/8306643777_74bf6195b5_z.jpg,5,0
excitement,http://farm3.staticflickr.com/2872/9554016626_87ba38c4cc_z.jpg,5,0
excitement,http://farm8.staticflickr.com/7187/13270996805_301afab383_z.jpg,5,0
excitement,http://farm9.staticflickr.com/8439/8001914729_05b73213ec_z.jpg,2,3
excitement,http://farm9.staticflickr.com/8436/8011468963_bb9c56665e_z.jpg,5,0
excitement,http://farm3.staticflickr.com/2895/14315983993_472d81fcff_z.jpg,0,4
excitement,http://farm6.staticflickr.com/5545/11769659743_8878db8d74_z.jpg,4,1
excitement,http://farm4.staticflickr.com/3773/13226050385_5ed58d446c_z.jpg,2,3
excitement,http://farm9.staticflickr.com/8312/8014796530_aac619bd30_z.jpg,4,0
excitement,http://farm9.staticflickr.com/8483/8274608849_7b6e847c58_z.jpg,4,1
excitement,http://farm8.staticflickr.com/7350/9036248586_c6c4420ef1_z.jpg,3,2
excitement,http://farm4.staticflickr.com/3839/14837035622_5326ec6645_z.jpg,4,0
excitement,http://farm9.staticflickr.com/8090/8533312361_f1895005f7_z.jpg,3,1
excitement,http://farm9.staticflickr.com/8452/7980473647_8b63bbce0c_z.jpg,4,0
excitement,http://farm9.staticflickr.com/8440/7838456840_383c072161_z.jpg,3,2
excitement,http://farm8.staticflickr.com/7574/15643502738_d9c0c7ec92_z.jpg,4,1
excitement,http://farm3.staticflickr.com/2948/15479236072_1c81f504e1_z.jpg,5,0
excitement,http://farm4.staticflickr.com/3864/14714967972_b05a375671_z.jpg,5,0
excitement,http://farm4.staticflickr.com/3870/14745239382_def10d00de_z.jpg,4,1
excitement,http://farm3.staticflickr.com/2895/14682180562_9b85801d0c_z.jpg,2,3
excitement,http://farm9.staticflickr.com/8407/8703553370_61410eedfe_z.jpg,5,0
excitement,http://farm9.staticflickr.com/8055/8118961371_633cb336f8_z.jpg,5,0
excitement,http://farm3.staticflickr.com/2844/12576988695_ef12b805d2_z.jpg,5,0
excitement,http://farm3.staticflickr.com/2899/14198316255_d3ee55ab45_z.jpg,5,0
excitement,http://farm6.staticflickr.com/5536/9374269162_2af2eda2a3_z.jpg,5,0
excitement,http://farm9.staticflickr.com/8038/7955534370_57ac322d8d_z.jpg,5,0
excitement,http://farm9.staticflickr.com/8466/8129819562_821d52ae7d_z.jpg,4,0
excitement,http://farm8.staticflickr.com/7150/6772432637_3a7213df6f_z.jpg,4,0
excitement,http://farm8.staticflickr.com/7493/16120395292_cf78918843_z.jpg,5,0
excitement,http://farm9.staticflickr.com/8316/7962006566_ba8482d076_z.jpg,5,0
excitement,http://farm4.staticflickr.com/3853/14562503027_b2ee2a767c_z.jpg,5,0
excitement,http://farm6.staticflickr.com/5562/15025454810_9bcdd2a0e3_z.jpg,4,1
excitement,http://farm4.staticflickr.com/3754/9413254508_c4f831f55c_z.jpg,3,2
excitement,http://farm8.staticflickr.com/7454/12686118933_493c549373_z.jpg,2,3
excitement,http://farm9.staticflickr.com/8459/7929097952_d49284cf60_z.jpg,5,0
excitement,http://farm4.staticflickr.com/3902/15327625341_fe9f79b75c_z.jpg,2,3
excitement,http://farm8.staticflickr.com/7339/8950847226_78099fb2c0_z.jpg,5,0
excitement,http://farm9.staticflickr.com/8229/8440165373_ea64e60ecf_z.jpg,4,0
excitement,http://farm6.staticflickr.com/5604/15398393560_9cb31c5311_z.jpg,5,0
excitement,http://farm6.staticflickr.com/5572/14725944475_9db7260d85_z.jpg,4,1
excitement,http://farm9.staticflickr.com/8182/8069875882_f3d29b59f6_z.jpg,4,1
excitement,http://farm6.staticflickr.com/5591/14592579077_17377c5ebb_z.jpg,5,0
excitement,http://farm8.staticflickr.com/7383/10479738023_daa6f6de64_z.jpg,5,0
excitement,http://farm8.staticflickr.com/7223/7275546498_9ce4055763_z.jpg,1,4
excitement,http://farm9.staticflickr.com/8351/8301356683_db76739f4e_z.jpg,3,2
excitement,http://farm3.staticflickr.com/2901/14133328801_cc4c465554_z.jpg,5,0
excitement,http://farm8.staticflickr.com/7393/9165553616_6a0761c87c_z.jpg,3,2
excitement,http://farm3.staticflickr.com/2937/14565704199_63bcd4693f_z.jpg,4,1
excitement,http://farm3.staticflickr.com/2898/14804912133_3d1e8a0d28_z.jpg,5,0
excitement,http://farm8.staticflickr.com/7415/8872285639_7a7de49e4e_z.jpg,5,0
excitement,http://farm9.staticflickr.com/8438/7888256246_848f9807db_z.jpg,5,0
excitement,http://farm6.staticflickr.com/5481/10698991586_111cbe273e_z.jpg,5,0
excitement,http://farm6.staticflickr.com/5589/14591380680_da928db339_z.jpg,5,0
excitement,http://farm9.staticflickr.com/8126/8699305450_36d4b687c5_z.jpg,4,0
excitement,http://farm6.staticflickr.com/5035/14189152779_297781bcd8_z.jpg,3,2
excitement,http://farm4.staticflickr.com/3897/14764814614_20da430e3c_z.jpg,5,0
excitement,http://farm3.staticflickr.com/2896/14786518033_94bc3d1d98_z.jpg,5,0
excitement,http://farm6.staticflickr.com/5559/15177436612_570656909b_z.jpg,0,5
excitement,http://farm8.staticflickr.com/7125/7542457476_46c8807e36_z.jpg,5,0
excitement,http://farm6.staticflickr.com/5607/15295306080_26c1d53ccc_z.jpg,5,0
excitement,http://farm6.staticflickr.com/5550/14594055805_9ea0b14f37_z.jpg,5,0
excitement,http://farm4.staticflickr.com/3378/13057337824_f2e8b03eef_z.jpg,5,0
excitement,http://farm4.staticflickr.com/3704/10931540916_284e009f99_z.jpg,5,0
excitement,http://farm6.staticflickr.com/5482/10562945724_ea859cf300_z.jpg,5,0
excitement,http://farm6.staticflickr.com/5158/14501783273_c398558b9c_z.jpg,3,2
excitement,http://farm8.staticflickr.com/7097/7267517036_e8715ca8ce_z.jpg,5,0
excitement,http://farm6.staticflickr.com/5531/11404527574_b56d796e6e_z.jpg,3,2
excitement,http://farm9.staticflickr.com/8039/7895138800_cb91ab0f0a_z.jpg,5,0
excitement,http://farm3.staticflickr.com/2874/9728456328_663f1b8ca7_z.jpg,4,1
excitement,http://farm8.staticflickr.com/7139/7621259246_3958665e4a_z.jpg,4,0
excitement,http://farm4.staticflickr.com/3911/14789707863_720a108d54_z.jpg,4,1
excitement,http://farm3.staticflickr.com/2819/13455095723_b3de9528ec_z.jpg,2,2
excitement,http://farm6.staticflickr.com/5498/12462345195_3ac9acee3b_z.jpg,1,4
excitement,http://farm6.staticflickr.com/5586/14489154208_e3b933ba6b_z.jpg,5,0
excitement,http://farm3.staticflickr.com/2878/11470859773_d382db0e07_z.jpg,5,0
excitement,http://farm9.staticflickr.com/8531/8611353949_88d257ce1d_z.jpg,2,3
excitement,http://farm9.staticflickr.com/8180/7914633860_2c9570d204_z.jpg,1,4
excitement,http://farm3.staticflickr.com/2844/9578257668_b0258a9feb_z.jpg,1,4
excitement,http://farm6.staticflickr.com/5532/10660756833_a5a64e9c84_z.jpg,5,0
excitement,http://farm8.staticflickr.com/7233/7330429284_5c2b8028ab_z.jpg,3,1
excitement,http://farm3.staticflickr.com/2912/14648358841_5b4e8f1883_z.jpg,5,0
excitement,http://farm3.staticflickr.com/2921/14333125393_a908f94371_z.jpg,5,0
excitement,http://farm8.staticflickr.com/7193/6936700011_5889ed701f_z.jpg,5,0
excitement,http://farm8.staticflickr.com/7059/6938456498_6d3bcfa7ce_z.jpg,5,0
excitement,http://farm6.staticflickr.com/5471/12019757963_9ed95cc3c9_z.jpg,5,0
excitement,http://farm9.staticflickr.com/8191/8090104176_1a9dfbea6d_z.jpg,4,1
excitement,http://farm4.staticflickr.com/3825/9343554414_7e4e68218d_z.jpg,5,0
excitement,http://farm8.staticflickr.com/7114/8074783669_94a43a24d6_z.jpg,1,4
excitement,http://farm8.staticflickr.com/7442/9167376390_0db3a67788_z.jpg,5,0
excitement,http://farm8.staticflickr.com/7248/7533251636_cd34ae883f_z.jpg,5,0
excitement,http://farm4.staticflickr.com/3849/14394501270_83320c4a36_z.jpg,3,1
excitement,http://farm9.staticflickr.com/8156/7461884308_a3d974fe88_z.jpg,2,3
excitement,http://farm8.staticflickr.com/7088/7013256977_54714553ee_z.jpg,5,0
excitement,http://farm8.staticflickr.com/7219/7374844602_793fa8af86_z.jpg,5,0
excitement,http://farm9.staticflickr.com/8298/7895375256_e01108b932_z.jpg,5,0
excitement,http://farm8.staticflickr.com/7314/12658141964_ccaa3279cf_z.jpg,2,3
excitement,http://farm3.staticflickr.com/2883/9572723654_d78b871916_z.jpg,1,4
excitement,http://farm9.staticflickr.com/8322/7930855366_5a82f2cbdd_z.jpg,5,0
excitement,http://farm8.staticflickr.com/7310/11404519626_6557a05434_z.jpg,2,3
excitement,http://farm3.staticflickr.com/2916/14782038612_516de04e93_z.jpg,5,0
excitement,http://farm6.staticflickr.com/5500/14550238925_d24b6baeff_z.jpg,5,0
excitement,http://farm6.staticflickr.com/5505/11769799935_61b2397298_z.jpg,5,0
excitement,http://farm6.staticflickr.com/5597/15274948600_e6a6e9400d_z.jpg,5,0
excitement,http://farm6.staticflickr.com/5594/14777994581_5c4a71ffd8_z.jpg,4,0
excitement,http://farm9.staticflickr.com/8057/8161034385_5a54cb9cc7_z.jpg,5,0
excitement,http://farm8.staticflickr.com/7106/7652543080_2085d21d61_z.jpg,2,3
excitement,http://farm4.staticflickr.com/3882/14592051739_35f4b3c63f_z.jpg,5,0
excitement,http://farm4.staticflickr.com/3785/12470322583_105bb18b95_z.jpg,5,0
excitement,http://farm4.staticflickr.com/3828/10302322815_0e6685b8f1_z.jpg,5,0
excitement,http://farm4.staticflickr.com/3850/14295013160_f8e95c24b8_z.jpg,3,2
excitement,http://farm9.staticflickr.com/8212/8441505464_e9279f74b2_z.jpg,2,3
excitement,http://farm3.staticflickr.com/2810/13043296383_d78a8ca5d5_z.jpg,4,1
excitement,http://farm6.staticflickr.com/5448/7072479191_4b9cc0fcf9_z.jpg,4,1
excitement,http://farm9.staticflickr.com/8089/8539028483_7b8b75db0a_z.jpg,5,0
excitement,http://farm4.staticflickr.com/3839/14782318752_74df2ebd9a_z.jpg,5,0
excitement,http://farm4.staticflickr.com/3896/14496940205_4c4087b90a_z.jpg,5,0
excitement,http://farm9.staticflickr.com/8310/8029199919_30bfafea58_z.jpg,3,2
excitement,http://farm4.staticflickr.com/3865/14761084586_96196c7bd9_z.jpg,5,0
excitement,http://farm8.staticflickr.com/7387/9470150452_89158ac3b0_z.jpg,1,3
excitement,http://farm4.staticflickr.com/3861/14457230656_7e0299e08b_z.jpg,3,2
excitement,http://farm8.staticflickr.com/7467/15701086502_15354ca7ee_z.jpg,3,2
excitement,http://farm9.staticflickr.com/8315/7950027802_98a551cf5e_z.jpg,4,1
excitement,http://farm4.staticflickr.com/3759/11769310653_6958df04de_z.jpg,5,0
excitement,http://farm8.staticflickr.com/7309/9664511562_cdd316ff46_z.jpg,1,4
excitement,http://farm4.staticflickr.com/3893/14595738997_8d15516cae_z.jpg,5,0
excitement,http://farm8.staticflickr.com/7571/15586978750_a92db227b9_z.jpg,5,0
excitement,http://farm6.staticflickr.com/5543/9522073153_850d41797c_z.jpg,4,1
excitement,http://farm8.staticflickr.com/7258/13547247064_ed4b6ba68b_z.jpg,1,4
excitement,http://farm9.staticflickr.com/8179/7949925838_dcdd3cd609_z.jpg,2,1
excitement,http://farm8.staticflickr.com/7552/15761364370_6834fe22c1_z.jpg,1,4
excitement,http://farm8.staticflickr.com/7139/7554534690_1f6982c537_z.jpg,5,0
excitement,http://farm8.staticflickr.com/7402/11770599306_e79aafae9d_z.jpg,5,0
excitement,http://farm6.staticflickr.com/5550/10182213365_c7aa271be3_z.jpg,5,0
excitement,http://farm9.staticflickr.com/8587/16034854412_b28798fb4f_z.jpg,5,0
excitement,http://farm8.staticflickr.com/7155/6763252429_b05600faef_z.jpg,2,3
excitement,http://farm8.staticflickr.com/7235/7330420706_2ab8150822_z.jpg,2,3
excitement,http://farm4.staticflickr.com/3803/11647827664_ea36b84b94_z.jpg,3,2
excitement,http://farm9.staticflickr.com/8178/7985994158_022c4e8a9a_z.jpg,5,0
excitement,http://farm9.staticflickr.com/8466/8090571309_b257568513_z.jpg,4,1
excitement,http://farm6.staticflickr.com/5325/8924154052_ed5c11c475_z.jpg,4,1
excitement,http://farm8.staticflickr.com/7456/10358259615_4bbf77824d_z.jpg,4,1
excitement,http://farm9.staticflickr.com/8497/8391886126_a744c66a3e_z.jpg,4,1
excitement,http://farm6.staticflickr.com/5507/11278590434_212b10d6da_z.jpg,0,5
excitement,http://farm4.staticflickr.com/3870/14227737550_b21a602a49_z.jpg,5,0
excitement,http://farm6.staticflickr.com/5336/13945552828_d4fc41d160_z.jpg,5,0
excitement,http://farm8.staticflickr.com/7414/9339168114_707bc51dc5_z.jpg,2,3
excitement,http://farm6.staticflickr.com/5321/9015739431_cfc99157e2_z.jpg,5,0
excitement,http://farm9.staticflickr.com/8126/8698152113_38abc7f7d6_z.jpg,4,0
excitement,http://farm6.staticflickr.com/5520/14464920060_4c807397e6_z.jpg,0,5
excitement,http://farm4.staticflickr.com/3899/15245788806_d9768190df_z.jpg,5,0
excitement,http://farm9.staticflickr.com/8518/8473366804_0ea6fb3c64_z.jpg,4,1
excitement,http://farm9.staticflickr.com/8329/8368746256_81afe304dc_z.jpg,5,0
excitement,http://farm9.staticflickr.com/8459/8027089160_f941a9071d_z.jpg,5,0
excitement,http://farm8.staticflickr.com/7377/10297512816_15720edd1d_z.jpg,5,0
excitement,http://farm8.staticflickr.com/7252/7498381658_8bbb60fbe9_z.jpg,5,0
excitement,http://farm6.staticflickr.com/5561/15211469242_6bb242cc1f_z.jpg,2,3
excitement,http://farm3.staticflickr.com/2912/14640309495_454db6240a_z.jpg,4,1
excitement,http://farm6.staticflickr.com/5507/14339279272_175c0314bd_z.jpg,4,1
excitement,http://farm3.staticflickr.com/2900/14548160171_8bc8a34972_z.jpg,5,0
excitement,http://farm8.staticflickr.com/7346/10748972026_0dccb58a1b_z.jpg,4,1
excitement,http://farm3.staticflickr.com/2901/14614827213_df10893060_z.jpg,2,3
excitement,http://farm4.staticflickr.com/3849/14579494890_e32fdb37c9_z.jpg,5,0
excitement,http://farm6.staticflickr.com/5603/15083226753_4d6aca87c1_z.jpg,5,0
excitement,http://farm8.staticflickr.com/7375/9777626576_d9ffcc2bf1_z.jpg,0,5
excitement,http://farm3.staticflickr.com/2910/14779136591_4b39bc646b_z.jpg,5,0
excitement,http://farm9.staticflickr.com/8496/8432560329_5ce65f8e88_z.jpg,3,2
excitement,http://farm6.staticflickr.com/5347/6924577438_bf1a7e28b6_z.jpg,5,0
excitement,http://farm6.staticflickr.com/5467/9684175127_ee42e1be38_z.jpg,5,0
excitement,http://farm9.staticflickr.com/8254/8624219518_c6f2f021da_z.jpg,5,0
excitement,http://farm8.staticflickr.com/7490/15729993936_43c6169919_z.jpg,0,5
excitement,http://farm9.staticflickr.com/8512/8492937073_90eb943f84_z.jpg,5,0
excitement,http://farm3.staticflickr.com/2869/11344830964_b4907bfa02_z.jpg,4,1
excitement,http://farm8.staticflickr.com/7419/12865805984_525e54dfb8_z.jpg,2,3
excitement,http://farm8.staticflickr.com/7116/6895261482_d63c21639b_z.jpg,4,1
excitement,http://farm6.staticflickr.com/5524/10948179663_3efbf88c8f_z.jpg,5,0
excitement,http://farm8.staticflickr.com/7306/11770054456_0b8eab0ea7_z.jpg,5,0
excitement,http://farm3.staticflickr.com/2935/14581449280_86f9c37043_z.jpg,4,0
excitement,http://farm9.staticflickr.com/8379/8672864294_bff4e08ea4_z.jpg,4,0
excitement,http://farm4.staticflickr.com/3848/14766269192_62dc058c72_z.jpg,5,0
excitement,http://farm9.staticflickr.com/8448/7901551810_3587bcbcbe_z.jpg,3,2
excitement,http://farm6.staticflickr.com/5480/9807686064_b7b0a0d2f4_z.jpg,4,1
excitement,http://farm4.staticflickr.com/3860/14331315350_14a49392ae_z.jpg,4,1
excitement,http://farm9.staticflickr.com/8033/7929150914_768cea4af5_z.jpg,2,3
excitement,http://farm8.staticflickr.com/7289/8740395684_1aa6752ec0_z.jpg,3,2
excitement,http://farm9.staticflickr.com/8032/7895560170_a8260f434d_z.jpg,4,1
excitement,http://farm3.staticflickr.com/2870/10755389674_6b53d1c5d8_z.jpg,5,0
excitement,http://farm8.staticflickr.com/7582/15602925717_8e73aa466e_z.jpg,2,3
excitement,http://farm8.staticflickr.com/7061/6918409453_85ef41cfda_z.jpg,5,0
excitement,http://farm6.staticflickr.com/5563/14597889480_09700b936b_z.jpg,5,0
excitement,http://farm6.staticflickr.com/5332/8973916284_80f7b658b7_z.jpg,4,1
excitement,http://farm4.staticflickr.com/3935/15440589741_0c7954df87_z.jpg,0,5
excitement,http://farm8.staticflickr.com/7318/8732834234_d4fc76c1c1_z.jpg,3,2
excitement,http://farm3.staticflickr.com/2913/14743386736_4b60d1b308_z.jpg,5,0
excitement,http://farm4.staticflickr.com/3924/14632853939_bdd502bdf0_z.jpg,4,1
excitement,http://farm3.staticflickr.com/2880/11505007084_6674c23b35_z.jpg,4,1
excitement,http://farm3.staticflickr.com/2812/9249991354_2af7800cce_z.jpg,5,0
excitement,http://farm6.staticflickr.com/5611/15527007159_5c61033e46_z.jpg,4,1
excitement,http://farm3.staticflickr.com/2832/9925766156_9d7dd46bde_z.jpg,2,2
excitement,http://farm8.staticflickr.com/7336/9996711095_9021e6323c_z.jpg,5,0
excitement,http://farm4.staticflickr.com/3759/12066351415_b83d33a0a3_z.jpg,5,0
excitement,http://farm9.staticflickr.com/8150/7159911043_c14b25fee2_z.jpg,5,0
excitement,http://farm4.staticflickr.com/3923/14590733951_1ebd1f6047_z.jpg,4,1
excitement,http://farm9.staticflickr.com/8323/8385889582_98a8287679_z.jpg,3,2
excitement,http://farm9.staticflickr.com/8157/7652498284_534e869923_z.jpg,3,2
excitement,http://farm6.staticflickr.com/5597/15405861467_240b0f7225_z.jpg,1,4
excitement,http://farm6.staticflickr.com/5577/15268793825_5406ce1e1c_z.jpg,5,0
excitement,http://farm4.staticflickr.com/3780/11338873006_58e32261c8_z.jpg,0,5
excitement,http://farm6.staticflickr.com/5498/9645280920_3a2a104bb5_z.jpg,4,1
excitement,http://farm6.staticflickr.com/5589/14782913515_b0634b2f52_z.jpg,5,0
excitement,http://farm4.staticflickr.com/3800/9259020338_57d1a09ff9_z.jpg,5,0
excitement,http://farm3.staticflickr.com/2898/14109988397_5e6cb7de2b_z.jpg,5,0
excitement,http://farm6.staticflickr.com/5568/15082085790_f2d2b45890_z.jpg,1,4
excitement,http://farm9.staticflickr.com/8045/8080383453_8bb2f4c39d_z.jpg,1,4
excitement,http://farm3.staticflickr.com/2830/10925895246_8b8ebff08c_z.jpg,5,0
excitement,http://farm9.staticflickr.com/8106/8555951311_771971b6a1_z.jpg,5,0
excitement,http://farm8.staticflickr.com/7038/6862613133_95cb983330_z.jpg,5,0
excitement,http://farm9.staticflickr.com/8438/7950007338_87ab244555_z.jpg,5,0
excitement,http://farm8.staticflickr.com/7302/9730571140_8436161a85_z.jpg,5,0
excitement,http://farm9.staticflickr.com/8158/6960887506_11c5c82587_z.jpg,4,1
excitement,http://farm6.staticflickr.com/5561/14790739622_e64f571316_z.jpg,4,1
excitement,http://farm3.staticflickr.com/2806/9381384291_3abb7cb64b_z.jpg,2,3
excitement,http://farm6.staticflickr.com/5534/12626352595_940675d501_z.jpg,4,1
excitement,http://farm6.staticflickr.com/5513/11139207996_f72114cb22_z.jpg,2,3
excitement,http://farm8.staticflickr.com/7128/8167376334_49a9bb1434_z.jpg,1,4
excitement,http://farm9.staticflickr.com/8172/7976181392_68308bda0c_z.jpg,5,0
excitement,http://farm9.staticflickr.com/8025/7156489809_6f06e8cfe5_z.jpg,5,0
excitement,http://farm8.staticflickr.com/7502/15866047948_1cc3bc68e9_z.jpg,4,0
excitement,http://farm9.staticflickr.com/8531/8598326706_3dd86b3241_z.jpg,5,0
excitement,http://farm9.staticflickr.com/8327/8441548510_c0eebbf392_z.jpg,4,1
excitement,http://farm9.staticflickr.com/8143/7572103154_607846830e_z.jpg,5,0
excitement,http://farm4.staticflickr.com/3856/14991219308_850cc3c19e_z.jpg,0,5
excitement,http://farm6.staticflickr.com/5035/14277160043_4b6e9c55c8_z.jpg,5,0
excitement,http://farm8.staticflickr.com/7095/7255472542_3f5636e05d_z.jpg,5,0
excitement,http://farm9.staticflickr.com/8190/8100584717_807121c90d_z.jpg,2,3
excitement,http://farm3.staticflickr.com/2942/15144580367_8ab509c3eb_z.jpg,5,0
excitement,http://farm9.staticflickr.com/8094/8587721415_45807b7549_z.jpg,2,3
excitement,http://farm9.staticflickr.com/8509/8577424973_0f4666fd1f_z.jpg,3,2
excitement,http://farm8.staticflickr.com/7559/15711535967_158761cc39_z.jpg,0,5
excitement,http://farm9.staticflickr.com/8195/8075722762_c847aa8779_z.jpg,5,0
excitement,http://farm6.staticflickr.com/5481/12421710184_aa5e518c3a_z.jpg,5,0
excitement,http://farm6.staticflickr.com/5555/14591744229_dd7c825e75_z.jpg,5,0
excitement,http://farm3.staticflickr.com/2884/10656546246_8cce0cdbc6_z.jpg,4,1
excitement,http://farm4.staticflickr.com/3905/14580017719_67923edd62_z.jpg,5,0
excitement,http://farm3.staticflickr.com/2921/14769926983_8b151a5320_z.jpg,5,0
excitement,http://farm3.staticflickr.com/2830/8883157576_6e2c66b760_z.jpg,4,1
excitement,http://farm8.staticflickr.com/7214/7043416289_aec334f8e0_z.jpg,3,2
excitement,http://farm4.staticflickr.com/3921/14791107008_66ef8a950a_z.jpg,5,0
excitement,http://farm6.staticflickr.com/5549/10714237205_aebe9c3efe_z.jpg,1,4
excitement,http://farm6.staticflickr.com/5539/9165331007_3f18954592_z.jpg,5,0
excitement,http://farm9.staticflickr.com/8214/8321337843_951036903a_z.jpg,3,2
excitement,http://farm4.staticflickr.com/3817/8760880123_1e9a383854_z.jpg,1,4
excitement,http://farm6.staticflickr.com/5555/14579757269_ca84c5920f_z.jpg,5,0
excitement,http://farm9.staticflickr.com/8196/8100601136_e59e58394c_z.jpg,2,3
excitement,http://farm3.staticflickr.com/2896/14788882533_46c980f494_z.jpg,5,0
excitement,http://farm6.staticflickr.com/5451/9699649913_28876cec02_z.jpg,5,0
excitement,http://farm8.staticflickr.com/7463/15917930719_df33d11990_z.jpg,5,0
excitement,http://farm9.staticflickr.com/8440/7961551240_b3c9de167f_z.jpg,3,2
excitement,http://farm3.staticflickr.com/2814/12585655185_15d50c0b9a_z.jpg,5,0
excitement,http://farm6.staticflickr.com/5592/14592842858_d74f81ee3f_z.jpg,5,0
excitement,http://farm8.staticflickr.com/7097/7267575752_52befee58e_z.jpg,5,0
excitement,http://farm8.staticflickr.com/7431/11021222163_1c9cb34a90_z.jpg,2,3
excitement,http://farm4.staticflickr.com/3871/14772774672_a772318f19_z.jpg,5,0
excitement,http://farm4.staticflickr.com/3708/11533110733_1ebb0357a2_z.jpg,4,0
excitement,http://farm9.staticflickr.com/8321/7908610868_973a70ebd1_z.jpg,5,0
excitement,http://farm8.staticflickr.com/7187/6959151599_5f5da2eab0_z.jpg,5,0
excitement,http://farm8.staticflickr.com/7114/7591350796_538e539d52_z.jpg,5,0
excitement,http://farm4.staticflickr.com/3873/14503656897_272605ccc2_z.jpg,5,0
excitement,http://farm6.staticflickr.com/5556/15211523672_91ddca7f8b_z.jpg,3,2
excitement,http://farm3.staticflickr.com/2839/9396241425_92fa445626_z.jpg,5,0
excitement,http://farm9.staticflickr.com/8223/8261902938_8a53bd5dd8_z.jpg,5,0
excitement,http://farm8.staticflickr.com/7478/16002974801_370fa313ac_z.jpg,5,0
excitement,http://farm9.staticflickr.com/8054/8133436727_7661fb9de7_z.jpg,4,1
excitement,http://farm3.staticflickr.com/2924/14579953260_df660a5041_z.jpg,5,0
excitement,http://farm8.staticflickr.com/7382/10296997214_9a8a54e8f3_z.jpg,2,3
excitement,http://farm8.staticflickr.com/7265/8167269515_78567a26fc_z.jpg,3,2
excitement,http://farm3.staticflickr.com/2910/14231044274_36ce8b2e9e_z.jpg,5,0
excitement,http://farm4.staticflickr.com/3934/15608326195_bc4fc9331d_z.jpg,4,1
excitement,http://farm8.staticflickr.com/7089/7261346454_143fef6477_z.jpg,0,5
excitement,http://farm8.staticflickr.com/7413/12978750083_12fc186f50_z.jpg,2,3
excitement,http://farm9.staticflickr.com/8322/7913680954_7dd531a0c0_z.jpg,4,1
excitement,http://farm9.staticflickr.com/8080/8366715404_ee7b6e7be8_z.jpg,5,0
excitement,http://farm6.staticflickr.com/5557/14779936689_6a0a0b2018_z.jpg,5,0
excitement,http://farm3.staticflickr.com/2903/13982461835_3d1e927547_z.jpg,1,4
excitement,http://farm3.staticflickr.com/2923/14036607860_652e670e6d_z.jpg,2,3
excitement,http://farm8.staticflickr.com/7097/7186612409_eea27e943e_z.jpg,5,0
excitement,http://farm9.staticflickr.com/8501/8302632506_58290617e6_z.jpg,4,1
excitement,http://farm4.staticflickr.com/3679/9700275190_2c16bd46b7_z.jpg,4,0
excitement,http://farm6.staticflickr.com/5603/15285909389_41f4bfbaa0_z.jpg,2,3
excitement,http://farm4.staticflickr.com/3746/13270281163_1287b2abe8_z.jpg,3,2
excitement,http://farm9.staticflickr.com/8187/8080320560_f5d5124c5f_z.jpg,1,4
excitement,http://farm9.staticflickr.com/8044/8090089100_22c62807a6_z.jpg,4,1
excitement,http://farm8.staticflickr.com/7344/9046324031_ebcccbfd59_z.jpg,3,2
excitement,http://farm6.staticflickr.com/5482/9312601987_7909d1bed2_z.jpg,5,0
excitement,http://farm9.staticflickr.com/8325/8075460217_78c4c18bbd_z.jpg,0,5
excitement,http://farm4.staticflickr.com/3918/14168866690_b90db166e3_z.jpg,5,0
excitement,http://farm9.staticflickr.com/8090/8514710751_2c2527ac5e_z.jpg,5,0
excitement,http://farm8.staticflickr.com/7040/6795568802_3f348d6c8f_z.jpg,5,0
excitement,http://farm3.staticflickr.com/2940/14580415577_52ea9742ae_z.jpg,5,0
excitement,http://farm8.staticflickr.com/7207/7032099807_2cd097df7a_z.jpg,5,0
excitement,http://farm8.staticflickr.com/7340/9026428036_4206722c6b_z.jpg,5,0
excitement,http://farm8.staticflickr.com/7556/15692256019_4f9ced5fa0_z.jpg,5,0
excitement,http://farm4.staticflickr.com/3930/15422285935_ff6e93b27d_z.jpg,3,2
excitement,http://farm3.staticflickr.com/2931/14277455116_a8248d4c54_z.jpg,5,0
excitement,http://farm4.staticflickr.com/3948/15415798270_b42b91bff4_z.jpg,3,2
excitement,http://farm8.staticflickr.com/7094/13274066193_22e62b0c6c_z.jpg,5,0
excitement,http://farm4.staticflickr.com/3854/14763540361_6bc75712f2_z.jpg,5,0
excitement,http://farm4.staticflickr.com/3671/13293335584_9b8d1f89ca_z.jpg,2,3
excitement,http://farm9.staticflickr.com/8226/8561960699_885657d8cd_z.jpg,5,0
excitement,http://farm3.staticflickr.com/2820/13274256834_17c5bdea3a_z.jpg,3,2
excitement,http://farm6.staticflickr.com/5578/14769159885_064b3af904_z.jpg,5,0
excitement,http://farm9.staticflickr.com/8373/8469480932_d9ca3afd6d_z.jpg,5,0
excitement,http://farm9.staticflickr.com/8061/8279248540_ffd34c113c_z.jpg,3,2
excitement,http://farm9.staticflickr.com/8185/8144429365_17e3925cd4_z.jpg,5,0
excitement,http://farm6.staticflickr.com/5485/11112635415_89529b0974_z.jpg,3,2
excitement,http://farm3.staticflickr.com/2856/9467414479_f98078cc01_z.jpg,5,0
excitement,http://farm9.staticflickr.com/8654/15985952925_d1f25ba394_z.jpg,5,0
excitement,http://farm8.staticflickr.com/7405/12269604315_620068f1e7_z.jpg,4,1
excitement,http://farm8.staticflickr.com/7223/6961597876_a8a84c3fbf_z.jpg,5,0
excitement,http://farm8.staticflickr.com/7575/15697560996_d73cd1e1ca_z.jpg,5,0
excitement,http://farm8.staticflickr.com/7092/7337671672_e267e350f5_z.jpg,5,0
excitement,http://farm8.staticflickr.com/7421/11768474015_df4dfd4ebc_z.jpg,4,1
excitement,http://farm4.staticflickr.com/3727/12865351613_247bd91543_z.jpg,3,2
excitement,http://farm3.staticflickr.com/2833/13550538523_e2f329f343_z.jpg,1,4
excitement,http://farm9.staticflickr.com/8458/7907647766_16657272fe_z.jpg,5,0
excitement,http://farm4.staticflickr.com/3906/14987698032_b58e42cfb7_z.jpg,5,0
excitement,http://farm4.staticflickr.com/3855/14788327103_47852dd522_z.jpg,4,0
excitement,http://farm6.staticflickr.com/5495/10656494634_235a055d77_z.jpg,5,0
excitement,http://farm8.staticflickr.com/7355/8718323814_87dcdcc543_z.jpg,5,0
excitement,http://farm9.staticflickr.com/8315/7931032488_349daf3120_z.jpg,5,0
excitement,http://farm9.staticflickr.com/8442/7914659420_4709b32c6e_z.jpg,5,0
excitement,http://farm4.staticflickr.com/3873/14320446100_f32069db32_z.jpg,5,0
excitement,http://farm3.staticflickr.com/2807/9403127909_534e21b35e_z.jpg,3,2
excitement,http://farm4.staticflickr.com/3676/9461811417_8b3e59d47e_z.jpg,5,0
excitement,http://farm4.staticflickr.com/3683/10087549266_75880335a4_z.jpg,5,0
excitement,http://farm3.staticflickr.com/2921/13938895793_e84c87f04d_z.jpg,4,0
excitement,http://farm9.staticflickr.com/8311/7936588002_0ca4f73076_z.jpg,5,0
excitement,http://farm3.staticflickr.com/2931/14770730454_83cc679b19_z.jpg,5,0
excitement,http://farm4.staticflickr.com/3849/14592308748_b8e60d014a_z.jpg,5,0
excitement,http://farm6.staticflickr.com/5467/8753102185_fbbd2b2c14_z.jpg,2,3
excitement,http://farm8.staticflickr.com/7013/6812220687_861af98031_z.jpg,5,0
excitement,http://farm8.staticflickr.com/7434/11106873875_fa52dcd0a5_z.jpg,3,2
excitement,http://farm9.staticflickr.com/8665/16031609067_e18e932bb7_z.jpg,5,0
excitement,http://farm4.staticflickr.com/3924/15035668025_ec0669342b_z.jpg,5,0
excitement,http://farm6.staticflickr.com/5331/7189740115_1f6427ea83_z.jpg,5,0
excitement,http://farm6.staticflickr.com/5312/6897690584_5fa5d6c178_z.jpg,5,0
excitement,http://farm4.staticflickr.com/3829/11312572454_e4844c6e28_z.jpg,5,0
excitement,http://farm4.staticflickr.com/3865/14600657532_e83eed913a_z.jpg,5,0
excitement,http://farm9.staticflickr.com/8392/8513450094_8f8e34452b_z.jpg,5,0
excitement,http://farm4.staticflickr.com/3696/8872416966_1ee06ed973_z.jpg,1,4
excitement,http://farm8.staticflickr.com/7042/6896488202_268f7094d7_z.jpg,3,2
excitement,http://farm9.staticflickr.com/8381/8641603535_b697662e53_z.jpg,5,0
excitement,http://farm6.staticflickr.com/5580/14767845052_434630beca_z.jpg,3,2
excitement,http://farm6.staticflickr.com/5514/10476698394_4ea8eea772_z.jpg,3,2
excitement,http://farm6.staticflickr.com/5582/14773109591_da0e7d5c30_z.jpg,5,0
excitement,http://farm3.staticflickr.com/2847/9464571494_b65ff67fd9_z.jpg,3,2
excitement,http://farm3.staticflickr.com/2896/14481657505_6a09526d81_z.jpg,1,4
excitement,http://farm8.staticflickr.com/7422/9339179256_569b7c52cf_z.jpg,4,1
excitement,http://farm4.staticflickr.com/3780/10660528835_c8a123aabe_z.jpg,4,0
excitement,http://farm6.staticflickr.com/5570/14755781945_f7cf62a63a_z.jpg,3,2
excitement,http://farm3.staticflickr.com/2822/9015662071_de114b9633_z.jpg,2,3
excitement,http://farm3.staticflickr.com/2829/9768584743_c67bb42b36_z.jpg,4,1
excitement,http://farm9.staticflickr.com/8007/7614802174_ba950349fa_z.jpg,5,0
excitement,http://farm3.staticflickr.com/2899/14301969804_1a4318c49d_z.jpg,0,5
excitement,http://farm8.staticflickr.com/7447/9410478861_71efd448a9_z.jpg,4,1
excitement,http://farm4.staticflickr.com/3943/15642533346_c2cf06dff2_z.jpg,5,0
excitement,http://farm8.staticflickr.com/7229/7013184287_ff12438033_z.jpg,3,2
excitement,http://farm9.staticflickr.com/8506/8377322691_17ee37ab8b_z.jpg,5,0
excitement,http://farm4.staticflickr.com/3728/9266380857_bafbab3b07_z.jpg,5,0
excitement,http://farm9.staticflickr.com/8289/7686170318_8b40de2d56_z.jpg,4,1
excitement,http://farm7.staticflickr.com/6033/7015775355_02931d27df_z.jpg,5,0
excitement,http://farm4.staticflickr.com/3883/14745418626_5f56ce0bfb_z.jpg,5,0
excitement,http://farm8.staticflickr.com/7252/7033603927_95ff27d05e_z.jpg,3,2
excitement,http://farm9.staticflickr.com/8040/7949995532_22afdd6b0c_z.jpg,3,2
excitement,http://farm8.staticflickr.com/7306/10660880895_f4b2c5d596_z.jpg,4,1
excitement,http://farm8.staticflickr.com/7389/9464954332_2c8146ebe4_z.jpg,5,0
excitement,http://farm8.staticflickr.com/7360/10305107103_41c8ee3688_z.jpg,5,0
excitement,http://farm8.staticflickr.com/7418/9167242501_37acd9ea77_z.jpg,3,2
excitement,http://farm8.staticflickr.com/7334/13400809453_3c85f712cd_z.jpg,5,0
excitement,http://farm6.staticflickr.com/5512/12420779944_cd062cc80a_z.jpg,5,0
excitement,http://farm9.staticflickr.com/8615/16078963676_e7e2ac1a9f_z.jpg,5,0
excitement,http://farm8.staticflickr.com/7106/8167502554_635f62c63d_z.jpg,2,3
excitement,http://farm8.staticflickr.com/7311/13454981245_e96ec2ae8e_z.jpg,4,1
excitement,http://farm6.staticflickr.com/5587/14680185172_8b44b5b370_z.jpg,5,0
excitement,http://farm6.staticflickr.com/5531/11767105045_b1e8caa574_z.jpg,4,1
excitement,http://farm8.staticflickr.com/7078/6940989068_86a6667cae_z.jpg,5,0
excitement,http://farm9.staticflickr.com/8635/16012904567_451b8e0d28_z.jpg,1,4
excitement,http://farm4.staticflickr.com/3909/14372342649_4fabc1f32e_z.jpg,3,2
excitement,http://farm9.staticflickr.com/8073/8328336194_e86b2a043c_z.jpg,2,3
excitement,http://farm8.staticflickr.com/7326/9285071362_dc4edcaabb_z.jpg,5,0
excitement,http://farm9.staticflickr.com/8070/8266029903_684452cf69_z.jpg,0,5
excitement,http://farm6.staticflickr.com/5444/9807750623_fab9c61c1f_z.jpg,1,4
excitement,http://farm3.staticflickr.com/2926/14598086439_85f429a2c7_z.jpg,5,0
excitement,http://farm4.staticflickr.com/3904/14550264645_dce3360526_z.jpg,5,0
excitement,http://farm8.staticflickr.com/7212/7042338201_e5a1dc15c1_z.jpg,4,1
excitement,http://farm9.staticflickr.com/8532/8514710669_af3ce5ece6_z.jpg,5,0
excitement,http://farm4.staticflickr.com/3698/9547333553_8f0c8b40a1_z.jpg,5,0
excitement,http://farm8.staticflickr.com/7045/6913594465_92282dc448_z.jpg,5,0
excitement,http://farm8.staticflickr.com/7176/13274244843_8587164885_z.jpg,5,0
excitement,http://farm4.staticflickr.com/3775/9336370591_23537c2234_z.jpg,4,1
excitement,http://farm6.staticflickr.com/5596/14658631517_a141a584c1_z.jpg,2,3
excitement,http://farm4.staticflickr.com/3916/15107140486_fc51ff61b0_z.jpg,5,0
excitement,http://farm4.staticflickr.com/3836/14772246803_baf716fd11_z.jpg,5,0
excitement,http://farm8.staticflickr.com/7324/12660104115_c8b95e47db_z.jpg,4,1
excitement,http://farm4.staticflickr.com/3874/14820180209_c08cf3a622_z.jpg,3,2
excitement,http://farm9.staticflickr.com/8339/8234713742_ef673f2773_z.jpg,5,0
excitement,http://farm9.staticflickr.com/8486/8205329991_3228876c73_z.jpg,3,2
excitement,http://farm9.staticflickr.com/8008/7610273502_60ea944ae8_z.jpg,2,3
excitement,http://farm6.staticflickr.com/5495/14351010355_8e3cc73a78_z.jpg,3,2
excitement,http://farm4.staticflickr.com/3753/12455997464_f5869e0498_z.jpg,5,0
excitement,http://farm8.staticflickr.com/7548/15938703059_c5aac161dd_z.jpg,5,0
excitement,http://farm4.staticflickr.com/3796/9718698933_e9276ef3f2_z.jpg,4,0
excitement,http://farm9.staticflickr.com/8079/8385943232_02529b6b63_z.jpg,5,0
excitement,http://farm8.staticflickr.com/7293/16192380040_1abe96ba75_z.jpg,2,3
excitement,http://farm4.staticflickr.com/3879/14766952942_4d9800b479_z.jpg,5,0
excitement,http://farm6.staticflickr.com/5536/12315683753_82b182cda1_z.jpg,5,0
excitement,http://farm6.staticflickr.com/5590/14329439665_eeca0203ff_z.jpg,4,1
excitement,http://farm9.staticflickr.com/8068/8187146740_d940aff18b_z.jpg,5,0
excitement,http://farm6.staticflickr.com/5258/5495801578_f8917c71c4_z.jpg,3,2
excitement,http://farm9.staticflickr.com/8375/8494705115_44792f6960_z.jpg,1,4
excitement,http://farm9.staticflickr.com/8305/7895803364_0693eed737_z.jpg,2,3
excitement,http://farm8.staticflickr.com/7066/6940472807_3cba28651d_z.jpg,5,0
excitement,http://farm9.staticflickr.com/8048/8075611934_aa2786b360_z.jpg,2,3
excitement,http://farm3.staticflickr.com/2948/15414319032_193e476385_z.jpg,1,4
excitement,http://farm3.staticflickr.com/2882/12457331583_832dacec39_z.jpg,5,0
excitement,http://farm9.staticflickr.com/8651/15786174661_5fcf1befa9_z.jpg,4,1
excitement,http://farm8.staticflickr.com/7547/15819113077_0b7a21326d_z.jpg,4,1
excitement,http://farm9.staticflickr.com/8010/7463068678_4ee80b68bc_z.jpg,5,0
excitement,http://farm6.staticflickr.com/5443/9056082054_163e78111c_z.jpg,5,0
excitement,http://farm9.staticflickr.com/8296/7844949868_6b7c18f0be_z.jpg,5,0
excitement,http://farm8.staticflickr.com/7142/6723343727_9e621cbe57_z.jpg,5,0
excitement,http://farm3.staticflickr.com/2873/9336376553_8f03b632aa_z.jpg,2,3
excitement,http://farm4.staticflickr.com/3707/9466806100_8bf608f763_z.jpg,3,2
excitement,http://farm4.staticflickr.com/3918/14580993619_deebff8ee1_z.jpg,5,0
excitement,http://farm4.staticflickr.com/3882/15127078261_74719ec21a_z.jpg,4,0
excitement,http://farm4.staticflickr.com/3819/12595967705_8b72f1901a_z.jpg,5,0
excitement,http://farm6.staticflickr.com/5467/8768734587_ab11a77315_z.jpg,2,3
excitement,http://farm8.staticflickr.com/7143/6769057213_1b6bca5f35_z.jpg,5,0
excitement,http://farm3.staticflickr.com/2912/14306332347_3fbba40c31_z.jpg,1,4
excitement,http://farm8.staticflickr.com/7011/6836431031_50b487c7a0_z.jpg,4,0
excitement,http://farm6.staticflickr.com/5590/14837019476_e9e58b7af4_z.jpg,5,0
excitement,http://farm8.staticflickr.com/7477/15061484544_716b6bb1f6_z.jpg,2,2
excitement,http://farm9.staticflickr.com/8027/7583530594_4ca0aef20b_z.jpg,5,0
excitement,http://farm9.staticflickr.com/8218/8300976257_a222f11870_z.jpg,5,0
excitement,http://farm8.staticflickr.com/7516/15923944631_97cdba00be_z.jpg,5,0
excitement,http://farm3.staticflickr.com/2938/14115277368_0085f743c1_z.jpg,5,0
excitement,http://farm6.staticflickr.com/5482/10423289774_f8909644a4_z.jpg,4,1
excitement,http://farm9.staticflickr.com/8424/7558642962_19f550dfc0_z.jpg,2,3
excitement,http://farm4.staticflickr.com/3892/14481659905_38cb25d0c2_z.jpg,5,0
excitement,http://farm9.staticflickr.com/8146/7270069844_d5e1d76090_z.jpg,5,0
excitement,http://farm4.staticflickr.com/3798/9483137183_29a9abb6ee_z.jpg,1,4
excitement,http://farm3.staticflickr.com/2905/14579966788_bbba85639a_z.jpg,5,0
excitement,http://farm9.staticflickr.com/8035/7929134764_bfda84d219_z.jpg,5,0
excitement,http://farm8.staticflickr.com/7307/12253873895_0d7daf3849_z.jpg,1,4
excitement,http://farm8.staticflickr.com/7122/7690639174_7b70d27a4a_z.jpg,5,0
excitement,http://farm3.staticflickr.com/2808/13454980045_72babe5002_z.jpg,3,2
excitement,http://farm8.staticflickr.com/7087/7160673231_64ef33415d_z.jpg,4,1
excitement,http://farm9.staticflickr.com/8189/8103112391_e0ceda848e_z.jpg,5,0
excitement,http://farm8.staticflickr.com/7249/7627432646_9a10443e1c_z.jpg,3,2
excitement,http://farm8.staticflickr.com/7524/16029930408_9090de51b5_z.jpg,5,0
excitement,http://farm8.staticflickr.com/7359/9037818176_2fab6ba759_z.jpg,5,0
excitement,http://farm4.staticflickr.com/3865/15345592076_f66a49a791_z.jpg,4,1
excitement,http://farm4.staticflickr.com/3860/15177629691_0d69babce6_z.jpg,3,1
excitement,http://farm6.staticflickr.com/5536/12566736914_2179f9b904_z.jpg,5,0
excitement,http://farm8.staticflickr.com/7077/7337786846_e6efd186c0_z.jpg,5,0
excitement,http://farm9.staticflickr.com/8182/8044398909_939af831b3_z.jpg,5,0
excitement,http://farm9.staticflickr.com/8482/8218408583_836503b1c1_z.jpg,4,1
excitement,http://farm9.staticflickr.com/8105/8658554730_5eaf1fd0c9_z.jpg,5,0
excitement,http://farm3.staticflickr.com/2929/14764939144_5400327d6f_z.jpg,5,0
excitement,http://farm4.staticflickr.com/3909/14685655380_d29defa1e4_z.jpg,5,0
excitement,http://farm9.staticflickr.com/8611/15925253992_9154b43c0b_z.jpg,5,0
excitement,http://farm9.staticflickr.com/8173/8012392012_339bc90a4a_z.jpg,5,0
excitement,http://farm3.staticflickr.com/2817/9374319817_d075b5a114_z.jpg,4,0
excitement,http://farm9.staticflickr.com/8252/8594823610_a5a4bb0d5c_z.jpg,5,0
excitement,http://farm6.staticflickr.com/5276/6938096602_c8ed30a63d_z.jpg,4,1
excitement,http://farm9.staticflickr.com/8259/9014685327_81f8b0df0d_z.jpg,5,0
excitement,http://farm3.staticflickr.com/2900/14566466319_88ce01c7de_z.jpg,5,0
excitement,http://farm4.staticflickr.com/3861/14745508335_effef5d5b3_z.jpg,3,1
excitement,http://farm4.staticflickr.com/3862/14801650543_76fa060755_z.jpg,4,1
excitement,http://farm4.staticflickr.com/3836/14782089762_4eaf879428_z.jpg,5,0
excitement,http://farm9.staticflickr.com/8470/8120312309_7ee64e1c7f_z.jpg,5,0
excitement,http://farm8.staticflickr.com/7043/13455348454_4398702f3e_z.jpg,4,1
excitement,http://farm9.staticflickr.com/8043/8439939643_6da5173c2b_z.jpg,3,2
excitement,http://farm9.staticflickr.com/8444/8012391107_9d0c46207e_z.jpg,4,1
excitement,http://farm9.staticflickr.com/8244/8546881346_01f75848c3_z.jpg,4,1
excitement,http://farm8.staticflickr.com/7392/13561898624_42ef1804ce_z.jpg,4,1
excitement,http://farm6.staticflickr.com/5469/9336404215_3f807e5605_z.jpg,4,1
excitement,http://farm4.staticflickr.com/3893/14489137579_67e39a29f2_z.jpg,2,3
excitement,http://farm6.staticflickr.com/5584/15025462530_52bf953f1e_z.jpg,5,0
excitement,http://farm3.staticflickr.com/2876/10183923916_6f67351629_z.jpg,5,0
excitement,http://farm9.staticflickr.com/8321/7914040274_6facb540a5_z.jpg,5,0
excitement,http://farm9.staticflickr.com/8485/8196730900_6b98606fbe_z.jpg,0,5
excitement,http://farm9.staticflickr.com/8014/7275528934_ecbc1533b4_z.jpg,4,1
excitement,http://farm4.staticflickr.com/3772/10527425355_88dc153f52_z.jpg,5,0
excitement,http://farm9.staticflickr.com/8461/7895200358_6cf1e959f6_z.jpg,3,2
excitement,http://farm9.staticflickr.com/8149/7627154378_daee51f8e1_z.jpg,5,0
excitement,http://farm6.staticflickr.com/5613/15657592051_a49f8a7400_z.jpg,5,0
excitement,http://farm8.staticflickr.com/7362/9360985992_a7a4800d6f_z.jpg,2,3
excitement,http://farm8.staticflickr.com/7144/6660869363_3ed5d64015_z.jpg,4,1
excitement,http://farm6.staticflickr.com/5441/9594699511_8775af6e14_z.jpg,5,0
excitement,http://farm9.staticflickr.com/8527/8680928976_77bb0a5403_z.jpg,2,3
excitement,http://farm9.staticflickr.com/8208/8167388840_8b9b2c5e30_z.jpg,4,1
excitement,http://farm9.staticflickr.com/8451/7896152986_a0dc3be3c8_z.jpg,5,0
excitement,http://farm4.staticflickr.com/3897/14583182088_321abfcc02_z.jpg,4,1
excitement,http://farm9.staticflickr.com/8040/7894944668_339e5db3bf_z.jpg,5,0
excitement,http://farm8.staticflickr.com/7455/12493739605_8aab0d372d_z.jpg,1,4
excitement,http://farm6.staticflickr.com/5550/9715323803_763201168f_z.jpg,5,0
excitement,http://farm8.staticflickr.com/7457/12533152534_d371693d66_z.jpg,3,2
excitement,http://farm6.staticflickr.com/5486/9621806237_dd6f1678fb_z.jpg,5,0
excitement,http://farm3.staticflickr.com/2904/14109051259_9f60e8e5c9_z.jpg,1,4
excitement,http://farm9.staticflickr.com/8044/8105519658_8b7c61ef51_z.jpg,5,0
excitement,http://farm4.staticflickr.com/3847/14496913801_b99aeab18e_z.jpg,5,0
excitement,http://farm9.staticflickr.com/8445/7950068338_fdf8aa2c27_z.jpg,5,0
excitement,http://farm4.staticflickr.com/3935/15404624226_82b2534844_z.jpg,4,0
excitement,http://farm4.staticflickr.com/3861/14778165062_25f7c24313_z.jpg,4,0
excitement,http://farm9.staticflickr.com/8457/7998929268_dbe8281bd2_z.jpg,0,5
excitement,http://farm6.staticflickr.com/5157/14254788866_e36e8a1f7a_z.jpg,5,0
excitement,http://farm4.staticflickr.com/3773/13275816375_5d4a1ee5d2_z.jpg,5,0
excitement,http://farm8.staticflickr.com/7206/6860172723_657be5f363_z.jpg,5,0
excitement,http://farm4.staticflickr.com/3900/14852140683_9c661f8d2e_z.jpg,5,0
excitement,http://farm9.staticflickr.com/8668/15237183173_9a66dfed68_z.jpg,5,0
excitement,http://farm4.staticflickr.com/3879/14407623317_dfc9da4c98_z.jpg,1,4
excitement,http://farm9.staticflickr.com/8242/8599581154_0d283af200_z.jpg,3,2
excitement,http://farm9.staticflickr.com/8019/7690700482_580107d412_z.jpg,5,0
excitement,http://farm4.staticflickr.com/3704/11769255493_390805ef0a_z.jpg,5,0
excitement,http://farm6.staticflickr.com/5526/9375542320_3684c468f0_z.jpg,5,0
excitement,http://farm9.staticflickr.com/8181/7949972524_d12a1ae462_z.jpg,5,0
excitement,http://farm9.staticflickr.com/8046/8426471241_d23d567bcd_z.jpg,2,3
excitement,http://farm4.staticflickr.com/3900/14663033021_19c4845376_z.jpg,5,0
excitement,http://farm4.staticflickr.com/3782/9426257417_66498125e0_z.jpg,5,0
excitement,http://farm9.staticflickr.com/8168/7690855114_3e702deba1_z.jpg,4,1
excitement,http://farm9.staticflickr.com/8221/8331224014_9db8e8ff66_z.jpg,4,1
excitement,http://farm8.staticflickr.com/7131/6897320758_050c3d07c9_z.jpg,4,1
excitement,http://farm8.staticflickr.com/7452/9377080478_a780b2017d_z.jpg,5,0
excitement,http://farm9.staticflickr.com/8071/8295882603_e801146174_z.jpg,4,0
excitement,http://farm4.staticflickr.com/3723/11769969936_a5202abae4_z.jpg,5,0
excitement,http://farm9.staticflickr.com/8144/7263504878_e7d6cf1ae2_z.jpg,5,0
excitement,http://farm3.staticflickr.com/2936/14478283131_2599ccce38_z.jpg,3,2
excitement,http://farm8.staticflickr.com/7137/8167373860_575f58d2c6_z.jpg,4,1
excitement,http://farm9.staticflickr.com/8563/16659581851_486997e8ec_z.jpg,5,0
excitement,http://farm9.staticflickr.com/8343/8162601190_036f493efd_z.jpg,3,2
excitement,http://farm9.staticflickr.com/8546/8670180029_576f609ae2_z.jpg,5,0
excitement,http://farm4.staticflickr.com/3896/14784609165_7fb223b3e6_z.jpg,4,1
excitement,http://farm6.staticflickr.com/5577/14101730268_4229395117_z.jpg,0,5
excitement,http://farm9.staticflickr.com/8524/8453741211_96574d3fd9_z.jpg,5,0
excitement,http://farm8.staticflickr.com/7045/6924729697_f6fedf826d_z.jpg,5,0
excitement,http://farm8.staticflickr.com/7453/11994231636_1b44aaa7ed_z.jpg,5,0
excitement,http://farm4.staticflickr.com/3884/14991242887_5df6463db0_z.jpg,2,3
excitement,http://farm4.staticflickr.com/3906/14721473293_e57bd22f92_z.jpg,0,5
excitement,http://farm4.staticflickr.com/3931/15233814148_f0c7fb642d_z.jpg,3,2
excitement,http://farm9.staticflickr.com/8036/7929745462_eeef61d0b5_z.jpg,5,0
excitement,http://farm8.staticflickr.com/7241/7335630670_16d5a2f5da_z.jpg,1,4
excitement,http://farm3.staticflickr.com/2924/14751854222_fe7644ac8b_z.jpg,5,0
excitement,http://farm8.staticflickr.com/7264/7680780182_dbae94cd9d_z.jpg,4,0
excitement,http://farm9.staticflickr.com/8506/8537656046_8a90767ceb_z.jpg,5,0
excitement,http://farm4.staticflickr.com/3916/14589682808_2f6a468e2d_z.jpg,5,0
excitement,http://farm8.staticflickr.com/7454/12462650033_c4e9bafc00_z.jpg,1,4
excitement,http://farm8.staticflickr.com/7039/6885138987_781f7ae4be_z.jpg,5,0
excitement,http://farm4.staticflickr.com/3789/12462618203_1c88ab0220_z.jpg,5,0
excitement,http://farm4.staticflickr.com/3710/14115471848_a4054af379_z.jpg,5,0
excitement,http://farm9.staticflickr.com/8438/7844967530_43c73233d8_z.jpg,5,0
excitement,http://farm8.staticflickr.com/7559/15922267930_71c71cbb3a_z.jpg,5,0
excitement,http://farm8.staticflickr.com/7364/9311402848_0e06e5498d_z.jpg,5,0
excitement,http://farm9.staticflickr.com/8287/7740606090_d818835493_z.jpg,4,1
excitement,http://farm3.staticflickr.com/2930/14594045380_f086646023_z.jpg,4,1
excitement,http://farm9.staticflickr.com/8351/8302618189_a6b83a64ca_z.jpg,5,0
excitement,http://farm6.staticflickr.com/5601/15257209827_316c1488b5_z.jpg,2,3
excitement,http://farm4.staticflickr.com/3881/14781947465_708340325d_z.jpg,4,0
excitement,http://farm4.staticflickr.com/3885/14587321199_6788681f18_z.jpg,4,0
excitement,http://farm8.staticflickr.com/7028/6629345729_12435f9761_z.jpg,5,0
excitement,http://farm3.staticflickr.com/2894/11721739605_fe7c935a20_z.jpg,4,1
excitement,http://farm6.staticflickr.com/5507/12697379793_84dbd74a4b_z.jpg,5,0
excitement,http://farm4.staticflickr.com/3698/9101087156_62e9f771b0_z.jpg,2,3
excitement,http://farm4.staticflickr.com/3821/10455590066_3dc29b3569_z.jpg,5,0
excitement,http://farm4.staticflickr.com/3891/14962503177_3e724ee6a0_z.jpg,5,0
excitement,http://farm9.staticflickr.com/8638/15861801756_204a25d5ff_z.jpg,5,0
excitement,http://farm6.staticflickr.com/5537/14294066567_1abbf68f17_z.jpg,3,2
excitement,http://farm6.staticflickr.com/5136/13998917532_e5f45f1c45_z.jpg,2,3
excitement,http://farm8.staticflickr.com/7325/12911180274_b55e483688_z.jpg,1,4
excitement,http://farm6.staticflickr.com/5508/9328697677_1c386576f0_z.jpg,5,0
excitement,http://farm3.staticflickr.com/2837/9797944164_426da1f5fc_z.jpg,3,2
excitement,http://farm9.staticflickr.com/8473/8090094906_2dc4a8fc95_z.jpg,2,3
excitement,http://farm9.staticflickr.com/8428/7866526886_f3ab28f4af_z.jpg,5,0
excitement,http://farm8.staticflickr.com/7225/7275520572_3af06e6167_z.jpg,4,0
excitement,http://farm9.staticflickr.com/8447/7906564902_fea904edc4_z.jpg,1,4
excitement,http://farm4.staticflickr.com/3863/15119833437_bd7febc449_z.jpg,1,4
excitement,http://farm6.staticflickr.com/5346/9410508613_2911b17387_z.jpg,3,2
excitement,http://farm9.staticflickr.com/8501/8427156006_a8920bf354_z.jpg,5,0
excitement,http://farm6.staticflickr.com/5476/11163711746_1f816fd59d_z.jpg,5,0
excitement,http://farm4.staticflickr.com/3696/12660132115_7ffe2fdbc2_z.jpg,5,0
excitement,http://farm9.staticflickr.com/8647/15168649983_ffcfb8a447_z.jpg,2,2
excitement,http://farm9.staticflickr.com/8074/8440438435_767b9d1171_z.jpg,4,1
excitement,http://farm9.staticflickr.com/8356/8317987543_4dda0c2e89_z.jpg,4,1
excitement,http://farm4.staticflickr.com/3759/10527396455_c820ee5216_z.jpg,5,0
excitement,http://farm8.staticflickr.com/7215/7180101795_66f8b6d99b_z.jpg,4,1
excitement,http://farm9.staticflickr.com/8288/7833560294_a7b0a34099_z.jpg,4,1
excitement,http://farm9.staticflickr.com/8192/8097610693_3674ee0eba_z.jpg,5,0
excitement,http://farm4.staticflickr.com/3858/14767093454_4485b58cf6_z.jpg,5,0
excitement,http://farm9.staticflickr.com/8071/8310151073_241cbd29d2_z.jpg,4,1
excitement,http://farm8.staticflickr.com/7361/10024692095_fdc7c04f12_z.jpg,5,0
excitement,http://farm4.staticflickr.com/3877/14597907920_5eee7a24fd_z.jpg,5,0
excitement,http://farm9.staticflickr.com/8070/8257278713_b8673f09c3_z.jpg,5,0
excitement,http://farm6.staticflickr.com/5480/14570366663_9fe6336069_z.jpg,5,0
excitement,http://farm4.staticflickr.com/3857/14493888287_44955ae9f4_z.jpg,4,1
excitement,http://farm4.staticflickr.com/3055/13005858324_2a7787255c_z.jpg,3,2
excitement,http://farm9.staticflickr.com/8299/7972321096_bb7744b201_z.jpg,3,2
excitement,http://farm9.staticflickr.com/8422/7609334930_29704cf523_z.jpg,5,0
excitement,http://farm4.staticflickr.com/3884/14743179406_b1d6af4780_z.jpg,5,0
excitement,http://farm9.staticflickr.com/8243/8663335378_e30c4e9a9a_z.jpg,5,0
excitement,http://farm8.staticflickr.com/7422/11103204835_b39eb93c94_z.jpg,3,2
excitement,http://farm9.staticflickr.com/8187/8348978883_77bf1ea03c_z.jpg,2,3
excitement,http://farm6.staticflickr.com/5143/14009122951_c40aab28e3_z.jpg,4,1
excitement,http://farm9.staticflickr.com/8106/8489779388_b5b89aec5d_z.jpg,5,0
excitement,http://farm9.staticflickr.com/8046/8382083038_409d87915f_z.jpg,5,0
excitement,http://farm8.staticflickr.com/7192/7077110609_bf74b69d9c_z.jpg,1,4
excitement,http://farm9.staticflickr.com/8469/8113467900_51cfa0a565_z.jpg,5,0
excitement,http://farm4.staticflickr.com/3824/13292170005_d2dd7d6795_z.jpg,3,2
excitement,http://farm3.staticflickr.com/2938/14363624509_1e12f840a1_z.jpg,5,0
excitement,http://farm6.staticflickr.com/5507/10506302105_4ca6246bca_z.jpg,1,4
excitement,http://farm8.staticflickr.com/7515/15114722944_b3125b486f_z.jpg,4,0
excitement,http://farm9.staticflickr.com/8223/8425714003_de4189810c_z.jpg,5,0
excitement,http://farm9.staticflickr.com/8185/8411580136_e14b813914_z.jpg,4,1
excitement,http://farm9.staticflickr.com/8317/7979652596_4ff44d214b_z.jpg,4,1
excitement,http://farm8.staticflickr.com/7215/7268013650_010c0c9755_z.jpg,5,0
excitement,http://farm6.staticflickr.com/5507/10427934164_f878466403_z.jpg,5,0
excitement,http://farm4.staticflickr.com/3893/14910259867_f8a2b6ec83_z.jpg,4,0
excitement,http://farm8.staticflickr.com/7263/7609365634_16986cb810_z.jpg,5,0
excitement,http://farm8.staticflickr.com/7284/8739737956_3d7eea49ac_z.jpg,5,0
excitement,http://farm8.staticflickr.com/7378/12462485415_1072b1d220_z.jpg,2,3
excitement,http://farm9.staticflickr.com/8306/7936603146_93115e7731_z.jpg,2,3
excitement,http://farm8.staticflickr.com/7244/7171533962_851798e185_z.jpg,3,2
excitement,http://farm8.staticflickr.com/7082/13383446044_5deeaf3fe9_z.jpg,4,1
excitement,http://farm9.staticflickr.com/8452/7961771430_e712679b68_z.jpg,4,1
excitement,http://farm4.staticflickr.com/3936/15357246800_b71b56bb7c_z.jpg,2,3
excitement,http://farm9.staticflickr.com/8241/8469279378_14b3362053_z.jpg,5,0
excitement,http://farm3.staticflickr.com/2894/11770441523_8c936613d5_z.jpg,3,2
excitement,http://farm9.staticflickr.com/8439/7914431608_4466cf871d_z.jpg,5,0
excitement,http://farm8.staticflickr.com/7369/12707809304_5ceb0560d2_z.jpg,5,0
excitement,http://farm8.staticflickr.com/7429/12409360823_78f3ff74b0_z.jpg,5,0
excitement,http://farm4.staticflickr.com/3776/14115992307_503ddaef6c_z.jpg,0,5
excitement,http://farm9.staticflickr.com/8243/8492594225_752d51ef5f_z.jpg,5,0
excitement,http://farm4.staticflickr.com/3913/14502533675_01e93e871f_z.jpg,2,3
excitement,http://farm4.staticflickr.com/3946/15083543454_58ed022a7a_z.jpg,2,3
excitement,http://farm9.staticflickr.com/8031/8035849061_192e1f81e7_z.jpg,5,0
excitement,http://farm8.staticflickr.com/7119/7571386760_3cc8b34251_z.jpg,5,0
excitement,http://farm4.staticflickr.com/3856/14742332251_727e566579_z.jpg,5,0
excitement,http://farm9.staticflickr.com/8151/7609399420_d238982295_z.jpg,5,0
excitement,http://farm4.staticflickr.com/3875/14991052499_f20805146c_z.jpg,1,4
excitement,http://farm8.staticflickr.com/7426/9737988430_fe15c5774d_z.jpg,5,0
excitement,http://farm6.staticflickr.com/5567/15211943745_6c0c8484b9_z.jpg,0,5
excitement,http://farm6.staticflickr.com/5543/9339211966_9d7de9db07_z.jpg,4,1
excitement,http://farm4.staticflickr.com/3917/14774610741_ea4053aa58_z.jpg,4,0
excitement,http://farm4.staticflickr.com/3672/13275051655_66fc90d5bf_z.jpg,5,0
excitement,http://farm8.staticflickr.com/7055/6778128500_3334712fc8_z.jpg,5,0
excitement,http://farm4.staticflickr.com/3859/14772568277_f25fb65293_z.jpg,4,1
excitement,http://farm4.staticflickr.com/3919/14756553846_c3e6e93ec7_z.jpg,5,0
excitement,http://farm3.staticflickr.com/2909/14586419139_8f88a4b096_z.jpg,5,0
excitement,http://farm9.staticflickr.com/8214/8384810939_61ef771577_z.jpg,5,0
excitement,http://farm9.staticflickr.com/8005/7433490738_3b875fdb56_z.jpg,3,2
excitement,http://farm9.staticflickr.com/8358/8272036573_11cd519bce_z.jpg,4,1
excitement,http://farm9.staticflickr.com/8431/7551098546_3909973b9b_z.jpg,5,0
excitement,http://farm4.staticflickr.com/3853/14293886060_3e85f0c57e_z.jpg,2,3
excitement,http://farm6.staticflickr.com/5502/14612347922_c1d931831d_z.jpg,5,0
excitement,http://farm9.staticflickr.com/8335/8118234891_7b4152ba92_z.jpg,3,2
excitement,http://farm9.staticflickr.com/8425/7609405094_fe50ed6d31_z.jpg,5,0
excitement,http://farm4.staticflickr.com/3873/14752810667_eef986f4b6_z.jpg,4,1
excitement,http://farm8.staticflickr.com/7535/15303663694_6d49e704b1_z.jpg,5,0
excitement,http://farm3.staticflickr.com/2930/14780754615_57f13301a2_z.jpg,5,0
excitement,http://farm8.staticflickr.com/7326/9452659570_b2419e9822_z.jpg,5,0
excitement,http://farm4.staticflickr.com/3811/9175404503_0465e04774_z.jpg,5,0
excitement,http://farm9.staticflickr.com/8205/8253761445_f63c911537_z.jpg,1,4
excitement,http://farm9.staticflickr.com/8259/8695683188_243a5a84eb_z.jpg,0,5
excitement,http://farm9.staticflickr.com/8498/8417082387_67c1ffc0bc_z.jpg,2,3
excitement,http://farm9.staticflickr.com/8176/7913071594_46449be5b1_z.jpg,3,2
excitement,http://farm9.staticflickr.com/8283/7633385274_93b2f48171_z.jpg,2,3
excitement,http://farm3.staticflickr.com/2867/9462795506_18a98942e9_z.jpg,5,0
excitement,http://farm6.staticflickr.com/5558/14759150666_21768fed1c_z.jpg,5,0
excitement,http://farm9.staticflickr.com/8258/8871261745_65bca77613_z.jpg,1,4
excitement,http://farm3.staticflickr.com/2902/14483761082_0c5c14669b_z.jpg,1,4
excitement,http://farm9.staticflickr.com/8349/8232301445_951b9b994d_z.jpg,5,0
excitement,http://farm9.staticflickr.com/8327/8123766190_607c309b49_z.jpg,2,3
excitement,http://farm9.staticflickr.com/8332/8110485736_1a2e91d9b0_z.jpg,4,1
excitement,http://farm8.staticflickr.com/7453/10013054733_656fac2f64_z.jpg,4,1
excitement,http://farm8.staticflickr.com/7464/16130244565_328bc3f602_z.jpg,3,2
excitement,http://farm9.staticflickr.com/8333/8090095716_0d6a77e588_z.jpg,2,3
excitement,http://farm9.staticflickr.com/8441/7895606700_e41f8f5b38_z.jpg,3,2
excitement,http://farm6.staticflickr.com/5476/10656512343_8d261bdf7f_z.jpg,5,0
excitement,http://farm9.staticflickr.com/8335/8441271416_e754262f36_z.jpg,2,3
excitement,http://farm6.staticflickr.com/5595/14650754069_87bf87637a_z.jpg,4,1
