excitement,http://farm9.staticflickr.com/8008/7367802022_0ab1e60bf8_z.jpg,1,4
excitement,http://farm3.staticflickr.com/2948/15481500295_e1e4228f06_z.jpg,0,5
excitement,http://farm4.staticflickr.com/3913/14499415963_449b4e7965_z.jpg,5,0
excitement,http://farm4.staticflickr.com/3911/14764061841_371f1958af_z.jpg,3,2
excitement,http://farm8.staticflickr.com/7270/7692000384_f8b6263c6a_z.jpg,2,3
excitement,http://farm8.staticflickr.com/7108/7621446314_8c87b399b5_z.jpg,5,0
excitement,http://farm3.staticflickr.com/2811/10743328795_1370147e3f_z.jpg,5,0
excitement,http://farm3.staticflickr.com/2856/12660209753_bf6fbb5bb7_z.jpg,4,1
excitement,http://farm9.staticflickr.com/8144/7338188976_94dbfa705a_z.jpg,2,0
excitement,http://farm9.staticflickr.com/8562/16336114658_50d4d9b4dd_z.jpg,1,4
excitement,http://farm3.staticflickr.com/2913/14527344126_6e55373474_z.jpg,1,4
excitement,http://farm6.staticflickr.com/5568/14814790028_3ecd4245cd_z.jpg,0,5
excitement,http://farm9.staticflickr.com/8238/8492946247_4a22481d64_z.jpg,5,0
excitement,http://farm8.staticflickr.com/7229/7128620155_f0a9cd8ca2_z.jpg,3,2
excitement,http://farm3.staticflickr.com/2842/13366175213_027dd45c83_z.jpg,1,4
excitement,http://farm9.staticflickr.com/8317/8056231740_958b9425f5_z.jpg,1,4
excitement,http://farm6.staticflickr.com/5502/11310738125_662b64412a_z.jpg,1,4
excitement,http://farm9.staticflickr.com/8316/8047340373_3aafbba058_z.jpg,5,0
excitement,http://farm6.staticflickr.com/5445/8901656981_67a10723b0_z.jpg,0,5
excitement,http://farm9.staticflickr.com/8602/15736910600_43518318f9_z.jpg,5,0
excitement,http://farm9.staticflickr.com/8045/8091998465_d87ba68877_z.jpg,3,2
excitement,http://farm4.staticflickr.com/3954/15543268576_63b7487826_z.jpg,4,1
excitement,http://farm6.staticflickr.com/5571/14766858510_318ae149ed_z.jpg,3,2
excitement,http://farm4.staticflickr.com/3826/10784854406_83e3ab40de_z.jpg,1,4
excitement,http://farm3.staticflickr.com/2876/11934901495_deb933ebc0_z.jpg,0,5
excitement,http://farm4.staticflickr.com/3918/14766633835_7c827b98f4_z.jpg,5,0
excitement,http://farm8.staticflickr.com/7108/7541919152_2abc688dc6_z.jpg,5,0
excitement,http://farm4.staticflickr.com/3783/9143934463_d7a56d9b31_z.jpg,4,1
excitement,http://farm3.staticflickr.com/2861/9037817886_77825fe606_z.jpg,4,1
excitement,http://farm8.staticflickr.com/7118/8167335787_4b686834e0_z.jpg,3,2
excitement,http://farm3.staticflickr.com/2910/14801011613_56dd38cbbf_z.jpg,5,0
excitement,http://farm4.staticflickr.com/3914/14580138399_3026a0c0c0_z.jpg,5,0
excitement,http://farm9.staticflickr.com/8550/8890332172_48cd70b820_z.jpg,5,0
excitement,http://farm4.staticflickr.com/3873/14767688225_503610d2e4_z.jpg,5,0
excitement,http://farm8.staticflickr.com/7228/7337428566_cb874fd0ce_z.jpg,0,5
excitement,http://farm4.staticflickr.com/3674/10858371636_8c47f63149_z.jpg,2,3
excitement,http://farm4.staticflickr.com/3909/14980441981_e82649681e_z.jpg,5,0
excitement,http://farm4.staticflickr.com/3736/13455106353_9292d41a9b_z.jpg,5,0
excitement,http://farm9.staticflickr.com/8519/8675832683_219c963ab4_z.jpg,5,0
excitement,http://farm8.staticflickr.com/7246/7618816878_94fe2cafd7_z.jpg,5,0
excitement,http://farm9.staticflickr.com/8082/8322322534_70b7e44d6f_z.jpg,1,4
excitement,http://farm9.staticflickr.com/8109/8532056452_e5d93c8162_z.jpg,1,4
excitement,http://farm6.staticflickr.com/5465/9467404175_8971eb6eb2_z.jpg,4,1
excitement,http://farm6.staticflickr.com/5482/9276626982_3e52cb1f76_z.jpg,3,2
excitement,http://farm3.staticflickr.com/2913/14548712234_0af8860cf3_z.jpg,5,0
excitement,http://farm8.staticflickr.com/7299/12707314245_955cbd4112_z.jpg,3,2
excitement,http://farm4.staticflickr.com/3921/15172623811_a715d79bf1_z.jpg,5,0
excitement,http://farm9.staticflickr.com/8609/15961915990_55fe7a2996_z.jpg,4,1
excitement,http://farm6.staticflickr.com/5478/14395027971_2647f8ee3a_z.jpg,4,1
excitement,http://farm6.staticflickr.com/5347/8768784347_c3c8466a71_z.jpg,4,1
excitement,http://farm9.staticflickr.com/8193/8391182622_3eb0b71c8a_z.jpg,4,1
excitement,http://farm4.staticflickr.com/3844/14843278904_b68cd66cdd_z.jpg,3,2
excitement,http://farm3.staticflickr.com/2842/13587208005_bb52062da7_z.jpg,5,0
excitement,http://farm6.staticflickr.com/5587/14218030493_7736d97c6a_z.jpg,0,5
excitement,http://farm4.staticflickr.com/3713/9572652206_068dde380c_z.jpg,5,0
excitement,http://farm3.staticflickr.com/2939/14763114331_110b6d6819_z.jpg,5,0
excitement,http://farm4.staticflickr.com/3896/14767028335_96c0d212ec_z.jpg,5,0
excitement,http://farm6.staticflickr.com/5547/12701965964_7a1e8b742e_z.jpg,2,3
excitement,http://farm9.staticflickr.com/8072/8385965224_8e26e52c92_z.jpg,3,2
excitement,http://farm3.staticflickr.com/2895/14596151330_3f8d0ef6ce_z.jpg,5,0
excitement,http://farm4.staticflickr.com/3794/9674409573_c2dddb405c_z.jpg,5,0
excitement,http://farm4.staticflickr.com/3775/9209664485_de9008e781_z.jpg,5,0
excitement,http://farm8.staticflickr.com/7143/6786688261_85229e5080_z.jpg,5,0
excitement,http://farm8.staticflickr.com/7366/9547857219_289f55f652_z.jpg,5,0
excitement,http://farm9.staticflickr.com/8162/7337909434_c0cc053503_z.jpg,2,0
excitement,http://farm9.staticflickr.com/8323/8440393035_f257df9932_z.jpg,2,3
excitement,http://farm4.staticflickr.com/3801/12315563114_a67a980dc0_z.jpg,3,2
excitement,http://farm8.staticflickr.com/7274/7663977880_6dccc14528_z.jpg,5,0
excitement,http://farm9.staticflickr.com/8509/8558180780_a68ae9513d_z.jpg,1,4
excitement,http://farm4.staticflickr.com/3818/12714376253_96fc818b7c_z.jpg,4,1
excitement,http://farm8.staticflickr.com/7515/15854836661_0d38c3bcd4_z.jpg,3,2
excitement,http://farm9.staticflickr.com/8046/8090103220_ac60e005d7_z.jpg,5,0
excitement,http://farm3.staticflickr.com/2935/14404419861_a91c585544_z.jpg,4,1
excitement,http://farm9.staticflickr.com/8497/8289049563_e4ee9b1af0_z.jpg,4,0
excitement,http://farm4.staticflickr.com/3927/15245989438_d6ae62c1c3_z.jpg,0,5
excitement,http://farm4.staticflickr.com/3898/15278345185_cf37f4da69_z.jpg,1,4
excitement,http://farm3.staticflickr.com/2857/9395961015_e065ae8968_z.jpg,4,1
excitement,http://farm9.staticflickr.com/8134/8956325506_73d42e1ec2_z.jpg,5,0
excitement,http://farm3.staticflickr.com/2837/12269178684_8085f75eff_z.jpg,5,0
excitement,http://farm8.staticflickr.com/7347/13492178993_e32e4ec06c_z.jpg,5,0
excitement,http://farm9.staticflickr.com/8384/8487871287_0636b7258a_z.jpg,4,1
excitement,http://farm6.staticflickr.com/5485/11541993723_94a1802a93_z.jpg,3,2
excitement,http://farm6.staticflickr.com/5340/10096613674_00d19bd707_z.jpg,5,0
excitement,http://farm8.staticflickr.com/7296/12841992294_2d6e13eca2_z.jpg,3,2
excitement,http://farm6.staticflickr.com/5114/14254655203_3468d0c383_z.jpg,4,1
excitement,http://farm6.staticflickr.com/5573/14220969177_a655c3cb4f_z.jpg,5,0
excitement,http://farm8.staticflickr.com/7509/15517376207_005091b8ba_z.jpg,5,0
excitement,http://farm9.staticflickr.com/8552/10256951104_cae0ac97e7_z.jpg,1,4
excitement,http://farm8.staticflickr.com/7252/8167370850_f9c70367ac_z.jpg,0,5
excitement,http://farm9.staticflickr.com/8363/8329713268_c418ed7311_z.jpg,0,5
excitement,http://farm4.staticflickr.com/3909/14779330074_a8b1cec51f_z.jpg,5,0
excitement,http://farm4.staticflickr.com/3899/14457411126_ce00439551_z.jpg,1,4
excitement,http://farm8.staticflickr.com/7237/7267766510_4e785cd553_z.jpg,2,0
excitement,http://farm6.staticflickr.com/5596/15040913102_80e8973226_z.jpg,4,1
excitement,http://farm9.staticflickr.com/8373/8488440031_b35cf34046_z.jpg,4,1
excitement,http://farm9.staticflickr.com/8490/8279248836_dec5c4916b_z.jpg,2,3
excitement,http://farm8.staticflickr.com/7562/15237182273_b910b1bf7b_z.jpg,0,5
excitement,http://farm4.staticflickr.com/3771/11783065605_61f082c367_z.jpg,0,5
excitement,http://farm9.staticflickr.com/8124/8915245509_2445a4dcc0_z.jpg,5,0
excitement,http://farm8.staticflickr.com/7140/7144782501_743c53fc1e_z.jpg,5,0
excitement,http://farm6.staticflickr.com/5562/14698209061_5a60f4e840_z.jpg,0,5
excitement,http://farm3.staticflickr.com/2835/12019434535_7465cffe3a_z.jpg,4,1
excitement,http://farm9.staticflickr.com/8520/8466028002_68b0d8f7f1_z.jpg,4,1
excitement,http://farm3.staticflickr.com/2923/14563250267_49eede8746_z.jpg,5,0
excitement,http://farm4.staticflickr.com/3949/15075629264_141ecb2532_z.jpg,2,3
excitement,http://farm9.staticflickr.com/8044/8370349759_4047f126dd_z.jpg,0,5
excitement,http://farm9.staticflickr.com/8456/7909867968_e447fdc0a6_z.jpg,5,0
excitement,http://farm9.staticflickr.com/8008/7647397624_7bcdf17c78_z.jpg,4,1
excitement,http://farm3.staticflickr.com/2822/11605702185_476ec8e795_z.jpg,1,4
excitement,http://farm9.staticflickr.com/8245/8660841669_8733875230_z.jpg,5,0
excitement,http://farm3.staticflickr.com/2943/15160806839_cb87e6ff11_z.jpg,5,0
excitement,http://farm9.staticflickr.com/8670/16031570387_1b55ef367c_z.jpg,4,1
excitement,http://farm3.staticflickr.com/2903/14766498462_edabf77813_z.jpg,5,0
excitement,http://farm9.staticflickr.com/8353/8321352597_2cce0d5bdc_z.jpg,3,2
excitement,http://farm8.staticflickr.com/7341/12530412223_6dc1a37bfe_z.jpg,4,1
excitement,http://farm9.staticflickr.com/8168/7528485900_3d52c3bea1_z.jpg,5,0
excitement,http://farm9.staticflickr.com/8283/7627144376_936c1bd563_z.jpg,5,0
excitement,http://farm9.staticflickr.com/8186/8126963613_110a529343_z.jpg,3,2
excitement,http://farm4.staticflickr.com/3948/15701141401_f6d0d7c5cd_z.jpg,1,4
excitement,http://farm9.staticflickr.com/8176/7914680844_7a87ebd81f_z.jpg,5,0
excitement,http://farm3.staticflickr.com/2815/9658296462_5882d34407_z.jpg,5,0
excitement,http://farm8.staticflickr.com/7380/13781590825_6bc3cfde80_z.jpg,5,0
excitement,http://farm6.staticflickr.com/5590/15265690341_42ef528673_z.jpg,4,1
excitement,http://farm4.staticflickr.com/3871/14804024663_5afa96a0b8_z.jpg,5,0
excitement,http://farm8.staticflickr.com/7316/13895739184_2e8321f856_z.jpg,5,0
excitement,http://farm3.staticflickr.com/2878/9530282043_814a969cd4_z.jpg,4,1
excitement,http://farm4.staticflickr.com/3809/9413250588_d9189f0d80_z.jpg,5,0
excitement,http://farm8.staticflickr.com/7508/15710984991_8434ed0c68_z.jpg,5,0
excitement,http://farm6.staticflickr.com/5559/14954503826_86c666cbeb_z.jpg,5,0
excitement,http://farm4.staticflickr.com/3902/14943542398_8f62242db5_z.jpg,3,2
excitement,http://farm8.staticflickr.com/7176/7070889405_8f97c3d9f1_z.jpg,5,0
excitement,http://farm6.staticflickr.com/5442/9578246664_4bccb2e127_z.jpg,4,1
excitement,http://farm9.staticflickr.com/8554/8698164931_e4e132e703_z.jpg,5,0
excitement,http://farm6.staticflickr.com/5579/15125657891_20e9cea024_z.jpg,4,1
excitement,http://farm9.staticflickr.com/8175/7930899548_3e73e912ca_z.jpg,3,2
excitement,http://farm8.staticflickr.com/7125/7013250071_e92b292cf9_z.jpg,3,2
excitement,http://farm3.staticflickr.com/2926/14170348808_511b6a513d_z.jpg,2,3
excitement,http://farm8.staticflickr.com/7350/11404530744_243db46efd_z.jpg,4,1
excitement,http://farm4.staticflickr.com/3736/13697073724_8e7264bb8f_z.jpg,1,4
excitement,http://farm9.staticflickr.com/8521/8597227961_cbd57de826_z.jpg,5,0
excitement,http://farm9.staticflickr.com/8098/8453401109_5deecaa19e_z.jpg,0,5
excitement,http://farm9.staticflickr.com/8570/15529491463_a2412779b1_z.jpg,1,4
excitement,http://farm9.staticflickr.com/8056/8416092110_a6c4d5cdd4_z.jpg,5,0
excitement,http://farm8.staticflickr.com/7190/6921314948_eec64fca37_z.jpg,5,0
excitement,http://farm9.staticflickr.com/8153/7102328059_f8ae5566e1_z.jpg,0,5
excitement,http://farm4.staticflickr.com/3706/12206639624_4ed37ece84_z.jpg,5,0
excitement,http://farm9.staticflickr.com/8291/7690860652_d5885c8765_z.jpg,1,4
excitement,http://farm8.staticflickr.com/7198/6993974431_f5d2105c5d_z.jpg,5,0
excitement,http://farm8.staticflickr.com/7102/7337649080_0084884da7_z.jpg,2,0
excitement,http://farm9.staticflickr.com/8475/8093348237_a4a0f76799_z.jpg,5,0
excitement,http://farm3.staticflickr.com/2910/14524846341_c4223d9361_z.jpg,5,0
excitement,http://farm8.staticflickr.com/7524/15891354326_1148561260_z.jpg,2,3
excitement,http://farm8.staticflickr.com/7451/9496320672_0c3463386e_z.jpg,5,0
excitement,http://farm9.staticflickr.com/8220/8440094871_13b071010a_z.jpg,3,2
excitement,http://farm6.staticflickr.com/5611/15295435647_259e905776_z.jpg,4,1
excitement,http://farm8.staticflickr.com/7412/11223522833_4272bba359_z.jpg,5,0
excitement,http://farm8.staticflickr.com/7304/9755727022_76df0d0d9e_z.jpg,4,1
excitement,http://farm9.staticflickr.com/8162/7508530572_7dee8282e6_z.jpg,5,0
excitement,http://farm6.staticflickr.com/5332/9575473675_9972b91eba_z.jpg,2,3
excitement,http://farm8.staticflickr.com/7579/15830476042_8750d4b54e_z.jpg,4,1
excitement,http://farm3.staticflickr.com/2865/10695416303_e652131e48_z.jpg,5,0
excitement,http://farm9.staticflickr.com/8425/7609335476_95f9d45812_z.jpg,5,0
excitement,http://farm4.staticflickr.com/3704/12373523263_4cfd7c9b11_z.jpg,3,2
excitement,http://farm6.staticflickr.com/5510/10277752206_0d2ca0a892_z.jpg,5,0
excitement,http://farm9.staticflickr.com/8202/8163990940_760fe21e6c_z.jpg,0,5
excitement,http://farm9.staticflickr.com/8158/7387184022_a581b5e630_z.jpg,2,3
excitement,http://farm8.staticflickr.com/7263/7554519784_7aaa8ebf64_z.jpg,3,2
excitement,http://farm8.staticflickr.com/7545/15879910599_cdb3a41c29_z.jpg,2,3
excitement,http://farm4.staticflickr.com/3906/15208896381_bde62c0fd6_z.jpg,4,1
excitement,http://farm4.staticflickr.com/3852/15154775666_a95ed91089_z.jpg,0,5
excitement,http://farm3.staticflickr.com/2924/14651584775_eeb29e39b9_z.jpg,0,5
excitement,http://farm8.staticflickr.com/7190/6870587395_8167896907_z.jpg,3,2
excitement,http://farm8.staticflickr.com/7431/8722487529_1b95609b76_z.jpg,1,4
excitement,http://farm6.staticflickr.com/5496/9578422100_9c43c4d4fd_z.jpg,5,0
excitement,http://farm8.staticflickr.com/7231/7337907542_0509dcb952_z.jpg,1,0
excitement,http://farm8.staticflickr.com/7372/9522674094_382533841d_z.jpg,5,0
excitement,http://farm4.staticflickr.com/3788/12093564196_e85e6fbf51_z.jpg,3,2
excitement,http://farm6.staticflickr.com/5075/6951841298_6bc7ac22f3_z.jpg,3,2
excitement,http://farm8.staticflickr.com/7061/6876704573_34067b2e58_z.jpg,5,0
excitement,http://farm9.staticflickr.com/8433/7690701148_e8fc3662b7_z.jpg,4,1
excitement,http://farm8.staticflickr.com/7503/15870102395_d348e87463_z.jpg,5,0
excitement,http://farm3.staticflickr.com/2897/14595275999_e1fb30ae71_z.jpg,3,2
excitement,http://farm8.staticflickr.com/7088/7156436090_ebc7721829_z.jpg,4,1
excitement,http://farm4.staticflickr.com/3785/10323072834_6881b14b5e_z.jpg,3,2
excitement,http://farm9.staticflickr.com/8180/7936596236_97a761bd72_z.jpg,5,0
excitement,http://farm9.staticflickr.com/8589/15802853320_65b8d3d760_z.jpg,3,2
excitement,http://farm9.staticflickr.com/8042/7890274408_478f7b848c_z.jpg,2,3
excitement,http://farm4.staticflickr.com/3879/14164163869_517db6a2df_z.jpg,3,2
excitement,http://farm6.staticflickr.com/5463/8889906105_204b2dffbb_z.jpg,5,0
excitement,http://farm4.staticflickr.com/3894/14983746356_68ba586a9f_z.jpg,5,0
excitement,http://farm9.staticflickr.com/8338/8241418661_66f0425054_z.jpg,5,0
excitement,http://farm6.staticflickr.com/5540/12000618785_deb8134d26_z.jpg,5,0
excitement,http://farm9.staticflickr.com/8293/7751679338_00b2f283f4_z.jpg,0,5
excitement,http://farm4.staticflickr.com/3775/9556777790_725066cb6c_z.jpg,4,1
excitement,http://farm8.staticflickr.com/7336/9168290364_b71c902cc7_z.jpg,4,1
excitement,http://farm3.staticflickr.com/2923/14473788026_7358ed9a6e_z.jpg,5,0
excitement,http://farm9.staticflickr.com/8171/7999996482_824aeeed7e_z.jpg,4,1
excitement,http://farm3.staticflickr.com/2837/12119186666_fca43d6728_z.jpg,4,1
excitement,http://farm6.staticflickr.com/5527/14279405846_da9c09e883_z.jpg,0,5
excitement,http://farm8.staticflickr.com/7275/7481036380_6dee4f9c8b_z.jpg,3,2
excitement,http://farm6.staticflickr.com/5567/14784303415_9c4f3d08d4_z.jpg,5,0
excitement,http://farm8.staticflickr.com/7224/7178482478_eab4a1d77c_z.jpg,5,0
excitement,http://farm9.staticflickr.com/8446/7879753146_a60cbfa9cf_z.jpg,4,1
excitement,http://farm8.staticflickr.com/7029/6796842683_95c0cdb94f_z.jpg,4,1
excitement,http://farm8.staticflickr.com/7368/11112846603_922bf76c06_z.jpg,3,2
excitement,http://farm8.staticflickr.com/7545/15679484141_09b50b5d7c_z.jpg,2,3
excitement,http://farm4.staticflickr.com/3883/14765603141_66a234d443_z.jpg,5,0
excitement,http://farm9.staticflickr.com/8305/7960977422_3179587470_z.jpg,0,5
excitement,http://farm8.staticflickr.com/7561/15410381683_4904970967_z.jpg,5,0
excitement,http://farm6.staticflickr.com/5593/14740833956_38cda39e4a_z.jpg,2,3
excitement,http://farm9.staticflickr.com/8232/8497664209_835d2aee4c_z.jpg,1,4
excitement,http://farm9.staticflickr.com/8190/8129796796_ed4c6dcbaf_z.jpg,4,1
excitement,http://farm6.staticflickr.com/5578/14880287990_5c7b025884_z.jpg,3,2
excitement,http://farm8.staticflickr.com/7215/7188175139_28fef3948b_z.jpg,3,2
excitement,http://farm6.staticflickr.com/5339/9093896456_2309083dc3_z.jpg,4,1
excitement,http://farm9.staticflickr.com/8122/8695631390_a492480c47_z.jpg,4,1
excitement,http://farm3.staticflickr.com/2899/14775807011_a0692d0494_z.jpg,5,0
excitement,http://farm4.staticflickr.com/3879/14491549591_cc79a798e2_z.jpg,1,4
excitement,http://farm8.staticflickr.com/7224/7213041754_9165589804_z.jpg,4,1
excitement,http://farm6.staticflickr.com/5521/12324212143_69aa52e3d4_z.jpg,5,0
excitement,http://farm4.staticflickr.com/3754/11341291485_8fa4c228f8_z.jpg,1,4
excitement,http://farm8.staticflickr.com/7092/7158264639_dc4dd56812_z.jpg,5,0
excitement,http://farm3.staticflickr.com/2937/14597616118_e6c98913fd_z.jpg,3,2
excitement,http://farm8.staticflickr.com/7039/13545549704_645ac473ef_z.jpg,0,5
excitement,http://farm4.staticflickr.com/3670/9328179960_4015d928ab_z.jpg,4,1
excitement,http://farm9.staticflickr.com/8044/8091993667_ca49f35ebb_z.jpg,2,3
excitement,http://farm8.staticflickr.com/7096/6867243266_85de5f0a83_z.jpg,1,4
excitement,http://farm3.staticflickr.com/2897/14766468902_e37bc52482_z.jpg,5,0
excitement,http://farm4.staticflickr.com/3807/13567881563_aea7d3a45b_z.jpg,3,2
excitement,http://farm4.staticflickr.com/3864/14485027225_76570f4230_z.jpg,0,5
excitement,http://farm6.staticflickr.com/5571/14767241894_db49f2a0f9_z.jpg,5,0
excitement,http://farm8.staticflickr.com/7092/7158261295_f47ebd4ffc_z.jpg,5,0
excitement,http://farm8.staticflickr.com/7247/7043416719_1620a168a8_z.jpg,4,1
excitement,http://farm9.staticflickr.com/8378/8440437905_e40fdbb9ce_z.jpg,2,3
excitement,http://farm9.staticflickr.com/8423/7801688722_d23dd5b6bf_z.jpg,2,3
excitement,http://farm4.staticflickr.com/3860/14549312612_dd2320ae0e_z.jpg,5,0
excitement,http://farm8.staticflickr.com/7180/6892856611_c5db338aaa_z.jpg,1,4
excitement,http://farm6.staticflickr.com/5502/10125478865_cff4fc0146_z.jpg,5,0
excitement,http://farm9.staticflickr.com/8369/8484228273_6c33742ff2_z.jpg,2,3
excitement,http://farm3.staticflickr.com/2937/14831424171_1033f0c9df_z.jpg,5,0
excitement,http://farm8.staticflickr.com/7206/13606214283_f644e23694_z.jpg,5,0
excitement,http://farm9.staticflickr.com/8065/8226875847_42c97e5bd2_z.jpg,2,3
excitement,http://farm9.staticflickr.com/8401/8668486767_5b47dc82b2_z.jpg,2,3
excitement,http://farm8.staticflickr.com/7195/6795630626_24c8169045_z.jpg,3,2
excitement,http://farm3.staticflickr.com/2945/15209791148_44c06595d8_z.jpg,5,0
excitement,http://farm8.staticflickr.com/7482/15998219789_7e8a9b98c4_z.jpg,5,0
excitement,http://farm4.staticflickr.com/3854/14671617774_b5609d9f50_z.jpg,5,0
excitement,http://farm9.staticflickr.com/8343/8152172603_104390a94e_z.jpg,0,5
excitement,http://farm4.staticflickr.com/3867/14778541051_b97d4394e9_z.jpg,3,2
excitement,http://farm8.staticflickr.com/7050/6991008571_a8e7e93a59_z.jpg,5,0
excitement,http://farm8.staticflickr.com/7447/10307031115_5465854307_z.jpg,4,1
excitement,http://farm8.staticflickr.com/7248/7033573139_1b8c1baf55_z.jpg,5,0
excitement,http://farm6.staticflickr.com/5510/10024768583_ca1a9f4776_z.jpg,4,1
excitement,http://farm9.staticflickr.com/8445/7895235108_4c881e3b5a_z.jpg,5,0
excitement,http://farm4.staticflickr.com/3864/14800311923_91780cb14e_z.jpg,5,0
excitement,http://farm4.staticflickr.com/3785/9339171910_dfb5f9fba7_z.jpg,3,2
excitement,http://farm8.staticflickr.com/7530/15956886408_e477b668ff_z.jpg,4,1
excitement,http://farm4.staticflickr.com/3918/15094839250_decde7632c_z.jpg,5,0
excitement,http://farm9.staticflickr.com/8169/7896178192_d19e11647f_z.jpg,4,1
excitement,http://farm9.staticflickr.com/8492/8296532517_5b9b2ed734_z.jpg,5,0
excitement,http://farm9.staticflickr.com/8595/16115958211_06edd8b64a_z.jpg,4,1
excitement,http://farm8.staticflickr.com/7557/16064921128_339c8a3bfa_z.jpg,0,5
excitement,http://farm8.staticflickr.com/7081/13454996745_a6da40a4f9_z.jpg,1,4
excitement,http://farm3.staticflickr.com/2937/14477002211_809a9899d6_z.jpg,3,2
excitement,http://farm6.staticflickr.com/5529/14665842072_e458e130f1_z.jpg,5,0
excitement,http://farm8.staticflickr.com/7294/9398837296_4389772188_z.jpg,5,0
excitement,http://farm9.staticflickr.com/8233/8474567179_0b34dd6a47_z.jpg,3,2
excitement,http://farm6.staticflickr.com/5594/15094755970_801d1d3cb0_z.jpg,5,0
excitement,http://farm3.staticflickr.com/2843/10660921696_0069a00734_z.jpg,5,0
excitement,http://farm4.staticflickr.com/3939/14963865193_5be7a8bccf_z.jpg,4,1
excitement,http://farm4.staticflickr.com/3840/15152589116_8199cbec29_z.jpg,3,2
excitement,http://farm9.staticflickr.com/8384/8671771895_96757fc2e1_z.jpg,2,3
excitement,http://farm3.staticflickr.com/2928/14592155224_c43aacaa8d_z.jpg,5,0
excitement,http://farm9.staticflickr.com/8132/8752054354_6ef75dc31d_z.jpg,5,0
excitement,http://farm3.staticflickr.com/2856/12459413383_9fb93288cb_z.jpg,0,5
excitement,http://farm8.staticflickr.com/7022/13283763043_81139fb605_z.jpg,2,3
excitement,http://farm6.staticflickr.com/5544/10980056284_d539ff3f61_z.jpg,5,0
excitement,http://farm8.staticflickr.com/7228/7160673011_0538d9c3f8_z.jpg,2,3
excitement,http://farm8.staticflickr.com/7138/7751670960_0e858698e3_z.jpg,0,5
excitement,http://farm9.staticflickr.com/8315/7902581868_342a784810_z.jpg,1,4
excitement,http://farm4.staticflickr.com/3825/11204045005_cc237bf5da_z.jpg,3,2
excitement,http://farm8.staticflickr.com/7123/7136574677_3199a275e9_z.jpg,4,1
excitement,http://farm8.staticflickr.com/7393/8725992398_498dbd03a5_z.jpg,5,0
excitement,http://farm8.staticflickr.com/7496/15738447038_a2df465cf5_z.jpg,5,0
excitement,http://farm8.staticflickr.com/7403/9383853635_b4b3c3e842_z.jpg,3,2
excitement,http://farm8.staticflickr.com/7425/9742034620_f5bcc67153_z.jpg,1,4
excitement,http://farm3.staticflickr.com/2928/14597011238_f1777bb4a4_z.jpg,5,0
excitement,http://farm3.staticflickr.com/2898/14698968764_4f76447229_z.jpg,0,5
excitement,http://farm9.staticflickr.com/8243/8592751709_01fe027a10_z.jpg,4,1
excitement,http://farm8.staticflickr.com/7058/6975770347_ea6d7f9693_z.jpg,2,3
excitement,http://farm8.staticflickr.com/7560/15285002084_68297487be_z.jpg,0,5
excitement,http://farm3.staticflickr.com/2839/11769724854_bf14c03ca4_z.jpg,2,3
excitement,http://farm6.staticflickr.com/5551/14757725716_622d55e1e4_z.jpg,5,0
excitement,http://farm9.staticflickr.com/8309/7931007552_e7c79c61d8_z.jpg,5,0
excitement,http://farm9.staticflickr.com/8073/8426802588_28c6864e3c_z.jpg,3,2
excitement,http://farm4.staticflickr.com/3774/9545827535_7effbb8245_z.jpg,1,4
excitement,http://farm3.staticflickr.com/2924/14477001751_b005ba61f0_z.jpg,2,3
excitement,http://farm6.staticflickr.com/5497/9807697254_ebf8d878c3_z.jpg,5,0
excitement,http://farm9.staticflickr.com/8093/8577229427_7548c5150c_z.jpg,5,0
excitement,http://farm8.staticflickr.com/7446/13455094513_1ee477738b_z.jpg,3,2
excitement,http://farm8.staticflickr.com/7437/11340336964_3859f60716_z.jpg,4,1
excitement,http://farm8.staticflickr.com/7241/7013259673_0fc2275693_z.jpg,2,3
excitement,http://farm3.staticflickr.com/2894/11722321496_2f8e5554c4_z.jpg,1,4
excitement,http://farm8.staticflickr.com/7541/15788032655_84e8cf264b_z.jpg,2,3
excitement,http://farm9.staticflickr.com/8143/7460452270_8c71330f44_z.jpg,2,3
excitement,http://farm6.staticflickr.com/5532/9654284527_18e49422f6_z.jpg,4,1
excitement,http://farm3.staticflickr.com/2923/14418740826_086284be43_z.jpg,5,0
excitement,http://farm6.staticflickr.com/5461/9410515559_479c77eeb5_z.jpg,3,2
excitement,http://farm8.staticflickr.com/7123/7628023598_cfec9668a3_z.jpg,2,3
excitement,http://farm4.staticflickr.com/3890/14781722505_4937d028ee_z.jpg,4,1
excitement,http://farm9.staticflickr.com/8330/8127573047_e72d102597_z.jpg,5,0
excitement,http://farm4.staticflickr.com/3824/8750309703_8a35a6efb7_z.jpg,5,0
excitement,http://farm9.staticflickr.com/8250/8474528681_9b32e93626_z.jpg,3,2
excitement,http://farm4.staticflickr.com/3836/14692796602_2184ec9aa9_z.jpg,4,1
excitement,http://farm8.staticflickr.com/7202/6863121888_297364e64b_z.jpg,3,2
excitement,http://farm6.staticflickr.com/5494/11907732614_201b0462bd_z.jpg,5,0
excitement,http://farm4.staticflickr.com/3738/11007474173_327a3b8443_z.jpg,0,5
excitement,http://farm9.staticflickr.com/8439/7944381364_51fd0922ed_z.jpg,2,3
excitement,http://farm9.staticflickr.com/8318/8044416936_1989ef734d_z.jpg,3,2
excitement,http://farm9.staticflickr.com/8110/8606838497_a9b7995dae_z.jpg,5,0
excitement,http://farm8.staticflickr.com/7538/15925887035_a0fecfcdaa_z.jpg,5,0
excitement,http://farm3.staticflickr.com/2917/14618047724_1a950108de_z.jpg,2,3
excitement,http://farm9.staticflickr.com/8186/8440786571_fc82474fe1_z.jpg,1,4
excitement,http://farm8.staticflickr.com/7322/10297034134_de5ddae954_z.jpg,5,0
excitement,http://farm9.staticflickr.com/8001/7454678670_a91a71c673_z.jpg,0,5
excitement,http://farm9.staticflickr.com/8071/8295785693_1907859711_z.jpg,5,0
excitement,http://farm8.staticflickr.com/7223/7337677040_e83c382823_z.jpg,0,0
excitement,http://farm8.staticflickr.com/7421/11769600995_94fc9545f9_z.jpg,2,3
excitement,http://farm3.staticflickr.com/2924/14238001954_725b28e7bb_z.jpg,3,2
excitement,http://farm6.staticflickr.com/5589/14765380563_a4af4eaeb7_z.jpg,5,0
excitement,http://farm8.staticflickr.com/7288/8737289154_297410f80b_z.jpg,4,1
excitement,http://farm4.staticflickr.com/3668/8755746916_6aca503c59_z.jpg,1,4
excitement,http://farm4.staticflickr.com/3856/14580317097_7efe15389f_z.jpg,5,0
excitement,http://farm8.staticflickr.com/7230/7397809570_755ea0c25a_z.jpg,0,5
excitement,http://farm3.staticflickr.com/2899/13982632774_ed83975496_z.jpg,1,4
excitement,http://farm3.staticflickr.com/2903/14748163616_7d27655aff_z.jpg,5,0
excitement,http://farm9.staticflickr.com/8456/8047476674_deb00b43a3_z.jpg,3,2
excitement,http://farm8.staticflickr.com/7328/10806351126_90f6dae801_z.jpg,4,1
excitement,http://farm6.staticflickr.com/5555/14761919646_67a6fb1542_z.jpg,5,0
excitement,http://farm8.staticflickr.com/7193/13418705015_30dd0d014e_z.jpg,3,2
excitement,http://farm4.staticflickr.com/3892/14804247343_27e6989b6f_z.jpg,5,0
excitement,http://farm8.staticflickr.com/7094/7133225983_8d2663afc2_z.jpg,0,5
excitement,http://farm4.staticflickr.com/3891/15082229168_cedaab8e8f_z.jpg,5,0
excitement,http://farm4.staticflickr.com/3913/14472458300_db05f73eae_z.jpg,4,1
excitement,http://farm8.staticflickr.com/7046/6981687211_c4b1fdb0cc_z.jpg,4,1
excitement,http://farm9.staticflickr.com/8332/8440455941_ecc0a445a8_z.jpg,1,4
excitement,http://farm4.staticflickr.com/3863/14570479548_67e63f8c2a_z.jpg,1,4
excitement,http://farm9.staticflickr.com/8468/8080121586_1bc18e5965_z.jpg,2,3
excitement,http://farm8.staticflickr.com/7217/7337837964_07e4b754b0_z.jpg,1,0
excitement,http://farm3.staticflickr.com/2930/14767231025_8fd7ffbbfe_z.jpg,5,0
excitement,http://farm4.staticflickr.com/3768/13768314393_20ce12cd78_z.jpg,1,4
excitement,http://farm9.staticflickr.com/8234/8492944201_2859afca07_z.jpg,3,2
excitement,http://farm3.staticflickr.com/2909/14465186647_6984e1f716_z.jpg,4,1
excitement,http://farm9.staticflickr.com/8058/8162567483_7132122b4e_z.jpg,0,5
excitement,http://farm3.staticflickr.com/2870/10786756694_8631012df4_z.jpg,0,5
excitement,http://farm3.staticflickr.com/2944/15304314766_f98d86cfa7_z.jpg,0,5
excitement,http://farm4.staticflickr.com/3911/14763990794_85bd1a3a57_z.jpg,5,0
excitement,http://farm4.staticflickr.com/3866/15108247431_74b0822901_z.jpg,2,3
excitement,http://farm8.staticflickr.com/7317/9728430168_a6c9385e74_z.jpg,5,0
excitement,http://farm6.staticflickr.com/5037/14489119750_65a1abe641_z.jpg,4,1
excitement,http://farm9.staticflickr.com/8437/8012394172_a9fcbc5f63_z.jpg,2,3
excitement,http://farm8.staticflickr.com/7377/9398765136_bd8c033566_z.jpg,0,5
excitement,http://farm4.staticflickr.com/3839/14514669767_5fbe9ff6bd_z.jpg,1,4
excitement,http://farm9.staticflickr.com/8275/8710102857_ddee6eca1c_z.jpg,5,0
excitement,http://farm6.staticflickr.com/5347/10002518324_71f9601cf0_z.jpg,2,3
excitement,http://farm6.staticflickr.com/5532/14327701716_0b1eb6d894_z.jpg,4,1
excitement,http://farm4.staticflickr.com/3894/14983178472_a4b898d659_z.jpg,5,0
excitement,http://farm6.staticflickr.com/5573/13910849228_3cca21f728_z.jpg,4,1
excitement,http://farm6.staticflickr.com/5503/10486394696_bbc1f4a7d8_z.jpg,4,1
excitement,http://farm9.staticflickr.com/8225/8426816344_d8dc1d0e48_z.jpg,5,0
excitement,http://farm8.staticflickr.com/7354/9187073073_744372fabe_z.jpg,0,5
excitement,http://farm9.staticflickr.com/8246/8539039547_066d6137c2_z.jpg,3,2
excitement,http://farm6.staticflickr.com/5603/15593782387_1ec5a19d43_z.jpg,4,1
excitement,http://farm8.staticflickr.com/7252/8162755350_c57454e9a3_z.jpg,3,2
excitement,http://farm9.staticflickr.com/8424/7858329464_3f3486d192_z.jpg,5,0
excitement,http://farm4.staticflickr.com/3869/14725028341_cc6bb6f5b5_z.jpg,0,5
excitement,http://farm8.staticflickr.com/7350/14194595541_f32a439ffc_z.jpg,0,5
excitement,http://farm7.staticflickr.com/6110/6878803584_a47f4be1ae_z.jpg,0,5
excitement,http://farm8.staticflickr.com/7366/10683021075_667d063e6b_z.jpg,2,3
excitement,http://farm8.staticflickr.com/7183/6787389732_fbb76c5a7f_z.jpg,5,0
excitement,http://farm4.staticflickr.com/3729/12813673733_1f9ff88fe6_z.jpg,5,0
excitement,http://farm4.staticflickr.com/3869/14804267603_15161f10fc_z.jpg,5,0
excitement,http://farm9.staticflickr.com/8439/7914471536_f7bc24ba2d_z.jpg,5,0
excitement,http://farm9.staticflickr.com/8323/8151161809_8dc17a3803_z.jpg,1,4
excitement,http://farm6.staticflickr.com/5486/10388768623_42d2567020_z.jpg,4,1
excitement,http://farm8.staticflickr.com/7418/10527381766_17a997524c_z.jpg,5,0
excitement,http://farm9.staticflickr.com/8497/8401192304_9e0d2d74c2_z.jpg,2,3
excitement,http://farm6.staticflickr.com/5520/11569718853_2b5a3a4823_z.jpg,0,5
excitement,http://farm3.staticflickr.com/2882/10358433783_8e7b07e26f_z.jpg,3,2
excitement,http://farm6.staticflickr.com/5528/9358209949_8a0423e627_z.jpg,3,2
excitement,http://farm6.staticflickr.com/5034/7422509814_a69fc291f4_z.jpg,5,0
excitement,http://farm4.staticflickr.com/3916/14581174999_ab89cc3f24_z.jpg,5,0
excitement,http://farm6.staticflickr.com/5493/9774042902_66ff56c656_z.jpg,5,0
excitement,http://farm9.staticflickr.com/8117/8610244331_0972d63014_z.jpg,1,4
excitement,http://farm9.staticflickr.com/8059/8210563446_b8ec9f8c08_z.jpg,3,2
excitement,http://farm9.staticflickr.com/8315/7931018956_fac6703817_z.jpg,5,0
excitement,http://farm6.staticflickr.com/5559/14596839457_4a86754b76_z.jpg,5,0
excitement,http://farm8.staticflickr.com/7292/11234302074_3fb297ddfb_z.jpg,2,3
excitement,http://farm9.staticflickr.com/8170/7990964191_d9f7eaf7e6_z.jpg,3,2
excitement,http://farm6.staticflickr.com/5561/14767150235_c5548e7809_z.jpg,5,0
excitement,http://farm9.staticflickr.com/8046/8127625984_cf028984ba_z.jpg,5,0
excitement,http://farm4.staticflickr.com/3908/14582677897_4235e01a16_z.jpg,5,0
excitement,http://farm4.staticflickr.com/3903/14899210436_6a0dfce89c_z.jpg,4,1
excitement,http://farm6.staticflickr.com/5609/15398347800_9f4e569db2_z.jpg,5,0
excitement,http://farm8.staticflickr.com/7045/6941778523_4730022133_z.jpg,2,3
excitement,http://farm8.staticflickr.com/7061/6951756317_8dc601b46a_z.jpg,4,1
excitement,http://farm6.staticflickr.com/5453/9974521456_c271d3fcdc_z.jpg,1,4
excitement,http://farm9.staticflickr.com/8174/7950075036_938a2714c5_z.jpg,5,0
excitement,http://farm4.staticflickr.com/3723/9076268177_f529e79ed2_z.jpg,5,0
excitement,http://farm9.staticflickr.com/8182/8035551570_cd6a7344a7_z.jpg,5,0
excitement,http://farm6.staticflickr.com/5554/14834294351_fe7a1a3311_z.jpg,4,1
excitement,http://farm4.staticflickr.com/3715/11344766924_e48f9a0fc9_z.jpg,4,1
excitement,http://farm8.staticflickr.com/7323/11200479984_b88f27a68e_z.jpg,1,4
excitement,http://farm4.staticflickr.com/3895/14749672522_05d3ed01dd_z.jpg,5,0
excitement,http://farm3.staticflickr.com/2933/14788386073_2b82793fc8_z.jpg,5,0
excitement,http://farm4.staticflickr.com/3919/14597354060_70e2d74d0e_z.jpg,5,0
excitement,http://farm9.staticflickr.com/8633/15920427891_e87db01819_z.jpg,5,0
excitement,http://farm4.staticflickr.com/3702/11341266304_b374709514_z.jpg,4,1
excitement,http://farm9.staticflickr.com/8148/7262424114_83c812e692_z.jpg,4,1
excitement,http://farm6.staticflickr.com/5602/15710978651_70fa90cb50_z.jpg,5,0
excitement,http://farm3.staticflickr.com/2915/14643403866_c971fc8f58_z.jpg,5,0
excitement,http://farm9.staticflickr.com/8086/8504597971_1f0a128227_z.jpg,5,0
excitement,http://farm3.staticflickr.com/2843/11770292225_5114a1c748_z.jpg,3,2
excitement,http://farm6.staticflickr.com/5073/14493529991_27d63d3172_z.jpg,4,1
excitement,http://farm9.staticflickr.com/8172/7961993890_c62a99ff87_z.jpg,1,4
excitement,http://farm9.staticflickr.com/8142/7609369678_4b334cb4d1_z.jpg,4,1
excitement,http://farm6.staticflickr.com/5347/9807672085_b1a3aef2a1_z.jpg,2,3
excitement,http://farm9.staticflickr.com/8352/8385848122_a4b0813a90_z.jpg,2,3
excitement,http://farm8.staticflickr.com/7115/7492554042_6c9c014547_z.jpg,4,1
excitement,http://farm8.staticflickr.com/7446/9931116016_24f4dfca2e_z.jpg,5,0
excitement,http://farm9.staticflickr.com/8067/8152200708_8eb299fc7d_z.jpg,4,1
excitement,http://farm8.staticflickr.com/7399/10586105833_ab0d4f0ff9_z.jpg,4,1
excitement,http://farm4.staticflickr.com/3682/12838954415_e7d300cde6_z.jpg,4,1
excitement,http://farm8.staticflickr.com/7177/6947974133_eb181a5547_z.jpg,0,5
excitement,http://farm8.staticflickr.com/7348/9410475863_ee06bda870_z.jpg,0,5
excitement,http://farm4.staticflickr.com/3898/14406088160_61b445ddf1_z.jpg,0,5
excitement,http://farm6.staticflickr.com/5563/14076280259_1c8b586abf_z.jpg,4,1
excitement,http://farm9.staticflickr.com/8354/8362796987_71f3afb7c3_z.jpg,5,0
excitement,http://farm9.staticflickr.com/8345/8226413901_4e8b3f9274_z.jpg,4,1
excitement,http://farm3.staticflickr.com/2928/14472327186_0cf1bcf683_z.jpg,2,3
excitement,http://farm4.staticflickr.com/3873/14950427871_8b525da9d5_z.jpg,5,0
excitement,http://farm3.staticflickr.com/2871/9725238323_f93108bd9f_z.jpg,3,2
excitement,http://farm8.staticflickr.com/7200/6920505529_b94bfefe9d_z.jpg,5,0
excitement,http://farm8.staticflickr.com/7229/7345790110_19d7b4b188_z.jpg,4,1
excitement,http://farm9.staticflickr.com/8652/16011410300_13dae081f4_z.jpg,4,1
excitement,http://farm8.staticflickr.com/7478/16102085511_f732bf1328_z.jpg,3,2
excitement,http://farm8.staticflickr.com/7049/6859752104_a612027f88_z.jpg,1,4
excitement,http://farm4.staticflickr.com/3824/14295729885_087d9e8455_z.jpg,0,5
excitement,http://farm3.staticflickr.com/2809/9464021173_8ba1d19ef7_z.jpg,0,5
excitement,http://farm3.staticflickr.com/2885/9115008115_aa421b464c_z.jpg,4,1
excitement,http://farm6.staticflickr.com/5585/14745411026_4ee3bed409_z.jpg,5,0
excitement,http://farm4.staticflickr.com/3930/15383258616_a6d51823ec_z.jpg,4,1
excitement,http://farm4.staticflickr.com/3847/14785153478_3aafc20bbc_z.jpg,5,0
excitement,http://farm9.staticflickr.com/8306/7978058608_84cd501c7e_z.jpg,1,4
excitement,http://farm4.staticflickr.com/3755/8768834869_b401d08825_z.jpg,3,2
excitement,http://farm3.staticflickr.com/2940/14801427483_f4906630e0_z.jpg,5,0
excitement,http://farm8.staticflickr.com/7220/7027920191_4669bcf2da_z.jpg,5,0
excitement,http://farm9.staticflickr.com/8501/8366491155_69e1744b00_z.jpg,5,0
excitement,http://farm6.staticflickr.com/5197/14109156938_1c447a8acf_z.jpg,0,5
excitement,http://farm8.staticflickr.com/7217/7337950560_a76a7593c0_z.jpg,1,0
excitement,http://farm6.staticflickr.com/5558/14763232431_1644c88773_z.jpg,5,0
excitement,http://farm8.staticflickr.com/7522/15502679257_e2b3f715d0_z.jpg,5,0
excitement,http://farm9.staticflickr.com/8221/8307983231_5c4f8a1a63_z.jpg,5,0
excitement,http://farm9.staticflickr.com/8501/8342142033_2a8d5f24f7_z.jpg,5,0
excitement,http://farm8.staticflickr.com/7218/7039269389_d9c953f9d8_z.jpg,5,0
excitement,http://farm8.staticflickr.com/7330/9958220283_93014ca859_z.jpg,5,0
excitement,http://farm3.staticflickr.com/2925/14516055084_c966ccf490_z.jpg,4,1
excitement,http://farm8.staticflickr.com/7405/12841643403_c0cb7aff71_z.jpg,5,0
excitement,http://farm6.staticflickr.com/5606/15786644895_4239e2a9b6_z.jpg,5,0
excitement,http://farm9.staticflickr.com/8313/8009168958_62f2104dda_z.jpg,5,0
excitement,http://farm9.staticflickr.com/8322/7901537358_f6bdd54418_z.jpg,2,3
excitement,http://farm4.staticflickr.com/3784/13202516195_bf9f4dc187_z.jpg,1,4
excitement,http://farm9.staticflickr.com/8384/8530988109_cf3e389f9d_z.jpg,0,5
excitement,http://farm4.staticflickr.com/3712/9675076805_e66e24285c_z.jpg,1,4
excitement,http://farm8.staticflickr.com/7445/12984483283_2f0e372e05_z.jpg,4,1
excitement,http://farm8.staticflickr.com/7384/9550149064_20701e4234_z.jpg,5,0
excitement,http://farm9.staticflickr.com/8446/7862079482_d5acb751ac_z.jpg,2,2
excitement,http://farm9.staticflickr.com/8454/8047554369_bec94c5a11_z.jpg,2,3
excitement,http://farm8.staticflickr.com/7204/6911806280_0e53d71e0c_z.jpg,5,0
excitement,http://farm4.staticflickr.com/3688/8949618641_eb6685c7e0_z.jpg,5,0
excitement,http://farm4.staticflickr.com/3859/14739031177_404bdf165d_z.jpg,5,0
excitement,http://farm4.staticflickr.com/3872/14730071726_e0b2a8785a_z.jpg,5,0
excitement,http://farm4.staticflickr.com/3875/15208262210_11d82ef8d3_z.jpg,5,0
excitement,http://farm8.staticflickr.com/7368/9470202140_a7f7d850dc_z.jpg,5,0
excitement,http://farm6.staticflickr.com/5468/9464027323_43ec8947bc_z.jpg,0,5
excitement,http://farm9.staticflickr.com/8095/8444312553_de13e0b648_z.jpg,3,2
excitement,http://farm8.staticflickr.com/7306/13155416393_c31555a69b_z.jpg,5,0
excitement,http://farm9.staticflickr.com/8472/8435422301_f3b8f3e8e5_z.jpg,4,1
excitement,http://farm4.staticflickr.com/3934/15561199375_a5c00d7f41_z.jpg,4,1
excitement,http://farm4.staticflickr.com/3852/15018283676_b249076d36_z.jpg,3,2
excitement,http://farm4.staticflickr.com/3854/14568893800_c64a6b325b_z.jpg,3,2
excitement,http://farm8.staticflickr.com/7425/12649006404_a8002de1c5_z.jpg,3,2
excitement,http://farm9.staticflickr.com/8253/8912991466_c7776004bc_z.jpg,0,5
excitement,http://farm9.staticflickr.com/8374/8382044822_1c62e3a96e_z.jpg,2,3
excitement,http://farm8.staticflickr.com/7049/6867080848_da356fba58_z.jpg,0,5
excitement,http://farm8.staticflickr.com/7413/11768973173_e567bcab8f_z.jpg,4,1
excitement,http://farm4.staticflickr.com/3896/14878343486_9919eca43b_z.jpg,5,0
excitement,http://farm4.staticflickr.com/3865/14701636335_be84343bed_z.jpg,1,4
excitement,http://farm9.staticflickr.com/8568/15603205940_86a0700ac7_z.jpg,3,2
excitement,http://farm3.staticflickr.com/2892/13698278973_4b500e5cbb_z.jpg,4,1
excitement,http://farm9.staticflickr.com/8178/7895777952_7ff34dbf9c_z.jpg,0,5
excitement,http://farm8.staticflickr.com/7433/9470176238_3e96e99dc2_z.jpg,4,1
excitement,http://farm8.staticflickr.com/7209/6974554846_e673e1c3f0_z.jpg,5,0
excitement,http://farm9.staticflickr.com/8525/8647254228_bb9221f510_z.jpg,5,0
excitement,http://farm4.staticflickr.com/3908/14591327327_d5f194540b_z.jpg,5,0
excitement,http://farm9.staticflickr.com/8534/8642207737_baae6d7f56_z.jpg,5,0
excitement,http://farm8.staticflickr.com/7453/11278640533_69724dfb8a_z.jpg,0,5
excitement,http://farm9.staticflickr.com/8126/8608626152_1dee86eb83_z.jpg,2,3
excitement,http://farm4.staticflickr.com/3855/14770437541_0b042683d7_z.jpg,5,0
excitement,http://farm4.staticflickr.com/3945/15563732691_faebe9bfb7_z.jpg,1,4
excitement,http://farm9.staticflickr.com/8660/15927024629_45b2810953_z.jpg,1,4
excitement,http://farm3.staticflickr.com/2914/14425142690_d5341b1bca_z.jpg,5,0
excitement,http://farm9.staticflickr.com/8164/7685618266_cb572484b4_z.jpg,5,0
excitement,http://farm9.staticflickr.com/8247/8665821788_6332461c41_z.jpg,4,1
excitement,http://farm6.staticflickr.com/5483/14192701207_202ca0e892_z.jpg,5,0
excitement,http://farm6.staticflickr.com/5553/14590953137_a1868c2e59_z.jpg,5,0
excitement,http://farm6.staticflickr.com/5538/14310321768_5ea81abddb_z.jpg,5,0
excitement,http://farm8.staticflickr.com/7444/13962527947_1db418fc4c_z.jpg,5,0
excitement,http://farm9.staticflickr.com/8094/8515413162_1af58869c9_z.jpg,3,1
excitement,http://farm4.staticflickr.com/3859/15001100832_e113be7c18_z.jpg,1,4
excitement,http://farm9.staticflickr.com/8184/8385837416_bc771d1750_z.jpg,2,3
excitement,http://farm4.staticflickr.com/3920/14593239548_e7ccab7954_z.jpg,4,1
excitement,http://farm9.staticflickr.com/8193/8075741874_0f385dc3e4_z.jpg,0,5
excitement,http://farm8.staticflickr.com/7013/6718224889_fdc316603c_z.jpg,2,3
excitement,http://farm4.staticflickr.com/3860/14680661995_a1b11c9b8d_z.jpg,5,0
excitement,http://farm8.staticflickr.com/7366/9048543866_aec0a79a4b_z.jpg,2,3
excitement,http://farm6.staticflickr.com/5554/14991215058_dac05fd1ae_z.jpg,0,5
excitement,http://farm6.staticflickr.com/5545/11770067056_3e7e957c97_z.jpg,3,2
excitement,http://farm8.staticflickr.com/7013/6768404901_639dc1728f_z.jpg,5,0
excitement,http://farm6.staticflickr.com/5470/7005113604_2848da1ac5_z.jpg,2,3
excitement,http://farm6.staticflickr.com/5582/15154772766_4eee45377f_z.jpg,1,4
excitement,http://farm8.staticflickr.com/7159/6660877991_69c1e9c3dd_z.jpg,4,1
excitement,http://farm8.staticflickr.com/7553/16029966160_1e1a974ddf_z.jpg,5,0
excitement,http://farm6.staticflickr.com/5108/13545353315_dfd0511488_z.jpg,2,3
excitement,http://farm9.staticflickr.com/8528/8514592970_256e368ec7_z.jpg,5,0
excitement,http://farm9.staticflickr.com/8170/7980507020_f1e65630d0_z.jpg,5,0
excitement,http://farm6.staticflickr.com/5539/11470696115_f3896cd902_z.jpg,3,2
excitement,http://farm9.staticflickr.com/8568/15648056018_4bd7918d10_z.jpg,4,1
excitement,http://farm9.staticflickr.com/8224/8318020907_e3e5afd927_z.jpg,5,0
excitement,http://farm4.staticflickr.com/3947/14968691453_9c04d07f08_z.jpg,1,4
excitement,http://farm3.staticflickr.com/2844/9578540676_40813b91f2_z.jpg,1,4
excitement,http://farm9.staticflickr.com/8397/8691573430_2c39d1408d_z.jpg,3,2
excitement,http://farm8.staticflickr.com/7157/6657354645_3b4fd8542d_z.jpg,2,3
excitement,http://farm9.staticflickr.com/8356/8300030361_02a4d2da12_z.jpg,2,3
excitement,http://farm8.staticflickr.com/7227/7043417249_133ce6ee32_z.jpg,3,2
excitement,http://farm8.staticflickr.com/7116/7013163045_a7af21f43c_z.jpg,3,2
excitement,http://farm3.staticflickr.com/2908/14777009365_ea769dbc15_z.jpg,5,0
excitement,http://farm8.staticflickr.com/7312/11770782573_de1d3b3220_z.jpg,4,1
excitement,http://farm4.staticflickr.com/3717/8949628157_1f95f186dd_z.jpg,2,3
excitement,http://farm9.staticflickr.com/8300/7956963888_e7b60ac591_z.jpg,0,5
excitement,http://farm9.staticflickr.com/8038/8000727586_db5c3be4cb_z.jpg,2,3
excitement,http://farm9.staticflickr.com/8326/8144403879_a3aa8549d0_z.jpg,4,1
excitement,http://farm8.staticflickr.com/7222/7255475336_7461a4ceaf_z.jpg,1,0
excitement,http://farm8.staticflickr.com/7509/16123436506_c2a5792f78_z.jpg,4,1
excitement,http://farm8.staticflickr.com/7495/15533676439_96edfa0f57_z.jpg,5,0
excitement,http://farm4.staticflickr.com/3837/15025338818_0d933ea4d4_z.jpg,1,4
excitement,http://farm9.staticflickr.com/8337/8190190605_b04b940ded_z.jpg,2,3
excitement,http://farm9.staticflickr.com/8084/8319052278_b157ae3dd6_z.jpg,0,5
excitement,http://farm6.staticflickr.com/5579/14772187724_ec5e3aca5a_z.jpg,5,0
excitement,http://farm9.staticflickr.com/8040/7950069444_1b06237c1e_z.jpg,3,1
excitement,http://farm8.staticflickr.com/7207/6820781724_f55af2e73e_z.jpg,5,0
excitement,http://farm9.staticflickr.com/8390/8610271183_db73636fc6_z.jpg,4,1
excitement,http://farm6.staticflickr.com/5572/14782269125_a1e46f255b_z.jpg,5,0
excitement,http://farm6.staticflickr.com/5032/14345462943_2939967046_z.jpg,5,0
excitement,http://farm4.staticflickr.com/3833/9451020691_257676cf2f_z.jpg,5,0
excitement,http://farm9.staticflickr.com/8430/7755855358_013a8f1be2_z.jpg,2,3
excitement,http://farm4.staticflickr.com/3707/13156666873_403c4a05c1_z.jpg,2,3
excitement,http://farm3.staticflickr.com/2906/14803319103_a262b2eae5_z.jpg,5,0
excitement,http://farm4.staticflickr.com/3918/14746900736_747f53605d_z.jpg,5,0
excitement,http://farm6.staticflickr.com/5483/11157713365_018e837455_z.jpg,3,2
excitement,http://farm9.staticflickr.com/8145/7338022260_5cfa6ba4c3_z.jpg,1,0
excitement,http://farm9.staticflickr.com/8529/8589876319_5a39903686_z.jpg,5,0
excitement,http://farm8.staticflickr.com/7072/7338168142_c643ab0781_z.jpg,1,0
excitement,http://farm9.staticflickr.com/8012/7346706930_91d2826da3_z.jpg,5,0
excitement,http://farm8.staticflickr.com/7166/6841192237_406f814966_z.jpg,5,0
excitement,http://farm4.staticflickr.com/3933/15280581017_9fc2f4ea98_z.jpg,3,2
excitement,http://farm9.staticflickr.com/8374/8462224242_104d359101_z.jpg,3,2
excitement,http://farm8.staticflickr.com/7071/7268130092_43e4e2a98c_z.jpg,0,0
excitement,http://farm9.staticflickr.com/8245/8662485075_0d5c1d2cbe_z.jpg,5,0
excitement,http://farm3.staticflickr.com/2252/12984804004_35c8a66701_z.jpg,3,2
excitement,http://farm8.staticflickr.com/7073/7304343970_889d920bbb_z.jpg,5,0
excitement,http://farm9.staticflickr.com/8294/7611954156_06d5b26cfa_z.jpg,5,0
excitement,http://farm8.staticflickr.com/7311/8723577228_41d2ca6685_z.jpg,4,1
excitement,http://farm4.staticflickr.com/3844/14686871121_b5da0cab6d_z.jpg,5,0
excitement,http://farm3.staticflickr.com/2870/9315383776_f11bec42c2_z.jpg,4,1
excitement,http://farm9.staticflickr.com/8250/8587241360_ca0f5409e4_z.jpg,1,4
excitement,http://farm8.staticflickr.com/7275/7533325716_0babcdf92f_z.jpg,4,1
excitement,http://farm9.staticflickr.com/8497/8385885686_b5cb42f30d_z.jpg,0,5
excitement,http://farm8.staticflickr.com/7502/16005050705_b1769a5dfe_z.jpg,3,2
excitement,http://farm6.staticflickr.com/5586/14614333546_afab27c605_z.jpg,3,2
excitement,http://farm8.staticflickr.com/7196/6941103886_15f2768bbe_z.jpg,0,5
excitement,http://farm9.staticflickr.com/8310/7961999852_b54cee9534_z.jpg,0,5
excitement,http://farm9.staticflickr.com/8289/7652465692_43aecc106c_z.jpg,3,2
excitement,http://farm8.staticflickr.com/7060/6776050992_20be426789_z.jpg,5,0
excitement,http://farm9.staticflickr.com/8155/7662639796_e30c5f98b4_z.jpg,0,5
excitement,http://farm9.staticflickr.com/8061/8231624316_495952147f_z.jpg,5,0
excitement,http://farm9.staticflickr.com/8358/8322408686_af3b3f2c3f_z.jpg,0,5
excitement,http://farm4.staticflickr.com/3834/12356036413_bc94040a97_z.jpg,4,1
excitement,http://farm4.staticflickr.com/3708/14299695061_783a61d6de_z.jpg,0,5
excitement,http://farm8.staticflickr.com/7437/11341048546_ed5a3caff9_z.jpg,1,4
excitement,http://farm6.staticflickr.com/5039/14167308484_aaeddebacd_z.jpg,4,1
excitement,http://farm4.staticflickr.com/3824/9728449810_671b215bc9_z.jpg,5,0
excitement,http://farm8.staticflickr.com/7139/8074783965_764358ca5d_z.jpg,0,5
excitement,http://farm4.staticflickr.com/3731/12658468623_c3d061443f_z.jpg,2,3
excitement,http://farm4.staticflickr.com/3915/14316199380_9f14275885_z.jpg,4,1
excitement,http://farm6.staticflickr.com/5331/9464641504_0d333d67e4_z.jpg,4,1
excitement,http://farm6.staticflickr.com/5494/9470266874_0dfd62d232_z.jpg,1,4
excitement,http://farm9.staticflickr.com/8091/8475590742_ca5d301f72_z.jpg,3,2
excitement,http://farm4.staticflickr.com/3909/14399199693_d0acf5694a_z.jpg,5,0
excitement,http://farm8.staticflickr.com/7298/12837299914_f4f61bf19a_z.jpg,0,5
excitement,http://farm4.staticflickr.com/3868/14827414920_c1713a707f_z.jpg,1,4
excitement,http://farm3.staticflickr.com/2813/12193901585_fb017c92ec_z.jpg,3,2
excitement,http://farm9.staticflickr.com/8679/15901383359_041d5ccaea_z.jpg,4,1
excitement,http://farm6.staticflickr.com/5578/14769159885_064b3af904_z.jpg,5,0
excitement,http://farm9.staticflickr.com/8566/15362667064_96b972c1ac_z.jpg,5,0
excitement,http://farm9.staticflickr.com/8043/8079323697_bcd6789d8e_z.jpg,2,3
excitement,http://farm9.staticflickr.com/8254/8660566261_4c4916569b_z.jpg,0,5
excitement,http://farm8.staticflickr.com/7204/6941743045_a844428a4c_z.jpg,5,0
excitement,http://farm8.staticflickr.com/7322/10259497234_9b16d71ac6_z.jpg,4,1
excitement,http://farm8.staticflickr.com/7454/9121938203_de19104f73_z.jpg,3,2
excitement,http://farm4.staticflickr.com/3928/15251428867_ce45348513_z.jpg,2,3
excitement,http://farm8.staticflickr.com/7139/7070287273_2a95edb65d_z.jpg,0,5
excitement,http://farm9.staticflickr.com/8179/8004390600_ea6e3c3599_z.jpg,1,4
excitement,http://farm9.staticflickr.com/8053/8093107270_2956fb58ef_z.jpg,3,2
excitement,http://farm9.staticflickr.com/8445/7942116620_fd31f3b382_z.jpg,0,5
excitement,http://farm9.staticflickr.com/8429/7732378192_0b84e57691_z.jpg,2,3
excitement,http://farm4.staticflickr.com/3875/14349272012_a533949992_z.jpg,2,3
excitement,http://farm8.staticflickr.com/7260/7810435972_81e15fbfec_z.jpg,4,1
excitement,http://farm6.staticflickr.com/5273/14272270606_3dba601d56_z.jpg,0,5
excitement,http://farm3.staticflickr.com/2909/14721610873_4c2d33578b_z.jpg,0,5
excitement,http://farm6.staticflickr.com/5502/11112877453_09d2e6bfd7_z.jpg,5,0
excitement,http://farm4.staticflickr.com/3828/9066737354_5325363a3c_z.jpg,2,3
excitement,http://farm9.staticflickr.com/8184/8144404337_eda6bd46df_z.jpg,5,0
excitement,http://farm8.staticflickr.com/7088/13296302633_6c9b5496e4_z.jpg,5,0
excitement,http://farm6.staticflickr.com/5551/14495728872_c3feac635a_z.jpg,3,2
excitement,http://farm8.staticflickr.com/7409/10764006344_82b1902b49_z.jpg,1,4
excitement,http://farm4.staticflickr.com/3922/14999074801_b7220bda76_z.jpg,4,1
excitement,http://farm9.staticflickr.com/8318/7980451695_eca38d6514_z.jpg,1,4
excitement,http://farm4.staticflickr.com/3863/15050897726_20c5810aa3_z.jpg,1,4
excitement,http://farm9.staticflickr.com/8156/7230850440_552c616486_z.jpg,5,0
excitement,http://farm9.staticflickr.com/8489/8188738627_73a0df0096_z.jpg,4,1
excitement,http://farm4.staticflickr.com/3803/11572977605_c0a97b7a21_z.jpg,4,1
excitement,http://farm4.staticflickr.com/3803/9863082416_8d751935c4_z.jpg,5,0
excitement,http://farm3.staticflickr.com/2934/14319474611_4226af4f91_z.jpg,4,1
excitement,http://farm9.staticflickr.com/8109/8512987082_92d2bdf89a_z.jpg,2,3
excitement,http://farm4.staticflickr.com/3760/14295023054_e1e414a08f_z.jpg,0,5
excitement,http://farm4.staticflickr.com/3882/14495930661_2205fe3d85_z.jpg,2,3
excitement,http://farm4.staticflickr.com/3167/13022470294_3396a98f7e_z.jpg,4,1
excitement,http://farm9.staticflickr.com/8295/7844946588_8e6d0ae25f_z.jpg,2,3
excitement,http://farm6.staticflickr.com/5538/14490455761_6ab8e3f7aa_z.jpg,4,1
excitement,http://farm9.staticflickr.com/8453/8067724363_be1511fd36_z.jpg,5,0
excitement,http://farm4.staticflickr.com/3888/15108748946_40292f40cc_z.jpg,4,1
excitement,http://farm8.staticflickr.com/7167/6777335901_af8cc9886d_z.jpg,5,0
excitement,http://farm8.staticflickr.com/7226/7129131407_1276f94ec9_z.jpg,5,0
excitement,http://farm4.staticflickr.com/3740/12569866625_2c3a5deb1f_z.jpg,5,0
excitement,http://farm4.staticflickr.com/3693/9343570510_74ee085927_z.jpg,5,0
excitement,http://farm4.staticflickr.com/3885/14581357627_964bc67b4d_z.jpg,5,0
excitement,http://farm9.staticflickr.com/8098/8385850456_74385365a7_z.jpg,2,3
excitement,http://farm8.staticflickr.com/7202/13746408175_3f803909f2_z.jpg,4,1
excitement,http://farm3.staticflickr.com/2907/14748745574_0be84d036f_z.jpg,5,0
excitement,http://farm9.staticflickr.com/8108/8534375582_99d42ce200_z.jpg,4,1
excitement,http://farm8.staticflickr.com/7373/10013026906_24a4bb7db5_z.jpg,4,1
excitement,http://farm9.staticflickr.com/8338/8232105524_8943e02d7d_z.jpg,4,1
excitement,http://farm9.staticflickr.com/8026/7693898130_35e9ba9896_z.jpg,5,0
excitement,http://farm4.staticflickr.com/3915/14877175673_86c40bec32_z.jpg,5,0
excitement,http://farm4.staticflickr.com/3905/14595112977_e4b5a2f150_z.jpg,5,0
excitement,http://farm3.staticflickr.com/2855/13282865414_022eed995b_z.jpg,3,2
excitement,http://farm4.staticflickr.com/3695/10765366463_1f32bfcee1_z.jpg,0,5
excitement,http://farm6.staticflickr.com/5562/14441065202_0598008dbf_z.jpg,3,2
excitement,http://farm4.staticflickr.com/3812/10670349243_bba99d9a62_z.jpg,4,1
excitement,http://farm6.staticflickr.com/5593/14564611370_c7c79af580_z.jpg,4,1
excitement,http://farm9.staticflickr.com/8090/8485045361_889d85be38_z.jpg,5,0
excitement,http://farm8.staticflickr.com/7262/7102164953_f8bbb5ce93_z.jpg,5,0
excitement,http://farm9.staticflickr.com/8300/7895395674_d5e6f03213_z.jpg,4,1
excitement,http://farm4.staticflickr.com/3907/14597660759_1925755840_z.jpg,3,2
excitement,http://farm3.staticflickr.com/2908/14564596310_dfd1677f57_z.jpg,4,1
excitement,http://farm6.staticflickr.com/5586/14589838609_46c5a029b6_z.jpg,5,0
excitement,http://farm9.staticflickr.com/8027/7505031990_b8821dd60e_z.jpg,0,5
excitement,http://farm9.staticflickr.com/8167/7549007754_1f463b0f82_z.jpg,5,0
excitement,http://farm8.staticflickr.com/7288/9464604488_61dd3490c2_z.jpg,5,0
excitement,http://farm3.staticflickr.com/2943/15406983505_2e37f695ed_z.jpg,0,5
excitement,http://farm9.staticflickr.com/8329/8144438314_103482562a_z.jpg,4,1
excitement,http://farm4.staticflickr.com/3678/12185756713_e281da722a_z.jpg,4,1
excitement,http://farm4.staticflickr.com/3852/14761567256_0de5317331_z.jpg,5,0
excitement,http://farm4.staticflickr.com/3898/14514481029_2be0d63122_z.jpg,0,5
excitement,http://farm4.staticflickr.com/3816/9924704574_dbf2d47c3c_z.jpg,5,0
excitement,http://farm9.staticflickr.com/8675/15224620964_aa27c03e70_z.jpg,5,0
excitement,http://farm8.staticflickr.com/7439/9541259991_874c94aff2_z.jpg,4,1
excitement,http://farm9.staticflickr.com/8384/8580491008_9293af6450_z.jpg,4,1
excitement,http://farm9.staticflickr.com/8169/8020249959_a1386a2f4b_z.jpg,2,3
excitement,http://farm4.staticflickr.com/3880/14766701661_937d465d33_z.jpg,2,3
excitement,http://farm4.staticflickr.com/3882/14494939015_5e396514b8_z.jpg,5,0
excitement,http://farm6.staticflickr.com/5565/14765846944_3913e08c0c_z.jpg,5,0
excitement,http://farm3.staticflickr.com/2929/14656203461_49152c59bb_z.jpg,4,1
excitement,http://farm3.staticflickr.com/2831/10297635866_7aa6509a1f_z.jpg,3,2
excitement,http://farm4.staticflickr.com/3912/14773267001_ef46f2379c_z.jpg,2,3
excitement,http://farm8.staticflickr.com/7483/15933841111_c4c8d515dc_z.jpg,1,4
excitement,http://farm4.staticflickr.com/3868/14363790437_0441269017_z.jpg,5,0
excitement,http://farm8.staticflickr.com/7202/7015781037_fcdf2c3c18_z.jpg,5,0
excitement,http://farm8.staticflickr.com/7095/13173321955_131ea2646d_z.jpg,5,0
excitement,http://farm6.staticflickr.com/5520/11671460115_7f00edce1c_z.jpg,4,1
excitement,http://farm6.staticflickr.com/5521/9046308747_400694743e_z.jpg,2,3
excitement,http://farm9.staticflickr.com/8453/7895500394_4872dd07bf_z.jpg,5,0
excitement,http://farm9.staticflickr.com/8307/7943629008_d02c82fe3c_z.jpg,4,1
excitement,http://farm8.staticflickr.com/7072/7157515716_86e5714079_z.jpg,2,3
excitement,http://farm9.staticflickr.com/8448/7929739658_ba6239c037_z.jpg,3,2
excitement,http://farm4.staticflickr.com/3831/13283790823_8d4d5a1878_z.jpg,4,1
excitement,http://farm8.staticflickr.com/7394/9339173844_741a3d45c0_z.jpg,3,2
excitement,http://farm8.staticflickr.com/7278/7445128626_51116c17bd_z.jpg,5,0
excitement,http://farm6.staticflickr.com/5495/14473195248_0c4dfa0861_z.jpg,1,4
excitement,http://farm8.staticflickr.com/7349/8949600525_382c858f28_z.jpg,4,1
excitement,http://farm4.staticflickr.com/3671/14302127825_f7c403cefc_z.jpg,5,0
excitement,http://farm4.staticflickr.com/3883/14614335306_9834f0d23a_z.jpg,2,3
excitement,http://farm9.staticflickr.com/8520/8586115129_c5c1d8d44b_z.jpg,5,0
excitement,http://farm8.staticflickr.com/7332/10724075044_df53e41f6c_z.jpg,5,0
excitement,http://farm6.staticflickr.com/5112/14085446414_47d9235153_z.jpg,4,1
excitement,http://farm8.staticflickr.com/7294/11867577296_80284d505b_z.jpg,4,1
excitement,http://farm8.staticflickr.com/7573/15407446364_fbda021567_z.jpg,5,0
excitement,http://farm9.staticflickr.com/8144/7337695188_ea6f0a2b99_z.jpg,0,0
excitement,http://farm4.staticflickr.com/3903/14983133428_32a6c7d241_z.jpg,0,5
excitement,http://farm8.staticflickr.com/7064/6958177986_f878b0da35_z.jpg,5,0
excitement,http://farm9.staticflickr.com/8163/7595738220_7c66acbff9_z.jpg,5,0
excitement,http://farm6.staticflickr.com/5486/11982029345_33864d09bc_z.jpg,5,0
excitement,http://farm9.staticflickr.com/8389/8619524504_ec27c48967_z.jpg,1,4
excitement,http://farm9.staticflickr.com/8317/7913654782_09ef05bffb_z.jpg,4,1
excitement,http://farm8.staticflickr.com/7327/10895493493_78061115bc_z.jpg,0,5
excitement,http://farm9.staticflickr.com/8481/8240011436_8da54c946c_z.jpg,5,0
excitement,http://farm9.staticflickr.com/8217/8321300141_a3da499f7e_z.jpg,1,4
excitement,http://farm9.staticflickr.com/8656/15910467212_25f22ece1d_z.jpg,5,0
excitement,http://farm4.staticflickr.com/3759/11770271683_7a91783f51_z.jpg,2,3
excitement,http://farm6.staticflickr.com/5457/6939472542_2af9d05766_z.jpg,0,5
excitement,http://farm4.staticflickr.com/3821/11175921084_1e7425af09_z.jpg,0,5
excitement,http://farm9.staticflickr.com/8301/7795164856_54889e5c37_z.jpg,5,0
excitement,http://farm8.staticflickr.com/7126/7691634804_2841d06576_z.jpg,5,0
excitement,http://farm8.staticflickr.com/7131/8162561137_23f9964315_z.jpg,0,5
excitement,http://farm6.staticflickr.com/5197/14295008769_d350873445_z.jpg,2,3
excitement,http://farm6.staticflickr.com/5467/9395993675_fe0805de19_z.jpg,4,1
excitement,http://farm3.staticflickr.com/2835/12104837446_9569452472_z.jpg,2,3
excitement,http://farm9.staticflickr.com/8184/8441108688_6e6f7eb8e1_z.jpg,3,2
excitement,http://farm9.staticflickr.com/8157/7675652792_b94e6d07ee_z.jpg,5,0
excitement,http://farm8.staticflickr.com/7340/8768790873_214053035e_z.jpg,5,0
excitement,http://farm9.staticflickr.com/8569/15385322563_67151bf4cf_z.jpg,5,0
excitement,http://farm3.staticflickr.com/2895/14363633249_d3e3c13ec3_z.jpg,5,0
excitement,http://farm4.staticflickr.com/3842/14495694972_945440ed81_z.jpg,4,1
excitement,http://farm8.staticflickr.com/7519/15956225210_94817221e8_z.jpg,5,0
excitement,http://farm4.staticflickr.com/3729/12459414213_cf81d60c6c_z.jpg,0,5
excitement,http://farm4.staticflickr.com/3847/15278346385_15e0ddcaf6_z.jpg,0,5
excitement,http://farm9.staticflickr.com/8506/8469720181_aaaba9db41_z.jpg,5,0
excitement,http://farm6.staticflickr.com/5526/9728431754_66f01df5a4_z.jpg,5,0
excitement,http://farm4.staticflickr.com/3750/13364390355_6ac774c015_z.jpg,5,0
excitement,http://farm4.staticflickr.com/3702/10345899525_d0eca84645_z.jpg,4,1
excitement,http://farm9.staticflickr.com/8007/7365087004_89d3eddd9e_z.jpg,5,0
excitement,http://farm6.staticflickr.com/5461/9216459487_a87d50a575_z.jpg,4,1
excitement,http://farm6.staticflickr.com/5193/14465225006_7b00a36659_z.jpg,4,1
excitement,http://farm8.staticflickr.com/7071/7337984682_42092eccdd_z.jpg,0,0
excitement,http://farm9.staticflickr.com/8454/8068164131_2179f5f55d_z.jpg,4,1
excitement,http://farm9.staticflickr.com/8487/8207876509_8dc6d0ba26_z.jpg,3,2
excitement,http://farm4.staticflickr.com/3846/14298397630_f87fb47ab0_z.jpg,0,5
excitement,http://farm4.staticflickr.com/3799/11260101185_a9ab2209ae_z.jpg,5,0
excitement,http://farm9.staticflickr.com/8109/8656236221_ee6da1b485_z.jpg,2,2
excitement,http://farm9.staticflickr.com/8473/8127610858_199c00d383_z.jpg,5,0
excitement,http://farm6.staticflickr.com/5601/15473918002_4f1d83ee03_z.jpg,5,0
excitement,http://farm9.staticflickr.com/8312/8068116605_81681c0d2b_z.jpg,2,3
excitement,http://farm4.staticflickr.com/3748/11607479085_18e8921a53_z.jpg,3,2
excitement,http://farm8.staticflickr.com/7110/8158214587_351224857c_z.jpg,5,0
excitement,http://farm9.staticflickr.com/8435/7949994030_c1dd330a2f_z.jpg,1,4
excitement,http://farm8.staticflickr.com/7412/10936297324_1ba6e57a5c_z.jpg,2,3
excitement,http://farm4.staticflickr.com/3712/10019758005_c5bc9bde91_z.jpg,4,1
excitement,http://farm8.staticflickr.com/7186/6858732325_9b72b27105_z.jpg,3,2
excitement,http://farm4.staticflickr.com/3840/14765210434_93700f8b03_z.jpg,5,0
excitement,http://farm4.staticflickr.com/3866/15281056642_7152e47d13_z.jpg,3,2
excitement,http://farm8.staticflickr.com/7303/8719138420_7eab3b2dde_z.jpg,5,0
excitement,http://farm9.staticflickr.com/8033/7985223019_e2b3c8bb55_z.jpg,3,2
excitement,http://farm9.staticflickr.com/8082/8389132974_4c8b958be2_z.jpg,5,0
excitement,http://farm6.staticflickr.com/5492/9063083924_11b29fded1_z.jpg,0,5
excitement,http://farm8.staticflickr.com/7371/13781628473_04b011cded_z.jpg,5,0
excitement,http://farm6.staticflickr.com/5563/14752895664_4aae913bf4_z.jpg,5,0
excitement,http://farm4.staticflickr.com/3899/14786660393_cda225143c_z.jpg,5,0
excitement,http://farm8.staticflickr.com/7569/16125479542_cc9fe3bcb1_z.jpg,4,1
excitement,http://farm6.staticflickr.com/5485/11721450125_6200945778_z.jpg,0,5
excitement,http://farm9.staticflickr.com/8457/7913101508_7d6e267464_z.jpg,0,5
excitement,http://farm6.staticflickr.com/5612/15565198750_3e6eace1ff_z.jpg,5,0
excitement,http://farm8.staticflickr.com/7191/6895573597_fbc4ee3b39_z.jpg,3,2
excitement,http://farm8.staticflickr.com/7108/7690699188_68ec597890_z.jpg,3,2
excitement,http://farm8.staticflickr.com/7202/6957653790_50135cdb1c_z.jpg,2,3
excitement,http://farm3.staticflickr.com/2817/10006115136_c0b2cda58f_z.jpg,4,1
excitement,http://farm4.staticflickr.com/3846/14593017750_aeff2e7a9c_z.jpg,4,1
excitement,http://farm8.staticflickr.com/7255/7732353374_831ef97727_z.jpg,2,3
excitement,http://farm4.staticflickr.com/3805/13454974165_4b57587aec_z.jpg,2,3
excitement,http://farm4.staticflickr.com/3824/8984156839_d62283aa51_z.jpg,5,0
excitement,http://farm4.staticflickr.com/3685/13454981455_20ae8b0e07_z.jpg,1,4
excitement,http://farm4.staticflickr.com/3885/14767432734_5f7e937a55_z.jpg,0,5
excitement,http://farm8.staticflickr.com/7320/9421330105_df16f16853_z.jpg,3,2
excitement,http://farm4.staticflickr.com/3866/14506417709_101d6c4930_z.jpg,4,1
excitement,http://farm9.staticflickr.com/8232/8407596316_35e07ab395_z.jpg,2,3
excitement,http://farm4.staticflickr.com/3733/9342610739_b58a31ffc8_z.jpg,3,2
excitement,http://farm4.staticflickr.com/3908/15172624541_83abf03c90_z.jpg,3,2
excitement,http://farm8.staticflickr.com/7283/9559007890_caf259cb63_z.jpg,4,1
excitement,http://farm3.staticflickr.com/2896/14640547128_d0deb47a49_z.jpg,1,4
excitement,http://farm9.staticflickr.com/8503/8255281211_254ab2deb5_z.jpg,4,1
excitement,http://farm9.staticflickr.com/8504/8339190843_e9513257b7_z.jpg,5,0
excitement,http://farm6.staticflickr.com/5472/10012406134_bbfa25dfb2_z.jpg,5,0
excitement,http://farm9.staticflickr.com/8423/7760664534_1470ce76b9_z.jpg,4,1
excitement,http://farm8.staticflickr.com/7291/11769942306_7316bddf7c_z.jpg,1,4
excitement,http://farm6.staticflickr.com/5523/12660248253_c2dcd93343_z.jpg,4,1
excitement,http://farm9.staticflickr.com/8102/8494044172_bfed1dbd93_z.jpg,0,5
excitement,http://farm8.staticflickr.com/7404/10407132514_9b1a066352_z.jpg,5,0
excitement,http://farm8.staticflickr.com/7283/8738137534_8b58103ff4_z.jpg,5,0
excitement,http://farm6.staticflickr.com/5608/15603263510_88df49c04e_z.jpg,4,1
excitement,http://farm6.staticflickr.com/5484/9144915971_b53a61a0b3_z.jpg,5,0
excitement,http://farm3.staticflickr.com/2881/13292516024_3c5a9397d6_z.jpg,3,2
excitement,http://farm4.staticflickr.com/3906/14596347937_daac29cc22_z.jpg,5,0
excitement,http://farm3.staticflickr.com/2836/9550151116_30bcab3ff2_z.jpg,3,2
excitement,http://farm8.staticflickr.com/7450/11338910853_d6bc936a62_z.jpg,0,5
excitement,http://farm6.staticflickr.com/5583/14358297163_0aefc6f2e9_z.jpg,0,5
excitement,http://farm8.staticflickr.com/7271/6867141132_d96ed8c98d_z.jpg,0,5
excitement,http://farm3.staticflickr.com/2915/14190983396_5fc065e77d_z.jpg,0,5
excitement,http://farm9.staticflickr.com/8262/8662480739_918f990794_z.jpg,5,0
excitement,http://farm3.staticflickr.com/2948/15475918575_144f04d18b_z.jpg,4,1
excitement,http://farm3.staticflickr.com/2866/9232354750_44bb1a4477_z.jpg,0,5
excitement,http://farm6.staticflickr.com/5493/11161437186_aacfa2630f_z.jpg,1,4
excitement,http://farm8.staticflickr.com/7235/7255506420_8fbceb3264_z.jpg,2,0
excitement,http://farm8.staticflickr.com/7076/7355019296_5563fed3e0_z.jpg,3,2
excitement,http://farm8.staticflickr.com/7161/6780484155_a4881e7c2b_z.jpg,5,0
excitement,http://farm8.staticflickr.com/7274/7019598207_de90ee06fc_z.jpg,5,0
excitement,http://farm8.staticflickr.com/7331/9413272674_3f52153ece_z.jpg,1,4
excitement,http://farm9.staticflickr.com/8036/7906957696_de1ef25edc_z.jpg,3,2
excitement,http://farm9.staticflickr.com/8054/8090097651_0d5f8f48c5_z.jpg,5,0
excitement,http://farm4.staticflickr.com/3951/15683159452_114093af84_z.jpg,3,2
excitement,http://farm9.staticflickr.com/8422/7659870208_4b234702e8_z.jpg,5,0
excitement,http://farm3.staticflickr.com/2914/14784150265_dceff43f3c_z.jpg,5,0
excitement,http://farm8.staticflickr.com/7344/8949642385_f682bc3ef6_z.jpg,4,1
excitement,http://farm9.staticflickr.com/8498/8322337942_570231cd95_z.jpg,0,5
excitement,http://farm9.staticflickr.com/8239/8494044672_7d86b6b144_z.jpg,4,1
excitement,http://farm3.staticflickr.com/2916/13920841844_c8bf5e2f52_z.jpg,2,3
excitement,http://farm8.staticflickr.com/7517/15475027769_d40c335d2a_z.jpg,5,0
excitement,http://farm8.staticflickr.com/7052/6921846603_de036eb4f6_z.jpg,5,0
excitement,http://farm4.staticflickr.com/3889/14628624676_47fcba3925_z.jpg,0,5
excitement,http://farm9.staticflickr.com/8394/8618779469_480d5e7d0a_z.jpg,5,0
excitement,http://farm9.staticflickr.com/8455/8047555237_ae7bfca2bc_z.jpg,1,4
excitement,http://farm9.staticflickr.com/8143/7612108386_0ac4dfe865_z.jpg,1,4
excitement,http://farm4.staticflickr.com/3887/14480476025_b4558bec29_z.jpg,2,3
excitement,http://farm4.staticflickr.com/3916/15268792015_c323de0876_z.jpg,5,0
excitement,http://farm7.staticflickr.com/6091/6878782416_5863d4ee09_z.jpg,1,4
excitement,http://farm3.staticflickr.com/2808/12810387915_35cc99b478_z.jpg,0,5
excitement,http://farm4.staticflickr.com/3868/14593361612_b408a403bc_z.jpg,5,0
excitement,http://farm4.staticflickr.com/3751/9377084382_d51f3281ae_z.jpg,4,1
excitement,http://farm8.staticflickr.com/7200/6855810158_db1dd26bae_z.jpg,3,2
excitement,http://farm8.staticflickr.com/7483/15491624378_920a718b34_z.jpg,0,5
excitement,http://farm9.staticflickr.com/8323/8442927615_d8d6b0ca05_z.jpg,5,0
excitement,http://farm9.staticflickr.com/8001/7337936986_84955c6a36_z.jpg,0,5
excitement,http://farm6.staticflickr.com/5318/14218023993_61b5553f0d_z.jpg,0,5
excitement,http://farm8.staticflickr.com/7187/13270406954_032dbd5c95_z.jpg,1,4
excitement,http://farm4.staticflickr.com/3879/14495712462_088e11c4d6_z.jpg,4,1
excitement,http://farm4.staticflickr.com/3910/14339336868_9851461250_z.jpg,5,0
excitement,http://farm9.staticflickr.com/8016/7652389628_0010ea0ef7_z.jpg,4,1
excitement,http://farm9.staticflickr.com/8674/15604181650_b654977123_z.jpg,5,0
excitement,http://farm9.staticflickr.com/8285/7798139752_b0f0c3aa68_z.jpg,5,0
excitement,http://farm9.staticflickr.com/8471/8111270499_a902c17f6c_z.jpg,5,0
excitement,http://farm6.staticflickr.com/5562/14989066717_6ef3d665df_z.jpg,5,0
excitement,http://farm6.staticflickr.com/5510/12095761733_d137f1027c_z.jpg,2,3
excitement,http://farm8.staticflickr.com/7139/7690931518_563dc5ec24_z.jpg,0,5
excitement,http://farm9.staticflickr.com/8559/8711231544_73ebf46845_z.jpg,4,1
excitement,http://farm8.staticflickr.com/7145/6713195275_8204f28c24_z.jpg,3,2
excitement,http://farm9.staticflickr.com/8222/8436507164_b3b0b64d81_z.jpg,3,2
excitement,http://farm9.staticflickr.com/8352/8440423263_9719998e62_z.jpg,1,4
excitement,http://farm4.staticflickr.com/3815/13283655775_78d8ae1ebe_z.jpg,2,3
excitement,http://farm9.staticflickr.com/8522/8560009161_69ca33c328_z.jpg,5,0
excitement,http://farm4.staticflickr.com/3898/14779832672_81d86e8231_z.jpg,5,0
excitement,http://farm9.staticflickr.com/8234/8399582301_03a65240f5_z.jpg,4,1
excitement,http://farm9.staticflickr.com/8172/8032559834_2810cc8abc_z.jpg,4,1
excitement,http://farm9.staticflickr.com/8077/8301597319_3cbdb2582e_z.jpg,3,2
excitement,http://farm3.staticflickr.com/2909/13423148245_673485052f_z.jpg,4,1
excitement,http://farm9.staticflickr.com/8148/7267887228_9687260184_z.jpg,0,0
excitement,http://farm6.staticflickr.com/5593/14650785188_c35d42d38d_z.jpg,5,0
excitement,http://farm9.staticflickr.com/8170/8047556307_e6d2295303_z.jpg,3,2
excitement,http://farm9.staticflickr.com/8315/7929615680_568a7d7148_z.jpg,4,1
excitement,http://farm8.staticflickr.com/7411/9810692744_bf09f85036_z.jpg,4,1
excitement,http://farm4.staticflickr.com/3843/14778184170_b86d0df7e6_z.jpg,5,0
excitement,http://farm9.staticflickr.com/8525/8560027859_905cecda03_z.jpg,5,0
excitement,http://farm6.staticflickr.com/5559/14451445794_b240f3e030_z.jpg,4,1
excitement,http://farm3.staticflickr.com/2924/14574001994_8731394450_z.jpg,1,4
excitement,http://farm3.staticflickr.com/2810/12414573473_792977b48e_z.jpg,4,1
excitement,http://farm3.staticflickr.com/2897/14263208373_423d774280_z.jpg,2,3
excitement,http://farm3.staticflickr.com/2873/12307683306_6e7c3c97dc_z.jpg,4,1
excitement,http://farm3.staticflickr.com/2837/9547358739_77c75e71e8_z.jpg,5,0
excitement,http://farm3.staticflickr.com/2859/13282877984_e1a522a0c9_z.jpg,3,2
excitement,http://farm9.staticflickr.com/8551/8700967028_7f43db4351_z.jpg,5,0
excitement,http://farm9.staticflickr.com/8086/8538876133_3702221877_z.jpg,4,1
excitement,http://farm6.staticflickr.com/5529/14308294628_ab48dcfb8f_z.jpg,5,0
excitement,http://farm6.staticflickr.com/5568/14994082917_59bd1d3f55_z.jpg,5,0
excitement,http://farm8.staticflickr.com/7257/7862244488_a58833100e_z.jpg,4,1
excitement,http://farm3.staticflickr.com/2852/12908886254_a4e1fdc502_z.jpg,5,0
excitement,http://farm3.staticflickr.com/2931/14784631432_4ac53d9899_z.jpg,3,2
excitement,http://farm6.staticflickr.com/5342/7244823004_a41f233e6d_z.jpg,3,2
excitement,http://farm6.staticflickr.com/5185/14084186435_f68d6c6c3c_z.jpg,2,3
excitement,http://farm3.staticflickr.com/2908/14339268110_ec1654a75c_z.jpg,5,0
excitement,http://farm9.staticflickr.com/8175/8035470274_030b306836_z.jpg,5,0
excitement,http://farm4.staticflickr.com/3717/12586056634_58d9ef21fa_z.jpg,4,1
excitement,http://farm8.staticflickr.com/7348/13514136204_0b94002d44_z.jpg,3,2
excitement,http://farm8.staticflickr.com/7265/8162599170_7035529b8a_z.jpg,2,3
excitement,http://farm8.staticflickr.com/7157/6785636407_70504faa66_z.jpg,4,1
excitement,http://farm4.staticflickr.com/3873/14495592064_b6d00518a3_z.jpg,4,1
excitement,http://farm6.staticflickr.com/5544/12391819364_e285ce2601_z.jpg,2,3
excitement,http://farm8.staticflickr.com/7356/9335511467_78ac101cfe_z.jpg,2,3
excitement,http://farm8.staticflickr.com/7150/6760523369_96d3e91888_z.jpg,5,0
excitement,http://farm8.staticflickr.com/7286/8718578084_61edc9b12d_z.jpg,1,4
excitement,http://farm9.staticflickr.com/8146/7267490400_a26564d431_z.jpg,4,0
excitement,http://farm9.staticflickr.com/8292/7566407386_0dae6c4baa_z.jpg,5,0
excitement,http://farm3.staticflickr.com/2840/13643679515_81fa985532_z.jpg,1,4
excitement,http://farm9.staticflickr.com/8159/7609392656_41e2b388c0_z.jpg,5,0
excitement,http://farm8.staticflickr.com/7112/7104234001_54dab51089_z.jpg,5,0
excitement,http://farm8.staticflickr.com/7297/16268896899_4de199805e_z.jpg,3,2
excitement,http://farm4.staticflickr.com/3756/8950841246_cb331b974a_z.jpg,5,0
excitement,http://farm4.staticflickr.com/3913/14774322574_c01071b02e_z.jpg,5,0
excitement,http://farm4.staticflickr.com/3863/14345066968_4ac82fce95_z.jpg,5,0
excitement,http://farm8.staticflickr.com/7089/13454995685_5e01aba644_z.jpg,4,1
excitement,http://farm4.staticflickr.com/3875/14592143774_5a4b50ac75_z.jpg,5,0
excitement,http://farm3.staticflickr.com/2869/10706590503_6f75caba8f_z.jpg,4,1
excitement,http://farm4.staticflickr.com/3935/15415797440_470e1664b4_z.jpg,4,1
excitement,http://farm8.staticflickr.com/7306/10527415504_8e55599e79_z.jpg,5,0
excitement,http://farm8.staticflickr.com/7123/8162597060_51a7a43858_z.jpg,2,3
excitement,http://farm4.staticflickr.com/3848/15009179765_e0ed5bf3c2_z.jpg,5,0
excitement,http://farm6.staticflickr.com/5568/14793778747_96c2887403_z.jpg,4,1
excitement,http://farm4.staticflickr.com/3944/15011166093_3806bd5c0d_z.jpg,5,0
excitement,http://farm8.staticflickr.com/7199/6913608125_29ee1fcbdf_z.jpg,3,2
excitement,http://farm4.staticflickr.com/3790/9046310649_89a4c569c7_z.jpg,1,4
excitement,http://farm9.staticflickr.com/8106/8503564442_7dbd4d1ed1_z.jpg,0,5
excitement,http://farm9.staticflickr.com/8432/7564791008_16f13c8427_z.jpg,5,0
excitement,http://farm8.staticflickr.com/7234/7034552585_9ed5390195_z.jpg,2,3
excitement,http://farm9.staticflickr.com/8085/8513269607_0c175b84b1_z.jpg,5,0
excitement,http://farm8.staticflickr.com/7456/12673956283_2093a0045b_z.jpg,5,0
excitement,http://farm8.staticflickr.com/7473/15523461587_e3e7d0da93_z.jpg,4,1
excitement,http://farm9.staticflickr.com/8659/16217446785_775b52bbd4_z.jpg,5,0
excitement,http://farm8.staticflickr.com/7518/15953075848_26e6b2e66c_z.jpg,2,3
excitement,http://farm8.staticflickr.com/7541/16123434936_f6a9f74162_z.jpg,2,3
excitement,http://farm9.staticflickr.com/8352/8346521378_1cd0146d87_z.jpg,4,1
excitement,http://farm6.staticflickr.com/5443/10182065624_5b2cb00c28_z.jpg,3,2
excitement,http://farm9.staticflickr.com/8456/7914596498_be8cb060e7_z.jpg,4,0
excitement,http://farm7.staticflickr.com/6037/6878147850_5ea24830a6_z.jpg,4,1
excitement,http://farm4.staticflickr.com/3914/14775317624_96cd0a32bc_z.jpg,5,0
excitement,http://farm8.staticflickr.com/7533/15670819209_573db75134_z.jpg,2,3
excitement,http://farm9.staticflickr.com/8050/8082746897_fb39a1727f_z.jpg,1,4
excitement,http://farm3.staticflickr.com/2916/14044874818_7dfd5ab47e_z.jpg,4,1
excitement,http://farm4.staticflickr.com/3846/14738973638_d546b746f4_z.jpg,5,0
excitement,http://farm8.staticflickr.com/7357/13070723603_16bf4d0c8c_z.jpg,5,0
excitement,http://farm6.staticflickr.com/5570/14170870853_fcd0e4cd24_z.jpg,3,2
excitement,http://farm9.staticflickr.com/8172/7997009642_cd7313d8d9_z.jpg,1,4
excitement,http://farm8.staticflickr.com/7192/6994087343_19e8741721_z.jpg,3,2
excitement,http://farm3.staticflickr.com/2878/9053847967_7071870e7f_z.jpg,5,0
excitement,http://farm8.staticflickr.com/7564/15423622803_d25b2d6849_z.jpg,5,0
excitement,http://farm3.staticflickr.com/2905/14295224307_6461d1e829_z.jpg,1,4
excitement,http://farm9.staticflickr.com/8170/8013105865_38f0cf6d19_z.jpg,4,1
excitement,http://farm8.staticflickr.com/7275/7853183934_779b94a9f4_z.jpg,2,3
excitement,http://farm6.staticflickr.com/5458/9164933635_9d05696c07_z.jpg,4,1
excitement,http://farm9.staticflickr.com/8100/8507004843_2820faa51f_z.jpg,4,1
excitement,http://farm6.staticflickr.com/5503/12136035444_065f38977c_z.jpg,5,0
excitement,http://farm8.staticflickr.com/7453/13364374025_c96179bf45_z.jpg,4,1
excitement,http://farm9.staticflickr.com/8466/8079334855_b8cc5d2fe6_z.jpg,4,1
excitement,http://farm9.staticflickr.com/8332/8396730579_391e1ee552_z.jpg,5,0
excitement,http://farm9.staticflickr.com/8492/8322414296_c6054ce232_z.jpg,1,4
excitement,http://farm8.staticflickr.com/7325/10388431865_4108cfd552_z.jpg,4,1
excitement,http://farm6.staticflickr.com/5535/12227550304_50fc722d77_z.jpg,3,2
excitement,http://farm9.staticflickr.com/8425/7739197806_c2896c53bc_z.jpg,3,2
excitement,http://farm4.staticflickr.com/3860/14506421968_72ce364866_z.jpg,0,5
excitement,http://farm6.staticflickr.com/5274/14505463583_b4294e2dd6_z.jpg,1,4
excitement,http://farm9.staticflickr.com/8146/7550494680_9706bc2121_z.jpg,5,0
excitement,http://farm8.staticflickr.com/7121/7583677082_3040335ac9_z.jpg,5,0
excitement,http://farm3.staticflickr.com/2912/14458931429_528f0ed47c_z.jpg,4,1
excitement,http://farm4.staticflickr.com/3895/14568654924_4d72278353_z.jpg,5,0
excitement,http://farm4.staticflickr.com/3911/14991211528_54964126f3_z.jpg,2,3
excitement,http://farm4.staticflickr.com/3859/14729249016_3215f776bc_z.jpg,5,0
excitement,http://farm4.staticflickr.com/3843/14743445666_db0dbe6a1a_z.jpg,5,0
excitement,http://farm8.staticflickr.com/7425/11770618716_e89da3376b_z.jpg,5,0
excitement,http://farm9.staticflickr.com/8083/8317551382_425287ffe5_z.jpg,5,0
excitement,http://farm4.staticflickr.com/3910/14814430296_f1530c11f5_z.jpg,5,0
excitement,http://farm4.staticflickr.com/3926/14991238417_a46950f426_z.jpg,1,4
excitement,http://farm4.staticflickr.com/3830/12226925554_a5df3e0e0d_z.jpg,4,1
excitement,http://farm4.staticflickr.com/3869/14665659872_d3202bfb34_z.jpg,5,0
excitement,http://farm3.staticflickr.com/2869/13902813734_de17d8edbd_z.jpg,5,0
excitement,http://farm4.staticflickr.com/3805/12951658904_1d1503e3c9_z.jpg,2,3
excitement,http://farm9.staticflickr.com/8144/7701734374_dbdcd7a248_z.jpg,5,0
excitement,http://farm6.staticflickr.com/5345/9048538986_1e1022db23_z.jpg,2,3
excitement,http://farm3.staticflickr.com/2924/14115489500_2b9b68ff23_z.jpg,2,3
excitement,http://farm8.staticflickr.com/7084/13292534344_0fa8602452_z.jpg,1,4
excitement,http://farm4.staticflickr.com/3790/9460051681_40a4712209_z.jpg,5,0
excitement,http://farm9.staticflickr.com/8263/8669958097_ba0ab7ea8d_z.jpg,5,0
excitement,http://farm6.staticflickr.com/5600/15563729531_ffe11152f0_z.jpg,3,2
excitement,http://farm4.staticflickr.com/3766/10665481053_fe676a90a2_z.jpg,5,0
excitement,http://farm9.staticflickr.com/8265/8633636631_2bbfd43c52_z.jpg,5,0
excitement,http://farm9.staticflickr.com/8428/7542149370_35a1e66dc8_z.jpg,5,0
excitement,http://farm9.staticflickr.com/8442/7985749278_d902c6492f_z.jpg,5,0
excitement,http://farm4.staticflickr.com/3925/14799003243_ecc0472097_z.jpg,4,1
excitement,http://farm9.staticflickr.com/8120/8694562879_5ccb58f4ab_z.jpg,0,5
excitement,http://farm4.staticflickr.com/3916/15250986346_85e9567e5b_z.jpg,4,1
excitement,http://farm9.staticflickr.com/8039/8004688055_000ac7c7ee_z.jpg,4,1
excitement,http://farm9.staticflickr.com/8644/16078212866_06acd94b7f_z.jpg,5,0
excitement,http://farm8.staticflickr.com/7117/7434279666_1f86e842b9_z.jpg,5,0
excitement,http://farm8.staticflickr.com/7322/9245736535_472694a4cf_z.jpg,1,4
excitement,http://farm9.staticflickr.com/8228/8440383199_5c871e541a_z.jpg,0,5
