fear,http://farm6.staticflickr.com/5557/15002014032_8f27292b0f_z.jpg,5,0
fear,http://farm8.staticflickr.com/7514/15830635598_2792fdc58b_z.jpg,5,0
fear,http://farm6.staticflickr.com/5239/7392342300_ebf383c813_z.jpg,5,0
fear,http://farm9.staticflickr.com/8081/8385925344_9fa3d6dcfe_z.jpg,4,1
fear,http://farm8.staticflickr.com/7403/12186761946_72f778c2e2_z.jpg,5,0
fear,http://farm9.staticflickr.com/8249/8645314322_ace37558b3_z.jpg,3,2
fear,http://farm6.staticflickr.com/5559/14597277129_1901dabe12_z.jpg,5,0
fear,http://farm4.staticflickr.com/3720/13769625415_99731a8d71_z.jpg,5,0
fear,http://farm4.staticflickr.com/3938/15327433337_51340be5b8_z.jpg,2,3
fear,http://farm8.staticflickr.com/7342/11081634533_224a847a1b_z.jpg,5,0
fear,http://farm8.staticflickr.com/7142/6672331531_7b8ae1f9ab_z.jpg,5,0
fear,http://farm6.staticflickr.com/5503/12259438165_765894ed5d_z.jpg,5,0
fear,http://farm4.staticflickr.com/3900/14612037451_f89f2efac5_z.jpg,4,1
fear,http://farm9.staticflickr.com/8536/8624424716_60271427d1_z.jpg,5,0
fear,http://farm9.staticflickr.com/8304/7867311818_5c65159d8b_z.jpg,5,0
fear,http://farm9.staticflickr.com/8536/8783352708_a9e56b7718_z.jpg,5,0
fear,http://farm6.staticflickr.com/5557/14781604694_acec6d78e2_z.jpg,5,0
fear,http://farm4.staticflickr.com/3931/15480539911_ec9e199147_z.jpg,4,1
fear,http://farm6.staticflickr.com/5200/13889118930_54af5dd2b8_z.jpg,5,0
fear,http://farm4.staticflickr.com/3852/15368411095_db3deba208_z.jpg,5,0
fear,http://farm8.staticflickr.com/7269/8163596499_fc45d4ccd1_z.jpg,5,0
fear,http://farm6.staticflickr.com/5596/14597214319_126b3a87c6_z.jpg,4,1
fear,http://farm8.staticflickr.com/7223/7233547662_b0f5b9f3b7_z.jpg,4,1
fear,http://farm3.staticflickr.com/2945/15385005435_3e44bea97e_z.jpg,5,0
fear,http://farm4.staticflickr.com/3733/10148077764_0e02c4cc28_z.jpg,5,0
fear,http://farm6.staticflickr.com/5552/15273747115_d17b69f694_z.jpg,5,0
fear,http://farm9.staticflickr.com/8348/8255574740_03a1729457_z.jpg,2,3
fear,http://farm9.staticflickr.com/8081/8378927625_f4b04eb5f1_z.jpg,5,0
fear,http://farm9.staticflickr.com/8053/8150527510_33ecbe851c_z.jpg,2,3
fear,http://farm8.staticflickr.com/7557/15750877146_df3df284cf_z.jpg,5,0
fear,http://farm9.staticflickr.com/8040/7994515146_3177892d2c_z.jpg,3,2
fear,http://farm4.staticflickr.com/3831/9623036123_54e2153fd9_z.jpg,5,0
fear,http://farm4.staticflickr.com/3864/14335939660_572eda2497_z.jpg,4,1
fear,http://farm3.staticflickr.com/2933/14198381045_c0e5101cc4_z.jpg,1,4
fear,http://farm8.staticflickr.com/7458/10383514543_0a20ae6d3c_z.jpg,5,0
fear,http://farm9.staticflickr.com/8426/7538241900_7181b43a9a_z.jpg,4,1
fear,http://farm6.staticflickr.com/5495/13887524189_1cc82ccd1c_z.jpg,5,0
fear,http://farm9.staticflickr.com/8632/15691980247_66e082ca0c_z.jpg,5,0
fear,http://farm9.staticflickr.com/8235/8429736962_8919bc0edb_z.jpg,5,0
fear,http://farm3.staticflickr.com/2950/15238264768_967c09c6b9_z.jpg,5,0
fear,http://farm3.staticflickr.com/2922/14719620805_a31581df5e_z.jpg,2,3
fear,http://farm8.staticflickr.com/7009/6786583241_a4436e2668_z.jpg,4,0
fear,http://farm9.staticflickr.com/8020/7419481342_0eefb2a95b_z.jpg,4,1
fear,http://farm8.staticflickr.com/7358/13057808705_728205510b_z.jpg,4,1
fear,http://farm9.staticflickr.com/8147/7201619030_77c85f9448_z.jpg,5,0
fear,http://farm9.staticflickr.com/8045/8384796686_a267a4e16a_z.jpg,5,0
fear,http://farm4.staticflickr.com/3755/11373023585_189eeb2552_z.jpg,5,0
fear,http://farm9.staticflickr.com/8402/8692161679_5634e06a8b_z.jpg,5,0
fear,http://farm6.staticflickr.com/5586/14803839133_25948c1ebd_z.jpg,5,0
fear,http://farm8.staticflickr.com/7328/12868207683_e0872b444b_z.jpg,1,4
fear,http://farm4.staticflickr.com/3798/12782503454_7316b8a1d6_z.jpg,4,0
fear,http://farm8.staticflickr.com/7540/15878963957_c8e21645d6_z.jpg,4,1
fear,http://farm4.staticflickr.com/3641/13058909183_00931b1caf_z.jpg,3,2
fear,http://farm4.staticflickr.com/3792/9505009946_4b84de4caf_z.jpg,3,2
fear,http://farm6.staticflickr.com/5568/15065592349_9bf1dcc471_z.jpg,3,1
fear,http://farm6.staticflickr.com/5560/14598131459_83e813297f_z.jpg,5,0
fear,http://farm3.staticflickr.com/2898/14597245858_e41c926676_z.jpg,5,0
fear,http://farm4.staticflickr.com/3752/9493602914_58048bb0c9_z.jpg,3,2
fear,http://farm3.staticflickr.com/2899/14719545343_0bf02e263c_z.jpg,5,0
fear,http://farm8.staticflickr.com/7051/6882298905_f6acda1acd_z.jpg,4,1
fear,http://farm8.staticflickr.com/7113/7047068535_1ed86abbdf_z.jpg,5,0
fear,http://farm6.staticflickr.com/5498/9296004203_2cfeb60bfe_z.jpg,4,1
fear,http://farm8.staticflickr.com/7368/11774437646_b8e08f1d1a_z.jpg,2,3
fear,http://farm4.staticflickr.com/3867/14829845000_a7baa6e1b6_z.jpg,5,0
fear,http://farm8.staticflickr.com/7354/12787133413_09e9796d4f_z.jpg,2,3
fear,http://farm8.staticflickr.com/7240/6953207994_c650ab296f_z.jpg,2,3
fear,http://farm3.staticflickr.com/2930/14783667772_7689f096ea_z.jpg,5,0
fear,http://farm8.staticflickr.com/7199/14052227731_bf5f1205fd_z.jpg,4,1
fear,http://farm3.staticflickr.com/2912/14597311180_0a96a88e94_z.jpg,7,3
fear,http://farm9.staticflickr.com/8439/7932371810_0bb45c8527_z.jpg,4,1
fear,http://farm9.staticflickr.com/8203/8199185505_c3d0181a18_z.jpg,4,0
fear,http://farm9.staticflickr.com/8018/7453088960_39e86e1079_z.jpg,4,0
fear,http://farm6.staticflickr.com/5475/10351741934_f76c27fd69_z.jpg,1,4
fear,http://farm6.staticflickr.com/5507/11783172934_ab623f1baf_z.jpg,5,0
fear,http://farm8.staticflickr.com/7098/7343568112_a4c533206f_z.jpg,5,0
fear,http://farm6.staticflickr.com/5557/14781525941_7262bd842a_z.jpg,4,1
fear,http://farm8.staticflickr.com/7029/6791289927_d0032264e5_z.jpg,5,0
fear,http://farm6.staticflickr.com/5597/15238639759_72b619cd9d_z.jpg,5,0
fear,http://farm9.staticflickr.com/8191/8107476435_fc9fb57606_z.jpg,1,4
fear,http://farm3.staticflickr.com/2940/14781538824_bf9970c9d7_z.jpg,5,0
fear,http://farm4.staticflickr.com/3766/10178721344_c3b7927a27_z.jpg,5,0
fear,http://farm4.staticflickr.com/3848/14240234450_049aba9fce_z.jpg,5,0
fear,http://farm9.staticflickr.com/8521/8456809298_0e7aaf3727_z.jpg,2,3
fear,http://farm3.staticflickr.com/2927/14217491725_3eb6c40c83_z.jpg,5,0
fear,http://farm8.staticflickr.com/7360/9590452637_4df3e01964_z.jpg,5,0
fear,http://farm8.staticflickr.com/7436/10482802984_b82906d050_z.jpg,3,2
fear,http://farm8.staticflickr.com/7127/7721630274_fe64b69695_z.jpg,5,0
fear,http://farm9.staticflickr.com/8336/8092819021_c14447ce3d_z.jpg,3,2
fear,http://farm9.staticflickr.com/8027/7175932588_2f6ab4e5b9_z.jpg,5,0
fear,http://farm8.staticflickr.com/7507/15860006997_1ed31767e8_z.jpg,1,4
fear,http://farm9.staticflickr.com/8189/8124763248_125b7b3a9f_z.jpg,1,4
fear,http://farm8.staticflickr.com/7536/15215898473_e7fc93a2e0_z.jpg,2,3
fear,http://farm9.staticflickr.com/8095/8425421964_10061aabf8_z.jpg,4,0
fear,http://farm8.staticflickr.com/7134/8161848578_9c27accd5f_z.jpg,1,4
fear,http://farm3.staticflickr.com/2844/9598603736_f6be12e0c5_z.jpg,5,0
fear,http://farm9.staticflickr.com/8083/8293455516_facf8e5d8c_z.jpg,4,1
fear,http://farm4.staticflickr.com/3903/14780744321_dd630c7cda_z.jpg,5,0
fear,http://farm8.staticflickr.com/7254/7094463953_fe38c37660_z.jpg,5,0
fear,http://farm6.staticflickr.com/5462/9571880536_2b2e46db83_z.jpg,4,1
fear,http://farm6.staticflickr.com/5481/10384592326_c3c5726fbf_z.jpg,5,0
fear,http://farm4.staticflickr.com/3676/12194038544_ea4197395e_z.jpg,5,0
fear,http://farm9.staticflickr.com/8030/8073322175_1e937d188e_z.jpg,5,0
fear,http://farm3.staticflickr.com/2910/14506177623_4b524e9d1d_z.jpg,4,1
fear,http://farm6.staticflickr.com/5595/14597132378_26e5e46289_z.jpg,5,0
fear,http://farm3.staticflickr.com/2813/10561427885_cd6d5527d0_z.jpg,5,0
fear,http://farm8.staticflickr.com/7359/13095105713_c05388be84_z.jpg,5,0
fear,http://farm4.staticflickr.com/3801/9936755796_9523d64569_z.jpg,5,0
fear,http://farm4.staticflickr.com/3875/14597440417_da66b71651_z.jpg,5,0
fear,http://farm4.staticflickr.com/3899/14597733137_a4e7f059ee_z.jpg,5,0
fear,http://farm8.staticflickr.com/7543/15707125548_fbbb3d1ef5_z.jpg,5,0
fear,http://farm6.staticflickr.com/5447/9076500394_26c4bd8341_z.jpg,5,0
fear,http://farm6.staticflickr.com/5498/11935483764_35c4061c0d_z.jpg,3,2
fear,http://farm8.staticflickr.com/7419/14187897705_a782bbd9c5_z.jpg,5,0
fear,http://farm4.staticflickr.com/3828/13468929765_8c66a9dac3_z.jpg,3,2
fear,http://farm3.staticflickr.com/2835/11420931515_b9d7eb37f3_z.jpg,4,1
fear,http://farm9.staticflickr.com/8155/7299272604_86b9ae072c_z.jpg,4,1
fear,http://farm6.staticflickr.com/5492/10815035676_6a1feab81c_z.jpg,3,2
fear,http://farm8.staticflickr.com/7120/7725371908_dd4197d8f2_z.jpg,5,0
fear,http://farm4.staticflickr.com/3919/14506230353_ff75745ce8_z.jpg,4,0
fear,http://farm8.staticflickr.com/7247/7727290484_ea65e8e909_z.jpg,3,2
fear,http://farm8.staticflickr.com/7244/7338096872_ea50deeb96_z.jpg,5,0
fear,http://farm8.staticflickr.com/7042/6889780537_6a679ce421_z.jpg,5,0
fear,http://farm9.staticflickr.com/8080/8411319132_d53cb3b5af_z.jpg,5,0
fear,http://farm4.staticflickr.com/3801/13208669204_40283f3739_z.jpg,5,0
fear,http://farm4.staticflickr.com/3797/12316246963_510ea64f34_z.jpg,5,0
fear,http://farm9.staticflickr.com/8267/8713079723_f41c3a38a3_z.jpg,3,2
fear,http://farm3.staticflickr.com/2928/14300018746_7fee0a564e_z.jpg,5,0
fear,http://farm6.staticflickr.com/5516/11754658745_a9ce5e2129_z.jpg,5,0
fear,http://farm6.staticflickr.com/5573/14105115229_c14fc89252_z.jpg,5,0
fear,http://farm8.staticflickr.com/7415/8715521090_bc01a01f24_z.jpg,5,0
fear,http://farm8.staticflickr.com/7485/15667377658_f2b7524870_z.jpg,4,1
fear,http://farm4.staticflickr.com/3888/14597343117_6ea91e69cd_z.jpg,4,1
fear,http://farm8.staticflickr.com/7455/9288483859_f77f712f87_z.jpg,5,0
fear,http://farm9.staticflickr.com/8159/7147207949_472fea2a95_z.jpg,5,0
fear,http://farm6.staticflickr.com/5343/9761439652_a182493d9d_z.jpg,5,0
fear,http://farm6.staticflickr.com/5577/14780872851_c12f9bbe46_z.jpg,5,0
fear,http://farm9.staticflickr.com/8565/15935686408_f026bf6c05_z.jpg,5,0
fear,http://farm4.staticflickr.com/3849/14781583694_18aced0c21_z.jpg,5,0
fear,http://farm3.staticflickr.com/2927/14803834183_a0c6a35144_z.jpg,1,4
fear,http://farm8.staticflickr.com/7144/6780228895_95ba4559d3_z.jpg,4,1
fear,http://farm8.staticflickr.com/7180/6914185895_06cec8f956_z.jpg,5,0
fear,http://farm8.staticflickr.com/7071/6905620522_d0a1367385_z.jpg,5,0
fear,http://farm8.staticflickr.com/7237/7224125344_eb558c572f_z.jpg,1,4
fear,http://farm8.staticflickr.com/7289/9490763227_ab9f0fab0f_z.jpg,1,4
fear,http://farm9.staticflickr.com/8048/8352027265_5a55511669_z.jpg,3,2
fear,http://farm9.staticflickr.com/8544/8642365648_e468ac220c_z.jpg,5,0
fear,http://farm9.staticflickr.com/8068/8238904476_3a8f72361d_z.jpg,5,0
fear,http://farm8.staticflickr.com/7137/7423341746_2625c9bee6_z.jpg,3,2
fear,http://farm8.staticflickr.com/7368/10959402293_bae049cb99_z.jpg,4,1
fear,http://farm3.staticflickr.com/2927/14013562617_cd39ec71fd_z.jpg,5,0
fear,http://farm9.staticflickr.com/8421/7576215500_8d1b9f99f8_z.jpg,4,1
fear,http://farm9.staticflickr.com/8328/8132569765_5901839f0c_z.jpg,1,4
fear,http://farm8.staticflickr.com/7280/7004115240_b92e1b6bd4_z.jpg,5,0
fear,http://farm8.staticflickr.com/7158/6649875289_5863b4ec1e_z.jpg,5,0
fear,http://farm8.staticflickr.com/7367/8753426051_a90a9fc4b8_z.jpg,4,0
fear,http://farm9.staticflickr.com/8166/7184872729_3df3f32c82_z.jpg,5,0
fear,http://farm9.staticflickr.com/8283/7522088530_9dece75a0a_z.jpg,4,1
fear,http://farm8.staticflickr.com/7484/16040833215_8475778b1a_z.jpg,5,0
fear,http://farm8.staticflickr.com/7210/6942948911_e1d5b43393_z.jpg,4,1
fear,http://farm9.staticflickr.com/8203/8239160042_c0fefe984a_z.jpg,5,0
fear,http://farm3.staticflickr.com/2910/14783502092_fc41b413a6_z.jpg,5,0
fear,http://farm4.staticflickr.com/3810/9261678121_a075e46d9c_z.jpg,5,0
fear,http://farm8.staticflickr.com/7236/13988631274_d1a280dcea_z.jpg,3,2
fear,http://farm3.staticflickr.com/2940/14761004506_a89026bb30_z.jpg,5,0
fear,http://farm6.staticflickr.com/5492/9995237496_c982b7285d_z.jpg,5,0
fear,http://farm4.staticflickr.com/3823/10093732266_dd080ae420_z.jpg,5,0
fear,http://farm9.staticflickr.com/8517/8571769360_f9e992dde1_z.jpg,5,0
fear,http://farm4.staticflickr.com/3693/8974440594_af520d4cb0_z.jpg,5,0
fear,http://farm4.staticflickr.com/3739/12106029194_9809d1b768_z.jpg,3,2
fear,http://farm3.staticflickr.com/2825/9675454493_2e42221a15_z.jpg,5,0
fear,http://farm3.staticflickr.com/2861/8753265353_d063945097_z.jpg,3,2
fear,http://farm9.staticflickr.com/8245/8521702940_ee9eb801c4_z.jpg,5,0
fear,http://farm8.staticflickr.com/7529/15830641668_88f0b344db_z.jpg,5,0
fear,http://farm9.staticflickr.com/8010/7184949652_6d9e323ae5_z.jpg,5,0
fear,http://farm9.staticflickr.com/8364/8307709405_a6945977c1_z.jpg,4,1
fear,http://farm9.staticflickr.com/8034/8069544847_cf3ca04f3f_z.jpg,1,4
fear,http://farm6.staticflickr.com/5473/12222484593_679d38eca0_z.jpg,5,0
fear,http://farm8.staticflickr.com/7280/8074675455_f2c71d8f99_z.jpg,5,0
fear,http://farm4.staticflickr.com/3773/9407792847_d89a3303b9_z.jpg,5,0
fear,http://farm9.staticflickr.com/8243/8591578220_52d70e63d5_z.jpg,5,0
fear,http://farm9.staticflickr.com/8167/7683017824_95680bda4b_z.jpg,3,1
fear,http://farm8.staticflickr.com/7388/9477986990_7db3edf97b_z.jpg,1,4
fear,http://farm6.staticflickr.com/5550/13467970515_b28e21e75f_z.jpg,4,1
fear,http://farm8.staticflickr.com/7389/14002020867_55b745aac6_z.jpg,3,2
fear,http://farm8.staticflickr.com/7333/8945950537_d3db1b6a18_z.jpg,5,0
fear,http://farm6.staticflickr.com/5537/12563990903_6e76bb3b03_z.jpg,5,0
fear,http://farm9.staticflickr.com/8517/8463708356_acd12a66de_z.jpg,5,0
fear,http://farm8.staticflickr.com/7395/13107912254_a322e5ab43_z.jpg,5,0
fear,http://farm6.staticflickr.com/5444/9562754651_8be52f1152_z.jpg,5,0
fear,http://farm4.staticflickr.com/3856/14887162769_07c429fff1_z.jpg,5,0
fear,http://farm4.staticflickr.com/3683/14277298653_1b32dbae3c_z.jpg,0,5
fear,http://farm8.staticflickr.com/7556/15488140059_f703c81c99_z.jpg,5,0
fear,http://farm9.staticflickr.com/8211/8428049143_d710ae59b6_z.jpg,3,2
fear,http://farm3.staticflickr.com/2903/14551401920_e0174a0ded_z.jpg,5,0
fear,http://farm3.staticflickr.com/2947/15326144449_bd683a2e96_z.jpg,1,4
fear,http://farm7.staticflickr.com/6237/6860192448_b75da12a69_z.jpg,5,0
fear,http://farm8.staticflickr.com/7238/7176948976_0f79561ff3_z.jpg,5,0
fear,http://farm9.staticflickr.com/8599/15801965977_62f6381e4f_z.jpg,5,0
fear,http://farm9.staticflickr.com/8515/8354742335_74cc513ceb_z.jpg,5,0
fear,http://farm4.staticflickr.com/3772/9225481811_b9425e9fd5_z.jpg,5,0
fear,http://farm8.staticflickr.com/7255/7641062490_5e32579d86_z.jpg,5,0
fear,http://farm8.staticflickr.com/7452/13921074199_a5dd438273_z.jpg,5,0
fear,http://farm9.staticflickr.com/8448/7783564258_1bf6bf6d46_z.jpg,4,1
fear,http://farm8.staticflickr.com/7120/6974163766_74fa8eec4c_z.jpg,4,1
fear,http://farm8.staticflickr.com/7287/8736887085_08dfc929c4_z.jpg,5,0
fear,http://farm8.staticflickr.com/7318/10993843226_d7b893d78f_z.jpg,4,1
fear,http://farm8.staticflickr.com/7426/9668187799_0a060c7905_z.jpg,5,0
fear,http://farm9.staticflickr.com/8442/7801077280_72feeb7800_z.jpg,2,3
fear,http://farm9.staticflickr.com/8066/8170727845_c6fb69beee_z.jpg,3,2
fear,http://farm8.staticflickr.com/7366/9836310035_25b1f7cb8a_z.jpg,4,1
fear,http://farm4.staticflickr.com/3885/14813834693_17d363ec49_z.jpg,5,0
fear,http://farm6.staticflickr.com/5593/14777998224_493dfb135f_z.jpg,4,1
fear,http://farm8.staticflickr.com/7002/6752689795_5fd80e6b5c_z.jpg,3,2
fear,http://farm4.staticflickr.com/3868/14597218550_a5cf3c8152_z.jpg,5,0
fear,http://farm8.staticflickr.com/7507/15863564845_b58bc0e614_z.jpg,4,1
fear,http://farm9.staticflickr.com/8328/8145518384_57d4e2d09c_z.jpg,1,4
fear,http://farm9.staticflickr.com/8634/15812876502_e936de3a1e_z.jpg,5,0
fear,http://farm8.staticflickr.com/7248/14012327774_f49f934323_z.jpg,5,0
fear,http://farm4.staticflickr.com/3948/15374712899_9699445afa_z.jpg,1,4
fear,http://farm9.staticflickr.com/8325/8144372192_2ddd227109_z.jpg,1,4
fear,http://farm3.staticflickr.com/2921/14191760875_fbecc124ba_z.jpg,4,1
fear,http://farm3.staticflickr.com/2917/14487638105_821c68141d_z.jpg,4,1
fear,http://farm6.staticflickr.com/5441/10109220194_3a6febb2ef_z.jpg,3,2
fear,http://farm9.staticflickr.com/8608/16251112218_6e43351498_z.jpg,5,0
fear,http://farm9.staticflickr.com/8651/16111412856_2288a44667_z.jpg,5,0
fear,http://farm4.staticflickr.com/3878/14597312778_c5d65cbda1_z.jpg,10,0
fear,http://farm3.staticflickr.com/2897/14355738249_a3821489fb_z.jpg,5,0
fear,http://farm4.staticflickr.com/3818/9269789325_623d3da447_z.jpg,4,1
fear,http://farm8.staticflickr.com/7064/6922921299_6187e35d27_z.jpg,5,0
fear,http://farm4.staticflickr.com/3699/10291935193_aa915e1084_z.jpg,5,0
fear,http://farm6.staticflickr.com/5573/14597796039_38ab926bba_z.jpg,5,0
fear,http://farm9.staticflickr.com/8402/8695027513_ceeede406f_z.jpg,5,0
fear,http://farm9.staticflickr.com/8346/8250005208_9021e98329_z.jpg,4,1
fear,http://farm8.staticflickr.com/7368/11976726043_e1405f06c3_z.jpg,3,1
fear,http://farm6.staticflickr.com/5500/12488714753_e25ef0d315_z.jpg,4,1
fear,http://farm9.staticflickr.com/8216/8304253955_3cd40f6b72_z.jpg,3,2
fear,http://farm3.staticflickr.com/2947/15256903588_1f2ae59a40_z.jpg,3,2
fear,http://farm9.staticflickr.com/8072/8337549826_a231af64a8_z.jpg,5,0
fear,http://farm6.staticflickr.com/5590/13850003965_21bfde9460_z.jpg,5,0
fear,http://farm8.staticflickr.com/7038/6848259896_91cda6697d_z.jpg,3,2
fear,http://farm4.staticflickr.com/3909/15188191155_34a602d747_z.jpg,5,0
fear,http://farm4.staticflickr.com/3808/13700841394_6657c2efdd_z.jpg,5,0
fear,http://farm8.staticflickr.com/7448/10704615894_28a7dbb596_z.jpg,5,0
fear,http://farm6.staticflickr.com/5588/14780710391_8278a331da_z.jpg,5,0
fear,http://farm4.staticflickr.com/3705/10273558204_433438145d_z.jpg,5,0
fear,http://farm4.staticflickr.com/3932/15648919622_0cc90ee9c8_z.jpg,5,0
fear,http://farm8.staticflickr.com/7375/8715630016_b7285ea1ee_z.jpg,5,0
fear,http://farm8.staticflickr.com/7154/6722803159_c61283bdf9_z.jpg,5,0
fear,http://farm9.staticflickr.com/8371/8600736102_81a56c11c8_z.jpg,4,1
fear,http://farm9.staticflickr.com/8108/8525274686_f316fb0dd9_z.jpg,5,0
fear,http://farm9.staticflickr.com/8102/8472449246_660a511237_z.jpg,2,3
fear,http://farm9.staticflickr.com/8077/8330014949_5974f1a818_z.jpg,5,0
fear,http://farm9.staticflickr.com/8523/8544832145_725d387e1f_z.jpg,5,0
fear,http://farm9.staticflickr.com/8026/7186962549_8682178330_z.jpg,5,0
fear,http://farm6.staticflickr.com/5576/14597198379_7796560f78_z.jpg,1,4
fear,http://farm8.staticflickr.com/7525/15694327336_e01647c71d_z.jpg,3,2
fear,http://farm9.staticflickr.com/8669/16499312396_4d3ea9a947_z.jpg,4,1
fear,http://farm4.staticflickr.com/3785/11903694254_bbe1dc0750_z.jpg,0,5
fear,http://farm4.staticflickr.com/3798/12446861265_56e99d4ede_z.jpg,5,0
fear,http://farm8.staticflickr.com/7015/6616741845_176c68021c_z.jpg,5,0
fear,http://farm4.staticflickr.com/3826/13182820294_5a67e5629b_z.jpg,5,0
fear,http://farm9.staticflickr.com/8329/8446450685_4be3512868_z.jpg,5,0
fear,http://farm4.staticflickr.com/3877/14597173749_212c70edc7_z.jpg,2,3
fear,http://farm6.staticflickr.com/5589/14597457847_f3125922b5_z.jpg,5,0
fear,http://farm3.staticflickr.com/2943/15141473308_dce59da5d4_z.jpg,5,0
fear,http://farm9.staticflickr.com/8205/8207455337_76aa980e72_z.jpg,5,0
fear,http://farm9.staticflickr.com/8463/8135168355_1ecd824c73_z.jpg,5,0
fear,http://farm9.staticflickr.com/8456/7978522003_60efb0dcc2_z.jpg,4,1
fear,http://farm6.staticflickr.com/5510/9190027185_ae757ea508_z.jpg,5,0
fear,http://farm3.staticflickr.com/2911/14423483491_d3dc0ca9b9_z.jpg,4,1
fear,http://farm9.staticflickr.com/8326/8141455824_08ae424c1d_z.jpg,3,2
fear,http://farm4.staticflickr.com/3747/13900090011_931f82a795_z.jpg,4,0
fear,http://farm9.staticflickr.com/8294/7771666368_59fc9d1c3b_z.jpg,5,0
fear,http://farm9.staticflickr.com/8228/8480340097_a347dde7f6_z.jpg,5,0
fear,http://farm9.staticflickr.com/8105/8626095334_d108097c88_z.jpg,5,0
fear,http://farm4.staticflickr.com/3675/11103616025_b0596117f3_z.jpg,4,1
fear,http://farm9.staticflickr.com/8487/8198748753_45a7b8a75a_z.jpg,5,0
fear,http://farm4.staticflickr.com/3868/14975481162_ed8f236571_z.jpg,5,0
fear,http://farm8.staticflickr.com/7178/6916818303_3f6611bf01_z.jpg,3,2
fear,http://farm4.staticflickr.com/3808/10825365243_fe9a486803_z.jpg,5,0
fear,http://farm8.staticflickr.com/7409/10945890774_bee1b635aa_z.jpg,5,0
fear,http://farm9.staticflickr.com/8195/8088901603_61763edf3a_z.jpg,5,0
fear,http://farm8.staticflickr.com/7309/10383553866_002400c2ce_z.jpg,5,0
fear,http://farm9.staticflickr.com/8064/8235431687_0d1203ab59_z.jpg,5,0
fear,http://farm9.staticflickr.com/8346/8266578514_fa713a0927_z.jpg,5,0
fear,http://farm9.staticflickr.com/8488/8184509894_ffe753d781_z.jpg,5,0
fear,http://farm9.staticflickr.com/8454/8047655430_dc27b18abf_z.jpg,5,0
fear,http://farm3.staticflickr.com/2908/14435815800_a4f52dd4b6_z.jpg,5,0
fear,http://farm4.staticflickr.com/3880/15087362487_220dab7fca_z.jpg,4,1
fear,http://farm8.staticflickr.com/7045/6893538068_e3608da11e_z.jpg,5,0
fear,http://farm6.staticflickr.com/5614/15333610347_d8dd36f728_z.jpg,5,0
fear,http://farm3.staticflickr.com/2938/14239166455_385b76490a_z.jpg,5,0
fear,http://farm3.staticflickr.com/2940/14179380258_b9e634a9fa_z.jpg,4,1
fear,http://farm9.staticflickr.com/8047/8393351072_14a6984fbb_z.jpg,5,0
fear,http://farm9.staticflickr.com/8388/8683859033_38a44d8e84_z.jpg,5,0
fear,http://farm9.staticflickr.com/8578/15631936486_ed06e61198_z.jpg,5,0
fear,http://farm8.staticflickr.com/7311/8736656536_8dcbcb66b5_z.jpg,4,0
fear,http://farm6.staticflickr.com/5554/14781583194_20c2d3274f_z.jpg,5,0
fear,http://farm6.staticflickr.com/5605/15496021951_e9d6fe1020_z.jpg,0,5
fear,http://farm3.staticflickr.com/2898/14783508242_98f9c8f5f9_z.jpg,5,0
fear,http://farm4.staticflickr.com/3838/14783630182_fe0ed90af7_z.jpg,5,0
fear,http://farm4.staticflickr.com/3895/14783567742_110574204e_z.jpg,2,3
fear,http://farm9.staticflickr.com/8344/8184554436_a4a0cfb1d2_z.jpg,5,0
fear,http://farm8.staticflickr.com/7193/6796980624_5cf9c2fe49_z.jpg,5,0
fear,http://farm4.staticflickr.com/3900/14781644104_84fccc39b6_z.jpg,5,0
fear,http://farm9.staticflickr.com/8522/8632494025_13834f0773_z.jpg,1,4
fear,http://farm9.staticflickr.com/8110/8577043924_20b18af068_z.jpg,4,1
fear,http://farm9.staticflickr.com/8549/8705441683_a5e484221d_z.jpg,5,0
fear,http://farm3.staticflickr.com/2864/9004691974_1c95a3330d_z.jpg,5,0
fear,http://farm8.staticflickr.com/7182/7001019618_fc6a64cda0_z.jpg,5,0
fear,http://farm9.staticflickr.com/8205/8204577196_bd0d261e6a_z.jpg,0,5
fear,http://farm6.staticflickr.com/5478/10633409666_58772a7426_z.jpg,4,1
fear,http://farm9.staticflickr.com/8201/8228789603_3500bd8b4b_z.jpg,5,0
fear,http://farm3.staticflickr.com/2933/14349649620_05a00df82c_z.jpg,5,0
fear,http://farm9.staticflickr.com/8464/8420474563_3638e10d1d_z.jpg,5,0
fear,http://farm8.staticflickr.com/7126/7001062495_23fbee12ae_z.jpg,4,1
fear,http://farm6.staticflickr.com/5117/6939617246_83f54cc8c8_z.jpg,5,0
fear,http://farm8.staticflickr.com/7344/9602752926_818419869a_z.jpg,5,0
fear,http://farm8.staticflickr.com/7471/15413714773_a6992c2308_z.jpg,5,0
fear,http://farm3.staticflickr.com/2909/14783926955_91cd70e61f_z.jpg,4,1
fear,http://farm8.staticflickr.com/7181/6839065802_23505a2b6b_z.jpg,5,0
fear,http://farm4.staticflickr.com/3778/9440075385_46d1b6d267_z.jpg,5,0
fear,http://farm8.staticflickr.com/7456/12423487875_da9c43fb44_z.jpg,5,0
fear,http://farm4.staticflickr.com/3756/10137919583_1c08045214_z.jpg,3,2
fear,http://farm7.staticflickr.com/6105/6995375671_8c52423b20_z.jpg,5,0
fear,http://farm3.staticflickr.com/2921/14597287638_0879a045b0_z.jpg,10,0
fear,http://farm8.staticflickr.com/7288/8740065238_de48b00fa2_z.jpg,5,0
fear,http://farm9.staticflickr.com/8513/8427909945_faa3a8e333_z.jpg,5,0
fear,http://farm6.staticflickr.com/5587/14780759171_4b71f1089c_z.jpg,3,1
fear,http://farm4.staticflickr.com/3902/14481319001_932c8be42f_z.jpg,5,0
fear,http://farm4.staticflickr.com/3678/12380102653_8028284dc3_z.jpg,5,0
fear,http://farm9.staticflickr.com/8483/8187172281_c82af65cb4_z.jpg,4,0
fear,http://farm4.staticflickr.com/3855/14597135590_c877fa4f17_z.jpg,4,1
fear,http://farm3.staticflickr.com/2819/9670150563_f34e0d5731_z.jpg,5,0
fear,http://farm9.staticflickr.com/8203/8202589412_9eb9d8d796_z.jpg,5,0
fear,http://farm9.staticflickr.com/8621/15846652599_c0b111e0dc_z.jpg,5,0
fear,http://farm6.staticflickr.com/5556/14803718803_35521e41fc_z.jpg,2,3
fear,http://farm4.staticflickr.com/3913/14598110429_237526f10d_z.jpg,5,0
fear,http://farm8.staticflickr.com/7310/9936305075_19a573e614_z.jpg,5,0
fear,http://farm9.staticflickr.com/8497/8330806882_4c6076b5be_z.jpg,5,0
fear,http://farm3.staticflickr.com/2916/14390672715_f6d31f3a0e_z.jpg,5,0
fear,http://farm8.staticflickr.com/7056/13332713435_20d5743851_z.jpg,4,1
fear,http://farm4.staticflickr.com/3945/15571882588_bc17190739_z.jpg,5,0
fear,http://farm8.staticflickr.com/7539/16131858371_7e847d2a46_z.jpg,5,0
fear,http://farm8.staticflickr.com/7284/8739021493_1b20d7bfc2_z.jpg,5,0
fear,http://farm8.staticflickr.com/7217/7213084106_6e0a99cbbf_z.jpg,5,0
fear,http://farm4.staticflickr.com/3836/14856461928_5e593162e9_z.jpg,5,0
fear,http://farm9.staticflickr.com/8292/7530491700_3eb9f7e0eb_z.jpg,3,2
fear,http://farm9.staticflickr.com/8390/8545512388_e95cb5dffa_z.jpg,5,0
fear,http://farm8.staticflickr.com/7313/13093093845_de5b9ba416_z.jpg,5,0
fear,http://farm8.staticflickr.com/7135/7763109068_20ae79f67f_z.jpg,5,0
fear,http://farm9.staticflickr.com/8251/8664032595_b207bbb06c_z.jpg,5,0
fear,http://farm4.staticflickr.com/3809/12183223225_d4cf088f9b_z.jpg,5,0
fear,http://farm6.staticflickr.com/5511/9590285050_562917c236_z.jpg,4,1
fear,http://farm9.staticflickr.com/8067/8241724955_01c5df7216_z.jpg,4,1
fear,http://farm8.staticflickr.com/7283/8744850318_8f15784a81_z.jpg,5,0
fear,http://farm9.staticflickr.com/8329/8123903366_aa2e728dcd_z.jpg,5,0
fear,http://farm4.staticflickr.com/3917/14597341898_66a66ccc46_z.jpg,5,0
fear,http://farm3.staticflickr.com/2880/13153776784_89d06981eb_z.jpg,5,0
fear,http://farm9.staticflickr.com/8577/15976575116_f919b513f5_z.jpg,5,0
fear,http://farm3.staticflickr.com/2810/11179779586_b1ea7bd1ae_z.jpg,4,0
fear,http://farm4.staticflickr.com/3869/15164675076_2000b690a5_z.jpg,5,0
fear,http://farm3.staticflickr.com/2907/14267277413_b120f531b1_z.jpg,5,0
fear,http://farm6.staticflickr.com/5507/11465742925_b9472265f9_z.jpg,5,0
fear,http://farm4.staticflickr.com/3670/9448141595_240606a7a0_z.jpg,4,1
fear,http://farm6.staticflickr.com/5488/14024825529_b1c4e2a402_z.jpg,3,2
fear,http://farm8.staticflickr.com/7563/15258880834_6a2afd6a59_z.jpg,5,0
fear,http://farm3.staticflickr.com/2924/14780731021_2dc88801a8_z.jpg,3,2
fear,http://farm3.staticflickr.com/2875/9428219971_77438d8c33_z.jpg,4,1
fear,http://farm8.staticflickr.com/7314/14147382485_1ceb444951_z.jpg,5,0
fear,http://farm9.staticflickr.com/8238/8576026481_1f949c71a3_z.jpg,4,1
fear,http://farm9.staticflickr.com/8258/8665828635_d564ce4a75_z.jpg,4,1
fear,http://farm4.staticflickr.com/3931/15222837698_d184cd6f74_z.jpg,5,0
fear,http://farm8.staticflickr.com/7512/15470812524_0c7949d4c3_z.jpg,5,0
fear,http://farm9.staticflickr.com/8248/8525065234_405db35032_z.jpg,5,0
fear,http://farm8.staticflickr.com/7327/13110397915_141a67fd5f_z.jpg,5,0
fear,http://farm9.staticflickr.com/8454/8005916431_ea63ab828e_z.jpg,5,0
fear,http://farm9.staticflickr.com/8143/7645939372_1724ba6093_z.jpg,4,0
fear,http://farm4.staticflickr.com/3709/10335115215_b810718659_z.jpg,5,0
fear,http://farm4.staticflickr.com/3901/14780842401_5831c73dd6_z.jpg,5,0
fear,http://farm3.staticflickr.com/2837/9644199049_ea885c42e1_z.jpg,5,0
fear,http://farm9.staticflickr.com/8093/8587651735_9d951ab146_z.jpg,3,2
fear,http://farm9.staticflickr.com/8605/16016104791_aef4bd5c2f_z.jpg,5,0
fear,http://farm6.staticflickr.com/5553/14912581278_ee0c11da27_z.jpg,3,2
fear,http://farm9.staticflickr.com/8515/8529066698_1dee5f3df7_z.jpg,4,1
fear,http://farm9.staticflickr.com/8464/8094752776_069c7d4910_z.jpg,4,1
fear,http://farm9.staticflickr.com/8299/8013796867_f033c6aa05_z.jpg,4,0
fear,http://farm6.staticflickr.com/5518/11128324113_d90f66c949_z.jpg,5,0
fear,http://farm9.staticflickr.com/8044/8435656351_1b90ef4f01_z.jpg,5,0
fear,http://farm9.staticflickr.com/8108/8610906997_2d92634a03_z.jpg,5,0
fear,http://farm9.staticflickr.com/8118/8658721224_1afe7206a0_z.jpg,4,1
fear,http://farm3.staticflickr.com/2871/9368346973_dbde53c67c_z.jpg,5,0
fear,http://farm4.staticflickr.com/3885/14630182292_3dbe1abfed_z.jpg,4,1
fear,http://farm4.staticflickr.com/3746/11973149984_6d7aa8084e_z.jpg,5,0
fear,http://farm8.staticflickr.com/7048/6960893581_ff50ab9e86_z.jpg,4,0
fear,http://farm6.staticflickr.com/5548/10382801915_bc4e889d56_z.jpg,4,1
fear,http://farm4.staticflickr.com/3765/13923836354_4a7ecf4449_z.jpg,5,0
fear,http://farm9.staticflickr.com/8276/8776788665_f0d1253b5d_z.jpg,5,0
fear,http://farm6.staticflickr.com/5493/10225097304_fc6e256e5c_z.jpg,5,0
fear,http://farm9.staticflickr.com/8522/8477518240_6a37e97dda_z.jpg,5,0
fear,http://farm4.staticflickr.com/3887/14457994620_d1aea376da_z.jpg,3,1
fear,http://farm8.staticflickr.com/7130/7614544962_bc108f1a1d_z.jpg,5,0
fear,http://farm9.staticflickr.com/8181/7914529400_054f820b0e_z.jpg,5,0
fear,http://farm8.staticflickr.com/7562/15860734315_949dd54fbb_z.jpg,4,1
fear,http://farm3.staticflickr.com/2885/11312873445_3e82be3e10_z.jpg,5,0
fear,http://farm4.staticflickr.com/3837/15086908099_018c21354f_z.jpg,4,0
fear,http://farm4.staticflickr.com/3929/15556958732_6c38f907b0_z.jpg,5,0
fear,http://farm9.staticflickr.com/8034/7945108646_43bbeb2262_z.jpg,5,0
fear,http://farm8.staticflickr.com/7071/6887637482_113d6d2ed8_z.jpg,5,0
fear,http://farm6.staticflickr.com/5557/14951405779_e06e66b12c_z.jpg,3,1
fear,http://farm9.staticflickr.com/8665/15689449139_242cf58577_z.jpg,5,0
fear,http://farm6.staticflickr.com/5576/14779918772_13dd07be9e_z.jpg,4,1
fear,http://farm6.staticflickr.com/5547/12782028253_63362c7c79_z.jpg,5,0
fear,http://farm3.staticflickr.com/2943/15356751215_acb6658717_z.jpg,4,1
fear,http://farm9.staticflickr.com/8104/8454006161_b8bfc353ab_z.jpg,5,0
fear,http://farm8.staticflickr.com/7162/6623417343_0655fe974c_z.jpg,1,4
fear,http://farm8.staticflickr.com/7340/10388183006_17ce902697_z.jpg,2,2
fear,http://farm4.staticflickr.com/3709/13834609864_191b490844_z.jpg,1,4
fear,http://farm6.staticflickr.com/5236/7371661912_687a250c62_z.jpg,5,0
fear,http://farm6.staticflickr.com/5549/11834518906_fa803b866f_z.jpg,1,4
fear,http://farm6.staticflickr.com/5567/14597398479_2314658b57_z.jpg,4,1
fear,http://farm9.staticflickr.com/8506/8557987183_7b0856f3e1_z.jpg,5,0
fear,http://farm6.staticflickr.com/5493/10639619765_f3dbddc383_z.jpg,5,0
fear,http://farm9.staticflickr.com/8683/16331500391_7c7a7f3d8b_z.jpg,4,1
fear,http://farm4.staticflickr.com/3681/10094412305_b3ee6cabfa_z.jpg,4,1
fear,http://farm3.staticflickr.com/2814/10395027556_1998605aa3_z.jpg,3,2
fear,http://farm4.staticflickr.com/3767/12556450613_72d989e6a9_z.jpg,5,0
fear,http://farm4.staticflickr.com/3677/10824925905_0a51e739e9_z.jpg,5,0
fear,http://farm8.staticflickr.com/7326/12814307294_e0debf23c8_z.jpg,3,2
fear,http://farm8.staticflickr.com/7128/7808373556_9b7c4be1a5_z.jpg,5,0
fear,http://farm6.staticflickr.com/5525/13934486940_102a34256b_z.jpg,1,4
fear,http://farm4.staticflickr.com/3740/10388606656_b4792b05dc_z.jpg,3,2
fear,http://farm9.staticflickr.com/8256/8676296051_c4db22d0f3_z.jpg,4,1
fear,http://farm8.staticflickr.com/7367/9411757241_b9c653e247_z.jpg,5,0
fear,http://farm4.staticflickr.com/3902/14936808342_8e5e842f2d_z.jpg,1,4
fear,http://farm9.staticflickr.com/8446/7795659152_5d05b26d22_z.jpg,5,0
fear,http://farm3.staticflickr.com/2942/15155012750_3b1cc726bf_z.jpg,5,0
fear,http://farm3.staticflickr.com/2927/14597356169_c88b929916_z.jpg,4,1
fear,http://farm8.staticflickr.com/7075/6850836170_d30680ecc5_z.jpg,4,1
fear,http://farm9.staticflickr.com/8479/8181402988_6f17a17413_z.jpg,2,3
fear,http://farm4.staticflickr.com/3684/9300697534_ba28d394bb_z.jpg,3,2
fear,http://farm9.staticflickr.com/8179/7969209476_11d54a2585_z.jpg,5,0
fear,http://farm6.staticflickr.com/5474/14382053630_9c0e226d55_z.jpg,4,1
fear,http://farm3.staticflickr.com/2818/12855672763_e04d484356_z.jpg,4,1
fear,http://farm8.staticflickr.com/7233/7236270206_b2e0f28162_z.jpg,2,3
fear,http://farm6.staticflickr.com/5520/9099902836_ce8216b5f2_z.jpg,5,0
fear,http://farm4.staticflickr.com/3919/14644418212_e097468874_z.jpg,5,0
fear,http://farm6.staticflickr.com/5600/15441056266_0f2628a591_z.jpg,5,0
fear,http://farm8.staticflickr.com/7526/15725530422_52eaa1175a_z.jpg,5,0
fear,http://farm9.staticflickr.com/8249/8578358660_debe099c82_z.jpg,5,0
fear,http://farm6.staticflickr.com/5599/15345733950_ab00843200_z.jpg,5,0
fear,http://farm8.staticflickr.com/7422/9429149775_d808348064_z.jpg,3,2
fear,http://farm8.staticflickr.com/7102/7198500540_028df21bfe_z.jpg,5,0
fear,http://farm4.staticflickr.com/3874/15050835666_d27f528bf7_z.jpg,5,0
fear,http://farm9.staticflickr.com/8375/8402121278_e8d4e3d698_z.jpg,5,0
fear,http://farm8.staticflickr.com/7380/11902803544_10202f6cff_z.jpg,5,0
fear,http://farm9.staticflickr.com/8373/8575723303_765787379f_z.jpg,4,1
fear,http://farm8.staticflickr.com/7030/6731294479_9d7031bee6_z.jpg,4,1
fear,http://farm8.staticflickr.com/7255/7626590444_4712a87989_z.jpg,5,0
fear,http://farm8.staticflickr.com/7325/9158066257_96c509756c_z.jpg,4,1
fear,http://farm9.staticflickr.com/8382/8483888280_d1b974a397_z.jpg,5,0
fear,http://farm9.staticflickr.com/8241/8465118015_cb46358c66_z.jpg,5,0
fear,http://farm8.staticflickr.com/7487/15865425028_90cc033d2e_z.jpg,5,0
fear,http://farm9.staticflickr.com/8230/8531745361_0e33e3e20a_z.jpg,5,0
fear,http://farm8.staticflickr.com/7119/7069080725_ce20007493_z.jpg,5,0
fear,http://farm8.staticflickr.com/7551/15694419507_109e8ec617_z.jpg,4,1
fear,http://farm3.staticflickr.com/2948/15174097249_cbd40b1d81_z.jpg,4,0
fear,http://farm6.staticflickr.com/5590/14597276550_7652385b16_z.jpg,5,0
fear,http://farm8.staticflickr.com/7135/7504631958_1790bdd64e_z.jpg,4,0
fear,http://farm4.staticflickr.com/3676/11174987906_816b4d8071_z.jpg,1,4
fear,http://farm9.staticflickr.com/8053/8414935591_3149e82b4b_z.jpg,0,5
fear,http://farm8.staticflickr.com/7055/6782354558_b2611f78b3_z.jpg,2,3
fear,http://farm4.staticflickr.com/3807/9725053736_1e0e58901c_z.jpg,5,0
fear,http://farm3.staticflickr.com/2918/14783969975_4f8f9a10c7_z.jpg,3,0
fear,http://farm8.staticflickr.com/7523/15692267128_89fbfa76ea_z.jpg,5,0
fear,http://farm9.staticflickr.com/8025/7660251542_e9678735f1_z.jpg,5,0
fear,http://farm8.staticflickr.com/7328/10219663823_1c62bbe6ed_z.jpg,4,1
fear,http://farm6.staticflickr.com/5559/14597309730_9cea24551c_z.jpg,5,0
fear,http://farm9.staticflickr.com/8237/8452043207_3f00db858c_z.jpg,5,0
fear,http://farm6.staticflickr.com/5557/15013490225_7b1e878bc4_z.jpg,1,4
fear,http://farm8.staticflickr.com/7459/12515624985_357026d4af_z.jpg,5,0
fear,http://farm8.staticflickr.com/7208/6934591867_5681ae751d_z.jpg,5,0
fear,http://farm3.staticflickr.com/2920/14580393134_6879326d7b_z.jpg,3,2
fear,http://farm6.staticflickr.com/5614/15110587483_a74070486b_z.jpg,3,2
fear,http://farm8.staticflickr.com/7357/9558182361_46a27d2312_z.jpg,5,0
fear,http://farm4.staticflickr.com/3824/9601671522_005ec7b811_z.jpg,5,0
fear,http://farm4.staticflickr.com/3768/12054084826_e860cca651_z.jpg,5,0
fear,http://farm4.staticflickr.com/3834/8970552632_ff25afa1bf_z.jpg,5,0
fear,http://farm3.staticflickr.com/2818/9253275963_8b9c4e7666_z.jpg,5,0
fear,http://farm8.staticflickr.com/7285/9493798114_8abacb8460_z.jpg,5,0
fear,http://farm8.staticflickr.com/7389/10090725326_47b79a526f_z.jpg,5,0
fear,http://farm6.staticflickr.com/5196/6950535696_cf8a987149_z.jpg,5,0
fear,http://farm8.staticflickr.com/7082/7204360118_94b5b93263_z.jpg,5,0
fear,http://farm3.staticflickr.com/2938/14780752991_8a5b207b58_z.jpg,5,0
fear,http://farm6.staticflickr.com/5114/6905616940_a03e5a834c_z.jpg,5,0
fear,http://farm9.staticflickr.com/8677/15936015762_e1852d34e6_z.jpg,5,0
fear,http://farm3.staticflickr.com/2831/12368697284_9ba4db51c7_z.jpg,5,0
fear,http://farm8.staticflickr.com/7391/11899738145_633ff9a322_z.jpg,5,0
fear,http://farm8.staticflickr.com/7456/12067739413_fd747ba54c_z.jpg,5,0
fear,http://farm3.staticflickr.com/2822/11315771563_cf3b6149e9_z.jpg,4,1
fear,http://farm8.staticflickr.com/7555/15890950346_a5353e4182_z.jpg,5,0
fear,http://farm9.staticflickr.com/8346/8172927338_23d82a3d97_z.jpg,3,2
fear,http://farm9.staticflickr.com/8531/8639359283_5ca95f7bc6_z.jpg,5,0
fear,http://farm4.staticflickr.com/3870/14783963675_9bfe2f8302_z.jpg,5,0
fear,http://farm9.staticflickr.com/8118/8637763678_185e5bd947_z.jpg,5,0
fear,http://farm3.staticflickr.com/2871/10562592393_fe854d8034_z.jpg,5,0
fear,http://farm8.staticflickr.com/7314/10945893094_7edece1c60_z.jpg,5,0
fear,http://farm4.staticflickr.com/3954/15734375262_558d913fe7_z.jpg,3,1
fear,http://farm9.staticflickr.com/8264/8702406432_a292a4dd7c_z.jpg,5,0
fear,http://farm8.staticflickr.com/7382/8966786841_6e28cb6829_z.jpg,3,2
fear,http://farm6.staticflickr.com/5570/15202420875_babeec8564_z.jpg,5,0
fear,http://farm8.staticflickr.com/7067/6881248455_0a7abc5447_z.jpg,0,5
fear,http://farm9.staticflickr.com/8284/7772500820_e00fdca14d_z.jpg,5,0
fear,http://farm9.staticflickr.com/8257/8636105690_9eb2770e8c_z.jpg,5,0
fear,http://farm3.staticflickr.com/2866/10825348903_991a99f881_z.jpg,5,0
fear,http://farm3.staticflickr.com/2895/14785031795_a91fb0a837_z.jpg,1,4
fear,http://farm9.staticflickr.com/8107/8578367696_97253c6118_z.jpg,5,0
fear,http://farm9.staticflickr.com/8266/8696146136_09fec4b887_z.jpg,5,0
fear,http://farm4.staticflickr.com/3941/15082542503_d1ecd102c8_z.jpg,2,2
fear,http://farm4.staticflickr.com/3689/9412520512_6cd60955bb_z.jpg,5,0
fear,http://farm4.staticflickr.com/3838/14927724527_e8315fd056_z.jpg,4,1
fear,http://farm8.staticflickr.com/7115/7660101630_fb9bcbd798_z.jpg,1,4
fear,http://farm9.staticflickr.com/8097/8403474445_0da658f798_z.jpg,4,1
fear,http://farm4.staticflickr.com/3886/14760849736_2a13212ef3_z.jpg,9,1
fear,http://farm9.staticflickr.com/8329/8088578214_08f5698fa1_z.jpg,2,3
fear,http://farm3.staticflickr.com/2849/9724159434_e1fd73b3f8_z.jpg,4,1
fear,http://farm9.staticflickr.com/8282/7712929816_99260b18da_z.jpg,5,0
fear,http://farm4.staticflickr.com/3809/10126069316_2b0941d2f1_z.jpg,4,1
fear,http://farm9.staticflickr.com/8244/8632618389_d9848ce190_z.jpg,0,5
fear,http://farm8.staticflickr.com/7521/15990245037_bf82927d08_z.jpg,4,1
fear,http://farm8.staticflickr.com/7023/13183515285_723db25622_z.jpg,5,0
fear,http://farm8.staticflickr.com/7029/13272779075_7b43ec3402_z.jpg,5,0
fear,http://farm9.staticflickr.com/8424/7865325750_4123970411_z.jpg,5,0
fear,http://farm9.staticflickr.com/8087/8448956733_8a40a5d89f_z.jpg,5,0
fear,http://farm4.staticflickr.com/3907/14597449077_61dbe8a33d_z.jpg,4,1
fear,http://farm8.staticflickr.com/7144/6823607921_e602218b39_z.jpg,3,2
fear,http://farm3.staticflickr.com/2842/9119190400_86d49035cf_z.jpg,3,2
fear,http://farm8.staticflickr.com/7156/6679005789_d8b199f80d_z.jpg,5,0
fear,http://farm8.staticflickr.com/7389/8797719848_22f3d2f705_z.jpg,1,4
fear,http://farm8.staticflickr.com/7335/11047893216_53709abce2_z.jpg,5,0
fear,http://farm9.staticflickr.com/8490/8216040268_4213290a02_z.jpg,4,1
fear,http://farm3.staticflickr.com/2862/13287355435_25bb246e39_z.jpg,5,0
fear,http://farm8.staticflickr.com/7015/6748617569_15f0f082be_z.jpg,1,4
fear,http://farm9.staticflickr.com/8536/8633588845_1c56d763a4_z.jpg,5,0
fear,http://farm3.staticflickr.com/2909/14555482873_38c194b354_z.jpg,5,0
fear,http://farm8.staticflickr.com/7298/10020977583_d780db06a3_z.jpg,5,0
fear,http://farm8.staticflickr.com/7408/10164389013_d317d0eb14_z.jpg,5,0
fear,http://farm9.staticflickr.com/8101/8459309046_3bacb911c0_z.jpg,4,1
fear,http://farm4.staticflickr.com/3675/10553219753_1e4450bdf6_z.jpg,5,0
fear,http://farm3.staticflickr.com/2916/14258944389_7019873cce_z.jpg,5,0
fear,http://farm9.staticflickr.com/8527/8585152051_c0662f5dce_z.jpg,3,2
fear,http://farm8.staticflickr.com/7280/6987785624_7754b9099e_z.jpg,5,0
fear,http://farm4.staticflickr.com/3861/14483524624_001f0e953b_z.jpg,4,0
fear,http://farm8.staticflickr.com/7493/15199369573_924a44c6ab_z.jpg,4,1
fear,http://farm3.staticflickr.com/2893/13403115633_f9e9978a5c_z.jpg,2,3
fear,http://farm3.staticflickr.com/2947/15181911558_a5b4a5e488_z.jpg,4,1
fear,http://farm8.staticflickr.com/7240/7367276590_554904550f_z.jpg,5,0
fear,http://farm3.staticflickr.com/2910/14783628862_7f457e99c2_z.jpg,5,0
fear,http://farm8.staticflickr.com/7337/9607817211_b57b480f3c_z.jpg,4,0
fear,http://farm4.staticflickr.com/3920/14597371828_608d93b0d5_z.jpg,5,0
fear,http://farm4.staticflickr.com/3947/15012166083_6b7f8ab731_z.jpg,5,0
fear,http://farm9.staticflickr.com/8443/7995028827_ebc1e50dc2_z.jpg,4,1
fear,http://farm9.staticflickr.com/8221/8299264659_55e62bae1e_z.jpg,5,0
fear,http://farm9.staticflickr.com/8582/15713582997_5e59849c0e_z.jpg,5,0
fear,http://farm6.staticflickr.com/5506/14272978838_8ee7819927_z.jpg,4,1
fear,http://farm3.staticflickr.com/2904/14047898154_225003a49b_z.jpg,5,0
fear,http://farm4.staticflickr.com/3843/14984149146_21fcfc9c83_z.jpg,5,0
fear,http://farm8.staticflickr.com/7369/10519447436_0261caaebf_z.jpg,3,2
fear,http://farm3.staticflickr.com/2866/9078137971_7fc0be0167_z.jpg,5,0
fear,http://farm8.staticflickr.com/7351/8719387364_d8f9db8e2c_z.jpg,5,0
fear,http://farm8.staticflickr.com/7354/8715622076_44eeed6fed_z.jpg,5,0
fear,http://farm8.staticflickr.com/7130/7883166694_7c1a5e4f3b_z.jpg,5,0
fear,http://farm9.staticflickr.com/8250/8580173867_951887efcb_z.jpg,5,0
fear,http://farm4.staticflickr.com/3758/9195997463_f1224d134d_z.jpg,5,0
fear,http://farm8.staticflickr.com/7391/12380187575_20bb4215f5_z.jpg,5,0
fear,http://farm9.staticflickr.com/8382/8485437981_83d27010b7_z.jpg,5,0
fear,http://farm8.staticflickr.com/7275/13547169133_80685f0465_z.jpg,4,1
fear,http://farm8.staticflickr.com/7187/6799404900_f0bbf9e8e4_z.jpg,4,1
fear,http://farm4.staticflickr.com/3716/10259685013_2c4604ea5c_z.jpg,4,1
fear,http://farm9.staticflickr.com/8251/8624815516_ce4e49792a_z.jpg,5,0
fear,http://farm6.staticflickr.com/5591/15012509338_c04a0d2505_z.jpg,4,0
fear,http://farm3.staticflickr.com/2882/12495017723_9fd3a888da_z.jpg,5,0
fear,http://farm9.staticflickr.com/8538/8629005442_167c4f279e_z.jpg,3,2
fear,http://farm9.staticflickr.com/8328/8371349488_c95d3bac55_z.jpg,5,0
fear,http://farm8.staticflickr.com/7062/6968249309_4dd6ee158a_z.jpg,5,0
fear,http://farm3.staticflickr.com/2862/9107267213_894716340b_z.jpg,2,3
fear,http://farm8.staticflickr.com/7551/15235834774_bd84f98a16_z.jpg,4,1
fear,http://farm4.staticflickr.com/3787/10500290644_6ccf227006_z.jpg,5,0
fear,http://farm8.staticflickr.com/7098/7284241778_2e3a800a98_z.jpg,1,4
fear,http://farm6.staticflickr.com/5529/10824761555_c429f2b176_z.jpg,5,0
fear,http://farm9.staticflickr.com/8330/8092046311_e817345737_z.jpg,5,0
fear,http://farm6.staticflickr.com/5343/7229265992_bd38a2b1de_z.jpg,5,0
fear,http://farm9.staticflickr.com/8141/7104745553_7714c286cf_z.jpg,2,3
fear,http://farm9.staticflickr.com/8519/8645508639_5afd4b8a6d_z.jpg,5,0
fear,http://farm8.staticflickr.com/7123/7725371608_60f9e607a0_z.jpg,4,0
fear,http://farm3.staticflickr.com/2930/14329217488_b5542cf49e_z.jpg,5,0
fear,http://farm3.staticflickr.com/2871/9584175817_4715f17e8a_z.jpg,5,0
fear,http://farm4.staticflickr.com/3717/12856302744_54ee98f313_z.jpg,5,0
fear,http://farm8.staticflickr.com/7352/9918533615_f2ed3f110b_z.jpg,4,1
fear,http://farm4.staticflickr.com/3812/12316574083_a24fd3a82e_z.jpg,4,1
fear,http://farm4.staticflickr.com/3946/14984040444_ccbe15c0bf_z.jpg,4,1
fear,http://farm6.staticflickr.com/5544/12098987264_5693940119_z.jpg,5,0
fear,http://farm8.staticflickr.com/7263/7714657974_93d2f7bd8c_z.jpg,5,0
fear,http://farm8.staticflickr.com/7015/6736655421_b1b053c945_z.jpg,5,0
fear,http://farm8.staticflickr.com/7571/15848243989_b110d9334b_z.jpg,3,2
fear,http://farm3.staticflickr.com/2841/10383537036_4fc7353710_z.jpg,4,1
fear,http://farm8.staticflickr.com/7420/12583585513_5e4c02ddba_z.jpg,5,0
fear,http://farm9.staticflickr.com/8073/8292076013_33e51686fc_z.jpg,5,0
fear,http://farm8.staticflickr.com/7301/9424124702_303ba23a39_z.jpg,4,1
fear,http://farm6.staticflickr.com/5616/15525710202_daed5fcc5e_z.jpg,4,1
fear,http://farm8.staticflickr.com/7569/15255344573_9e82ed88d4_z.jpg,3,2
fear,http://farm3.staticflickr.com/2357/1985479409_318fc9bc1a_z.jpg,1,4
fear,http://farm3.staticflickr.com/2923/14597409497_e81602c6d3_z.jpg,3,2
fear,http://farm8.staticflickr.com/7183/6779180684_bc254f7ffc_z.jpg,5,0
fear,http://farm4.staticflickr.com/3805/10529432284_7536d9ebfa_z.jpg,5,0
fear,http://farm8.staticflickr.com/7140/14018572241_dd1f4d7131_z.jpg,2,3
fear,http://farm8.staticflickr.com/7316/10528542463_22f038898e_z.jpg,3,2
fear,http://farm3.staticflickr.com/2474/12967666574_da9af6363d_z.jpg,5,0
fear,http://farm8.staticflickr.com/7455/12056626645_9363ce43f1_z.jpg,5,0
fear,http://farm8.staticflickr.com/7411/9371991865_c40f181544_z.jpg,5,0
fear,http://farm6.staticflickr.com/5591/14783622432_4894033da5_z.jpg,4,1
fear,http://farm8.staticflickr.com/7199/6884582591_4dbf9cb65d_z.jpg,5,0
fear,http://farm6.staticflickr.com/5596/14572059251_ee5380c928_z.jpg,5,0
fear,http://farm8.staticflickr.com/7278/7878225114_8ff6a0d906_z.jpg,5,0
fear,http://farm4.staticflickr.com/3709/13546963844_fefd4fa5f2_z.jpg,5,0
fear,http://farm9.staticflickr.com/8317/8031037014_2fcb38f9dc_z.jpg,5,0
fear,http://farm8.staticflickr.com/7428/10093789233_ea432f91d8_z.jpg,5,0
fear,http://farm3.staticflickr.com/2830/12383207175_d2d9d5cab7_z.jpg,5,0
fear,http://farm8.staticflickr.com/7002/6672330563_34830f85cf_z.jpg,4,1
fear,http://farm8.staticflickr.com/7270/7473074570_b8604a0a25_z.jpg,5,0
fear,http://farm9.staticflickr.com/8574/16018055815_0ae4dcb12c_z.jpg,5,0
fear,http://farm9.staticflickr.com/8086/8423388339_72f38e9be0_z.jpg,5,0
fear,http://farm4.staticflickr.com/3884/15037455250_926dd9bb94_z.jpg,5,0
fear,http://farm4.staticflickr.com/3907/14781339921_723f6847aa_z.jpg,5,0
fear,http://farm4.staticflickr.com/3828/9186734992_c0510b4b5e_z.jpg,5,0
fear,http://farm8.staticflickr.com/7317/8745936513_11bc6265da_z.jpg,5,0
fear,http://farm3.staticflickr.com/2950/15435666625_5bb2760b33_z.jpg,5,0
fear,http://farm4.staticflickr.com/3786/12253353493_76de2817f2_z.jpg,5,0
fear,http://farm3.staticflickr.com/2895/14276674266_cb87edcfc8_z.jpg,5,0
fear,http://farm4.staticflickr.com/3788/9540600840_0bdd8767a2_z.jpg,5,0
fear,http://farm9.staticflickr.com/8227/8559795491_8cd0a36403_z.jpg,5,0
fear,http://farm4.staticflickr.com/3913/14782649914_7aa925e605_z.jpg,5,0
fear,http://farm4.staticflickr.com/3755/10382527954_4bde1b7f17_z.jpg,5,0
fear,http://farm3.staticflickr.com/2861/11320583724_059dfc8b0d_z.jpg,5,0
fear,http://farm8.staticflickr.com/7291/9695562342_747ec03d0c_z.jpg,5,0
fear,http://farm9.staticflickr.com/8321/8022080638_5dfbfd0224_z.jpg,5,0
fear,http://farm9.staticflickr.com/8501/8285573546_84337325f4_z.jpg,5,0
fear,http://farm9.staticflickr.com/8281/7726889958_18a4645bdb_z.jpg,1,4
fear,http://farm9.staticflickr.com/8064/8176507590_2bf93ea606_z.jpg,4,1
fear,http://farm3.staticflickr.com/2933/14780778561_05cf060512_z.jpg,3,2
fear,http://farm7.staticflickr.com/6107/7012672097_c35af4c6dc_z.jpg,3,2
fear,http://farm4.staticflickr.com/3822/10451086004_73eace8491_z.jpg,4,1
fear,http://farm8.staticflickr.com/7266/8163594480_471b7c7b0a_z.jpg,5,0
fear,http://farm8.staticflickr.com/7577/15487389969_107e30be71_z.jpg,5,0
fear,http://farm4.staticflickr.com/3872/14781558674_f36763d8ff_z.jpg,4,1
fear,http://farm8.staticflickr.com/7222/7201654052_23785f89b2_z.jpg,2,3
fear,http://farm4.staticflickr.com/3888/14166854509_3ecd317bdb_z.jpg,4,1
fear,http://farm4.staticflickr.com/3827/9601726842_9bcf9ea87c_z.jpg,4,1
fear,http://farm4.staticflickr.com/3908/14761235636_07fa04b0a2_z.jpg,5,0
fear,http://farm4.staticflickr.com/3806/8932270242_5659596208_z.jpg,4,1
fear,http://farm8.staticflickr.com/7215/7250684410_7548fbb328_z.jpg,5,0
fear,http://farm8.staticflickr.com/7178/6920804659_41fc79cd26_z.jpg,0,5
fear,http://farm9.staticflickr.com/8085/8559982444_dc38c43f79_z.jpg,5,0
fear,http://farm8.staticflickr.com/7535/16332401092_227cbbdbb4_z.jpg,5,0
fear,http://farm4.staticflickr.com/3701/11054989733_a7117e83b0_z.jpg,5,0
fear,http://farm3.staticflickr.com/2844/12569845034_dda4138380_z.jpg,5,0
fear,http://farm3.staticflickr.com/2834/9204913341_f73a05b10a_z.jpg,4,1
fear,http://farm8.staticflickr.com/7364/12428732833_991b924bbf_z.jpg,5,0
fear,http://farm9.staticflickr.com/8455/8057479796_1d99ce7725_z.jpg,5,0
fear,http://farm8.staticflickr.com/7115/6930363446_3d1b76fd16_z.jpg,4,1
fear,http://farm8.staticflickr.com/7049/6940465075_892cb04ec6_z.jpg,5,0
fear,http://farm8.staticflickr.com/7470/15832024939_bf0dddf949_z.jpg,5,0
fear,http://farm9.staticflickr.com/8428/7754078730_8dd594d173_z.jpg,1,4
fear,http://farm6.staticflickr.com/5574/14505559909_8f82e989c4_z.jpg,5,0
fear,http://farm8.staticflickr.com/7433/11045860294_e17b3887e1_z.jpg,5,0
fear,http://farm9.staticflickr.com/8093/8456445651_666f4c3878_z.jpg,4,1
fear,http://farm6.staticflickr.com/5563/14869926321_a5e03e85d2_z.jpg,4,1
fear,http://farm9.staticflickr.com/8191/8122525176_94775dbb8f_z.jpg,5,0
fear,http://farm4.staticflickr.com/3670/13467027865_dabe3bafa3_z.jpg,1,3
fear,http://farm4.staticflickr.com/3895/14955740480_5d8b5cbc78_z.jpg,5,0
fear,http://farm3.staticflickr.com/2861/13651256355_abfa0b7ed5_z.jpg,5,0
fear,http://farm9.staticflickr.com/8307/7856367588_87ebd818a3_z.jpg,5,0
fear,http://farm6.staticflickr.com/5558/15096598870_e06b76a542_z.jpg,5,0
fear,http://farm8.staticflickr.com/7249/7540283584_2ac991263f_z.jpg,5,0
fear,http://farm6.staticflickr.com/5451/8835554287_732998a05d_z.jpg,3,2
fear,http://farm8.staticflickr.com/7172/6621170701_3f3bdcbce1_z.jpg,5,0
fear,http://farm3.staticflickr.com/2947/15198441538_b7716b05a5_z.jpg,5,0
fear,http://farm8.staticflickr.com/7206/6870029407_692a541d96_z.jpg,5,0
fear,http://farm9.staticflickr.com/8538/8701313173_ec960ca127_z.jpg,5,0
fear,http://farm6.staticflickr.com/5548/9053198966_90196208dd_z.jpg,4,1
fear,http://farm8.staticflickr.com/7360/13895462029_bc7a2f1e1c_z.jpg,4,0
fear,http://farm3.staticflickr.com/2875/10485504523_26a2e83e57_z.jpg,3,1
fear,http://farm4.staticflickr.com/3845/14807649543_38a910da14_z.jpg,4,1
fear,http://farm4.staticflickr.com/3898/14597337449_370ced18ae_z.jpg,5,0
fear,http://farm3.staticflickr.com/2859/11394838505_57962f096e_z.jpg,5,0
fear,http://farm8.staticflickr.com/7260/7444204210_721833a07a_z.jpg,5,0
fear,http://farm9.staticflickr.com/8024/7520551644_bc82a8cce0_z.jpg,5,0
fear,http://farm4.staticflickr.com/3923/14555596033_da61630d85_z.jpg,5,0
fear,http://farm9.staticflickr.com/8442/7893280382_afd6463119_z.jpg,5,0
fear,http://farm9.staticflickr.com/8290/7810063208_4d23a2db77_z.jpg,4,1
fear,http://farm3.staticflickr.com/2931/14116675503_867710116e_z.jpg,5,0
fear,http://farm9.staticflickr.com/8323/8090947556_4911a66c34_z.jpg,5,0
fear,http://farm8.staticflickr.com/7230/6924083600_dcee30d93a_z.jpg,4,1
fear,http://farm9.staticflickr.com/8314/8049262370_72aba3277d_z.jpg,5,0
fear,http://farm9.staticflickr.com/8366/8534546377_956fcb9487_z.jpg,2,3
fear,http://farm3.staticflickr.com/2861/12352404725_f9153271bf_z.jpg,5,0
fear,http://farm6.staticflickr.com/5542/10799055503_a95cb636b5_z.jpg,4,1
fear,http://farm8.staticflickr.com/7419/12423480535_e3b699e5b4_z.jpg,4,1
fear,http://farm9.staticflickr.com/8616/16158424942_145d43a11c_z.jpg,5,0
fear,http://farm8.staticflickr.com/7374/10341724385_6814a6bae3_z.jpg,5,0
fear,http://farm4.staticflickr.com/3932/15491973306_0423185e20_z.jpg,4,1
fear,http://farm9.staticflickr.com/8080/8438774017_0bcaa5f818_z.jpg,1,4
fear,http://farm4.staticflickr.com/3892/14597173900_f14e298d67_z.jpg,5,0
fear,http://farm6.staticflickr.com/5537/14153886798_35b5c0c7bd_z.jpg,0,5
fear,http://farm9.staticflickr.com/8096/8480585972_d9aa390a8f_z.jpg,5,0
fear,http://farm4.staticflickr.com/3864/15384529352_888125a89a_z.jpg,5,0
fear,http://farm8.staticflickr.com/7485/15181198703_792e30c90e_z.jpg,5,0
fear,http://farm6.staticflickr.com/5576/14364257289_8e60c9ff38_z.jpg,5,0
fear,http://farm4.staticflickr.com/3852/14783562532_cf7f827e61_z.jpg,5,0
fear,http://farm6.staticflickr.com/5581/14782809234_57a5958f7d_z.jpg,5,0
fear,http://farm9.staticflickr.com/8218/8372662760_99f6bf2001_z.jpg,5,0
fear,http://farm9.staticflickr.com/8365/8434578037_0c85361f16_z.jpg,4,1
fear,http://farm4.staticflickr.com/3803/9105783448_3a29088da2_z.jpg,5,0
fear,http://farm4.staticflickr.com/3818/10454463744_21f8a462d3_z.jpg,5,0
fear,http://farm4.staticflickr.com/3873/15042880045_5a950c7c8e_z.jpg,5,0
fear,http://farm9.staticflickr.com/8243/8537099311_ca09fd4759_z.jpg,2,3
fear,http://farm8.staticflickr.com/7113/13194351163_a1965b2b78_z.jpg,4,1
fear,http://farm6.staticflickr.com/5532/9074969029_0055d9c303_z.jpg,5,0
fear,http://farm8.staticflickr.com/7376/10901013623_1366c444a5_z.jpg,2,3
fear,http://farm8.staticflickr.com/7361/10986914245_5b8a4ed482_z.jpg,5,0
fear,http://farm6.staticflickr.com/5595/14783496052_311f343bd2_z.jpg,2,3
fear,http://farm9.staticflickr.com/8286/7668401790_afe70e7f46_z.jpg,5,0
fear,http://farm4.staticflickr.com/3717/9786994135_48e47bb459_z.jpg,5,0
fear,http://farm9.staticflickr.com/8207/8163642302_d3852549c1_z.jpg,5,0
fear,http://farm3.staticflickr.com/2836/9368152288_dc46a3701a_z.jpg,5,0
fear,http://farm9.staticflickr.com/8518/8585868024_6630e76b45_z.jpg,5,0
fear,http://farm9.staticflickr.com/8439/7831362428_13a1517b2a_z.jpg,5,0
fear,http://farm8.staticflickr.com/7292/10381207136_79b19f6039_z.jpg,1,4
fear,http://farm3.staticflickr.com/2892/9638085158_cef95ae0d9_z.jpg,5,0
fear,http://farm9.staticflickr.com/8461/8056906493_c09a8f94df_z.jpg,5,0
fear,http://farm4.staticflickr.com/3714/10342713024_7e33758e05_z.jpg,5,0
fear,http://farm3.staticflickr.com/2936/14597248549_e8a1ecfc01_z.jpg,5,0
fear,http://farm4.staticflickr.com/3727/11366004355_0ee3d13cc2_z.jpg,5,0
fear,http://farm6.staticflickr.com/5553/14597206208_fb146ee85d_z.jpg,4,0
fear,http://farm9.staticflickr.com/8429/7856019874_20523b509d_z.jpg,5,0
fear,http://farm3.staticflickr.com/2915/14780784801_56914014e3_z.jpg,10,0
fear,http://farm9.staticflickr.com/8350/8222719864_e92b469d94_z.jpg,5,0
fear,http://farm9.staticflickr.com/8079/8415826820_1ef953585c_z.jpg,5,0
fear,http://farm6.staticflickr.com/5608/15624920581_63bb05508d_z.jpg,5,0
fear,http://farm8.staticflickr.com/7555/16031824398_20f59ffab0_z.jpg,3,2
fear,http://farm3.staticflickr.com/2917/14254617244_44e9a70d67_z.jpg,4,1
fear,http://farm8.staticflickr.com/7473/15631967106_4c155f7571_z.jpg,5,0
fear,http://farm4.staticflickr.com/3847/14781278701_9299056b70_z.jpg,5,0
fear,http://farm9.staticflickr.com/8523/8620685584_1edb80a5bf_z.jpg,2,3
fear,http://farm8.staticflickr.com/7363/12688976393_8bccf12686_z.jpg,5,0
fear,http://farm9.staticflickr.com/8259/8664165930_d21a54e6bb_z.jpg,4,1
fear,http://farm9.staticflickr.com/8457/7991726168_3bcacf6f75_z.jpg,2,3
fear,http://farm4.staticflickr.com/3725/10637975975_5c086d7769_z.jpg,3,2
fear,http://farm8.staticflickr.com/7271/6971510946_cab8d822bc_z.jpg,1,4
fear,http://farm6.staticflickr.com/5478/12184383286_8ca87af10a_z.jpg,5,0
fear,http://farm3.staticflickr.com/2917/14467158144_84830e1cf4_z.jpg,5,0
fear,http://farm4.staticflickr.com/3911/14597304358_9d68002b88_z.jpg,4,1
fear,http://farm9.staticflickr.com/8530/8513357824_656aca6b57_z.jpg,5,0
fear,http://farm4.staticflickr.com/3944/15588175512_5731729f7f_z.jpg,4,1
fear,http://farm3.staticflickr.com/2888/12954701673_83711d8394_z.jpg,4,0
fear,http://farm8.staticflickr.com/7209/6899301467_a0c78aa28c_z.jpg,5,0
fear,http://farm8.staticflickr.com/7049/6781530958_a9dc19136c_z.jpg,5,0
fear,http://farm4.staticflickr.com/3862/14760942806_55d7553019_z.jpg,5,0
fear,http://farm4.staticflickr.com/3785/10117659193_d0ffc00eee_z.jpg,1,4
fear,http://farm4.staticflickr.com/3874/15042595922_f857b4d190_z.jpg,4,1
fear,http://farm9.staticflickr.com/8189/8112556017_4b3df7b3cf_z.jpg,1,4
fear,http://farm3.staticflickr.com/2830/9766480261_cb18452c43_z.jpg,5,0
fear,http://farm8.staticflickr.com/7468/15687222551_bba06c4b41_z.jpg,4,1
fear,http://farm4.staticflickr.com/3684/9104888468_5b60d784bc_z.jpg,4,1
fear,http://farm9.staticflickr.com/8394/8694840201_7f0bd78a84_z.jpg,5,0
fear,http://farm3.staticflickr.com/2872/9008693422_ef54ca857b_z.jpg,3,2
fear,http://farm3.staticflickr.com/2824/13309599364_8b33eb9c42_z.jpg,5,0
fear,http://farm9.staticflickr.com/8349/8241634793_f89fd5222b_z.jpg,5,0
fear,http://farm4.staticflickr.com/3863/14754682632_551c278003_z.jpg,4,1
fear,http://farm4.staticflickr.com/3840/14718932937_0f94233169_z.jpg,5,0
fear,http://farm8.staticflickr.com/7254/6993228668_642f133953_z.jpg,1,4
fear,http://farm6.staticflickr.com/5118/7424548480_72f6fc65b2_z.jpg,5,0
fear,http://farm4.staticflickr.com/3811/10374061604_22be375521_z.jpg,5,0
fear,http://farm4.staticflickr.com/3948/15576676479_25e29a70b4_z.jpg,2,3
fear,http://farm8.staticflickr.com/7111/13328092614_f5dd98b90a_z.jpg,5,0
fear,http://farm8.staticflickr.com/7135/6863526540_f7a4674ede_z.jpg,5,0
fear,http://farm9.staticflickr.com/8141/7302812316_7c8094f28d_z.jpg,5,0
fear,http://farm9.staticflickr.com/8307/7945100784_3cb1ccdbe5_z.jpg,5,0
fear,http://farm8.staticflickr.com/7408/13316622543_3d83133e5f_z.jpg,2,3
fear,http://farm8.staticflickr.com/7310/12836976353_ef47bbcc8e_z.jpg,5,0
fear,http://farm9.staticflickr.com/8018/7498637560_f6a473afd1_z.jpg,5,0
fear,http://farm4.staticflickr.com/3864/14780876051_5d2727b8e7_z.jpg,5,0
fear,http://farm9.staticflickr.com/8522/8546381873_26cf23bc9a_z.jpg,5,0
fear,http://farm9.staticflickr.com/8332/8088499071_cf24035a84_z.jpg,5,0
fear,http://farm6.staticflickr.com/5570/14493823858_91d6e505ec_z.jpg,4,1
fear,http://farm9.staticflickr.com/8281/7745247846_ef656dbe30_z.jpg,5,0
fear,http://farm8.staticflickr.com/7459/12058701236_05923a5b9a_z.jpg,5,0
fear,http://farm9.staticflickr.com/8105/8585843941_b2f159c3df_z.jpg,5,0
fear,http://farm8.staticflickr.com/7568/15521082377_57d67d7fcc_z.jpg,5,0
fear,http://farm6.staticflickr.com/5475/10382736323_7d4939d1dd_z.jpg,5,0
fear,http://farm6.staticflickr.com/5344/7195925352_668887cf53_z.jpg,5,0
fear,http://farm8.staticflickr.com/7495/15610015099_1ed014efd6_z.jpg,5,0
fear,http://farm9.staticflickr.com/8650/15877749641_6886038a63_z.jpg,5,0
fear,http://farm9.staticflickr.com/8092/8524310680_f067d66d35_z.jpg,5,0
fear,http://farm4.staticflickr.com/3874/14781537594_82a3d0d53e_z.jpg,4,1
fear,http://farm9.staticflickr.com/8030/8066746977_f1e087099a_z.jpg,5,0
fear,http://farm8.staticflickr.com/7003/6839904851_9da49b3616_z.jpg,4,0
fear,http://farm3.staticflickr.com/2818/10384009165_118b32cac7_z.jpg,5,0
fear,http://farm6.staticflickr.com/5508/10137289093_c139af02bd_z.jpg,5,0
fear,http://farm8.staticflickr.com/7432/13961297298_32cf2ab914_z.jpg,3,2
fear,http://farm9.staticflickr.com/8161/7801264288_c59e2fa873_z.jpg,4,1
fear,http://farm3.staticflickr.com/2808/9525106048_01645bf2b3_z.jpg,3,2
fear,http://farm3.staticflickr.com/2929/14784663875_f0a4b8c616_z.jpg,5,0
fear,http://farm4.staticflickr.com/3716/8841673365_02480343f9_z.jpg,5,0
fear,http://farm9.staticflickr.com/8470/8123883732_f1c0eb338a_z.jpg,5,0
fear,http://farm8.staticflickr.com/7138/7783566330_29c3b0e743_z.jpg,5,0
fear,http://farm9.staticflickr.com/8310/7904013450_f4449c326a_z.jpg,5,0
fear,http://farm8.staticflickr.com/7303/10943223293_a3d8209c1a_z.jpg,4,1
fear,http://farm4.staticflickr.com/3923/14803777333_0d2b0a3e55_z.jpg,15,0
fear,http://farm3.staticflickr.com/2934/14018694698_d48db286e7_z.jpg,5,0
fear,http://farm9.staticflickr.com/8257/8780014171_e42e14c65b_z.jpg,5,0
fear,http://farm8.staticflickr.com/7522/15654308908_5191201fd9_z.jpg,5,0
fear,http://farm6.staticflickr.com/5546/10888972183_793a46059e_z.jpg,5,0
fear,http://farm9.staticflickr.com/8523/8466503066_06a3b27c6e_z.jpg,4,1
fear,http://farm4.staticflickr.com/3802/9136660636_4f1fa9a37d_z.jpg,5,0
fear,http://farm9.staticflickr.com/8580/16107181328_66d508a7c7_z.jpg,3,2
fear,http://farm4.staticflickr.com/3711/9164511749_d3242da475_z.jpg,3,1
fear,http://farm4.staticflickr.com/3907/14783985202_82fcb1b0e4_z.jpg,3,2
fear,http://farm9.staticflickr.com/8109/8574170658_74dd89dab2_z.jpg,5,0
fear,http://farm8.staticflickr.com/7462/15820723645_26ec4f43ef_z.jpg,5,0
fear,http://farm9.staticflickr.com/8430/7674426420_782b9965f9_z.jpg,5,0
fear,http://farm4.staticflickr.com/3875/14816470405_0a0ca4a818_z.jpg,5,0
fear,http://farm3.staticflickr.com/2917/14597420707_1706d73ff6_z.jpg,4,0
fear,http://farm8.staticflickr.com/7424/12062225706_d362074be0_z.jpg,3,2
fear,http://farm4.staticflickr.com/3844/15188928308_dd3432145d_z.jpg,5,0
fear,http://farm8.staticflickr.com/7527/16031376941_144d37b7db_z.jpg,5,0
fear,http://farm3.staticflickr.com/2940/14783550302_fb9421a483_z.jpg,5,0
fear,http://farm6.staticflickr.com/5543/10383586773_835c1ccc7a_z.jpg,2,3
fear,http://farm4.staticflickr.com/3893/14783993185_c0c422f51b_z.jpg,4,1
fear,http://farm9.staticflickr.com/8539/8698463604_7f0b9df5d2_z.jpg,5,0
fear,http://farm8.staticflickr.com/7127/7847880444_95e3c12aa8_z.jpg,5,0
fear,http://farm3.staticflickr.com/2885/12043076215_32aa3a4f68_z.jpg,5,0
fear,http://farm3.staticflickr.com/2899/14781480014_5e0a2567ae_z.jpg,5,0
fear,http://farm9.staticflickr.com/8103/8545529662_6947345b93_z.jpg,5,0
fear,http://farm4.staticflickr.com/3923/14983165506_68cfa32028_z.jpg,5,0
fear,http://farm6.staticflickr.com/5506/9064651913_96a5e4b117_z.jpg,3,2
fear,http://farm6.staticflickr.com/5517/10946227943_ce45efc11b_z.jpg,5,0
fear,http://farm8.staticflickr.com/7510/16038959361_4f9e5f8d47_z.jpg,5,0
fear,http://farm8.staticflickr.com/7334/10628684935_fce120e5b7_z.jpg,4,1
fear,http://farm4.staticflickr.com/3854/14803793133_df5b4e8c4d_z.jpg,5,0
fear,http://farm6.staticflickr.com/5481/11728865834_0d72378373_z.jpg,5,0
fear,http://farm9.staticflickr.com/8328/8124157393_6bb456c7e4_z.jpg,2,3
fear,http://farm6.staticflickr.com/5497/12428903195_05a4f3690d_z.jpg,4,0
fear,http://farm4.staticflickr.com/3857/14400357216_8ee8cfc3ea_z.jpg,4,1
fear,http://farm9.staticflickr.com/8540/8646761625_179c57f254_z.jpg,4,1
fear,http://farm3.staticflickr.com/2864/8754612859_2bafb33178_z.jpg,5,0
fear,http://farm6.staticflickr.com/5549/9774577151_6e010eeae7_z.jpg,5,0
fear,http://farm3.staticflickr.com/2856/9985311216_98c825a397_z.jpg,5,0
fear,http://farm9.staticflickr.com/8029/8045006783_a950555346_z.jpg,5,0
fear,http://farm6.staticflickr.com/5599/15438890475_34bc2e86e1_z.jpg,1,4
fear,http://farm9.staticflickr.com/8397/8767831094_d2ef430184_z.jpg,1,4
fear,http://farm6.staticflickr.com/5577/14781642014_87d2a5fa26_z.jpg,4,1
fear,http://farm9.staticflickr.com/8519/8608684806_44991c35bd_z.jpg,5,0
fear,http://farm3.staticflickr.com/2851/8970406458_290a3e6dbc_z.jpg,5,0
fear,http://farm4.staticflickr.com/3707/9923129636_5181203f17_z.jpg,5,0
fear,http://farm4.staticflickr.com/3763/8844607873_e31476613d_z.jpg,5,0
fear,http://farm9.staticflickr.com/8109/8527946477_e159d96182_z.jpg,4,1
fear,http://farm9.staticflickr.com/8182/8021154695_b6252424a4_z.jpg,2,3
fear,http://farm4.staticflickr.com/3726/10619236544_a9617caa45_z.jpg,4,1
fear,http://farm8.staticflickr.com/7530/15257880074_d9dda35e53_z.jpg,4,1
fear,http://farm6.staticflickr.com/5547/11456917075_67b2be0a7b_z.jpg,3,1
fear,http://farm4.staticflickr.com/3826/10562683163_90efe778b7_z.jpg,5,0
fear,http://farm9.staticflickr.com/8243/8545842964_a654300765_z.jpg,4,1
fear,http://farm6.staticflickr.com/5508/12489414563_e7842e132f_z.jpg,5,0
fear,http://farm8.staticflickr.com/7184/6963505735_0411a2a5b9_z.jpg,4,0
fear,http://farm8.staticflickr.com/7560/15998368905_0d8b6fcf8c_z.jpg,5,0
fear,http://farm6.staticflickr.com/5196/7188468003_f7bc01e93f_z.jpg,4,1
fear,http://farm8.staticflickr.com/7448/14169762096_e8b796bab8_z.jpg,5,0
fear,http://farm4.staticflickr.com/3833/10356606376_97dfc051a0_z.jpg,1,4
fear,http://farm8.staticflickr.com/7516/15197512723_7729fd0d6d_z.jpg,3,2
fear,http://farm4.staticflickr.com/3867/14780811001_fd9d68038c_z.jpg,5,0
fear,http://farm9.staticflickr.com/8344/8228611978_6a9e2b3b05_z.jpg,5,0
fear,http://farm4.staticflickr.com/3857/14789425287_28649555e2_z.jpg,5,0
fear,http://farm6.staticflickr.com/5554/14803799093_35fb5369c6_z.jpg,5,0
fear,http://farm4.staticflickr.com/3744/10383950405_4ce1f47f56_z.jpg,5,0
fear,http://farm6.staticflickr.com/5517/12785440645_e8e2831f3a_z.jpg,4,1
fear,http://farm9.staticflickr.com/8550/8922681830_c1694c8b83_z.jpg,3,2
fear,http://farm4.staticflickr.com/3746/9967836856_08def1ed3a_z.jpg,5,0
fear,http://farm8.staticflickr.com/7529/15109306794_0deb34cf25_z.jpg,3,1
fear,http://farm4.staticflickr.com/3952/15130753173_8d835bd869_z.jpg,1,4
fear,http://farm6.staticflickr.com/5603/15294769620_4e46bdc034_z.jpg,5,0
fear,http://farm8.staticflickr.com/7419/9625274927_19df8171fa_z.jpg,5,0
fear,http://farm6.staticflickr.com/5586/14597427567_a346fefee9_z.jpg,3,1
fear,http://farm8.staticflickr.com/7048/13879018843_339be04fcc_z.jpg,0,5
fear,http://farm4.staticflickr.com/3906/14720607438_9bd29d5125_z.jpg,5,0
fear,http://farm3.staticflickr.com/2916/14597460217_74e025b3b6_z.jpg,4,1
fear,http://farm8.staticflickr.com/7086/7216723918_03ccca78c9_z.jpg,3,2
fear,http://farm9.staticflickr.com/8126/8654862102_c259167577_z.jpg,3,2
fear,http://farm8.staticflickr.com/7110/7855105914_1485340052_z.jpg,2,3
fear,http://farm4.staticflickr.com/3919/15010281191_388e81a85b_z.jpg,3,2
fear,http://farm4.staticflickr.com/3954/15557137941_9d39dceb67_z.jpg,5,0
fear,http://farm8.staticflickr.com/7294/10384505153_3e29e408c7_z.jpg,5,0
fear,http://farm6.staticflickr.com/5566/14597212318_b91f46fefd_z.jpg,5,0
fear,http://farm9.staticflickr.com/8483/8195851012_638ec59b7d_z.jpg,2,3
fear,http://farm3.staticflickr.com/2840/10093733484_0a58f4f270_z.jpg,5,0
fear,http://farm4.staticflickr.com/3926/14783942145_90f6de17c1_z.jpg,5,0
fear,http://farm3.staticflickr.com/2823/12817809253_c271f2d0f2_z.jpg,5,0
fear,http://farm9.staticflickr.com/8682/15694865059_52ea90777b_z.jpg,5,0
fear,http://farm8.staticflickr.com/7514/15937176189_646d0382b4_z.jpg,5,0
fear,http://farm6.staticflickr.com/5478/9517962910_d5dc73e689_z.jpg,5,0
fear,http://farm8.staticflickr.com/7451/13110330485_f05d98be03_z.jpg,2,3
fear,http://farm3.staticflickr.com/2926/14781657774_c374140cae_z.jpg,5,0
fear,http://farm3.staticflickr.com/2846/9680422215_ab70e0b191_z.jpg,2,3
fear,http://farm4.staticflickr.com/3677/9595042198_60c6fb746f_z.jpg,5,0
fear,http://farm4.staticflickr.com/3847/14636882665_dc2d205064_z.jpg,5,0
fear,http://farm3.staticflickr.com/2926/14220596736_c4989a24dc_z.jpg,2,3
fear,http://farm9.staticflickr.com/8204/8151599086_9f80e94b7e_z.jpg,5,0
fear,http://farm9.staticflickr.com/8592/15864170346_c737b77f20_z.jpg,3,2
fear,http://farm4.staticflickr.com/3729/12203372053_1684c35346_z.jpg,5,0
fear,http://farm9.staticflickr.com/8397/8696101818_62c16c5154_z.jpg,5,0
fear,http://farm9.staticflickr.com/8464/8123867331_8afdf32616_z.jpg,4,1
fear,http://farm8.staticflickr.com/7436/10401462336_d4080a8a0a_z.jpg,1,4
fear,http://farm4.staticflickr.com/3752/9640409287_4216696e95_z.jpg,3,2
fear,http://farm6.staticflickr.com/5574/15081529342_f0cbb751f3_z.jpg,5,0
fear,http://farm8.staticflickr.com/7291/8744916372_6c0ae4fec1_z.jpg,5,0
fear,http://farm9.staticflickr.com/8222/8375755692_d96aaf747a_z.jpg,5,0
fear,http://farm4.staticflickr.com/3692/9728646237_465846cda6_z.jpg,5,0
fear,http://farm4.staticflickr.com/3842/14208905228_575e379466_z.jpg,5,0
fear,http://farm8.staticflickr.com/7361/16451287472_cf72d6a948_z.jpg,5,0
fear,http://farm4.staticflickr.com/3947/15561099388_f209b9e4c3_z.jpg,4,1
fear,http://farm6.staticflickr.com/5594/15246991356_a35f425079_z.jpg,5,0
fear,http://farm8.staticflickr.com/7180/6960312934_e1c999f4d6_z.jpg,4,1
fear,http://farm8.staticflickr.com/7467/15915689169_186ea7cb48_z.jpg,5,0
fear,http://farm6.staticflickr.com/5526/12583548865_9d99f2775c_z.jpg,5,0
fear,http://farm9.staticflickr.com/8493/8314800139_6d27bdc3ba_z.jpg,4,1
fear,http://farm4.staticflickr.com/3848/14597442627_bf3a85da77_z.jpg,9,1
fear,http://farm6.staticflickr.com/5502/11141787195_f88e8342f5_z.jpg,5,0
fear,http://farm3.staticflickr.com/2812/12261743283_c21b6951b3_z.jpg,5,0
fear,http://farm8.staticflickr.com/7356/8724287368_8a85a91b1a_z.jpg,5,0
fear,http://farm4.staticflickr.com/3812/11214811385_b7d2d7b2ae_z.jpg,4,1
fear,http://farm8.staticflickr.com/7383/15818699273_7d6bef5e00_z.jpg,1,4
fear,http://farm9.staticflickr.com/8552/8767215476_9fa7e3aa66_z.jpg,1,4
fear,http://farm3.staticflickr.com/2909/14597330388_3a733736c2_z.jpg,5,0
fear,http://farm4.staticflickr.com/3901/15039979361_2c4bb32fce_z.jpg,5,0
fear,http://farm4.staticflickr.com/3672/13183327205_ff5ffc25ec_z.jpg,5,0
fear,http://farm9.staticflickr.com/8307/7781451674_7c52524417_z.jpg,5,0
fear,http://farm9.staticflickr.com/8044/8084984496_2b49e42f12_z.jpg,5,0
fear,http://farm8.staticflickr.com/7054/6956698087_6df93ee349_z.jpg,5,0
fear,http://farm4.staticflickr.com/3898/14781605744_c8ec696a86_z.jpg,5,0
fear,http://farm4.staticflickr.com/3790/13183169755_cd8770ff9e_z.jpg,5,0
fear,http://farm9.staticflickr.com/8046/8406111691_d83127af48_z.jpg,5,0
fear,http://farm8.staticflickr.com/7123/13725456985_43a46eec7a_z.jpg,2,3
fear,http://farm8.staticflickr.com/7067/6787472392_dacdc03e2e_z.jpg,5,0
fear,http://farm4.staticflickr.com/3867/14209281478_0e88914051_z.jpg,4,1
fear,http://farm9.staticflickr.com/8037/7923883644_3dfe6a585f_z.jpg,5,0
fear,http://farm9.staticflickr.com/8293/7685796812_bcf3575e56_z.jpg,4,1
fear,http://farm8.staticflickr.com/7058/6985921935_3cbe8ff527_z.jpg,4,0
fear,http://farm8.staticflickr.com/7345/9266313784_72f883205f_z.jpg,5,0
fear,http://farm8.staticflickr.com/7250/14031126321_cf2d2c3898_z.jpg,5,0
fear,http://farm9.staticflickr.com/8451/8071392618_37eedab1e9_z.jpg,4,1
fear,http://farm9.staticflickr.com/8342/8184504992_cb51eacb11_z.jpg,5,0
fear,http://farm8.staticflickr.com/7342/12615396514_ecf874fe98_z.jpg,4,0
fear,http://farm3.staticflickr.com/2907/14803736753_c3bca6dcf5_z.jpg,4,1
fear,http://farm8.staticflickr.com/7268/7429517636_107da774ce_z.jpg,5,0
fear,http://farm8.staticflickr.com/7378/10088956085_4ef761001f_z.jpg,5,0
fear,http://farm4.staticflickr.com/3879/15097983597_13bb3bb461_z.jpg,5,0
fear,http://farm4.staticflickr.com/3672/8753375489_6aba98dd51_z.jpg,5,0
fear,http://farm4.staticflickr.com/3690/13789927003_29510fe6df_z.jpg,2,3
fear,http://farm3.staticflickr.com/2914/14783512572_3908da8937_z.jpg,4,1
fear,http://farm9.staticflickr.com/8409/8970563196_150e9958f2_z.jpg,4,0
fear,http://farm3.staticflickr.com/2853/10218631283_f4310ffaf7_z.jpg,5,0
fear,http://farm8.staticflickr.com/7138/7554304698_2c5a36b526_z.jpg,5,0
fear,http://farm9.staticflickr.com/8007/7170935189_c4e39c1ba5_z.jpg,5,0
fear,http://farm8.staticflickr.com/7361/9668190463_b004fd51c3_z.jpg,5,0
fear,http://farm8.staticflickr.com/7371/10119036055_94dc9a9f47_z.jpg,5,0
fear,http://farm8.staticflickr.com/7296/8736675238_a6dd100d52_z.jpg,4,1
fear,http://farm4.staticflickr.com/3949/15683438585_2d29a1b398_z.jpg,4,1
fear,http://farm9.staticflickr.com/8476/8127921420_5cbedecf5f_z.jpg,5,0
fear,http://farm6.staticflickr.com/5610/15485869439_24bc4f7a46_z.jpg,4,1
fear,http://farm8.staticflickr.com/7558/16016097161_1eb8d39dcb_z.jpg,5,0
fear,http://farm4.staticflickr.com/3913/14597248838_0897e53fd0_z.jpg,2,3
fear,http://farm9.staticflickr.com/8478/8208425467_5006530e18_z.jpg,5,0
fear,http://farm4.staticflickr.com/3826/11602077326_e92453a538_z.jpg,5,0
fear,http://farm8.staticflickr.com/7107/7150205693_0a65315f56_z.jpg,5,0
fear,http://farm8.staticflickr.com/7289/12443026563_d6c41c5d8b_z.jpg,3,1
fear,http://farm4.staticflickr.com/3911/14667378180_fe693085cf_z.jpg,5,0
fear,http://farm8.staticflickr.com/7143/6658673851_fb75c031b4_z.jpg,5,0
fear,http://farm4.staticflickr.com/3856/14781555001_352f793423_z.jpg,5,0
fear,http://farm6.staticflickr.com/5574/14783630892_8dc171c139_z.jpg,5,0
fear,http://farm3.staticflickr.com/2815/11117144435_457ff9fb7f_z.jpg,5,0
fear,http://farm8.staticflickr.com/7548/15832307957_cc823716b1_z.jpg,5,0
fear,http://farm4.staticflickr.com/3669/10480418016_37a6b967c5_z.jpg,5,0
