fear,http://cs.rochester.edu/u/qyou/Ins/Imgs/fear/1963040_352566701548259_1171785887_n.jpg,5,0
fear,http://cs.rochester.edu/u/qyou/Ins/Imgs/fear/1a413908cc8a11e2aeca22000a9f18e5_7.jpg,5,0
fear,http://cs.rochester.edu/u/qyou/Ins/Imgs/fear/10661242_1491371164440026_1365805342_n.jpg,3,2
fear,http://cs.rochester.edu/u/qyou/Ins/Imgs/fear/971b5372c60511e2866922000a1fbcb1_7.jpg,4,1
fear,http://cs.rochester.edu/u/qyou/Ins/Imgs/fear/e07aa8ecf84b11e29c4222000a9e071d_7.jpg,5,0
fear,http://cs.rochester.edu/u/qyou/Ins/Imgs/fear/891454_444592085683816_597972948_n.jpg,4,1
fear,http://cs.rochester.edu/u/qyou/Ins/Imgs/fear/a3d9c29e558311e28b9f22000a9e0708_7.jpg,3,2
fear,http://cs.rochester.edu/u/qyou/Ins/Imgs/fear/10818089_1000287943320330_306316364_n.jpg,5,0
fear,http://cs.rochester.edu/u/qyou/Ins/Imgs/fear/8d8bdcd410ae11e398ce22000a9f3915_7.jpg,5,0
fear,http://cs.rochester.edu/u/qyou/Ins/Imgs/fear/d28138fc025e11e2bf6922000a1e8ad1_7.jpg,5,0
fear,http://cs.rochester.edu/u/qyou/Ins/Imgs/fear/10369482_1411966272415546_1592197311_n.jpg,2,3
fear,http://cs.rochester.edu/u/qyou/Ins/Imgs/fear/10362326_511212815671780_111611772_n.jpg,4,1
fear,http://cs.rochester.edu/u/qyou/Ins/Imgs/fear/10802562_766268346771947_837433528_n.jpg,5,0
fear,http://cs.rochester.edu/u/qyou/Ins/Imgs/fear/e9d57faa1a6c11e3bc6c22000a9f38d4_7.jpg,5,0
fear,http://cs.rochester.edu/u/qyou/Ins/Imgs/fear/1169307_623261827738792_265560227_n.jpg,4,1
fear,http://cs.rochester.edu/u/qyou/Ins/Imgs/fear/10598240_690174414409037_110867185_n.jpg,5,0
fear,http://cs.rochester.edu/u/qyou/Ins/Imgs/fear/198e671ad62b11e2bdcf22000a1fbe62_7.jpg,4,1
fear,http://cs.rochester.edu/u/qyou/Ins/Imgs/fear/10448872_1436100489988720_569648340_n.jpg,5,0
fear,http://cs.rochester.edu/u/qyou/Ins/Imgs/fear/1527677_266687886819261_31878309_n.jpg,5,0
fear,http://cs.rochester.edu/u/qyou/Ins/Imgs/fear/10727754_1539604206255361_1410369840_n.jpg,5,0
fear,http://cs.rochester.edu/u/qyou/Ins/Imgs/fear/1516120_194402894093678_552792607_n.jpg,5,0
fear,http://cs.rochester.edu/u/qyou/Ins/Imgs/fear/71dedfb4fbaa11e19f0922000a1e9a7d_7.jpg,4,1
fear,http://cs.rochester.edu/u/qyou/Ins/Imgs/fear/10665588_890462640998472_1014033034_n.jpg,3,2
fear,http://cs.rochester.edu/u/qyou/Ins/Imgs/fear/b4a244926beb11e2866922000a1fbcb1_7.jpg,5,0
fear,http://cs.rochester.edu/u/qyou/Ins/Imgs/fear/10881946_794276427312298_1710258872_n.jpg,5,0
fear,http://cs.rochester.edu/u/qyou/Ins/Imgs/fear/d3b1a6e86a8311e283e322000a9f1948_7.jpg,3,2
fear,http://cs.rochester.edu/u/qyou/Ins/Imgs/fear/1171600_1433708403509920_2132922710_n.jpg,5,0
fear,http://cs.rochester.edu/u/qyou/Ins/Imgs/fear/f635f116015e11e3b72422000aa821e3_7.jpg,3,2
fear,http://cs.rochester.edu/u/qyou/Ins/Imgs/fear/17ef525c511a11e2984e22000a9d0de0_7.jpg,3,2
fear,http://cs.rochester.edu/u/qyou/Ins/Imgs/fear/10375843_1407928216155916_626193329_n.jpg,5,0
fear,http://cs.rochester.edu/u/qyou/Ins/Imgs/fear/ffa18bde312411e3b20922000aeb0b52_8.jpg,4,1
fear,http://cs.rochester.edu/u/qyou/Ins/Imgs/fear/1515665_694608347226880_88596545_n.jpg,5,0
fear,http://cs.rochester.edu/u/qyou/Ins/Imgs/fear/10375635_644670448950359_800934556_n.jpg,3,2
fear,http://cs.rochester.edu/u/qyou/Ins/Imgs/fear/10251267_630784573642791_266665445_n.jpg,3,2
fear,http://cs.rochester.edu/u/qyou/Ins/Imgs/fear/c38ada707bca11e2ae2622000a1fb7e1_7.jpg,4,1
fear,http://cs.rochester.edu/u/qyou/Ins/Imgs/fear/888540baa7dd11e38da5127b18d6ac63_8.jpg,5,0
fear,http://cs.rochester.edu/u/qyou/Ins/Imgs/fear/23bf26d4585911e2baac22000a1fbda6_7.jpg,5,0
fear,http://cs.rochester.edu/u/qyou/Ins/Imgs/fear/9c17333402e011e2ab4c22000a1d0350_7.jpg,5,0
fear,http://cs.rochester.edu/u/qyou/Ins/Imgs/fear/d4d2ff4669ec11e29f1422000a1fbc0e_7.jpg,5,0
fear,http://cs.rochester.edu/u/qyou/Ins/Imgs/fear/1388915_1382311488677110_2109218581_n.jpg,4,1
fear,http://cs.rochester.edu/u/qyou/Ins/Imgs/fear/1516721_645140382210375_927130864_n.jpg,3,2
fear,http://cs.rochester.edu/u/qyou/Ins/Imgs/fear/b21e2362d9af11e2b79822000aaa032e_7.jpg,3,2
fear,http://cs.rochester.edu/u/qyou/Ins/Imgs/fear/10952608_921164691241514_1971396030_n.jpg,5,0
fear,http://cs.rochester.edu/u/qyou/Ins/Imgs/fear/10963831_1580740825502828_733186088_n.jpg,4,1
fear,http://cs.rochester.edu/u/qyou/Ins/Imgs/fear/10513926_589097064536139_458725399_n.jpg,5,0
fear,http://cs.rochester.edu/u/qyou/Ins/Imgs/fear/916944_254296378054375_495108799_n.jpg,4,1
fear,http://cs.rochester.edu/u/qyou/Ins/Imgs/fear/10326558_686572034742161_1113047410_n.jpg,0,5
fear,http://cs.rochester.edu/u/qyou/Ins/Imgs/fear/10903189_605397489593228_1033084605_n.jpg,5,0
fear,http://cs.rochester.edu/u/qyou/Ins/Imgs/fear/47a7d6c05b5811e2a2fe22000a1f8ce3_7.jpg,3,2
fear,http://cs.rochester.edu/u/qyou/Ins/Imgs/fear/10593456_341213999336828_176215947_n.jpg,5,0
fear,http://cs.rochester.edu/u/qyou/Ins/Imgs/fear/10748016_757437037663817_329751325_n.jpg,3,2
fear,http://cs.rochester.edu/u/qyou/Ins/Imgs/fear/10601839_542018712593398_1683259897_n.jpg,0,5
fear,http://cs.rochester.edu/u/qyou/Ins/Imgs/fear/10808606_595353773924871_685227440_n.jpg,4,1
fear,http://cs.rochester.edu/u/qyou/Ins/Imgs/fear/10009213_580644745364298_2017397441_n.jpg,3,2
fear,http://cs.rochester.edu/u/qyou/Ins/Imgs/fear/10684078_371168183046326_971658961_n.jpg,5,0
fear,http://cs.rochester.edu/u/qyou/Ins/Imgs/fear/1516190_555797837833668_1876569831_n.jpg,5,0
fear,http://cs.rochester.edu/u/qyou/Ins/Imgs/fear/10431950_750353118350206_151440143_n.jpg,4,1
fear,http://cs.rochester.edu/u/qyou/Ins/Imgs/fear/ef5e0adcb19d11e3807a12d40bd46828_8.jpg,4,1
fear,http://cs.rochester.edu/u/qyou/Ins/Imgs/fear/e74e324a1bcf11e3b64a1231392554a4_7.jpg,3,2
fear,http://cs.rochester.edu/u/qyou/Ins/Imgs/fear/1208379_564318936974693_400184789_n.jpg,4,1
fear,http://cs.rochester.edu/u/qyou/Ins/Imgs/fear/10723717_977151885635064_574749811_n.jpg,5,0
fear,http://cs.rochester.edu/u/qyou/Ins/Imgs/fear/923654_288429087997607_535061715_n.jpg,5,0
fear,http://cs.rochester.edu/u/qyou/Ins/Imgs/fear/10175164_1529388260631730_1128328588_n.jpg,4,1
fear,http://cs.rochester.edu/u/qyou/Ins/Imgs/fear/928680_318369898368610_251757051_n.jpg,5,0
fear,http://cs.rochester.edu/u/qyou/Ins/Imgs/fear/2bc64baeb56b11e28bc322000a9d0dcb_7.jpg,4,1
fear,http://cs.rochester.edu/u/qyou/Ins/Imgs/fear/10175383_822864227742597_2125253977_n.jpg,3,1
fear,http://cs.rochester.edu/u/qyou/Ins/Imgs/fear/72458f9a9cbb11e2a55d22000a1fbcd5_7.jpg,3,2
fear,http://cs.rochester.edu/u/qyou/Ins/Imgs/fear/10727730_765278676843509_1603859475_n.jpg,3,1
fear,http://cs.rochester.edu/u/qyou/Ins/Imgs/fear/109893ee167011e39b8622000ab5b9d2_7.jpg,4,1
fear,http://cs.rochester.edu/u/qyou/Ins/Imgs/fear/10249255_796595327035345_297092518_n.jpg,3,2
fear,http://cs.rochester.edu/u/qyou/Ins/Imgs/fear/924851_272428559593595_972567000_n.jpg,4,1
fear,http://cs.rochester.edu/u/qyou/Ins/Imgs/fear/10727798_333971100107682_759319990_n.jpg,5,0
fear,http://cs.rochester.edu/u/qyou/Ins/Imgs/fear/1388839_1511601469111624_1055338097_n.jpg,5,0
fear,http://cs.rochester.edu/u/qyou/Ins/Imgs/fear/10919727_1580422548855705_884296310_n.jpg,4,1
fear,http://cs.rochester.edu/u/qyou/Ins/Imgs/fear/cd1bb0141af311e3ab7e22000ae912c7_7.jpg,5,0
fear,http://cs.rochester.edu/u/qyou/Ins/Imgs/fear/a90af3e6e78311e1957722000a1e8896_7.jpg,5,0
fear,http://cs.rochester.edu/u/qyou/Ins/Imgs/fear/f71b4f2a48e211e2992f22000a1fb823_7.jpg,5,0
fear,http://cs.rochester.edu/u/qyou/Ins/Imgs/fear/10299913_1496513520568600_565577013_n.jpg,2,3
fear,http://cs.rochester.edu/u/qyou/Ins/Imgs/fear/18de48c25d0d11e283b822000a9f124c_7.jpg,5,0
fear,http://cs.rochester.edu/u/qyou/Ins/Imgs/fear/1172229_671667559513203_490906490_n.jpg,5,0
fear,http://cs.rochester.edu/u/qyou/Ins/Imgs/fear/1599055_598736076859965_679490969_n.jpg,4,1
fear,http://cs.rochester.edu/u/qyou/Ins/Imgs/fear/821d3bec273611e3aa4422000ae90e71_8.jpg,0,5
fear,http://cs.rochester.edu/u/qyou/Ins/Imgs/fear/b79b35a0b11d11e385f00e85260b2a0e_7.jpg,4,1
fear,http://cs.rochester.edu/u/qyou/Ins/Imgs/fear/10787788_384478301711430_1509290558_n.jpg,4,1
fear,http://cs.rochester.edu/u/qyou/Ins/Imgs/fear/928256_456782891091081_944691694_n.jpg,5,0
fear,http://cs.rochester.edu/u/qyou/Ins/Imgs/fear/10249268_1522144521360907_1078765365_n.jpg,5,0
fear,http://cs.rochester.edu/u/qyou/Ins/Imgs/fear/1151d688d3a411e2948222000a1f9307_7.jpg,5,0
fear,http://cs.rochester.edu/u/qyou/Ins/Imgs/fear/df8d81f4b11311e2a2f822000a1f97e4_7.jpg,3,2
fear,http://cs.rochester.edu/u/qyou/Ins/Imgs/fear/33dcc6aeb45411e38214127b88cfc5d3_8.jpg,2,3
fear,http://cs.rochester.edu/u/qyou/Ins/Imgs/fear/10731950_784827901556589_631052976_n.jpg,5,0
fear,http://cs.rochester.edu/u/qyou/Ins/Imgs/fear/5ad57404f03811e180cd22000a1c04f2_7.jpg,5,0
fear,http://cs.rochester.edu/u/qyou/Ins/Imgs/fear/10724944_711771822248267_228128166_n.jpg,5,0
fear,http://cs.rochester.edu/u/qyou/Ins/Imgs/fear/5ba6f3fc0cae11e2b17a22000a1de28c_7.jpg,5,0
fear,http://cs.rochester.edu/u/qyou/Ins/Imgs/fear/10725070_1500385373549009_1332782375_n.jpg,5,0
fear,http://cs.rochester.edu/u/qyou/Ins/Imgs/fear/a16bf45817b311e3bc6522000ae91414_7.jpg,5,0
fear,http://cs.rochester.edu/u/qyou/Ins/Imgs/fear/a454f81eb04211e29e6f22000a9e2992_7.jpg,5,0
fear,http://cs.rochester.edu/u/qyou/Ins/Imgs/fear/30b19150c53311e28a1a22000aa81ffa_7.jpg,0,5
fear,http://cs.rochester.edu/u/qyou/Ins/Imgs/fear/10838608_874127805973265_1735718438_n.jpg,5,0
fear,http://cs.rochester.edu/u/qyou/Ins/Imgs/fear/20b6a736ce2f11e299ae22000a1f9c95_7.jpg,5,0
fear,http://cs.rochester.edu/u/qyou/Ins/Imgs/fear/1390334_404947286303184_1194106844_n.jpg,4,1
fear,http://cs.rochester.edu/u/qyou/Ins/Imgs/fear/924844_431596206968648_328535336_n.jpg,5,0
fear,http://cs.rochester.edu/u/qyou/Ins/Imgs/fear/995b7ae8a87911e3af4d1209b7aeead8_8.jpg,2,3
fear,http://cs.rochester.edu/u/qyou/Ins/Imgs/fear/782b15280a6811e2984822000a1de9d5_7.jpg,4,1
fear,http://cs.rochester.edu/u/qyou/Ins/Imgs/fear/1941114_593080107470200_250707006_n.jpg,5,0
fear,http://cs.rochester.edu/u/qyou/Ins/Imgs/fear/10554262_730291593693567_1386179709_n.jpg,4,1
fear,http://cs.rochester.edu/u/qyou/Ins/Imgs/fear/17439ea84a8f11e2a9d822000a9e29af_7.jpg,2,3
fear,http://cs.rochester.edu/u/qyou/Ins/Imgs/fear/10175399_230860637107683_471652434_n.jpg,5,0
fear,http://cs.rochester.edu/u/qyou/Ins/Imgs/fear/1740881_721936827851540_1436509452_n.jpg,3,2
fear,http://cs.rochester.edu/u/qyou/Ins/Imgs/fear/4aeb733c581511e2b44322000a1f92df_7.jpg,4,1
fear,http://cs.rochester.edu/u/qyou/Ins/Imgs/fear/b57e724af06311e18b5822000a1c02a6_7.jpg,5,0
fear,http://cs.rochester.edu/u/qyou/Ins/Imgs/fear/30d8e8c293ac11e1ab011231381052c0_7.jpg,3,2
fear,http://cs.rochester.edu/u/qyou/Ins/Imgs/fear/1516674_606592722746227_1444729303_n.jpg,5,0
fear,http://cs.rochester.edu/u/qyou/Ins/Imgs/fear/10611006_1540771599535347_117334210_n.jpg,4,0
fear,http://cs.rochester.edu/u/qyou/Ins/Imgs/fear/827c0480e99f11e28b3522000a1f9867_7.jpg,3,2
fear,http://cs.rochester.edu/u/qyou/Ins/Imgs/fear/680c6ca2a2a011e2972d22000aa82023_7.jpg,5,0
fear,http://cs.rochester.edu/u/qyou/Ins/Imgs/fear/a096721e0be811e39e1922000a9f4dd0_7.jpg,5,0
fear,http://cs.rochester.edu/u/qyou/Ins/Imgs/fear/10727318_846647165373421_1844169208_n.jpg,5,0
fear,http://cs.rochester.edu/u/qyou/Ins/Imgs/fear/10810020_1494443984170347_332629577_n.jpg,5,0
fear,http://cs.rochester.edu/u/qyou/Ins/Imgs/fear/10449011_531710476933058_2041639656_n.jpg,4,1
fear,http://cs.rochester.edu/u/qyou/Ins/Imgs/fear/10375708_997712336922361_1284259621_n.jpg,3,2
fear,http://cs.rochester.edu/u/qyou/Ins/Imgs/fear/10838840_373530812822817_1012196002_n.jpg,4,1
fear,http://cs.rochester.edu/u/qyou/Ins/Imgs/fear/10809466_551458178321998_1690453332_n.jpg,5,0
fear,http://cs.rochester.edu/u/qyou/Ins/Imgs/fear/1515134_627226847344331_1437471868_n.jpg,3,2
fear,http://cs.rochester.edu/u/qyou/Ins/Imgs/fear/10802927_1511352122452880_1711385240_n.jpg,5,0
fear,http://cs.rochester.edu/u/qyou/Ins/Imgs/fear/10903631_902057029818998_1508297908_n.jpg,4,1
fear,http://cs.rochester.edu/u/qyou/Ins/Imgs/fear/108768c8aec111e3ba35121aed33e88d_8.jpg,5,0
fear,http://cs.rochester.edu/u/qyou/Ins/Imgs/fear/4e6f6890204e11e39fd822000a9e0667_7.jpg,5,0
fear,http://cs.rochester.edu/u/qyou/Ins/Imgs/fear/1389335_275830332541566_1330591226_n.jpg,5,0
fear,http://cs.rochester.edu/u/qyou/Ins/Imgs/fear/e6bbefb8d29411e2945d22000a9f13ca_7.jpg,5,0
fear,http://cs.rochester.edu/u/qyou/Ins/Imgs/fear/10546969_898144613537698_1509742762_n.jpg,5,0
fear,http://cs.rochester.edu/u/qyou/Ins/Imgs/fear/8493fcbaa35c11e3903e1230df506265_8.jpg,5,0
fear,http://cs.rochester.edu/u/qyou/Ins/Imgs/fear/1963152_459719150822925_1993161431_n.jpg,5,0
fear,http://cs.rochester.edu/u/qyou/Ins/Imgs/fear/1391132_196634870520483_1420974581_n.jpg,1,4
fear,http://cs.rochester.edu/u/qyou/Ins/Imgs/fear/5331e066ee1111e2847022000aeb0b98_7.jpg,5,0
fear,http://cs.rochester.edu/u/qyou/Ins/Imgs/fear/10326410_440628516074666_1089031270_n.jpg,5,0
fear,http://cs.rochester.edu/u/qyou/Ins/Imgs/fear/10569897_1574127992822053_1637457168_n.jpg,4,1
fear,http://cs.rochester.edu/u/qyou/Ins/Imgs/fear/7cc7aed8d9f411e1ab2622000a1e882d_7.jpg,5,0
fear,http://cs.rochester.edu/u/qyou/Ins/Imgs/fear/54ad2068adc611e1b00112313800c5e4_7.jpg,4,1
fear,http://cs.rochester.edu/u/qyou/Ins/Imgs/fear/1922268_699008223522825_1108109900_n.jpg,5,0
fear,http://cs.rochester.edu/u/qyou/Ins/Imgs/fear/f8b9b0de6cbd11e2a7d422000a9e0846_7.jpg,5,0
fear,http://cs.rochester.edu/u/qyou/Ins/Imgs/fear/bad879a8a31711e3b28312305a40e556_8.jpg,5,0
fear,http://cs.rochester.edu/u/qyou/Ins/Imgs/fear/1389475_251798098306655_182837563_n.jpg,5,0
fear,http://cs.rochester.edu/u/qyou/Ins/Imgs/fear/1209650_647754481937321_1323393117_n.jpg,5,0
fear,http://cs.rochester.edu/u/qyou/Ins/Imgs/fear/5b9b50942e2611e2ad6322000a9f14f2_7.jpg,5,0
fear,http://cs.rochester.edu/u/qyou/Ins/Imgs/fear/4edb9c781d5011e383f522000a1f9016_7.jpg,4,1
fear,http://cs.rochester.edu/u/qyou/Ins/Imgs/fear/10894976_1524180154516131_508120851_n.jpg,4,1
fear,http://cs.rochester.edu/u/qyou/Ins/Imgs/fear/1169996_417074085086898_1149704014_n.jpg,5,0
fear,http://cs.rochester.edu/u/qyou/Ins/Imgs/fear/10957087_1536246239989906_402234801_n.jpg,4,1
fear,http://cs.rochester.edu/u/qyou/Ins/Imgs/fear/10543024_1479310229005072_580776182_n.jpg,4,1
fear,http://cs.rochester.edu/u/qyou/Ins/Imgs/fear/10727707_1570564073173864_1100815814_n.jpg,5,0
fear,http://cs.rochester.edu/u/qyou/Ins/Imgs/fear/c63b68cc824411e2a1bd22000a9f1361_7.jpg,4,0
fear,http://cs.rochester.edu/u/qyou/Ins/Imgs/fear/5c1c51e0bc0f11e2a47b22000a1f99e6_7.jpg,2,3
fear,http://cs.rochester.edu/u/qyou/Ins/Imgs/fear/10818008_382993471863981_779251063_n.jpg,3,2
fear,http://cs.rochester.edu/u/qyou/Ins/Imgs/fear/69c8458a30ca11e3beb722000a9f3ce2_7.jpg,4,1
fear,http://cs.rochester.edu/u/qyou/Ins/Imgs/fear/10508025_872581916119332_559780171_n.jpg,4,1
fear,http://cs.rochester.edu/u/qyou/Ins/Imgs/fear/925234_570195789768125_844124062_n.jpg,4,1
fear,http://cs.rochester.edu/u/qyou/Ins/Imgs/fear/10375781_348670008639578_542571580_n.jpg,4,1
fear,http://cs.rochester.edu/u/qyou/Ins/Imgs/fear/10809637_1734923990065589_1943835272_n.jpg,5,0
fear,http://cs.rochester.edu/u/qyou/Ins/Imgs/fear/10453743_1462284400676405_306492226_n.jpg,5,0
fear,http://cs.rochester.edu/u/qyou/Ins/Imgs/fear/927692_1431205943830066_99148603_n.jpg,5,0
fear,http://cs.rochester.edu/u/qyou/Ins/Imgs/fear/1515641_354569488019686_106630470_n.jpg,5,0
fear,http://cs.rochester.edu/u/qyou/Ins/Imgs/fear/10254112_476984749070338_87725689_n.jpg,5,0
fear,http://cs.rochester.edu/u/qyou/Ins/Imgs/fear/10832143_659979737453145_1754191677_n.jpg,5,0
fear,http://cs.rochester.edu/u/qyou/Ins/Imgs/fear/10362106_278120569036216_476731816_n.jpg,2,3
fear,http://cs.rochester.edu/u/qyou/Ins/Imgs/fear/10723907_370015176486705_747518227_n.jpg,5,0
fear,http://cs.rochester.edu/u/qyou/Ins/Imgs/fear/1921946_504646189682826_1682499376_n.jpg,4,1
fear,http://cs.rochester.edu/u/qyou/Ins/Imgs/fear/addbc6ce155f11e3984322000a1fcb7e_7.jpg,5,0
fear,http://cs.rochester.edu/u/qyou/Ins/Imgs/fear/10617120_755303661182935_1035402110_n.jpg,3,2
fear,http://cs.rochester.edu/u/qyou/Ins/Imgs/fear/ac320ca6aeda11e3b8d80ea698669f93_8.jpg,5,0
fear,http://cs.rochester.edu/u/qyou/Ins/Imgs/fear/ef5589fe8b2711e29d0322000a1f97e3_7.jpg,5,0
fear,http://cs.rochester.edu/u/qyou/Ins/Imgs/fear/45e838aa268f11e29f0012313807293b_7.jpg,0,5
fear,http://cs.rochester.edu/u/qyou/Ins/Imgs/fear/dc804830c8c811e2b82c22000a1fbca3_7.jpg,4,1
fear,http://cs.rochester.edu/u/qyou/Ins/Imgs/fear/1168475_192670984254317_1429697853_n.jpg,3,2
fear,http://cs.rochester.edu/u/qyou/Ins/Imgs/fear/1527656_580875748662658_1844476793_n.jpg,5,0
fear,http://cs.rochester.edu/u/qyou/Ins/Imgs/fear/cbe15a02446411e2873222000a1f9e77_7.jpg,5,0
fear,http://cs.rochester.edu/u/qyou/Ins/Imgs/fear/33883f72221311e3b98a22000a1fc40e_7.jpg,5,0
fear,http://cs.rochester.edu/u/qyou/Ins/Imgs/fear/b357b698641c11e290a322000a9f1438_7.jpg,5,0
fear,http://cs.rochester.edu/u/qyou/Ins/Imgs/fear/78cf8a9a748911e3aee912ce08225afa_8.jpg,5,0
fear,http://cs.rochester.edu/u/qyou/Ins/Imgs/fear/10261060_740283475994824_121102168_n.jpg,5,0
fear,http://cs.rochester.edu/u/qyou/Ins/Imgs/fear/95ad70ba422a11e2a9ed22000a1fb773_7.jpg,4,1
fear,http://cs.rochester.edu/u/qyou/Ins/Imgs/fear/928699_400372923460789_1041775172_n.jpg,5,0
fear,http://cs.rochester.edu/u/qyou/Ins/Imgs/fear/9e2dd454a2c511e280ad22000a1fbe2f_7.jpg,5,0
fear,http://cs.rochester.edu/u/qyou/Ins/Imgs/fear/10914265_1530964443836635_699123238_n.jpg,5,0
fear,http://cs.rochester.edu/u/qyou/Ins/Imgs/fear/10598382_1521419998088857_1211170849_n.jpg,5,0
fear,http://cs.rochester.edu/u/qyou/Ins/Imgs/fear/af7d8b1c0ef111e39a9022000aa82198_7.jpg,5,0
fear,http://cs.rochester.edu/u/qyou/Ins/Imgs/fear/10899037_1556364901279209_1878044381_n.jpg,5,0
fear,http://cs.rochester.edu/u/qyou/Ins/Imgs/fear/841ccfe878f911e2965422000a9f18cc_7.jpg,5,0
fear,http://cs.rochester.edu/u/qyou/Ins/Imgs/fear/10964034_858672120862247_35687327_n.jpg,4,1
fear,http://cs.rochester.edu/u/qyou/Ins/Imgs/fear/10747993_393328394149597_137782484_n.jpg,2,3
fear,http://cs.rochester.edu/u/qyou/Ins/Imgs/fear/10899270_399443446880649_373610881_n.jpg,5,0
fear,http://cs.rochester.edu/u/qyou/Ins/Imgs/fear/8d979e0ed6d211e2b62722000a1fbc10_7.jpg,4,1
fear,http://cs.rochester.edu/u/qyou/Ins/Imgs/fear/7efe71ac1f3d11e38c9e22000a9f308e_7.jpg,3,2
fear,http://cs.rochester.edu/u/qyou/Ins/Imgs/fear/10724055_870231249668469_191767439_n.jpg,2,3
fear,http://cs.rochester.edu/u/qyou/Ins/Imgs/fear/54804fc42c1611e294471231380f602c_7.jpg,4,1
fear,http://cs.rochester.edu/u/qyou/Ins/Imgs/fear/891422_397287473768231_444219350_n.jpg,2,3
fear,http://cs.rochester.edu/u/qyou/Ins/Imgs/fear/fe4e74c0102411e3912922000a1fceb7_7.jpg,5,0
fear,http://cs.rochester.edu/u/qyou/Ins/Imgs/fear/10838722_1527106370905700_661218391_n.jpg,0,5
fear,http://cs.rochester.edu/u/qyou/Ins/Imgs/fear/10413111_257550761106353_457374521_n.jpg,5,0
fear,http://cs.rochester.edu/u/qyou/Ins/Imgs/fear/10666140_735271616546603_1658545571_n.jpg,3,2
fear,http://cs.rochester.edu/u/qyou/Ins/Imgs/fear/44f027b4d1b611e294a422000a1f9874_7.jpg,4,1
fear,http://cs.rochester.edu/u/qyou/Ins/Imgs/fear/929237_366929560140573_1758565286_n.jpg,4,1
fear,http://cs.rochester.edu/u/qyou/Ins/Imgs/fear/347ee320ca1811e296ca22000a9f0a36_7.jpg,5,0
fear,http://cs.rochester.edu/u/qyou/Ins/Imgs/fear/3dcb2ed4611311e282e122000a1f9aae_7.jpg,4,1
fear,http://cs.rochester.edu/u/qyou/Ins/Imgs/fear/10261054_250923085093288_747390176_n.jpg,5,0
fear,http://cs.rochester.edu/u/qyou/Ins/Imgs/fear/3667ad3e2fad11e3bb7022000ae911db_8.jpg,3,2
fear,http://cs.rochester.edu/u/qyou/Ins/Imgs/fear/1389042_231654267003098_2080339760_n.jpg,4,1
fear,http://cs.rochester.edu/u/qyou/Ins/Imgs/fear/10584735_268572203341313_1096104830_n.jpg,5,0
fear,http://cs.rochester.edu/u/qyou/Ins/Imgs/fear/1389843_331767617003286_1032444276_n.jpg,5,0
fear,http://cs.rochester.edu/u/qyou/Ins/Imgs/fear/924792_636385853090646_785668766_n.jpg,5,0
fear,http://cs.rochester.edu/u/qyou/Ins/Imgs/fear/10454162_1429450690671639_230273943_n.jpg,5,0
fear,http://cs.rochester.edu/u/qyou/Ins/Imgs/fear/10518200_863570407006468_1293734260_n.jpg,3,2
fear,http://cs.rochester.edu/u/qyou/Ins/Imgs/fear/929257_470168846456721_960960014_n.jpg,1,4
fear,http://cs.rochester.edu/u/qyou/Ins/Imgs/fear/c9e381fcfe1911e29aee22000a9f38e6_7.jpg,5,0
fear,http://cs.rochester.edu/u/qyou/Ins/Imgs/fear/d2137722d7c511e19be31231380e66dc_7.jpg,3,2
fear,http://cs.rochester.edu/u/qyou/Ins/Imgs/fear/10848181_825952707469421_69806416_n.jpg,1,4
fear,http://cs.rochester.edu/u/qyou/Ins/Imgs/fear/10899359_1558382014407046_864104798_n.jpg,1,4
fear,http://cs.rochester.edu/u/qyou/Ins/Imgs/fear/aa6dc8321a8411e382d422000a9e516a_7.jpg,5,0
fear,http://cs.rochester.edu/u/qyou/Ins/Imgs/fear/d9f136eee00911e2999b22000a9f17f6_7.jpg,5,0
fear,http://cs.rochester.edu/u/qyou/Ins/Imgs/fear/d24bfecab01f11e286b922000a9f14cd_7.jpg,5,0
fear,http://cs.rochester.edu/u/qyou/Ins/Imgs/fear/10513699_1448816058707831_1740323125_n.jpg,5,0
fear,http://cs.rochester.edu/u/qyou/Ins/Imgs/fear/926779_784656514887151_2017647496_n.jpg,3,2
fear,http://cs.rochester.edu/u/qyou/Ins/Imgs/fear/2b0ca0f4c2a511e2aaa222000a1fb843_7.jpg,5,0
fear,http://cs.rochester.edu/u/qyou/Ins/Imgs/fear/10732041_516423325127621_327300339_n.jpg,5,0
fear,http://cs.rochester.edu/u/qyou/Ins/Imgs/fear/10844087_417709908381001_1823446412_n.jpg,5,0
fear,http://cs.rochester.edu/u/qyou/Ins/Imgs/fear/914797_697543946967352_122306783_n.jpg,5,0
fear,http://cs.rochester.edu/u/qyou/Ins/Imgs/fear/10375871_1431128883833269_1703955724_n.jpg,4,1
fear,http://cs.rochester.edu/u/qyou/Ins/Imgs/fear/339cfa28dac611e2ba6522000aaa0486_7.jpg,4,1
fear,http://cs.rochester.edu/u/qyou/Ins/Imgs/fear/928686_809591935772337_1556579672_n.jpg,4,1
fear,http://cs.rochester.edu/u/qyou/Ins/Imgs/fear/10483548_690708664298367_1281722103_n.jpg,5,0
fear,http://cs.rochester.edu/u/qyou/Ins/Imgs/fear/300fcc9cadda11e1b00112313800c5e4_7.jpg,2,3
fear,http://cs.rochester.edu/u/qyou/Ins/Imgs/fear/1e45a05aee6a11e289f722000ae91416_7.jpg,4,1
fear,http://cs.rochester.edu/u/qyou/Ins/Imgs/fear/2b53524c98cf11e2b4f022000a1f9ac6_7.jpg,1,4
fear,http://cs.rochester.edu/u/qyou/Ins/Imgs/fear/925989_635365019839778_1187396268_n.jpg,5,0
fear,http://cs.rochester.edu/u/qyou/Ins/Imgs/fear/10617143_1460831197509805_1128212187_n.jpg,5,0
fear,http://cs.rochester.edu/u/qyou/Ins/Imgs/fear/277cc892121e11e3868722000aaa088a_7.jpg,4,1
fear,http://cs.rochester.edu/u/qyou/Ins/Imgs/fear/10570146_264933097033799_1639309064_n.jpg,3,2
fear,http://cs.rochester.edu/u/qyou/Ins/Imgs/fear/db3ea66afc6211e28c4722000a9f1966_7.jpg,5,0
fear,http://cs.rochester.edu/u/qyou/Ins/Imgs/fear/10731444_1482387802042596_831001890_n.jpg,2,3
fear,http://cs.rochester.edu/u/qyou/Ins/Imgs/fear/10932444_785477684834542_62765199_n.jpg,5,0
fear,http://cs.rochester.edu/u/qyou/Ins/Imgs/fear/10175122_343111385866088_328234995_n.jpg,5,0
fear,http://cs.rochester.edu/u/qyou/Ins/Imgs/fear/1171618_239627736194991_223179785_n.jpg,4,1
fear,http://cs.rochester.edu/u/qyou/Ins/Imgs/fear/10724870_561448060651806_1468120182_n.jpg,5,0
fear,http://cs.rochester.edu/u/qyou/Ins/Imgs/fear/10919277_897633050257551_905669591_n.jpg,5,0
fear,http://cs.rochester.edu/u/qyou/Ins/Imgs/fear/10644015_557318454370099_391587723_n.jpg,0,5
fear,http://cs.rochester.edu/u/qyou/Ins/Imgs/fear/91b92c44d1b111e2972d22000aa82023_7.jpg,5,0
fear,http://cs.rochester.edu/u/qyou/Ins/Imgs/fear/f83582646b3b11e3b9650aa93900baa2_7.jpg,4,1
fear,http://cs.rochester.edu/u/qyou/Ins/Imgs/fear/10729333_742579589158216_385948325_n.jpg,3,2
fear,http://cs.rochester.edu/u/qyou/Ins/Imgs/fear/10787795_1498824767066631_1484115262_n.jpg,2,3
fear,http://cs.rochester.edu/u/qyou/Ins/Imgs/fear/10540276_266210053583646_1879093596_n.jpg,1,4
fear,http://cs.rochester.edu/u/qyou/Ins/Imgs/fear/1168579_428224057278712_1883955951_n.jpg,4,1
fear,http://cs.rochester.edu/u/qyou/Ins/Imgs/fear/522e8a8437fe11e3b0b61231390e4476_7.jpg,5,0
fear,http://cs.rochester.edu/u/qyou/Ins/Imgs/fear/96484deafc2b11e2aa4422000ae90e71_7.jpg,4,1
fear,http://cs.rochester.edu/u/qyou/Ins/Imgs/fear/10655056_518639491603761_1607359922_n.jpg,5,0
fear,http://cs.rochester.edu/u/qyou/Ins/Imgs/fear/1516619_439962282771300_457996900_n.jpg,5,0
fear,http://cs.rochester.edu/u/qyou/Ins/Imgs/fear/60625c8cd5f411e2893b22000aa8100d_7.jpg,4,1
fear,http://cs.rochester.edu/u/qyou/Ins/Imgs/fear/10808773_824068817652568_2122146070_n.jpg,5,0
fear,http://cs.rochester.edu/u/qyou/Ins/Imgs/fear/f32cdbacd75011e2aec022000ae80f8c_7.jpg,2,3
fear,http://cs.rochester.edu/u/qyou/Ins/Imgs/fear/10268939_738506026200550_67213728_n.jpg,4,1
fear,http://cs.rochester.edu/u/qyou/Ins/Imgs/fear/10843964_313163415552481_1904678017_n.jpg,3,2
fear,http://cs.rochester.edu/u/qyou/Ins/Imgs/fear/10598774_417195718429667_483645125_n.jpg,5,0
fear,http://cs.rochester.edu/u/qyou/Ins/Imgs/fear/10249304_736532543053353_1877383577_n.jpg,5,0
fear,http://cs.rochester.edu/u/qyou/Ins/Imgs/fear/10817770_1521517074783186_20147723_n.jpg,5,0
fear,http://cs.rochester.edu/u/qyou/Ins/Imgs/fear/6385ad7e098e11e39c4222000a9e071d_7.jpg,5,0
fear,http://cs.rochester.edu/u/qyou/Ins/Imgs/fear/927551_231477476975900_331947116_n.jpg,4,1
fear,http://cs.rochester.edu/u/qyou/Ins/Imgs/fear/1015c4b6fa8611e181d822000a1cdf77_7.jpg,4,1
fear,http://cs.rochester.edu/u/qyou/Ins/Imgs/fear/371a69a6d42211e2b41222000a1f8cb0_7.jpg,4,1
fear,http://cs.rochester.edu/u/qyou/Ins/Imgs/fear/10802832_325449284327054_1712533106_n.jpg,5,0
fear,http://cs.rochester.edu/u/qyou/Ins/Imgs/fear/c71006ce08d411e3843f22000a9e0722_7.jpg,3,2
fear,http://cs.rochester.edu/u/qyou/Ins/Imgs/fear/10413779_302193796610371_1077726061_n.jpg,0,5
fear,http://cs.rochester.edu/u/qyou/Ins/Imgs/fear/36547460c6ff11e2943422000a9f3095_7.jpg,3,2
fear,http://cs.rochester.edu/u/qyou/Ins/Imgs/fear/1389741_320680071406710_112250048_n.jpg,0,5
fear,http://cs.rochester.edu/u/qyou/Ins/Imgs/fear/46537b943f1f11e2b28822000a9f1468_7.jpg,4,0
fear,http://cs.rochester.edu/u/qyou/Ins/Imgs/fear/10296931_1490871384475346_1188296048_n.jpg,3,2
fear,http://cs.rochester.edu/u/qyou/Ins/Imgs/fear/851c328ae08711e298dd22000a9f3c77_7.jpg,5,0
fear,http://cs.rochester.edu/u/qyou/Ins/Imgs/fear/8c59d4fedbb811e2a6df22000aaa21db_7.jpg,3,1
fear,http://cs.rochester.edu/u/qyou/Ins/Imgs/fear/10296759_1475059579378162_1825074718_n.jpg,5,0
fear,http://cs.rochester.edu/u/qyou/Ins/Imgs/fear/1599896_826052830770731_642477222_n.jpg,2,3
fear,http://cs.rochester.edu/u/qyou/Ins/Imgs/fear/5149ea1c873911e287f422000a1f9afa_7.jpg,5,0
fear,http://cs.rochester.edu/u/qyou/Ins/Imgs/fear/444aa0da158d11e3919b22000a9f1988_7.jpg,5,0
fear,http://cs.rochester.edu/u/qyou/Ins/Imgs/fear/8053619aace911e3bb781213dc211ba7_8.jpg,5,0
fear,http://cs.rochester.edu/u/qyou/Ins/Imgs/fear/28f74ec0472d11e2af9022000a1f9a23_7.jpg,5,0
fear,http://cs.rochester.edu/u/qyou/Ins/Imgs/fear/10832136_362169763963595_1568773987_n.jpg,5,0
fear,http://cs.rochester.edu/u/qyou/Ins/Imgs/fear/e77a6cfa6b5411e3a96d12de093cf006_7.jpg,5,0
fear,http://cs.rochester.edu/u/qyou/Ins/Imgs/fear/1530627_271759669614642_291879512_n.jpg,5,0
fear,http://cs.rochester.edu/u/qyou/Ins/Imgs/fear/10919600_741523195944046_462286261_n.jpg,2,3
fear,http://cs.rochester.edu/u/qyou/Ins/Imgs/fear/10598300_827523663959090_1491136795_n.jpg,5,0
fear,http://cs.rochester.edu/u/qyou/Ins/Imgs/fear/10554166_591579834292923_1797297120_n.jpg,4,1
fear,http://cs.rochester.edu/u/qyou/Ins/Imgs/fear/10691875_1678934798999088_327035705_n.jpg,4,1
fear,http://cs.rochester.edu/u/qyou/Ins/Imgs/fear/10865161_1591876514368298_1274900628_n.jpg,4,1
fear,http://cs.rochester.edu/u/qyou/Ins/Imgs/fear/7ef74a18ff4411e1b9d422000a1e9f46_7.jpg,4,1
fear,http://cs.rochester.edu/u/qyou/Ins/Imgs/fear/1599173_713112408721632_419133092_n.jpg,5,0
fear,http://cs.rochester.edu/u/qyou/Ins/Imgs/fear/914322_638422482903099_2114558717_n.jpg,5,0
fear,http://cs.rochester.edu/u/qyou/Ins/Imgs/fear/09e03f3686cc11e2b2c322000a1f9804_7.jpg,5,0
fear,http://cs.rochester.edu/u/qyou/Ins/Imgs/fear/d6b83c90e35f11e1a78c12313804ce91_7.jpg,4,1
fear,http://cs.rochester.edu/u/qyou/Ins/Imgs/fear/dc4b4cbae6ed11e1b3f322000a1e8899_7.jpg,5,0
fear,http://cs.rochester.edu/u/qyou/Ins/Imgs/fear/239ff464f18b11e29d7a22000a1f9d9b_7.jpg,5,0
fear,http://cs.rochester.edu/u/qyou/Ins/Imgs/fear/acbde6ec1e4611e3b8e322000a1f97ed_7.jpg,5,0
fear,http://cs.rochester.edu/u/qyou/Ins/Imgs/fear/364a0fa216ce11e29e6f22000a1e8b8a_7.jpg,4,1
fear,http://cs.rochester.edu/u/qyou/Ins/Imgs/fear/10817929_887418474626444_1886016796_n.jpg,4,1
fear,http://cs.rochester.edu/u/qyou/Ins/Imgs/fear/c4e34be677c911e2999e22000a1f8afc_7.jpg,3,2
fear,http://cs.rochester.edu/u/qyou/Ins/Imgs/fear/1391307_875213395832218_32890127_n.jpg,4,1
fear,http://cs.rochester.edu/u/qyou/Ins/Imgs/fear/10349675_241723449369127_753696633_n.jpg,4,1
fear,http://cs.rochester.edu/u/qyou/Ins/Imgs/fear/10358346_316526605170271_996334776_n.jpg,3,2
fear,http://cs.rochester.edu/u/qyou/Ins/Imgs/fear/10725182_726510117414600_498536113_n.jpg,4,1
fear,http://cs.rochester.edu/u/qyou/Ins/Imgs/fear/10584596_686096651475547_350717422_n.jpg,5,0
fear,http://cs.rochester.edu/u/qyou/Ins/Imgs/fear/10787920_798513136906609_1270676595_n.jpg,5,0
fear,http://cs.rochester.edu/u/qyou/Ins/Imgs/fear/1598742_1441585169410397_1734735669_n.jpg,4,1
fear,http://cs.rochester.edu/u/qyou/Ins/Imgs/fear/10518067_674583542621840_675873824_n.jpg,5,0
fear,http://cs.rochester.edu/u/qyou/Ins/Imgs/fear/2308b72eade311e387770ee5ed5ed4cf_8.jpg,4,1
fear,http://cs.rochester.edu/u/qyou/Ins/Imgs/fear/1516296_1441706706042961_1444118843_n.jpg,4,1
fear,http://cs.rochester.edu/u/qyou/Ins/Imgs/fear/58f51a28964b11e1a9f71231382044a1_7.jpg,1,4
fear,http://cs.rochester.edu/u/qyou/Ins/Imgs/fear/c30d85a0fd1e11e1bed91231380ffeeb_7.jpg,5,0
fear,http://cs.rochester.edu/u/qyou/Ins/Imgs/fear/924586_580616188717130_1948094890_n.jpg,3,2
fear,http://cs.rochester.edu/u/qyou/Ins/Imgs/fear/10954285_1380351932275100_319782374_n.jpg,2,3
fear,http://cs.rochester.edu/u/qyou/Ins/Imgs/fear/10665422_1606818252878456_581928614_n.jpg,4,1
fear,http://cs.rochester.edu/u/qyou/Ins/Imgs/fear/e34efd42660711e28a0c22000a9d0ded_7.jpg,4,1
fear,http://cs.rochester.edu/u/qyou/Ins/Imgs/fear/1389860_597608800287771_2123748631_n.jpg,5,0
fear,http://cs.rochester.edu/u/qyou/Ins/Imgs/fear/1389607_473163722830285_89512066_n.jpg,5,0
fear,http://cs.rochester.edu/u/qyou/Ins/Imgs/fear/9ffedc700a5711e39a1922000a9d0dee_7.jpg,3,2
fear,http://cs.rochester.edu/u/qyou/Ins/Imgs/fear/10895116_758176697599798_1620796447_n.jpg,3,2
fear,http://cs.rochester.edu/u/qyou/Ins/Imgs/fear/e920cf5ecf1411e29a3e22000a1f90ce_7.jpg,5,0
fear,http://cs.rochester.edu/u/qyou/Ins/Imgs/fear/a0c408b42c5911e3ab4322000a1fa430_7.jpg,5,0
fear,http://cs.rochester.edu/u/qyou/Ins/Imgs/fear/e10e374038b711e385fc22000a1f96be_8.jpg,5,0
fear,http://cs.rochester.edu/u/qyou/Ins/Imgs/fear/10706959_785018428220885_592797381_n.jpg,4,1
fear,http://cs.rochester.edu/u/qyou/Ins/Imgs/fear/10401731_1507959612757146_1736734009_n.jpg,5,0
fear,http://cs.rochester.edu/u/qyou/Ins/Imgs/fear/10731848_306570096216514_1527853651_n.jpg,5,0
fear,http://cs.rochester.edu/u/qyou/Ins/Imgs/fear/10914554_903430003035435_130311159_n.jpg,5,0
fear,http://cs.rochester.edu/u/qyou/Ins/Imgs/fear/d0cd56d8175011e2a2e022000a1faf45_7.jpg,3,2
fear,http://cs.rochester.edu/u/qyou/Ins/Imgs/fear/73e44462a52211e28d0622000a9e13b7_7.jpg,4,1
fear,http://cs.rochester.edu/u/qyou/Ins/Imgs/fear/10013296_479550805505639_914409786_n.jpg,2,3
fear,http://cs.rochester.edu/u/qyou/Ins/Imgs/fear/917285_621709214567264_17891355_n.jpg,3,2
fear,http://cs.rochester.edu/u/qyou/Ins/Imgs/fear/1515143_560213507427926_2053110441_n.jpg,5,0
fear,http://cs.rochester.edu/u/qyou/Ins/Imgs/fear/10787837_1507404672845036_1269057327_n.jpg,5,0
fear,http://cs.rochester.edu/u/qyou/Ins/Imgs/fear/10890723_1626373100912758_932172015_n.jpg,4,1
fear,http://cs.rochester.edu/u/qyou/Ins/Imgs/fear/1527653_238578322981781_1469533508_n.jpg,5,0
fear,http://cs.rochester.edu/u/qyou/Ins/Imgs/fear/10448875_718525754860387_1464120597_n.jpg,5,0
fear,http://cs.rochester.edu/u/qyou/Ins/Imgs/fear/10852658_1574461869438620_2078647810_n.jpg,2,3
fear,http://cs.rochester.edu/u/qyou/Ins/Imgs/fear/d65d46e2efb611e1adfe22000a1e8a47_7.jpg,1,4
fear,http://cs.rochester.edu/u/qyou/Ins/Imgs/fear/10693803_749936211745847_1553367681_n.jpg,5,0
fear,http://cs.rochester.edu/u/qyou/Ins/Imgs/fear/924790_610770745636389_929278150_n.jpg,4,1
fear,http://cs.rochester.edu/u/qyou/Ins/Imgs/fear/10727720_733066663407123_1537489910_n.jpg,5,0
fear,http://cs.rochester.edu/u/qyou/Ins/Imgs/fear/10349619_1431098567156743_2098780218_n.jpg,5,0
fear,http://cs.rochester.edu/u/qyou/Ins/Imgs/fear/10666254_719146318140441_1118639598_n.jpg,5,0
fear,http://cs.rochester.edu/u/qyou/Ins/Imgs/fear/10899401_389421251233181_449950715_n.jpg,5,0
fear,http://cs.rochester.edu/u/qyou/Ins/Imgs/fear/2e9331e0293211e3b91e22000ab5c0f2_7.jpg,5,0
fear,http://cs.rochester.edu/u/qyou/Ins/Imgs/fear/915438_283684445142079_1159335985_n.jpg,1,4
fear,http://cs.rochester.edu/u/qyou/Ins/Imgs/fear/10865146_495260103950298_214849651_n.jpg,3,2
fear,http://cs.rochester.edu/u/qyou/Ins/Imgs/fear/d2ec928cb58711e2be4122000a1f9d51_7.jpg,2,3
fear,http://cs.rochester.edu/u/qyou/Ins/Imgs/fear/900e3d4eaae611e384dc0ae045ecff16_8.jpg,4,1
fear,http://cs.rochester.edu/u/qyou/Ins/Imgs/fear/927088_682312238484490_164066351_n.jpg,4,1
fear,http://cs.rochester.edu/u/qyou/Ins/Imgs/fear/f9f40cb2b0f411e2aaec22000a1faf7c_7.jpg,5,0
fear,http://cs.rochester.edu/u/qyou/Ins/Imgs/fear/b5802b80e8f611e2af5a22000a9f18fb_7.jpg,4,1
fear,http://cs.rochester.edu/u/qyou/Ins/Imgs/fear/10549735_1470469536534228_1557055702_n.jpg,4,1
fear,http://cs.rochester.edu/u/qyou/Ins/Imgs/fear/1307208cee5711e2a3ff22000a1fb762_7.jpg,3,2
fear,http://cs.rochester.edu/u/qyou/Ins/Imgs/fear/67e5ee5cdc7411e2a8fa22000ae9142a_7.jpg,3,2
fear,http://cs.rochester.edu/u/qyou/Ins/Imgs/fear/4c2455e6f78111e2a45222000a9e06f4_7.jpg,4,1
fear,http://cs.rochester.edu/u/qyou/Ins/Imgs/fear/370e5a32f9e111e2ba9922000a1f9c9a_7.jpg,1,4
fear,http://cs.rochester.edu/u/qyou/Ins/Imgs/fear/10832189_879662898735112_600263798_n.jpg,5,0
fear,http://cs.rochester.edu/u/qyou/Ins/Imgs/fear/929259_549091365222176_93600803_n.jpg,5,0
fear,http://cs.rochester.edu/u/qyou/Ins/Imgs/fear/10513875_1449546308646913_677558671_n.jpg,4,1
fear,http://cs.rochester.edu/u/qyou/Ins/Imgs/fear/5adcad04c19911e2974222000a1fbdac_7.jpg,5,0
fear,http://cs.rochester.edu/u/qyou/Ins/Imgs/fear/30ae402a9a4c11e2b1d222000a1fb859_7.jpg,5,0
fear,http://cs.rochester.edu/u/qyou/Ins/Imgs/fear/10949032_654777207966270_218037096_n.jpg,1,4
fear,http://cs.rochester.edu/u/qyou/Ins/Imgs/fear/e83f9facb00b11e28b6c22000a1f8db8_7.jpg,5,0
fear,http://cs.rochester.edu/u/qyou/Ins/Imgs/fear/c63ad4ca150111e39cc922000aaa090c_7.jpg,5,0
fear,http://cs.rochester.edu/u/qyou/Ins/Imgs/fear/10948295_674763802634396_500253708_n.jpg,5,0
fear,http://cs.rochester.edu/u/qyou/Ins/Imgs/fear/bedcb9ceb1d711e29f5b22000a1fbc74_7.jpg,5,0
fear,http://cs.rochester.edu/u/qyou/Ins/Imgs/fear/d8a5269eec4111e292b622000a1fb73b_7.jpg,5,0
fear,http://cs.rochester.edu/u/qyou/Ins/Imgs/fear/10261218_615201458573295_889391898_n.jpg,5,0
fear,http://cs.rochester.edu/u/qyou/Ins/Imgs/fear/10009177_1419536968299015_28803965_n.jpg,5,0
fear,http://cs.rochester.edu/u/qyou/Ins/Imgs/fear/10401789_247651092104280_1243091744_n.jpg,5,0
fear,http://cs.rochester.edu/u/qyou/Ins/Imgs/fear/10817880_408486492632508_248009172_n.jpg,5,0
fear,http://cs.rochester.edu/u/qyou/Ins/Imgs/fear/b647f85ea17011e2ab2122000a9f4dc5_7.jpg,4,1
fear,http://cs.rochester.edu/u/qyou/Ins/Imgs/fear/10963870_340058506201465_978335699_n.jpg,5,0
fear,http://cs.rochester.edu/u/qyou/Ins/Imgs/fear/10932642_1406078039690264_701858019_n.jpg,5,0
fear,http://cs.rochester.edu/u/qyou/Ins/Imgs/fear/10853067_1591702347712025_546690590_n.jpg,5,0
fear,http://cs.rochester.edu/u/qyou/Ins/Imgs/fear/b248c81afca011e2945d22000a9f13ca_7.jpg,5,0
fear,http://cs.rochester.edu/u/qyou/Ins/Imgs/fear/10584535_1454355968183905_907382497_n.jpg,5,0
fear,http://cs.rochester.edu/u/qyou/Ins/Imgs/fear/10471900_921000537913949_1727336127_n.jpg,5,0
fear,http://cs.rochester.edu/u/qyou/Ins/Imgs/fear/891381_447301905407016_1491737298_n.jpg,2,3
fear,http://cs.rochester.edu/u/qyou/Ins/Imgs/fear/f167bf60784d11e2a73522000a1faf50_7.jpg,5,0
fear,http://cs.rochester.edu/u/qyou/Ins/Imgs/fear/783e24e2f77511e2ab5f22000ae911b1_7.jpg,5,0
fear,http://cs.rochester.edu/u/qyou/Ins/Imgs/fear/40074382914611e2ab6822000a1fb191_7.jpg,5,0
fear,http://cs.rochester.edu/u/qyou/Ins/Imgs/fear/c3b67806672511e2aeb222000a1f9e7e_7.jpg,5,0
fear,http://cs.rochester.edu/u/qyou/Ins/Imgs/fear/3a27c722616b11e180c9123138016265_7.jpg,0,5
fear,http://cs.rochester.edu/u/qyou/Ins/Imgs/fear/d43eba6af93f11e287f422000a1f9afa_7.jpg,5,0
fear,http://cs.rochester.edu/u/qyou/Ins/Imgs/fear/42f18c681e3311e3a9de22000a1f92c9_7.jpg,5,0
fear,http://cs.rochester.edu/u/qyou/Ins/Imgs/fear/1388967_220123474814893_1449984928_n.jpg,5,0
fear,http://cs.rochester.edu/u/qyou/Ins/Imgs/fear/6bf28c181bfc11e39cc822000a1f96e3_7.jpg,5,0
fear,http://cs.rochester.edu/u/qyou/Ins/Imgs/fear/10549866_245597385650284_434100586_n.jpg,3,2
fear,http://cs.rochester.edu/u/qyou/Ins/Imgs/fear/d2ec3e3aefbc11e2a65722000a1fbb45_7.jpg,3,2
fear,http://cs.rochester.edu/u/qyou/Ins/Imgs/fear/1168567_469554476487986_1559216732_n.jpg,4,1
fear,http://cs.rochester.edu/u/qyou/Ins/Imgs/fear/5ca427d4edb311e2984322000a1fcb7e_7.jpg,2,3
fear,http://cs.rochester.edu/u/qyou/Ins/Imgs/fear/ffb2c75c6e7c11e2bacd22000a9e08df_7.jpg,3,2
fear,http://cs.rochester.edu/u/qyou/Ins/Imgs/fear/1209515_600894826638485_1521490721_n.jpg,4,1
fear,http://cs.rochester.edu/u/qyou/Ins/Imgs/fear/c37eb1dc24a811e3b89522000ab5bc8d_7.jpg,2,3
fear,http://cs.rochester.edu/u/qyou/Ins/Imgs/fear/10549739_622340947878769_347337317_n.jpg,0,5
fear,http://cs.rochester.edu/u/qyou/Ins/Imgs/fear/85096c5222dd11e3a73f22000a9e28ad_7.jpg,5,0
fear,http://cs.rochester.edu/u/qyou/Ins/Imgs/fear/10748055_585215578273958_1701693184_n.jpg,5,0
fear,http://cs.rochester.edu/u/qyou/Ins/Imgs/fear/2f8df1b2d36e11e29c6622000a1f9e4a_7.jpg,0,5
fear,http://cs.rochester.edu/u/qyou/Ins/Imgs/fear/10881869_1387861974847644_100816725_n.jpg,5,0
fear,http://cs.rochester.edu/u/qyou/Ins/Imgs/fear/d36e81f2874711e28a5622000a1fbe35_7.jpg,0,5
fear,http://cs.rochester.edu/u/qyou/Ins/Imgs/fear/16afb2d4c48211e283e622000a1fb86d_7.jpg,5,0
fear,http://cs.rochester.edu/u/qyou/Ins/Imgs/fear/10864863_887556161265139_908145830_n.jpg,4,1
fear,http://cs.rochester.edu/u/qyou/Ins/Imgs/fear/cea9e73cafa111e3bfdd12b7ae4a9f74_8.jpg,1,4
fear,http://cs.rochester.edu/u/qyou/Ins/Imgs/fear/c3ac3b50899711e1a92a1231381b6f02_7.jpg,4,1
fear,http://cs.rochester.edu/u/qyou/Ins/Imgs/fear/10932498_391094701064023_684135950_n.jpg,5,0
fear,http://cs.rochester.edu/u/qyou/Ins/Imgs/fear/a53c11629b1711e29a6422000a9e06c4_7.jpg,3,2
fear,http://cs.rochester.edu/u/qyou/Ins/Imgs/fear/b6f248daa07211e2bdc622000a1fb844_7.jpg,5,0
fear,http://cs.rochester.edu/u/qyou/Ins/Imgs/fear/1538526_1426903804226021_1539784384_n.jpg,4,1
fear,http://cs.rochester.edu/u/qyou/Ins/Imgs/fear/10518175_542781075827995_1061988212_n.jpg,5,0
fear,http://cs.rochester.edu/u/qyou/Ins/Imgs/fear/2765331a54cf11e2831222000a9e08e7_7.jpg,5,0
fear,http://cs.rochester.edu/u/qyou/Ins/Imgs/fear/1389028_423757094414402_977215429_n.jpg,2,3
fear,http://cs.rochester.edu/u/qyou/Ins/Imgs/fear/10610959_523069634505979_2053247260_n.jpg,5,0
fear,http://cs.rochester.edu/u/qyou/Ins/Imgs/fear/ff0396f60bf811e2bde812313b08e061_7.jpg,5,0
fear,http://cs.rochester.edu/u/qyou/Ins/Imgs/fear/bc2dc944f0c511e1b0c912313b089111_7.jpg,2,3
fear,http://cs.rochester.edu/u/qyou/Ins/Imgs/fear/10919553_942519235760392_336034386_n.jpg,5,0
fear,http://cs.rochester.edu/u/qyou/Ins/Imgs/fear/e3911a7ad69b11e1ab6722000a1d0369_7.jpg,3,2
fear,http://cs.rochester.edu/u/qyou/Ins/Imgs/fear/10859990_1521923928084369_64522753_n.jpg,5,0
fear,http://cs.rochester.edu/u/qyou/Ins/Imgs/fear/ec884f74604b11e2884a22000a9f1588_7.jpg,3,2
fear,http://cs.rochester.edu/u/qyou/Ins/Imgs/fear/1599656_1377221735875447_1634267653_n.jpg,1,4
fear,http://cs.rochester.edu/u/qyou/Ins/Imgs/fear/10261307_444155112397152_163957393_n.jpg,4,1
fear,http://cs.rochester.edu/u/qyou/Ins/Imgs/fear/924989_296643567179024_731572368_n.jpg,4,1
fear,http://cs.rochester.edu/u/qyou/Ins/Imgs/fear/10354470_1495832054014935_1793416067_n.jpg,5,0
fear,http://cs.rochester.edu/u/qyou/Ins/Imgs/fear/a80b29dc840111e2a0d822000a1f9a12_7.jpg,4,1
fear,http://cs.rochester.edu/u/qyou/Ins/Imgs/fear/914729_502811716514945_1134852398_n.jpg,5,0
fear,http://cs.rochester.edu/u/qyou/Ins/Imgs/fear/10576035_1453449574925346_421144348_n.jpg,5,0
fear,http://cs.rochester.edu/u/qyou/Ins/Imgs/fear/1527692_743421179003840_143111085_n.jpg,4,1
fear,http://cs.rochester.edu/u/qyou/Ins/Imgs/fear/10706963_724002467648767_2078322529_n.jpg,4,1
fear,http://cs.rochester.edu/u/qyou/Ins/Imgs/fear/1171040_593588150702203_654204855_n.jpg,3,2
fear,http://cs.rochester.edu/u/qyou/Ins/Imgs/fear/10865119_346348095563289_1467879451_n.jpg,4,1
fear,http://cs.rochester.edu/u/qyou/Ins/Imgs/fear/6e59f082ae1311e3a80f12e1f337f552_8.jpg,1,4
fear,http://cs.rochester.edu/u/qyou/Ins/Imgs/fear/f3af10fc08c211e2be6a12313820455d_7.jpg,4,1
fear,http://cs.rochester.edu/u/qyou/Ins/Imgs/fear/c8daa7eec70611e2b62422000a1fcd8b_7.jpg,4,1
fear,http://cs.rochester.edu/u/qyou/Ins/Imgs/fear/10666259_337208279785328_1408111485_n.jpg,2,3
fear,http://cs.rochester.edu/u/qyou/Ins/Imgs/fear/7766a29c5ef511e2968922000a1fbe74_7.jpg,5,0
fear,http://cs.rochester.edu/u/qyou/Ins/Imgs/fear/10755830_730863966981845_1609758512_n.jpg,4,1
fear,http://cs.rochester.edu/u/qyou/Ins/Imgs/fear/10725146_693736800723195_2036372200_n.jpg,3,2
fear,http://cs.rochester.edu/u/qyou/Ins/Imgs/fear/10787778_1522118144694303_1529223549_n.jpg,5,0
fear,http://cs.rochester.edu/u/qyou/Ins/Imgs/fear/bf768f8eba4411e2bfc622000a9d0dda_7.jpg,4,1
fear,http://cs.rochester.edu/u/qyou/Ins/Imgs/fear/5107e942ea3411e28deb22000ae911d0_7.jpg,5,0
fear,http://cs.rochester.edu/u/qyou/Ins/Imgs/fear/10261079_627652170638771_1928543581_n.jpg,5,0
fear,http://cs.rochester.edu/u/qyou/Ins/Imgs/fear/43414136144211e3b23022000a1f9ad5_7.jpg,3,2
fear,http://cs.rochester.edu/u/qyou/Ins/Imgs/fear/26598e4cdd5711e2ae2a22000a1f9723_7.jpg,5,0
fear,http://cs.rochester.edu/u/qyou/Ins/Imgs/fear/926606_604363139624290_1740596173_n.jpg,5,0
fear,http://cs.rochester.edu/u/qyou/Ins/Imgs/fear/e941142686cb11e2b62722000a1fbc10_7.jpg,5,0
fear,http://cs.rochester.edu/u/qyou/Ins/Imgs/fear/3940a50e171311e3b7f822000a1fb726_7.jpg,4,1
fear,http://cs.rochester.edu/u/qyou/Ins/Imgs/fear/e509b800a6ea11e38bdf120a32098749_8.jpg,3,2
fear,http://cs.rochester.edu/u/qyou/Ins/Imgs/fear/a6ddfe3cb35911e1989612313815112c_7.jpg,5,0
fear,http://cs.rochester.edu/u/qyou/Ins/Imgs/fear/10661186_350650385097317_2077989545_n.jpg,4,1
fear,http://cs.rochester.edu/u/qyou/Ins/Imgs/fear/d6093d32836711e2bf2722000a1fbc66_7.jpg,3,2
fear,http://cs.rochester.edu/u/qyou/Ins/Imgs/fear/fe1a06b83ed311e2a94622000a1fbd9f_7.jpg,0,5
fear,http://cs.rochester.edu/u/qyou/Ins/Imgs/fear/1306c682714811e28f8322000a9f18ae_7.jpg,5,0
fear,http://cs.rochester.edu/u/qyou/Ins/Imgs/fear/33578c4a123511e282a722000a1cddf1_7.jpg,4,1
fear,http://cs.rochester.edu/u/qyou/Ins/Imgs/fear/1530859_517063885073952_96945437_n.jpg,4,1
fear,http://cs.rochester.edu/u/qyou/Ins/Imgs/fear/22d82dac355211e3bd5422000ae80f15_8.jpg,4,1
fear,http://cs.rochester.edu/u/qyou/Ins/Imgs/fear/aabdf4feea7f11e2818222000ae81e1a_7.jpg,3,2
fear,http://cs.rochester.edu/u/qyou/Ins/Imgs/fear/4e34eb86c66511e2977522000a9f308b_7.jpg,1,4
fear,http://cs.rochester.edu/u/qyou/Ins/Imgs/fear/10413792_655972114457127_566606222_n.jpg,1,4
fear,http://cs.rochester.edu/u/qyou/Ins/Imgs/fear/10684237_836529216381742_300798605_n.jpg,3,2
fear,http://cs.rochester.edu/u/qyou/Ins/Imgs/fear/099d9a0413f511e2a4d022000a1cdead_7.jpg,3,2
fear,http://cs.rochester.edu/u/qyou/Ins/Imgs/fear/b4dd710ce48611e2a2d522000a1fb04d_7.jpg,5,0
fear,http://cs.rochester.edu/u/qyou/Ins/Imgs/fear/7c0b6c64ac4d11e3af9412422c162709_8.jpg,5,0
fear,http://cs.rochester.edu/u/qyou/Ins/Imgs/fear/10809592_399489743539489_952039203_n.jpg,5,0
fear,http://cs.rochester.edu/u/qyou/Ins/Imgs/fear/b267f40c030411e19fe212313813204c_7.jpg,1,4
fear,http://cs.rochester.edu/u/qyou/Ins/Imgs/fear/1171189_815856381767178_1107594578_n.jpg,5,0
fear,http://cs.rochester.edu/u/qyou/Ins/Imgs/fear/10860061_697284130368903_1382956538_n.jpg,3,2
fear,http://cs.rochester.edu/u/qyou/Ins/Imgs/fear/ec1d28c4793311e29d0222000a1fbc0c_7.jpg,5,0
fear,http://cs.rochester.edu/u/qyou/Ins/Imgs/fear/6d000c108a6211e28e3c22000a1f9d44_7.jpg,5,0
fear,http://cs.rochester.edu/u/qyou/Ins/Imgs/fear/33c42a0e15a811e3a54722000a9f1597_7.jpg,5,0
fear,http://cs.rochester.edu/u/qyou/Ins/Imgs/fear/9d7ee47ab22411e3bd0d1245b663ce51_8.jpg,4,1
fear,http://cs.rochester.edu/u/qyou/Ins/Imgs/fear/c64872600bfc11e2bb6a1231381b51cd_7.jpg,3,2
fear,http://cs.rochester.edu/u/qyou/Ins/Imgs/fear/10554149_676623072406896_1091248788_n.jpg,4,1
fear,http://cs.rochester.edu/u/qyou/Ins/Imgs/fear/aa54f4f8b8f311e297b922000a1fa527_7.jpg,4,1
fear,http://cs.rochester.edu/u/qyou/Ins/Imgs/fear/10848165_1544356455805930_2101888159_n.jpg,4,1
fear,http://cs.rochester.edu/u/qyou/Ins/Imgs/fear/1388788_581921975188530_629761421_n.jpg,5,0
fear,http://cs.rochester.edu/u/qyou/Ins/Imgs/fear/1799822_265054040323657_848317170_n.jpg,5,0
fear,http://cs.rochester.edu/u/qyou/Ins/Imgs/fear/5dcf994e703211e2b8f122000a1f9345_7.jpg,0,5
fear,http://cs.rochester.edu/u/qyou/Ins/Imgs/fear/10809870_317927211734364_400344904_n.jpg,3,2
fear,http://cs.rochester.edu/u/qyou/Ins/Imgs/fear/10254153_253448591527213_1841947147_n.jpg,4,1
fear,http://cs.rochester.edu/u/qyou/Ins/Imgs/fear/36f5e8409d3811e2a67a22000a9f3cad_7.jpg,1,4
fear,http://cs.rochester.edu/u/qyou/Ins/Imgs/fear/1516419_224079267775120_1326661837_n.jpg,0,5
fear,http://cs.rochester.edu/u/qyou/Ins/Imgs/fear/10311283_243525015852367_269554783_n.jpg,5,0
fear,http://cs.rochester.edu/u/qyou/Ins/Imgs/fear/10724679_716644881754516_2141563118_n.jpg,4,1
fear,http://cs.rochester.edu/u/qyou/Ins/Imgs/fear/4ea3b6fa6e3211e2bb4e22000aaa0771_7.jpg,4,1
fear,http://cs.rochester.edu/u/qyou/Ins/Imgs/fear/1172780_669014716471914_1411971200_n.jpg,5,0
fear,http://cs.rochester.edu/u/qyou/Ins/Imgs/fear/10735446_590868837706529_1961801418_n.jpg,4,1
fear,http://cs.rochester.edu/u/qyou/Ins/Imgs/fear/b5c35562b27811e3ad75128fe7e10896_8.jpg,1,4
fear,http://cs.rochester.edu/u/qyou/Ins/Imgs/fear/7256a0eab21911e3bf7e12aca78890dc_8.jpg,5,0
fear,http://cs.rochester.edu/u/qyou/Ins/Imgs/fear/4f3a0110669d11e29a2a22000a1fb02b_7.jpg,5,0
fear,http://cs.rochester.edu/u/qyou/Ins/Imgs/fear/10540455_340623089432015_1394421405_n.jpg,5,0
fear,http://cs.rochester.edu/u/qyou/Ins/Imgs/fear/10513743_579083068862310_2063092862_n.jpg,4,1
fear,http://cs.rochester.edu/u/qyou/Ins/Imgs/fear/13e4e5feaeae11e2bcc022000a1fcf26_7.jpg,5,0
fear,http://cs.rochester.edu/u/qyou/Ins/Imgs/fear/10508063_265244447008892_739736820_n.jpg,4,1
fear,http://cs.rochester.edu/u/qyou/Ins/Imgs/fear/a830d8e2e5a111e283f522000a1f9016_7.jpg,4,1
fear,http://cs.rochester.edu/u/qyou/Ins/Imgs/fear/10755778_720274768058534_1961201222_n.jpg,1,4
fear,http://cs.rochester.edu/u/qyou/Ins/Imgs/fear/927387_1494542424152927_112889126_n.jpg,3,2
fear,http://cs.rochester.edu/u/qyou/Ins/Imgs/fear/1170092_518374854933539_1257626640_n.jpg,2,3
fear,http://cs.rochester.edu/u/qyou/Ins/Imgs/fear/10946468_733444490095775_223464691_n.jpg,4,1
fear,http://cs.rochester.edu/u/qyou/Ins/Imgs/fear/10349719_782443985120532_923120688_n.jpg,1,4
fear,http://cs.rochester.edu/u/qyou/Ins/Imgs/fear/0ff288caf1da11e1a4d022000a1d0cc7_7.jpg,4,1
fear,http://cs.rochester.edu/u/qyou/Ins/Imgs/fear/925766_1413372642242372_2047586312_n.jpg,5,0
fear,http://cs.rochester.edu/u/qyou/Ins/Imgs/fear/10254284_670422436356446_792511602_n.jpg,5,0
fear,http://cs.rochester.edu/u/qyou/Ins/Imgs/fear/1516823_1482436561985155_1493418057_n.jpg,5,0
fear,http://cs.rochester.edu/u/qyou/Ins/Imgs/fear/10731864_1544885522413670_1623927327_n.jpg,4,1
fear,http://cs.rochester.edu/u/qyou/Ins/Imgs/fear/ed53a7eeedf111e2a08722000a1f91ab_7.jpg,5,0
fear,http://cs.rochester.edu/u/qyou/Ins/Imgs/fear/e3bc16b80ad311e38e0d22000ae903cf_7.jpg,5,0
fear,http://cs.rochester.edu/u/qyou/Ins/Imgs/fear/b2ebf3406c0a11e2957722000a1f9a39_7.jpg,2,3
fear,http://cs.rochester.edu/u/qyou/Ins/Imgs/fear/10723876_779104082127661_57846312_n.jpg,5,0
fear,http://cs.rochester.edu/u/qyou/Ins/Imgs/fear/bdeeb0aecd5611e2a62a22000aa803cb_7.jpg,5,0
fear,http://cs.rochester.edu/u/qyou/Ins/Imgs/fear/1208289_499263030210819_2075299040_n.jpg,1,4
fear,http://cs.rochester.edu/u/qyou/Ins/Imgs/fear/926376_613945452011162_1970120587_n.jpg,3,2
fear,http://cs.rochester.edu/u/qyou/Ins/Imgs/fear/10890512_917740718259377_777421905_n.jpg,2,3
fear,http://cs.rochester.edu/u/qyou/Ins/Imgs/fear/58cfe41cf1e211e29a9022000aa82198_7.jpg,5,0
fear,http://cs.rochester.edu/u/qyou/Ins/Imgs/fear/10683846_731102346955359_42394205_n.jpg,5,0
fear,http://cs.rochester.edu/u/qyou/Ins/Imgs/fear/10727420_1504313019818406_364337345_n.jpg,2,3
fear,http://cs.rochester.edu/u/qyou/Ins/Imgs/fear/1739725_594419537339070_1091680721_n.jpg,5,0
fear,http://cs.rochester.edu/u/qyou/Ins/Imgs/fear/10546950_608203212630579_1657392483_n.jpg,5,0
fear,http://cs.rochester.edu/u/qyou/Ins/Imgs/fear/10349759_1552976928252806_1028425516_n.jpg,4,1
fear,http://cs.rochester.edu/u/qyou/Ins/Imgs/fear/54282c9ec82f11e2806d22000a1f9e4d_7.jpg,5,0
fear,http://cs.rochester.edu/u/qyou/Ins/Imgs/fear/c0137c3af6c811e1830722000a1e95c5_7.jpg,3,2
fear,http://cs.rochester.edu/u/qyou/Ins/Imgs/fear/1724647_543007275846131_204949108_n.jpg,5,0
fear,http://cs.rochester.edu/u/qyou/Ins/Imgs/fear/10375667_295414147323985_1019306533_n.jpg,5,0
fear,http://cs.rochester.edu/u/qyou/Ins/Imgs/fear/15b13cf48c1011e2a77f22000a9e29a0_7.jpg,2,3
fear,http://cs.rochester.edu/u/qyou/Ins/Imgs/fear/1530733_792681294092175_1470370255_n.jpg,4,1
fear,http://cs.rochester.edu/u/qyou/Ins/Imgs/fear/10693419_521097938035456_1169007668_n.jpg,4,1
fear,http://cs.rochester.edu/u/qyou/Ins/Imgs/fear/10413082_1487791028116788_1795698111_n.jpg,5,0
fear,http://cs.rochester.edu/u/qyou/Ins/Imgs/fear/5d8803ceddae11e2b7fc22000aa821d1_7.jpg,5,0
fear,http://cs.rochester.edu/u/qyou/Ins/Imgs/fear/beff4da6373611e3ae5e22000a1f8fb9_8.jpg,4,1
fear,http://cs.rochester.edu/u/qyou/Ins/Imgs/fear/1388818_172295709639249_1464875558_n.jpg,5,0
fear,http://cs.rochester.edu/u/qyou/Ins/Imgs/fear/1171229_205152866339558_1402666467_n.jpg,3,2
fear,http://cs.rochester.edu/u/qyou/Ins/Imgs/fear/80e8afbca37e11e3bd0d1245b663ce51_8.jpg,5,0
fear,http://cs.rochester.edu/u/qyou/Ins/Imgs/fear/417df29ad8e211e2873022000a1fa909_7.jpg,4,1
fear,http://cs.rochester.edu/u/qyou/Ins/Imgs/fear/926440_1402049466735219_831434157_n.jpg,4,1
fear,http://cs.rochester.edu/u/qyou/Ins/Imgs/fear/927501_435993273190063_149657280_n.jpg,5,0
fear,http://cs.rochester.edu/u/qyou/Ins/Imgs/fear/10546587_312560138941239_1374614526_n.jpg,5,0
fear,http://cs.rochester.edu/u/qyou/Ins/Imgs/fear/cca5431cc66011e2a86422000a1f9839_7.jpg,5,0
fear,http://cs.rochester.edu/u/qyou/Ins/Imgs/fear/10251385_861126950571116_845088541_n.jpg,0,5
fear,http://cs.rochester.edu/u/qyou/Ins/Imgs/fear/9c9d7e78c72811e2a74422000a1ddb8e_7.jpg,1,4
fear,http://cs.rochester.edu/u/qyou/Ins/Imgs/fear/2a898c4a07a211e3925f22000a1fb71a_7.jpg,5,0
fear,http://cs.rochester.edu/u/qyou/Ins/Imgs/fear/10296664_1492313937648486_1821388150_n.jpg,5,0
fear,http://cs.rochester.edu/u/qyou/Ins/Imgs/fear/9d8d92060b9311e2837022000a1e9e2d_7.jpg,3,2
fear,http://cs.rochester.edu/u/qyou/Ins/Imgs/fear/923763_342234309275809_1573388807_n.jpg,5,0
fear,http://cs.rochester.edu/u/qyou/Ins/Imgs/fear/10268728_1480769208825164_1351552299_n.jpg,5,0
fear,http://cs.rochester.edu/u/qyou/Ins/Imgs/fear/10654910_502659703203284_47358488_n.jpg,4,1
fear,http://cs.rochester.edu/u/qyou/Ins/Imgs/fear/26150d60308311e394a422000a1f9874_7.jpg,5,0
fear,http://cs.rochester.edu/u/qyou/Ins/Imgs/fear/10756007_1495604554023090_58667649_n.jpg,4,1
fear,http://cs.rochester.edu/u/qyou/Ins/Imgs/fear/45ecf7603a7011e2ab3b22000a9f14cb_7.jpg,5,0
fear,http://cs.rochester.edu/u/qyou/Ins/Imgs/fear/1740137_465975456837937_292470277_n.jpg,4,1
fear,http://cs.rochester.edu/u/qyou/Ins/Imgs/fear/10296882_1424383331161251_190212780_n.jpg,5,0
fear,http://cs.rochester.edu/u/qyou/Ins/Imgs/fear/10802956_1595591890663594_1126019447_n.jpg,5,0
fear,http://cs.rochester.edu/u/qyou/Ins/Imgs/fear/60f0898e275311e3808322000a9e0144_8.jpg,5,0
fear,http://cs.rochester.edu/u/qyou/Ins/Imgs/fear/1516801_1408941989350428_811330318_n.jpg,5,0
fear,http://cs.rochester.edu/u/qyou/Ins/Imgs/fear/5069f9be11ce11e39e3522000a9f18ab_7.jpg,4,1
fear,http://cs.rochester.edu/u/qyou/Ins/Imgs/fear/924063_798551320191923_741592803_n.jpg,5,0
fear,http://cs.rochester.edu/u/qyou/Ins/Imgs/fear/1689035_235151390002648_1310062285_n.jpg,5,0
fear,http://cs.rochester.edu/u/qyou/Ins/Imgs/fear/cd2613a4b56611e188131231381b5c25_7.jpg,2,3
fear,http://cs.rochester.edu/u/qyou/Ins/Imgs/fear/1515149_284569188420607_480729233_n.jpg,5,0
fear,http://cs.rochester.edu/u/qyou/Ins/Imgs/fear/f69412d0b10a11e3ba1a0ecec7883c5c_8.jpg,4,1
fear,http://cs.rochester.edu/u/qyou/Ins/Imgs/fear/f2cc86da346111e3912e22000ab68442_8.jpg,5,0
fear,http://cs.rochester.edu/u/qyou/Ins/Imgs/fear/1889291_1462561847300173_595544008_n.jpg,5,0
fear,http://cs.rochester.edu/u/qyou/Ins/Imgs/fear/f8122a76a17811e394a00ec3b6531b36_8.jpg,5,0
fear,http://cs.rochester.edu/u/qyou/Ins/Imgs/fear/923bb8522e9c11e2a04e123138191bd8_7.jpg,5,0
fear,http://cs.rochester.edu/u/qyou/Ins/Imgs/fear/16df1178cf3211e1b9a5123138140995_7.jpg,2,3
fear,http://cs.rochester.edu/u/qyou/Ins/Imgs/fear/10748293_287221731466326_1059465609_n.jpg,4,1
fear,http://cs.rochester.edu/u/qyou/Ins/Imgs/fear/1738253_680181065356906_918388024_n.jpg,2,3
fear,http://cs.rochester.edu/u/qyou/Ins/Imgs/fear/10899393_316762081853657_1248097822_n.jpg,4,1
fear,http://cs.rochester.edu/u/qyou/Ins/Imgs/fear/10413018_308165092684134_1528221128_n.jpg,5,0
fear,http://cs.rochester.edu/u/qyou/Ins/Imgs/fear/10533424_1499676756947162_321986379_n.jpg,4,1
fear,http://cs.rochester.edu/u/qyou/Ins/Imgs/fear/1662968_632766253459291_645858967_n.jpg,5,0
fear,http://cs.rochester.edu/u/qyou/Ins/Imgs/fear/10865127_1515407622067254_1282645410_n.jpg,5,0
fear,http://cs.rochester.edu/u/qyou/Ins/Imgs/fear/914619_1381610498777587_1876357878_n.jpg,5,0
fear,http://cs.rochester.edu/u/qyou/Ins/Imgs/fear/10848462_1557370461171560_1848375612_n.jpg,5,0
fear,http://cs.rochester.edu/u/qyou/Ins/Imgs/fear/10617105_733799510008711_92031187_n.jpg,5,0
fear,http://cs.rochester.edu/u/qyou/Ins/Imgs/fear/10802449_304210223112893_622799788_n.jpg,5,0
fear,http://cs.rochester.edu/u/qyou/Ins/Imgs/fear/10914172_1559460927656782_424535474_n.jpg,5,0
fear,http://cs.rochester.edu/u/qyou/Ins/Imgs/fear/fa38ff9c45a211e2ac9b22000a1fb864_7.jpg,4,1
fear,http://cs.rochester.edu/u/qyou/Ins/Imgs/fear/2d329de00d0311e3914422000a1f98df_7.jpg,5,0
fear,http://cs.rochester.edu/u/qyou/Ins/Imgs/fear/1799584_590901847665429_382720855_n.jpg,5,0
fear,http://cs.rochester.edu/u/qyou/Ins/Imgs/fear/891328_519331418176461_1403738540_n.jpg,4,1
fear,http://cs.rochester.edu/u/qyou/Ins/Imgs/fear/10543524_570229513087279_1201503757_n.jpg,5,0
fear,http://cs.rochester.edu/u/qyou/Ins/Imgs/fear/928707_445733335592886_275672596_n.jpg,5,0
fear,http://cs.rochester.edu/u/qyou/Ins/Imgs/fear/1799554_258445380982259_162416559_n.jpg,5,0
fear,http://cs.rochester.edu/u/qyou/Ins/Imgs/fear/1799802_1570147836538043_64497548_n.jpg,5,0
fear,http://cs.rochester.edu/u/qyou/Ins/Imgs/fear/10735385_771662586228022_77640491_n.jpg,4,1
fear,http://cs.rochester.edu/u/qyou/Ins/Imgs/fear/10802998_1506205036296585_1185935307_n.jpg,5,0
fear,http://cs.rochester.edu/u/qyou/Ins/Imgs/fear/ab1696249e1511e2a6b122000a9f3070_7.jpg,1,3
fear,http://cs.rochester.edu/u/qyou/Ins/Imgs/fear/1390240_597108940334716_2056969933_n.jpg,5,0
fear,http://cs.rochester.edu/u/qyou/Ins/Imgs/fear/10525502_531543273649868_14221203_n.jpg,3,2
fear,http://cs.rochester.edu/u/qyou/Ins/Imgs/fear/782496c2613311e2b48222000a9f1915_7.jpg,4,1
fear,http://cs.rochester.edu/u/qyou/Ins/Imgs/fear/10932372_714679105320408_1619693653_n.jpg,5,0
fear,http://cs.rochester.edu/u/qyou/Ins/Imgs/fear/1389478_546233868791921_189171159_n.jpg,5,0
fear,http://cs.rochester.edu/u/qyou/Ins/Imgs/fear/10949066_766303206786431_1778951345_n.jpg,0,5
fear,http://cs.rochester.edu/u/qyou/Ins/Imgs/fear/1516470_628899447169512_449079780_n.jpg,1,4
fear,http://cs.rochester.edu/u/qyou/Ins/Imgs/fear/5e7dff947a4011e2b9ed22000a1f8cd8_7.jpg,5,0
fear,http://cs.rochester.edu/u/qyou/Ins/Imgs/fear/8a3a4a182c7711e38ae422000ae80f2e_8.jpg,5,0
fear,http://cs.rochester.edu/u/qyou/Ins/Imgs/fear/10727281_563637493782810_1507294298_n.jpg,4,1
fear,http://cs.rochester.edu/u/qyou/Ins/Imgs/fear/10246125_678527678873094_1545343845_n.jpg,2,3
fear,http://cs.rochester.edu/u/qyou/Ins/Imgs/fear/be9ef402765b11e2ab6722000a9e087c_7.jpg,5,0
fear,http://cs.rochester.edu/u/qyou/Ins/Imgs/fear/926259_954916491189453_1738166891_n.jpg,5,0
fear,http://cs.rochester.edu/u/qyou/Ins/Imgs/fear/925826_1409685109305697_953182531_n.jpg,5,0
fear,http://cs.rochester.edu/u/qyou/Ins/Imgs/fear/10727442_374510559372453_187960562_n.jpg,5,0
fear,http://cs.rochester.edu/u/qyou/Ins/Imgs/fear/2c82789ee62911e2a0a022000a1f968b_7.jpg,1,4
fear,http://cs.rochester.edu/u/qyou/Ins/Imgs/fear/10903621_603128393166049_1996923273_n.jpg,5,0
fear,http://cs.rochester.edu/u/qyou/Ins/Imgs/fear/917856_1404255646518720_267026818_n.jpg,4,1
fear,http://cs.rochester.edu/u/qyou/Ins/Imgs/fear/42256894ba7a11e2b5fe22000aaa0750_7.jpg,5,0
fear,http://cs.rochester.edu/u/qyou/Ins/Imgs/fear/732ffff2fdc011e1ba8122000a1e88a8_7.jpg,5,0
fear,http://cs.rochester.edu/u/qyou/Ins/Imgs/fear/48f72b88636911e39124123bd759c622_8.jpg,0,5
fear,http://cs.rochester.edu/u/qyou/Ins/Imgs/fear/1516082_558902447520172_62629058_n.jpg,5,0
fear,http://cs.rochester.edu/u/qyou/Ins/Imgs/fear/9ecc03a6fabc11e1822f22000a1c00f9_7.jpg,1,4
fear,http://cs.rochester.edu/u/qyou/Ins/Imgs/fear/924498_732442200101072_435119223_n.jpg,5,0
fear,http://cs.rochester.edu/u/qyou/Ins/Imgs/fear/10747731_1513359015582074_1227757951_n.jpg,2,3
fear,http://cs.rochester.edu/u/qyou/Ins/Imgs/fear/f8167fa24a4b11e29f1222000a1f926d_7.jpg,5,0
fear,http://cs.rochester.edu/u/qyou/Ins/Imgs/fear/8d40c59ecc1d11e29e3522000a9f18ab_7.jpg,5,0
fear,http://cs.rochester.edu/u/qyou/Ins/Imgs/fear/f10369dca63e11e3a52e12d4973c56e9_8.jpg,3,2
fear,http://cs.rochester.edu/u/qyou/Ins/Imgs/fear/924828_396705710461052_301768995_n.jpg,4,1
fear,http://cs.rochester.edu/u/qyou/Ins/Imgs/fear/8667bfb2459411e2b39e22000a9d0df1_7.jpg,2,3
fear,http://cs.rochester.edu/u/qyou/Ins/Imgs/fear/10655078_1469194483360003_1323584104_n.jpg,4,1
fear,http://cs.rochester.edu/u/qyou/Ins/Imgs/fear/10354462_473767839424642_1823117495_n.jpg,5,0
fear,http://cs.rochester.edu/u/qyou/Ins/Imgs/fear/10932320_716947121752636_805638215_n.jpg,5,0
fear,http://cs.rochester.edu/u/qyou/Ins/Imgs/fear/10864802_1506561909606941_384741850_n.jpg,3,2
fear,http://cs.rochester.edu/u/qyou/Ins/Imgs/fear/d87a70cea48511e2a2f822000a9e0707_7.jpg,5,0
fear,http://cs.rochester.edu/u/qyou/Ins/Imgs/fear/10683854_682751361820621_525963090_n.jpg,5,0
fear,http://cs.rochester.edu/u/qyou/Ins/Imgs/fear/fc88128cb42f11e283fe22000a1faeaf_7.jpg,5,0
fear,http://cs.rochester.edu/u/qyou/Ins/Imgs/fear/794922f2b44d11e3958f12eb3ce597d4_8.jpg,5,0
fear,http://cs.rochester.edu/u/qyou/Ins/Imgs/fear/10890963_786370864775930_1376472430_n.jpg,5,0
fear,http://cs.rochester.edu/u/qyou/Ins/Imgs/fear/923839_618244954953008_878444356_n.jpg,1,4
fear,http://cs.rochester.edu/u/qyou/Ins/Imgs/fear/10838847_1726226417602443_1721919483_n.jpg,5,0
fear,http://cs.rochester.edu/u/qyou/Ins/Imgs/fear/10542989_262060633989563_392536813_n.jpg,2,3
fear,http://cs.rochester.edu/u/qyou/Ins/Imgs/fear/de2d2a98458511e2b23022000a1f9ad5_7.jpg,4,1
fear,http://cs.rochester.edu/u/qyou/Ins/Imgs/fear/59d8d40ea68c11e3a15612e740d32ce3_8.jpg,5,0
fear,http://cs.rochester.edu/u/qyou/Ins/Imgs/fear/f7bfd648bb7a11e28d4922000aa821c8_7.jpg,1,4
fear,http://cs.rochester.edu/u/qyou/Ins/Imgs/fear/b5c937deb44e11e38abd128ca46ddc58_8.jpg,5,0
fear,http://cs.rochester.edu/u/qyou/Ins/Imgs/fear/10932143_400961806729158_1988496564_n.jpg,5,0
fear,http://cs.rochester.edu/u/qyou/Ins/Imgs/fear/c7962d9ea3ca11e3a84b12ec4dc1b49e_8.jpg,3,2
fear,http://cs.rochester.edu/u/qyou/Ins/Imgs/fear/712a107c820211e3986812d3f7bf60f9_8.jpg,3,2
fear,http://cs.rochester.edu/u/qyou/Ins/Imgs/fear/f7d2342e351d11e390e022000aeb0fa3_8.jpg,3,2
fear,http://cs.rochester.edu/u/qyou/Ins/Imgs/fear/10727476_705500472869310_548983784_n.jpg,5,0
fear,http://cs.rochester.edu/u/qyou/Ins/Imgs/fear/10932623_625769214196204_1616621025_n.jpg,5,0
fear,http://cs.rochester.edu/u/qyou/Ins/Imgs/fear/10817979_405619092922873_798613267_n.jpg,4,1
fear,http://cs.rochester.edu/u/qyou/Ins/Imgs/fear/10547279_927856417231551_164786318_n.jpg,5,0
fear,http://cs.rochester.edu/u/qyou/Ins/Imgs/fear/2ed0b2e039f411e3b30a22000aa80109_8.jpg,5,0
fear,http://cs.rochester.edu/u/qyou/Ins/Imgs/fear/1516590_205393996331983_827809846_n.jpg,4,1
fear,http://cs.rochester.edu/u/qyou/Ins/Imgs/fear/10724141_1512060912367232_85548294_n.jpg,5,0
fear,http://cs.rochester.edu/u/qyou/Ins/Imgs/fear/385197b8d2e711e2a3af22000ae90d25_7.jpg,0,5
fear,http://cs.rochester.edu/u/qyou/Ins/Imgs/fear/10853153_760080024070655_471331200_n.jpg,5,0
fear,http://cs.rochester.edu/u/qyou/Ins/Imgs/fear/10354407_1424928871107831_1248019027_n.jpg,5,0
fear,http://cs.rochester.edu/u/qyou/Ins/Imgs/fear/d6e8aada076011e3bcc122000a1fa49d_7.jpg,5,0
fear,http://cs.rochester.edu/u/qyou/Ins/Imgs/fear/10919616_571178206318743_279021953_n.jpg,5,0
fear,http://cs.rochester.edu/u/qyou/Ins/Imgs/fear/1209680_458209850966214_95760221_n.jpg,5,0
fear,http://cs.rochester.edu/u/qyou/Ins/Imgs/fear/10914432_348000155408703_1217589659_n.jpg,4,1
fear,http://cs.rochester.edu/u/qyou/Ins/Imgs/fear/6510dd20f5d011e2b0d822000ae80177_7.jpg,3,2
fear,http://cs.rochester.edu/u/qyou/Ins/Imgs/fear/59dc3d1884e411e192e91231381b3d7a_7.jpg,5,0
fear,http://cs.rochester.edu/u/qyou/Ins/Imgs/fear/10467856_1441925259405141_520024285_n.jpg,3,2
fear,http://cs.rochester.edu/u/qyou/Ins/Imgs/fear/52c3e898fd8111e2bec722000a1f8c33_7.jpg,5,0
fear,http://cs.rochester.edu/u/qyou/Ins/Imgs/fear/10903622_419164321565534_800153952_n.jpg,4,1
fear,http://cs.rochester.edu/u/qyou/Ins/Imgs/fear/1169075_614363991955845_686637290_n.jpg,2,3
fear,http://cs.rochester.edu/u/qyou/Ins/Imgs/fear/60dd9866753811e181bd12313817987b_7.jpg,2,3
fear,http://cs.rochester.edu/u/qyou/Ins/Imgs/fear/10665938_1459671610989029_482689637_n.jpg,5,0
fear,http://cs.rochester.edu/u/qyou/Ins/Imgs/fear/10747867_740292202719219_1001921835_n.jpg,0,5
fear,http://cs.rochester.edu/u/qyou/Ins/Imgs/fear/10809580_653837654736685_1167476089_n.jpg,5,0
fear,http://cs.rochester.edu/u/qyou/Ins/Imgs/fear/60477ba6296411e3b0b222000ab5c094_8.jpg,5,0
fear,http://cs.rochester.edu/u/qyou/Ins/Imgs/fear/ad1b7906b69f11e28a2e22000a1fbc67_7.jpg,1,4
fear,http://cs.rochester.edu/u/qyou/Ins/Imgs/fear/ac471010a1ec11e3a4bc0eb6ae64b7ab_8.jpg,5,0
fear,http://cs.rochester.edu/u/qyou/Ins/Imgs/fear/5f6378f6220411e2a58122000a9d0ed5_7.jpg,2,3
fear,http://cs.rochester.edu/u/qyou/Ins/Imgs/fear/49ded5bc38dc11e3816522000a9e48f9_8.jpg,4,1
fear,http://cs.rochester.edu/u/qyou/Ins/Imgs/fear/10542753_1401445540157806_1847768584_n.jpg,4,1
fear,http://cs.rochester.edu/u/qyou/Ins/Imgs/fear/1171133_374774215987219_1458022166_n.jpg,3,2
fear,http://cs.rochester.edu/u/qyou/Ins/Imgs/fear/10817885_505029952972606_1069455910_n.jpg,5,0
fear,http://cs.rochester.edu/u/qyou/Ins/Imgs/fear/10598351_298893636959459_156149917_n.jpg,4,1
fear,http://cs.rochester.edu/u/qyou/Ins/Imgs/fear/10882024_639207219521871_759413193_n.jpg,4,1
fear,http://cs.rochester.edu/u/qyou/Ins/Imgs/fear/c6109c209eda11e2b52d22000a9f189b_7.jpg,4,1
fear,http://cs.rochester.edu/u/qyou/Ins/Imgs/fear/925826_228519290682587_216790405_n.jpg,5,0
fear,http://cs.rochester.edu/u/qyou/Ins/Imgs/fear/10748097_1553742338171808_313688632_n.jpg,5,0
fear,http://cs.rochester.edu/u/qyou/Ins/Imgs/fear/927564_286844251470831_1635185034_n.jpg,3,2
fear,http://cs.rochester.edu/u/qyou/Ins/Imgs/fear/10661177_1682071228685462_421783100_n.jpg,5,0
fear,http://cs.rochester.edu/u/qyou/Ins/Imgs/fear/1168623_634151143312497_644072232_n.jpg,4,1
fear,http://cs.rochester.edu/u/qyou/Ins/Imgs/fear/eaa79610ad0211e396ce12ede6b409a6_8.jpg,5,0
fear,http://cs.rochester.edu/u/qyou/Ins/Imgs/fear/10387854_1496163987279512_604383378_n.jpg,3,2
fear,http://cs.rochester.edu/u/qyou/Ins/Imgs/fear/10547225_679744418776508_974447768_n.jpg,5,0
fear,http://cs.rochester.edu/u/qyou/Ins/Imgs/fear/116a16c6f80c11e2a45b22000a9e06cb_7.jpg,5,0
fear,http://cs.rochester.edu/u/qyou/Ins/Imgs/fear/ce3befbec39011e2ad7a22000a9f3090_7.jpg,3,2
fear,http://cs.rochester.edu/u/qyou/Ins/Imgs/fear/10539142_815332975178860_1745412572_n.jpg,5,0
fear,http://cs.rochester.edu/u/qyou/Ins/Imgs/fear/acfaf510d39f11e2b46022000a1f9be1_7.jpg,5,0
fear,http://cs.rochester.edu/u/qyou/Ins/Imgs/fear/c0602c3e31fa11e2bacf1231381b5934_7.jpg,3,2
fear,http://cs.rochester.edu/u/qyou/Ins/Imgs/fear/3e303f9e48be11e2891a22000a9d0ec6_7.jpg,4,1
fear,http://cs.rochester.edu/u/qyou/Ins/Imgs/fear/76d27db40ecd11e3880f22000a1f9ca7_7.jpg,4,1
fear,http://cs.rochester.edu/u/qyou/Ins/Imgs/fear/10012493_1408525856082791_574101326_n.jpg,5,0
fear,http://cs.rochester.edu/u/qyou/Ins/Imgs/fear/69e4730e22fb11e3959e22000aeb1b4e_7.jpg,0,5
fear,http://cs.rochester.edu/u/qyou/Ins/Imgs/fear/9f1834c6400611e294a422000a1f9874_7.jpg,4,1
fear,http://cs.rochester.edu/u/qyou/Ins/Imgs/fear/10413263_283797911801273_1997072157_n.jpg,5,0
fear,http://cs.rochester.edu/u/qyou/Ins/Imgs/fear/48049976f86711e2a4da22000a1f9253_7.jpg,1,4
fear,http://cs.rochester.edu/u/qyou/Ins/Imgs/fear/10848253_737983322961156_646442700_n.jpg,4,1
fear,http://cs.rochester.edu/u/qyou/Ins/Imgs/fear/10475062_250869431703978_1505707820_n.jpg,2,3
fear,http://cs.rochester.edu/u/qyou/Ins/Imgs/fear/10724830_436155513189914_346980116_n.jpg,4,1
fear,http://cs.rochester.edu/u/qyou/Ins/Imgs/fear/422915348dbb11e2b9ed22000a1f8cd8_7.jpg,4,1
fear,http://cs.rochester.edu/u/qyou/Ins/Imgs/fear/c802d02e0d5d11e393ab22000aeb0c17_7.jpg,5,0
fear,http://cs.rochester.edu/u/qyou/Ins/Imgs/fear/dc7f52866a7611e381f912649f8c7ba8_8.jpg,5,0
fear,http://cs.rochester.edu/u/qyou/Ins/Imgs/fear/1515880_230202363835531_71613505_n.jpg,3,2
fear,http://cs.rochester.edu/u/qyou/Ins/Imgs/fear/2050f5ec866a11e2996e22000a1f98fe_7.jpg,4,1
fear,http://cs.rochester.edu/u/qyou/Ins/Imgs/fear/a23dfd8ae1ef11e2b6c722000a9d0edd_7.jpg,2,3
fear,http://cs.rochester.edu/u/qyou/Ins/Imgs/fear/0ffbcf985f6211e2884a22000a9f1588_7.jpg,3,2
fear,http://cs.rochester.edu/u/qyou/Ins/Imgs/fear/a0c35ddc017211e2aaec22000a1e95c4_7.jpg,5,0
fear,http://cs.rochester.edu/u/qyou/Ins/Imgs/fear/10632089_1535643909980980_1167507804_n.jpg,5,0
fear,http://cs.rochester.edu/u/qyou/Ins/Imgs/fear/ddbf7796c38511e1bf341231380f8a12_7.jpg,4,1
fear,http://cs.rochester.edu/u/qyou/Ins/Imgs/fear/10616773_1563423153881216_1814671916_n.jpg,5,0
fear,http://cs.rochester.edu/u/qyou/Ins/Imgs/fear/5c0d4cbe0ac411e391e622000a1f9d57_7.jpg,5,0
fear,http://cs.rochester.edu/u/qyou/Ins/Imgs/fear/2a1d9814cd6411e282d422000a9e516a_7.jpg,5,0
fear,http://cs.rochester.edu/u/qyou/Ins/Imgs/fear/a9e9fbc60c2711e3a6fb22000a1fafd6_7.jpg,5,0
fear,http://cs.rochester.edu/u/qyou/Ins/Imgs/fear/925455_649566121766014_1473140503_n.jpg,2,3
fear,http://cs.rochester.edu/u/qyou/Ins/Imgs/fear/10954742_390050034498184_180836783_n.jpg,5,0
fear,http://cs.rochester.edu/u/qyou/Ins/Imgs/fear/18b430106af911e2b5c422000a1f9a53_7.jpg,4,1
fear,http://cs.rochester.edu/u/qyou/Ins/Imgs/fear/10914535_767535880003270_312475032_n.jpg,5,0
fear,http://cs.rochester.edu/u/qyou/Ins/Imgs/fear/10755761_1502414766695251_1353897779_n.jpg,5,0
fear,http://cs.rochester.edu/u/qyou/Ins/Imgs/fear/10518191_772389519477732_34356485_n.jpg,0,5
fear,http://cs.rochester.edu/u/qyou/Ins/Imgs/fear/10624264_1477639822483938_848290124_n.jpg,5,0
fear,http://cs.rochester.edu/u/qyou/Ins/Imgs/fear/1033b60a247a11e3a43e22000aeb0ef6_7.jpg,4,1
fear,http://cs.rochester.edu/u/qyou/Ins/Imgs/fear/4bff97182f7d11e3a3d522000a9f13e2_8.jpg,5,0
fear,http://cs.rochester.edu/u/qyou/Ins/Imgs/fear/10533949_1443281302607102_342649457_n.jpg,5,0
fear,http://cs.rochester.edu/u/qyou/Ins/Imgs/fear/10725072_593433157451859_1161281659_n.jpg,4,1
fear,http://cs.rochester.edu/u/qyou/Ins/Imgs/fear/923983_676116019128907_1308954436_n.jpg,5,0
fear,http://cs.rochester.edu/u/qyou/Ins/Imgs/fear/10860099_635529029902242_1428477500_n.jpg,4,1
fear,http://cs.rochester.edu/u/qyou/Ins/Imgs/fear/10735599_859529307421145_886627618_n.jpg,5,0
fear,http://cs.rochester.edu/u/qyou/Ins/Imgs/fear/10890598_420883458065072_1638758463_n.jpg,4,1
fear,http://cs.rochester.edu/u/qyou/Ins/Imgs/fear/c4186e32ba4811e2a58122000a9d0ed5_7.jpg,5,0
fear,http://cs.rochester.edu/u/qyou/Ins/Imgs/fear/10175391_1576178529272971_563909918_n.jpg,5,0
fear,http://cs.rochester.edu/u/qyou/Ins/Imgs/fear/f9ced0121c0911e2957d22000a1f9779_7.jpg,5,0
fear,http://cs.rochester.edu/u/qyou/Ins/Imgs/fear/10507949_698876383495641_408310559_n.jpg,2,3
fear,http://cs.rochester.edu/u/qyou/Ins/Imgs/fear/10471830_962785380402448_1510263117_n.jpg,3,2
fear,http://cs.rochester.edu/u/qyou/Ins/Imgs/fear/38a87266208c11e3bcc022000a1fbb0e_7.jpg,1,4
fear,http://cs.rochester.edu/u/qyou/Ins/Imgs/fear/1962946_199831723560979_2002364048_n.jpg,3,1
fear,http://cs.rochester.edu/u/qyou/Ins/Imgs/fear/924542_698549236842113_1552649229_n.jpg,5,0
fear,http://cs.rochester.edu/u/qyou/Ins/Imgs/fear/10838898_815850308471950_938072523_n.jpg,5,0
fear,http://cs.rochester.edu/u/qyou/Ins/Imgs/fear/3be971c44d4611e2935222000a1fb825_7.jpg,2,3
fear,http://cs.rochester.edu/u/qyou/Ins/Imgs/fear/928164_595460353881927_1020793257_n.jpg,4,1
fear,http://cs.rochester.edu/u/qyou/Ins/Imgs/fear/1740271_130237867149997_75807711_n.jpg,5,0
fear,http://cs.rochester.edu/u/qyou/Ins/Imgs/fear/10731459_852017441498340_524003190_n.jpg,5,0
fear,http://cs.rochester.edu/u/qyou/Ins/Imgs/fear/927211_206563849533667_759875337_n.jpg,5,0
fear,http://cs.rochester.edu/u/qyou/Ins/Imgs/fear/340982e82ee011e291e622000a1f9d57_7.jpg,3,2
fear,http://cs.rochester.edu/u/qyou/Ins/Imgs/fear/1739932_424907314320976_238528541_n.jpg,4,1
fear,http://cs.rochester.edu/u/qyou/Ins/Imgs/fear/10881996_617537535025375_1023616763_n.jpg,3,2
fear,http://cs.rochester.edu/u/qyou/Ins/Imgs/fear/10919276_759098724179597_2107494393_n.jpg,5,0
fear,http://cs.rochester.edu/u/qyou/Ins/Imgs/fear/10005469_683891891669622_170162482_n.jpg,5,0
fear,http://cs.rochester.edu/u/qyou/Ins/Imgs/fear/189bc350638611e39ec512d0d5ebedd7_8.jpg,5,0
fear,http://cs.rochester.edu/u/qyou/Ins/Imgs/fear/10483399_782389675116076_886626874_n.jpg,5,0
fear,http://cs.rochester.edu/u/qyou/Ins/Imgs/fear/925076_177560819107345_1694651721_n.jpg,5,0
fear,http://cs.rochester.edu/u/qyou/Ins/Imgs/fear/924102_293716207493745_1028793029_n.jpg,5,0
fear,http://cs.rochester.edu/u/qyou/Ins/Imgs/fear/10623780_702078743190835_2143501487_n.jpg,5,0
fear,http://cs.rochester.edu/u/qyou/Ins/Imgs/fear/4ec47b8cdadb11e182b422000a1e9572_7.jpg,5,0
fear,http://cs.rochester.edu/u/qyou/Ins/Imgs/fear/d64e5f0a0aaf11e3925f22000a1fb71a_7.jpg,5,0
fear,http://cs.rochester.edu/u/qyou/Ins/Imgs/fear/10004220_489941267808559_872310405_n.jpg,4,1
fear,http://cs.rochester.edu/u/qyou/Ins/Imgs/fear/924019_248831078659557_680555894_n.jpg,5,0
fear,http://cs.rochester.edu/u/qyou/Ins/Imgs/fear/10945346_596916860438664_1238668908_n.jpg,4,1
fear,http://cs.rochester.edu/u/qyou/Ins/Imgs/fear/10903599_1030241173658616_930021501_n.jpg,5,0
fear,http://cs.rochester.edu/u/qyou/Ins/Imgs/fear/669b914051d311e2b17a22000a1fa432_7.jpg,1,4
fear,http://cs.rochester.edu/u/qyou/Ins/Imgs/fear/10584570_601388269977897_162735015_n.jpg,5,0
fear,http://cs.rochester.edu/u/qyou/Ins/Imgs/fear/1b0daf5e6ddc11e28ddc22000a9f15db_7.jpg,3,2
fear,http://cs.rochester.edu/u/qyou/Ins/Imgs/fear/1389819_587910027911975_1697582868_n.jpg,5,0
fear,http://cs.rochester.edu/u/qyou/Ins/Imgs/fear/10890678_796318983769238_1611282275_n.jpg,5,0
fear,http://cs.rochester.edu/u/qyou/Ins/Imgs/fear/1b73c668b24c11e2aa5e22000a1f96ec_7.jpg,5,0
fear,http://cs.rochester.edu/u/qyou/Ins/Imgs/fear/b28a4d92364511e3855d22000aeb0d0e_8.jpg,0,5
fear,http://cs.rochester.edu/u/qyou/Ins/Imgs/fear/8ebd0ab8230711e3b5fc22000ab5a7de_7.jpg,5,0
fear,http://cs.rochester.edu/u/qyou/Ins/Imgs/fear/26588e6e1fa311e3959322000a1f9d56_7.jpg,0,5
fear,http://cs.rochester.edu/u/qyou/Ins/Imgs/fear/10784816_656495977799291_98770368_n.jpg,4,1
fear,http://cs.rochester.edu/u/qyou/Ins/Imgs/fear/10948671_321811288023088_1241768562_n.jpg,5,0
fear,http://cs.rochester.edu/u/qyou/Ins/Imgs/fear/642974e499ae11e3a2530e616ca66f71_8.jpg,5,0
fear,http://cs.rochester.edu/u/qyou/Ins/Imgs/fear/10958289_418053218356985_1369424405_n.jpg,3,2
fear,http://cs.rochester.edu/u/qyou/Ins/Imgs/fear/1171630_661401533920898_1618842792_n.jpg,5,0
fear,http://cs.rochester.edu/u/qyou/Ins/Imgs/fear/1889310_1425661584341122_1966085348_n.jpg,3,2
fear,http://cs.rochester.edu/u/qyou/Ins/Imgs/fear/1168827_497627370357783_266740650_n.jpg,5,0
fear,http://cs.rochester.edu/u/qyou/Ins/Imgs/fear/2ebd02f83b9011e2917a22000a9f1587_7.jpg,5,0
fear,http://cs.rochester.edu/u/qyou/Ins/Imgs/fear/1724427_580618415360224_2024157172_n.jpg,5,0
fear,http://cs.rochester.edu/u/qyou/Ins/Imgs/fear/1971435_822142977801802_159884513_n.jpg,5,0
fear,http://cs.rochester.edu/u/qyou/Ins/Imgs/fear/10655118_800460989975028_1408235008_n.jpg,5,0
fear,http://cs.rochester.edu/u/qyou/Ins/Imgs/fear/10899554_648148421962580_1630208199_n.jpg,5,0
fear,http://cs.rochester.edu/u/qyou/Ins/Imgs/fear/10802911_348455195328980_1169588896_n.jpg,5,0
fear,http://cs.rochester.edu/u/qyou/Ins/Imgs/fear/1390152_774076939275667_97839551_n.jpg,5,0
fear,http://cs.rochester.edu/u/qyou/Ins/Imgs/fear/e8d71af8dad111e29a5722000a9f3079_7.jpg,4,1
fear,http://cs.rochester.edu/u/qyou/Ins/Imgs/fear/10488782_1523310191225472_689073969_n.jpg,4,1
fear,http://cs.rochester.edu/u/qyou/Ins/Imgs/fear/10520314_1465402793710279_1131093053_n.jpg,5,0
fear,http://cs.rochester.edu/u/qyou/Ins/Imgs/fear/8193cca43dad11e29b3722000a1fa50e_7.jpg,5,0
fear,http://cs.rochester.edu/u/qyou/Ins/Imgs/fear/09a9c9967e2a11e3a0000e8b33fa4d87_7.jpg,4,1
fear,http://cs.rochester.edu/u/qyou/Ins/Imgs/fear/88e50698117b11e294a422000a1e8aa6_7.jpg,5,0
fear,http://cs.rochester.edu/u/qyou/Ins/Imgs/fear/10249294_309522235869130_417557060_n.jpg,1,4
fear,http://cs.rochester.edu/u/qyou/Ins/Imgs/fear/f6f135662c7f11e2a94622000a1fbd9f_7.jpg,5,0
fear,http://cs.rochester.edu/u/qyou/Ins/Imgs/fear/9650e32ccf8c11e28e7522000a1fbe50_7.jpg,2,3
fear,http://cs.rochester.edu/u/qyou/Ins/Imgs/fear/10499260_1504532173093924_1326061515_n.jpg,4,1
fear,http://cs.rochester.edu/u/qyou/Ins/Imgs/fear/4e4243babf5111e1b00112313800c5e4_7.jpg,5,0
fear,http://cs.rochester.edu/u/qyou/Ins/Imgs/fear/436748ae0b3c11e3916922000a1f9043_7.jpg,4,1
fear,http://cs.rochester.edu/u/qyou/Ins/Imgs/fear/5be772daf93711e2939222000a9f1385_7.jpg,5,0
fear,http://cs.rochester.edu/u/qyou/Ins/Imgs/fear/1660708_665615643481183_885638201_n.jpg,5,0
fear,http://cs.rochester.edu/u/qyou/Ins/Imgs/fear/f7121904f5f011e1bd9022000a1c8857_7.jpg,4,1
fear,http://cs.rochester.edu/u/qyou/Ins/Imgs/fear/e1b07f60b19d11e2bd6022000aa80383_7.jpg,4,1
fear,http://cs.rochester.edu/u/qyou/Ins/Imgs/fear/e733ff2ccfcd11e28c8322000a9e08d3_7.jpg,1,4
fear,http://cs.rochester.edu/u/qyou/Ins/Imgs/fear/90de69ee2e1111e3ba5122000ab5c016_7.jpg,5,0
fear,http://cs.rochester.edu/u/qyou/Ins/Imgs/fear/1388792_599656226764198_1711172336_n.jpg,4,1
fear,http://cs.rochester.edu/u/qyou/Ins/Imgs/fear/35f57e6822d711e3aec022000ae80f8c_7.jpg,1,4
fear,http://cs.rochester.edu/u/qyou/Ins/Imgs/fear/10950480_515904235219350_1885356716_n.jpg,5,0
fear,http://cs.rochester.edu/u/qyou/Ins/Imgs/fear/10369516_486078131520805_1110360545_n.jpg,4,1
fear,http://cs.rochester.edu/u/qyou/Ins/Imgs/fear/10903588_1031664020193884_764771811_n.jpg,4,1
fear,http://cs.rochester.edu/u/qyou/Ins/Imgs/fear/cc0209be23a811e289dc22000a9f12b0_7.jpg,4,1
fear,http://cs.rochester.edu/u/qyou/Ins/Imgs/fear/1389184_333450976822710_2144847136_n.jpg,5,0
fear,http://cs.rochester.edu/u/qyou/Ins/Imgs/fear/10838886_1532625443659257_260573937_n.jpg,3,2
fear,http://cs.rochester.edu/u/qyou/Ins/Imgs/fear/9627518285f011e28b9a22000a1f9d42_7.jpg,5,0
fear,http://cs.rochester.edu/u/qyou/Ins/Imgs/fear/10748267_768554153205781_1896425882_n.jpg,0,5
fear,http://cs.rochester.edu/u/qyou/Ins/Imgs/fear/e834489033ce11e38e2d22000a1fbe71_8.jpg,5,0
fear,http://cs.rochester.edu/u/qyou/Ins/Imgs/fear/10948831_379509378897468_1714232430_n.jpg,4,1
fear,http://cs.rochester.edu/u/qyou/Ins/Imgs/fear/10593315_720828381322419_1775679661_n.jpg,4,1
fear,http://cs.rochester.edu/u/qyou/Ins/Imgs/fear/1424860ac95711e2979622000a1fb04f_7.jpg,5,0
fear,http://cs.rochester.edu/u/qyou/Ins/Imgs/fear/916915_656189031079085_1139352042_n.jpg,3,2
fear,http://cs.rochester.edu/u/qyou/Ins/Imgs/fear/c3d0741ca54b11e39691126acd5603fd_8.jpg,5,0
fear,http://cs.rochester.edu/u/qyou/Ins/Imgs/fear/1209612_582848245155512_721004968_n.jpg,5,0
fear,http://cs.rochester.edu/u/qyou/Ins/Imgs/fear/ca51776cd48811e2852a22000a9e0709_7.jpg,5,0
fear,http://cs.rochester.edu/u/qyou/Ins/Imgs/fear/10948826_432375930260373_1127387746_n.jpg,4,1
fear,http://cs.rochester.edu/u/qyou/Ins/Imgs/fear/10593420_1501500856776645_1882449766_n.jpg,5,0
fear,http://cs.rochester.edu/u/qyou/Ins/Imgs/fear/a4cc13f6207511e3914022000a9e0653_7.jpg,3,2
fear,http://cs.rochester.edu/u/qyou/Ins/Imgs/fear/75516478151711e3a73b22000aa80571_7.jpg,3,2
fear,http://cs.rochester.edu/u/qyou/Ins/Imgs/fear/925332_760586860688478_1153992921_n.jpg,0,5
fear,http://cs.rochester.edu/u/qyou/Ins/Imgs/fear/c9f4f54e2aad11e2b55422000a9f1377_7.jpg,3,2
fear,http://cs.rochester.edu/u/qyou/Ins/Imgs/fear/1172056_221087644724608_1345106415_n.jpg,5,0
fear,http://cs.rochester.edu/u/qyou/Ins/Imgs/fear/10175138_304435209708199_134701124_n.jpg,5,0
fear,http://cs.rochester.edu/u/qyou/Ins/Imgs/fear/41b84bd27d5e11e29e1622000a9d0ec7_7.jpg,3,2
fear,http://cs.rochester.edu/u/qyou/Ins/Imgs/fear/10175264_631579896930562_1475947728_n.jpg,3,2
fear,http://cs.rochester.edu/u/qyou/Ins/Imgs/fear/ed936e6ae9b911e2bbaa22000a1fb198_7.jpg,5,0
fear,http://cs.rochester.edu/u/qyou/Ins/Imgs/fear/10251509_531815996928109_1332031613_n.jpg,2,3
fear,http://cs.rochester.edu/u/qyou/Ins/Imgs/fear/31961a5cacfd11e39f4d1271bd1b6218_8.jpg,3,2
fear,http://cs.rochester.edu/u/qyou/Ins/Imgs/fear/10731578_548882038576493_1012738740_n.jpg,3,2
fear,http://cs.rochester.edu/u/qyou/Ins/Imgs/fear/38a2cef43cf011e2969522000a9f14e8_7.jpg,4,1
fear,http://cs.rochester.edu/u/qyou/Ins/Imgs/fear/10914435_1540466636210527_1085218933_n.jpg,3,2
fear,http://cs.rochester.edu/u/qyou/Ins/Imgs/fear/3302f32aa55911e394581252b655b151_8.jpg,5,0
fear,http://cs.rochester.edu/u/qyou/Ins/Imgs/fear/0c715e9e136a11e3869422000a1deb63_7.jpg,5,0
fear,http://cs.rochester.edu/u/qyou/Ins/Imgs/fear/916931_381910738611357_2064590864_n.jpg,4,1
fear,http://cs.rochester.edu/u/qyou/Ins/Imgs/fear/10890600_1588564024706906_2007497879_n.jpg,5,0
fear,http://cs.rochester.edu/u/qyou/Ins/Imgs/fear/9c215b50f3a511e2a16822000a9e076a_7.jpg,5,0
fear,http://cs.rochester.edu/u/qyou/Ins/Imgs/fear/10691796_1473060479627887_1077045392_n.jpg,4,1
fear,http://cs.rochester.edu/u/qyou/Ins/Imgs/fear/10748216_944568298921362_1740172544_n.jpg,5,0
fear,http://cs.rochester.edu/u/qyou/Ins/Imgs/fear/40c2fde8966911e28faf22000a1f99f9_7.jpg,2,3
fear,http://cs.rochester.edu/u/qyou/Ins/Imgs/fear/7fd6dedc7ad511e2a6b122000a9f3070_7.jpg,4,1
fear,http://cs.rochester.edu/u/qyou/Ins/Imgs/fear/1389318_1493078864290300_98315224_n.jpg,5,0
fear,http://cs.rochester.edu/u/qyou/Ins/Imgs/fear/d775ff3a6b1011e2b55e22000a9f09fb_7.jpg,5,0
fear,http://cs.rochester.edu/u/qyou/Ins/Imgs/fear/10890614_779857408750318_614550057_n.jpg,4,1
fear,http://cs.rochester.edu/u/qyou/Ins/Imgs/fear/10518046_1453857398207585_1621118432_n.jpg,2,3
fear,http://cs.rochester.edu/u/qyou/Ins/Imgs/fear/169fda7e617411e2866422000a1f9c90_7.jpg,5,0
fear,http://cs.rochester.edu/u/qyou/Ins/Imgs/fear/10387952_1508558079364430_1196185123_n.jpg,5,0
fear,http://cs.rochester.edu/u/qyou/Ins/Imgs/fear/f193308ce00311e280b322000a1f9c82_7.jpg,3,2
fear,http://cs.rochester.edu/u/qyou/Ins/Imgs/fear/c338597cefe711e1a24f1231381b4d9b_7.jpg,4,1
fear,http://cs.rochester.edu/u/qyou/Ins/Imgs/fear/1209679_238007576362954_1264951872_n.jpg,5,0
fear,http://cs.rochester.edu/u/qyou/Ins/Imgs/fear/be541b3c40a311e2b48222000a9f1915_7.jpg,2,3
fear,http://cs.rochester.edu/u/qyou/Ins/Imgs/fear/1a2b6576fa2311e2902922000a1fc70b_7.jpg,5,0
fear,http://cs.rochester.edu/u/qyou/Ins/Imgs/fear/1172206_1479195165627499_1641227075_n.jpg,4,1
fear,http://cs.rochester.edu/u/qyou/Ins/Imgs/fear/10784975_779923655407428_1573128978_n.jpg,4,1
fear,http://cs.rochester.edu/u/qyou/Ins/Imgs/fear/beec042eb07d11e38ab512ca5bee9511_8.jpg,5,0
fear,http://cs.rochester.edu/u/qyou/Ins/Imgs/fear/ffdbc2ea1b4911e3a9dd22000a9e29a7_7.jpg,5,0
fear,http://cs.rochester.edu/u/qyou/Ins/Imgs/fear/10950423_1380410602268950_510386251_n.jpg,5,0
fear,http://cs.rochester.edu/u/qyou/Ins/Imgs/fear/10914620_383624421819426_326543296_n.jpg,5,0
fear,http://cs.rochester.edu/u/qyou/Ins/Imgs/fear/10899073_1578875359025264_228099570_n.jpg,2,3
fear,http://cs.rochester.edu/u/qyou/Ins/Imgs/fear/1f46417ef6b411e2912322000a1f933e_7.jpg,5,0
fear,http://cs.rochester.edu/u/qyou/Ins/Imgs/fear/10895008_1586497641584029_1509839041_n.jpg,4,1
fear,http://cs.rochester.edu/u/qyou/Ins/Imgs/fear/be3cca3886b011e2816522000a9e48f9_7.jpg,5,0
fear,http://cs.rochester.edu/u/qyou/Ins/Imgs/fear/f508b47a828011e29a0d22000a9f1320_7.jpg,5,0
fear,http://cs.rochester.edu/u/qyou/Ins/Imgs/fear/2b6c22f433c011e39a1622000ae9083c_8.jpg,0,5
fear,http://cs.rochester.edu/u/qyou/Ins/Imgs/fear/10424479_468114536658839_1687133276_n.jpg,4,1
fear,http://cs.rochester.edu/u/qyou/Ins/Imgs/fear/8ad11d327b7c11e2a64f22000a1f968e_7.jpg,5,0
fear,http://cs.rochester.edu/u/qyou/Ins/Imgs/fear/10296807_1418638585063861_263077877_n.jpg,0,5
fear,http://cs.rochester.edu/u/qyou/Ins/Imgs/fear/5ef4ffe2e0e111e2901122000a9f1939_7.jpg,5,0
fear,http://cs.rochester.edu/u/qyou/Ins/Imgs/fear/1b9ae8c04ddd11e2a1b122000a1f9702_7.jpg,4,1
fear,http://cs.rochester.edu/u/qyou/Ins/Imgs/fear/1599684_1419415838302887_905363563_n.jpg,4,1
fear,http://cs.rochester.edu/u/qyou/Ins/Imgs/fear/10848259_769652286423718_435833046_n.jpg,4,1
fear,http://cs.rochester.edu/u/qyou/Ins/Imgs/fear/2326cde8fa4411e28d0b22000aaa0532_7.jpg,5,0
fear,http://cs.rochester.edu/u/qyou/Ins/Imgs/fear/64533f72892411e2a67a22000a9f3cad_7.jpg,4,1
fear,http://cs.rochester.edu/u/qyou/Ins/Imgs/fear/f6e1aadab14d11e2ac5122000a9f14f8_7.jpg,4,1
fear,http://cs.rochester.edu/u/qyou/Ins/Imgs/fear/10914377_406782412815159_1081983370_n.jpg,5,0
fear,http://cs.rochester.edu/u/qyou/Ins/Imgs/fear/0a2ae07ca32711e3a46812e95f55900b_7.jpg,4,1
fear,http://cs.rochester.edu/u/qyou/Ins/Imgs/fear/10542753_765656680147368_684262850_n.jpg,5,0
fear,http://cs.rochester.edu/u/qyou/Ins/Imgs/fear/10784890_855444141143230_589689954_n.jpg,5,0
fear,http://cs.rochester.edu/u/qyou/Ins/Imgs/fear/10661220_1518463538397165_279838309_n.jpg,5,0
fear,http://cs.rochester.edu/u/qyou/Ins/Imgs/fear/10843861_1550099348589376_2005264075_n.jpg,5,0
fear,http://cs.rochester.edu/u/qyou/Ins/Imgs/fear/92f212b6884a11e2a73f22000a9e28ad_7.jpg,3,2
fear,http://cs.rochester.edu/u/qyou/Ins/Imgs/fear/2c2740e4696d11e1a87612313804ec91_7.jpg,5,0
fear,http://cs.rochester.edu/u/qyou/Ins/Imgs/fear/926798_321592857988960_1021927190_n.jpg,5,0
fear,http://cs.rochester.edu/u/qyou/Ins/Imgs/fear/1388909_169242946616414_1399896210_n.jpg,0,5
fear,http://cs.rochester.edu/u/qyou/Ins/Imgs/fear/10914281_906953519356196_1123610068_n.jpg,5,0
fear,http://cs.rochester.edu/u/qyou/Ins/Imgs/fear/6b5b18d4fb4011e1bbe622000a1c8847_7.jpg,1,4
fear,http://cs.rochester.edu/u/qyou/Ins/Imgs/fear/a447a7200d0011e3a17a22000a1fd129_7.jpg,5,0
fear,http://cs.rochester.edu/u/qyou/Ins/Imgs/fear/10554067_847307535287479_1775432281_n.jpg,5,0
fear,http://cs.rochester.edu/u/qyou/Ins/Imgs/fear/1971378_613043958748993_206534731_n.jpg,4,1
fear,http://cs.rochester.edu/u/qyou/Ins/Imgs/fear/1742039_1386384598253050_1196228199_n.jpg,5,0
fear,http://cs.rochester.edu/u/qyou/Ins/Imgs/fear/926294_587158301349561_1960515830_n.jpg,5,0
fear,http://cs.rochester.edu/u/qyou/Ins/Imgs/fear/925126_198988906964572_485790538_n.jpg,4,1
fear,http://cs.rochester.edu/u/qyou/Ins/Imgs/fear/10727474_672387669526668_1411988609_n.jpg,2,3
fear,http://cs.rochester.edu/u/qyou/Ins/Imgs/fear/50fd15d0f81711e2a34522000ae80008_7.jpg,5,0
fear,http://cs.rochester.edu/u/qyou/Ins/Imgs/fear/10831924_845870592102162_1771407085_n.jpg,5,0
fear,http://cs.rochester.edu/u/qyou/Ins/Imgs/fear/10848325_876862999014946_1811380122_n.jpg,4,1
fear,http://cs.rochester.edu/u/qyou/Ins/Imgs/fear/10684054_537107203088572_539921441_n.jpg,5,0
fear,http://cs.rochester.edu/u/qyou/Ins/Imgs/fear/8984efd0155511e3bbd422000a1f9ab2_7.jpg,0,5
fear,http://cs.rochester.edu/u/qyou/Ins/Imgs/fear/10547325_606657666116729_1763807165_n.jpg,5,0
fear,http://cs.rochester.edu/u/qyou/Ins/Imgs/fear/9f7dbc74904611e3b6410e220c1cbd61_8.jpg,3,2
fear,http://cs.rochester.edu/u/qyou/Ins/Imgs/fear/2b32c33a786611e283e822000a1f8e5b_7.jpg,2,3
fear,http://cs.rochester.edu/u/qyou/Ins/Imgs/fear/925361_1483917151896344_621992955_n.jpg,1,4
fear,http://cs.rochester.edu/u/qyou/Ins/Imgs/fear/925474_250904655101776_742682079_n.jpg,1,4
fear,http://cs.rochester.edu/u/qyou/Ins/Imgs/fear/0bb77db2233d11e2890222000a1fb0b2_7.jpg,5,0
fear,http://cs.rochester.edu/u/qyou/Ins/Imgs/fear/1066d04aa72911e2b4e822000a9f130c_7.jpg,5,0
fear,http://cs.rochester.edu/u/qyou/Ins/Imgs/fear/10787929_396068030545034_1059535563_n.jpg,2,3
fear,http://cs.rochester.edu/u/qyou/Ins/Imgs/fear/10919734_916355191710004_1139730249_n.jpg,5,0
fear,http://cs.rochester.edu/u/qyou/Ins/Imgs/fear/10748237_786585664736454_167710691_n.jpg,5,0
fear,http://cs.rochester.edu/u/qyou/Ins/Imgs/fear/10731470_847600325260509_712675584_n.jpg,4,1
fear,http://cs.rochester.edu/u/qyou/Ins/Imgs/fear/928928_855354964506069_1782663117_n.jpg,5,0
fear,http://cs.rochester.edu/u/qyou/Ins/Imgs/fear/925071_912844165397201_1961730654_n.jpg,4,1
fear,http://cs.rochester.edu/u/qyou/Ins/Imgs/fear/10948670_597925043640353_777274073_n.jpg,5,0
fear,http://cs.rochester.edu/u/qyou/Ins/Imgs/fear/10632191_1494950680744962_1633545940_n.jpg,2,3
fear,http://cs.rochester.edu/u/qyou/Ins/Imgs/fear/928641_833456413331541_670368299_n.jpg,2,3
fear,http://cs.rochester.edu/u/qyou/Ins/Imgs/fear/10362124_564766906967943_1323925889_n.jpg,5,0
fear,http://cs.rochester.edu/u/qyou/Ins/Imgs/fear/843d382495bd11e2b56022000a9f1354_7.jpg,2,3
fear,http://cs.rochester.edu/u/qyou/Ins/Imgs/fear/10808827_721768484578555_1629760448_n.jpg,4,1
fear,http://cs.rochester.edu/u/qyou/Ins/Imgs/fear/10832066_885899811455389_44414362_n.jpg,4,1
fear,http://cs.rochester.edu/u/qyou/Ins/Imgs/fear/10838299_762588033794358_1731058694_n.jpg,5,0
fear,http://cs.rochester.edu/u/qyou/Ins/Imgs/fear/6612d402307811e3822f22000a9f09ca_8.jpg,4,0
fear,http://cs.rochester.edu/u/qyou/Ins/Imgs/fear/a3bab0bcb28411e2839b22000aa801fc_7.jpg,4,1
fear,http://cs.rochester.edu/u/qyou/Ins/Imgs/fear/10731743_1634029443491024_1452683422_n.jpg,2,3
fear,http://cs.rochester.edu/u/qyou/Ins/Imgs/fear/10523513_1458489977735487_324260825_n.jpg,5,0
fear,http://cs.rochester.edu/u/qyou/Ins/Imgs/fear/90429fced83a11e1ad6922000a1e8b8a_7.jpg,5,0
fear,http://cs.rochester.edu/u/qyou/Ins/Imgs/fear/10844236_372140836280487_1710834422_n.jpg,3,2
fear,http://cs.rochester.edu/u/qyou/Ins/Imgs/fear/5ae3d77032d511e387d122000a1faff1_8.jpg,5,0
fear,http://cs.rochester.edu/u/qyou/Ins/Imgs/fear/1170016_415419521919297_767973237_n.jpg,0,5
fear,http://cs.rochester.edu/u/qyou/Ins/Imgs/fear/47b98a7a8f5911e29a5722000a9f3079_7.jpg,5,0
fear,http://cs.rochester.edu/u/qyou/Ins/Imgs/fear/10932369_1587230854821662_648455533_n.jpg,5,0
fear,http://cs.rochester.edu/u/qyou/Ins/Imgs/fear/10914148_363977377120492_1594693189_n.jpg,5,0
fear,http://cs.rochester.edu/u/qyou/Ins/Imgs/fear/10735602_528335113968365_1590231247_n.jpg,3,2
fear,http://cs.rochester.edu/u/qyou/Ins/Imgs/fear/10387764_252867864918249_128410538_n.jpg,5,0
fear,http://cs.rochester.edu/u/qyou/Ins/Imgs/fear/10852621_886149211409843_1272061201_n.jpg,5,0
fear,http://cs.rochester.edu/u/qyou/Ins/Imgs/fear/10832026_200857663434968_1230469825_n.jpg,5,0
fear,http://cs.rochester.edu/u/qyou/Ins/Imgs/fear/10483541_1441750369438862_156147284_n.jpg,5,0
fear,http://cs.rochester.edu/u/qyou/Ins/Imgs/fear/10488796_1426594490957429_494584493_n.jpg,1,4
fear,http://cs.rochester.edu/u/qyou/Ins/Imgs/fear/1df0ce32262211e393dd22000a1fb194_7.jpg,5,0
fear,http://cs.rochester.edu/u/qyou/Ins/Imgs/fear/914298_380348455443314_89045412_n.jpg,0,5
fear,http://cs.rochester.edu/u/qyou/Ins/Imgs/fear/79150a34f17111e292af22000ae912ea_7.jpg,2,3
fear,http://cs.rochester.edu/u/qyou/Ins/Imgs/fear/10665961_450287095111871_672278441_n.jpg,4,1
fear,http://cs.rochester.edu/u/qyou/Ins/Imgs/fear/10369367_303804129779485_1247660743_n.jpg,5,0
fear,http://cs.rochester.edu/u/qyou/Ins/Imgs/fear/10832019_1517332728529513_2053120383_n.jpg,2,3
fear,http://cs.rochester.edu/u/qyou/Ins/Imgs/fear/1389372_301103143361625_942728061_n.jpg,3,2
fear,http://cs.rochester.edu/u/qyou/Ins/Imgs/fear/10299724_238912782968840_2042787024_n.jpg,3,2
fear,http://cs.rochester.edu/u/qyou/Ins/Imgs/fear/c00aaabec86a11e283e322000aa8200d_7.jpg,3,2
fear,http://cs.rochester.edu/u/qyou/Ins/Imgs/fear/914249_589718557742810_900894404_n.jpg,2,3
fear,http://cs.rochester.edu/u/qyou/Ins/Imgs/fear/6060be92a7b611e3931d0e6209f07faa_8.jpg,4,1
fear,http://cs.rochester.edu/u/qyou/Ins/Imgs/fear/10706773_1562752553953476_1560634006_n.jpg,5,0
fear,http://cs.rochester.edu/u/qyou/Ins/Imgs/fear/10735233_974018555947920_1603769796_n.jpg,3,2
fear,http://cs.rochester.edu/u/qyou/Ins/Imgs/fear/10707228_1513832892190055_1516802440_n.jpg,5,0
fear,http://cs.rochester.edu/u/qyou/Ins/Imgs/fear/36d8e7ba217a11e38b8022000aaa0a1f_7.jpg,4,1
fear,http://cs.rochester.edu/u/qyou/Ins/Imgs/fear/342883f42b2011e39d8c22000a1fbd8b_7.jpg,5,0
fear,http://cs.rochester.edu/u/qyou/Ins/Imgs/fear/abe86458a5ed11e2802a22000a9f3c9c_7.jpg,5,0
fear,http://cs.rochester.edu/u/qyou/Ins/Imgs/fear/10706931_1554625558083771_2093635500_n.jpg,4,1
fear,http://cs.rochester.edu/u/qyou/Ins/Imgs/fear/10454174_675414559205735_1959583131_n.jpg,5,0
fear,http://cs.rochester.edu/u/qyou/Ins/Imgs/fear/1516056_390768274390636_1523891901_n.jpg,1,4
fear,http://cs.rochester.edu/u/qyou/Ins/Imgs/fear/da231e3abd8f11e2a03b22000a1f92d6_7.jpg,5,0
fear,http://cs.rochester.edu/u/qyou/Ins/Imgs/fear/10903403_1573278892884050_125316062_n.jpg,4,1
fear,http://cs.rochester.edu/u/qyou/Ins/Imgs/fear/10810002_280441268832577_2004529719_n.jpg,5,0
fear,http://cs.rochester.edu/u/qyou/Ins/Imgs/fear/10723935_1499892920297491_723233871_n.jpg,0,5
fear,http://cs.rochester.edu/u/qyou/Ins/Imgs/fear/5d4e62b089d311e2af5a22000a9f18fb_7.jpg,3,2
fear,http://cs.rochester.edu/u/qyou/Ins/Imgs/fear/2e5dc77ae47811e2b70422000a9d0df6_7.jpg,5,0
fear,http://cs.rochester.edu/u/qyou/Ins/Imgs/fear/10724766_796840963707866_1089986311_n.jpg,4,1
fear,http://cs.rochester.edu/u/qyou/Ins/Imgs/fear/10881842_750833824971257_800553329_n.jpg,5,0
fear,http://cs.rochester.edu/u/qyou/Ins/Imgs/fear/10467997_744378798956352_1576394184_n.jpg,4,1
fear,http://cs.rochester.edu/u/qyou/Ins/Imgs/fear/10537274_337733179711943_1842243596_n.jpg,5,0
fear,http://cs.rochester.edu/u/qyou/Ins/Imgs/fear/10661088_1494934084104920_1683505725_n.jpg,4,1
fear,http://cs.rochester.edu/u/qyou/Ins/Imgs/fear/5559f7a60e1511e3adbc22000a9e17d5_7.jpg,5,0
fear,http://cs.rochester.edu/u/qyou/Ins/Imgs/fear/10903210_620599074734993_642931022_n.jpg,5,0
fear,http://cs.rochester.edu/u/qyou/Ins/Imgs/fear/10724118_375932485904180_108125884_n.jpg,3,2
fear,http://cs.rochester.edu/u/qyou/Ins/Imgs/fear/85c0bddac0fe11e2a12d22000a1fa52e_7.jpg,5,0
fear,http://cs.rochester.edu/u/qyou/Ins/Imgs/fear/10467718_247275212132868_316362201_n.jpg,4,1
fear,http://cs.rochester.edu/u/qyou/Ins/Imgs/fear/10004206_594728953986242_596587227_n.jpg,4,1
fear,http://cs.rochester.edu/u/qyou/Ins/Imgs/fear/926486_802717646413887_1725592089_n.jpg,5,0
fear,http://cs.rochester.edu/u/qyou/Ins/Imgs/fear/10254299_1435084803406936_1581259800_n.jpg,5,0
fear,http://cs.rochester.edu/u/qyou/Ins/Imgs/fear/a8f9b5c429c511e3b23022000a1f9ad5_7.jpg,5,0
fear,http://cs.rochester.edu/u/qyou/Ins/Imgs/fear/5ce9f7ec1f0d11e3bc4e22000aaa05b3_7.jpg,3,2
fear,http://cs.rochester.edu/u/qyou/Ins/Imgs/fear/924629_444116815740050_308399286_n.jpg,5,0
fear,http://cs.rochester.edu/u/qyou/Ins/Imgs/fear/b899391c301111e3940222000a1fbd52_7.jpg,5,0
fear,http://cs.rochester.edu/u/qyou/Ins/Imgs/fear/10852663_325889680952076_1512720735_n.jpg,5,0
fear,http://cs.rochester.edu/u/qyou/Ins/Imgs/fear/10520157_1516353878584319_497917847_n.jpg,4,1
fear,http://cs.rochester.edu/u/qyou/Ins/Imgs/fear/926424_246253668891281_499632104_n.jpg,5,0
fear,http://cs.rochester.edu/u/qyou/Ins/Imgs/fear/446aeefe921a11e28eb922000a1fbc88_7.jpg,5,0
fear,http://cs.rochester.edu/u/qyou/Ins/Imgs/fear/fd744af4585d11e2bccc22000a1f8cda_7.jpg,5,0
fear,http://cs.rochester.edu/u/qyou/Ins/Imgs/fear/10251356_1489564174605653_1843545329_n.jpg,4,1
fear,http://cs.rochester.edu/u/qyou/Ins/Imgs/fear/da6cec481af211e3a23322000aaa04c3_7.jpg,4,1
fear,http://cs.rochester.edu/u/qyou/Ins/Imgs/fear/1516906_685952724819778_1588117680_n.jpg,0,5
fear,http://cs.rochester.edu/u/qyou/Ins/Imgs/fear/10735239_767452226654642_86562629_n.jpg,2,3
fear,http://cs.rochester.edu/u/qyou/Ins/Imgs/fear/10818104_1559129324319385_1078915664_n.jpg,5,0
fear,http://cs.rochester.edu/u/qyou/Ins/Imgs/fear/68274790a33d11e3a3c71231634cd7f1_8.jpg,5,0
fear,http://cs.rochester.edu/u/qyou/Ins/Imgs/fear/10948863_821973937859031_479144979_n.jpg,4,1
fear,http://cs.rochester.edu/u/qyou/Ins/Imgs/fear/eac12fd4a8f311e39a07124e3f4435e2_8.jpg,5,0
fear,http://cs.rochester.edu/u/qyou/Ins/Imgs/fear/10354290_1543912075843385_573885430_n.jpg,5,0
fear,http://cs.rochester.edu/u/qyou/Ins/Imgs/fear/1516426_794400603909319_58199830_n.jpg,4,1
fear,http://cs.rochester.edu/u/qyou/Ins/Imgs/fear/f5bcf8caa91411e390ab0ecee3e4457f_8.jpg,5,0
fear,http://cs.rochester.edu/u/qyou/Ins/Imgs/fear/10012521_1422660827987795_278415911_n.jpg,2,2
fear,http://cs.rochester.edu/u/qyou/Ins/Imgs/fear/10611202_1509663279268261_67888315_n.jpg,5,0
fear,http://cs.rochester.edu/u/qyou/Ins/Imgs/fear/10362325_1436557009928317_1116657042_n.jpg,5,0
fear,http://cs.rochester.edu/u/qyou/Ins/Imgs/fear/f834c5bc127c11e3996322000a9f1313_7.jpg,5,0
fear,http://cs.rochester.edu/u/qyou/Ins/Imgs/fear/10707004_535067693305576_1983376328_n.jpg,5,0
fear,http://cs.rochester.edu/u/qyou/Ins/Imgs/fear/1389457_179358982258255_972446367_n.jpg,4,1
fear,http://cs.rochester.edu/u/qyou/Ins/Imgs/fear/1389522_258906107590833_1098870704_n.jpg,2,3
fear,http://cs.rochester.edu/u/qyou/Ins/Imgs/fear/c42aeb9ea46111e3b6b9126ca48ad1ba_8.jpg,4,1
