fear,http://farm6.staticflickr.com/5502/9838069254_a492182a2d_z.jpg,5,0
fear,http://farm8.staticflickr.com/7055/6847218812_0868848484_z.jpg,1,3
fear,http://farm9.staticflickr.com/8364/8416914598_7d0a23af9a_z.jpg,5,0
fear,http://farm4.staticflickr.com/3666/10484250475_32a016daa2_z.jpg,5,0
fear,http://farm8.staticflickr.com/7540/15312710703_377fabce4e_z.jpg,5,0
fear,http://farm8.staticflickr.com/7306/10259564684_b0b3272757_z.jpg,3,2
fear,http://farm9.staticflickr.com/8459/7980837929_f533a32cb4_z.jpg,5,0
fear,http://farm4.staticflickr.com/3811/13147423463_c055233f67_z.jpg,4,1
fear,http://farm9.staticflickr.com/8475/8393960824_74bb8a4b16_z.jpg,5,0
fear,http://farm6.staticflickr.com/5510/11693495113_51826810d3_z.jpg,5,0
fear,http://farm6.staticflickr.com/5508/10915633086_e0e02b246c_z.jpg,5,0
fear,http://farm9.staticflickr.com/8458/8053779374_6d84f9a4f5_z.jpg,5,0
fear,http://farm8.staticflickr.com/7051/6923579283_69f6f54faf_z.jpg,2,3
fear,http://farm8.staticflickr.com/7080/7352354848_4be8652fdf_z.jpg,5,0
fear,http://farm4.staticflickr.com/3768/9718830732_644a5d5a78_z.jpg,5,0
fear,http://farm3.staticflickr.com/2874/12244176805_e42af68a5b_z.jpg,5,0
fear,http://farm9.staticflickr.com/8466/8106007373_da12cb2d0c_z.jpg,4,1
fear,http://farm4.staticflickr.com/3888/14597284190_efb62816b5_z.jpg,4,1
fear,http://farm9.staticflickr.com/8164/7103113737_8bd52283b4_z.jpg,5,0
fear,http://farm3.staticflickr.com/2910/14761002866_5f1ffdfc15_z.jpg,4,1
fear,http://farm3.staticflickr.com/2933/14837686003_10210a7e92_z.jpg,5,0
fear,http://farm6.staticflickr.com/5341/7154646318_826a294702_z.jpg,5,0
fear,http://farm9.staticflickr.com/8517/8465668020_dbf697a375_z.jpg,5,0
fear,http://farm4.staticflickr.com/3752/11884700243_0438c757c6_z.jpg,3,2
fear,http://farm8.staticflickr.com/7398/12316760974_ff9554ab7f_z.jpg,5,0
fear,http://farm8.staticflickr.com/7019/6791298403_74c586a7a0_z.jpg,5,0
fear,http://farm8.staticflickr.com/7096/7195515060_398f953e68_z.jpg,3,2
fear,http://farm3.staticflickr.com/2891/11036498073_dd81b9f15a_z.jpg,5,0
fear,http://farm6.staticflickr.com/5524/12271125826_0753696c19_z.jpg,4,1
fear,http://farm9.staticflickr.com/8254/8685018753_f5d5245c2d_z.jpg,5,0
fear,http://farm4.staticflickr.com/3862/14824363666_91b071f2f9_z.jpg,5,0
fear,http://farm9.staticflickr.com/8244/8600293962_339a48e4ce_z.jpg,5,0
fear,http://farm9.staticflickr.com/8322/8062279308_ca13025d04_z.jpg,3,2
fear,http://farm8.staticflickr.com/7495/16312178446_78ed069b2c_z.jpg,5,0
fear,http://farm8.staticflickr.com/7318/8721607303_8502a0d5e0_z.jpg,5,0
fear,http://farm6.staticflickr.com/5552/15267531121_9905e68221_z.jpg,5,0
fear,http://farm4.staticflickr.com/3716/9651472321_27626c3d5b_z.jpg,3,2
fear,http://farm4.staticflickr.com/3906/14780841991_45e7ee08d1_z.jpg,5,0
fear,http://farm4.staticflickr.com/3787/9585689929_eacdc4a7c0_z.jpg,5,0
fear,http://farm8.staticflickr.com/7012/6660754335_7935d24726_z.jpg,2,3
fear,http://farm8.staticflickr.com/7325/12418789235_856389df60_z.jpg,4,1
fear,http://farm8.staticflickr.com/7448/9732082936_da4d0b84e1_z.jpg,5,0
fear,http://farm9.staticflickr.com/8376/8453914031_a884ff51e0_z.jpg,5,0
fear,http://farm9.staticflickr.com/8071/8401710874_589c8c7c2e_z.jpg,3,2
fear,http://farm3.staticflickr.com/2909/14804327913_a8eec93895_z.jpg,5,0
fear,http://farm4.staticflickr.com/3918/14782280964_1c577d0288_z.jpg,1,4
fear,http://farm4.staticflickr.com/3764/9546282974_588aed5c0b_z.jpg,5,0
fear,http://farm4.staticflickr.com/3712/10974509413_39ddbfca68_z.jpg,4,1
fear,http://farm4.staticflickr.com/3915/14516551104_94b0b5150e_z.jpg,5,0
fear,http://farm6.staticflickr.com/5576/14783665172_fa792556f5_z.jpg,5,0
fear,http://farm4.staticflickr.com/3768/11801210236_8cec54b560_z.jpg,0,5
fear,http://farm8.staticflickr.com/7280/7552150192_e4062f5d11_z.jpg,5,0
fear,http://farm8.staticflickr.com/7501/15830654498_6c8a4fbf77_z.jpg,5,0
fear,http://farm8.staticflickr.com/7130/7595795794_64beb949b9_z.jpg,5,0
fear,http://farm9.staticflickr.com/8503/8325541786_63e294ee20_z.jpg,5,0
fear,http://farm8.staticflickr.com/7085/7007638485_dc79d761b9_z.jpg,5,0
fear,http://farm9.staticflickr.com/8471/8425340091_15ecb29032_z.jpg,5,0
fear,http://farm8.staticflickr.com/7214/7308219370_e3506d29b9_z.jpg,5,0
fear,http://farm4.staticflickr.com/3868/14597218550_a5cf3c8152_z.jpg,5,0
fear,http://farm8.staticflickr.com/7319/12494821884_050e3e5c78_z.jpg,5,0
fear,http://farm4.staticflickr.com/3918/14888766857_4a31489c7a_z.jpg,5,0
fear,http://farm3.staticflickr.com/2945/15448635821_61244e8969_z.jpg,0,5
fear,http://farm8.staticflickr.com/7402/9387796852_cd29b045b8_z.jpg,3,2
fear,http://farm9.staticflickr.com/8066/8242648669_41cf58bdcc_z.jpg,5,0
fear,http://farm9.staticflickr.com/8127/10211519535_38e941d859_z.jpg,4,1
fear,http://farm8.staticflickr.com/7489/15822445279_4bb95c354f_z.jpg,4,1
fear,http://farm9.staticflickr.com/8394/8952500955_eedb048d31_z.jpg,3,2
fear,http://farm9.staticflickr.com/8298/7854090500_bf5a30ecc0_z.jpg,5,0
fear,http://farm9.staticflickr.com/8471/8147644528_76321c885d_z.jpg,5,0
fear,http://farm3.staticflickr.com/2910/14597473957_377022974c_z.jpg,4,1
fear,http://farm8.staticflickr.com/7430/11835758713_79d9596a4a_z.jpg,5,0
fear,http://farm8.staticflickr.com/7038/6979798035_245edc14af_z.jpg,4,1
fear,http://farm3.staticflickr.com/2874/9884729176_91106d9a7e_z.jpg,5,0
fear,http://farm9.staticflickr.com/8150/7472034682_a321804134_z.jpg,4,1
fear,http://farm3.staticflickr.com/2940/14781538824_bf9970c9d7_z.jpg,5,0
fear,http://farm9.staticflickr.com/8438/7932185942_e92fa51941_z.jpg,3,2
fear,http://farm9.staticflickr.com/8119/8758474453_ce184da082_z.jpg,3,2
fear,http://farm8.staticflickr.com/7456/9918683364_02fb42a8a8_z.jpg,5,0
fear,http://farm6.staticflickr.com/5573/14597339267_4bb2632986_z.jpg,5,0
fear,http://farm9.staticflickr.com/8532/8648770394_5a74cb130a_z.jpg,5,0
fear,http://farm4.staticflickr.com/3910/15253463141_6fdfb17420_z.jpg,1,4
fear,http://farm9.staticflickr.com/8063/8167218608_21d5a435c1_z.jpg,5,0
fear,http://farm9.staticflickr.com/8058/8269853355_c7aa715547_z.jpg,5,0
fear,http://farm9.staticflickr.com/8245/8594763047_45549ab362_z.jpg,5,0
fear,http://farm9.staticflickr.com/8359/8276182271_904556f701_z.jpg,5,0
fear,http://farm9.staticflickr.com/8318/8058158051_90611f3633_z.jpg,4,1
fear,http://farm8.staticflickr.com/7146/6842578435_7be6f5d0d0_z.jpg,5,0
fear,http://farm9.staticflickr.com/8323/8403386887_4e1f2635bf_z.jpg,4,1
fear,http://farm3.staticflickr.com/2896/14231909012_306fcec634_z.jpg,5,0
fear,http://farm4.staticflickr.com/3910/14842793042_d341d6fc91_z.jpg,5,0
fear,http://farm6.staticflickr.com/5550/9326969573_2c58afc6f4_z.jpg,4,1
fear,http://farm9.staticflickr.com/8292/7757072242_cd24a56de2_z.jpg,5,0
fear,http://farm9.staticflickr.com/8055/8139568699_af1b9f681c_z.jpg,5,0
fear,http://farm8.staticflickr.com/7562/15468005570_c4b875992d_z.jpg,5,0
fear,http://farm4.staticflickr.com/3690/12492303254_9b65154df0_z.jpg,5,0
fear,http://farm4.staticflickr.com/3836/14781612984_a2c8424643_z.jpg,5,0
fear,http://farm8.staticflickr.com/7138/7504526118_ab604f91e0_z.jpg,2,3
fear,http://farm9.staticflickr.com/8474/8127566196_44f1702413_z.jpg,4,1
fear,http://farm8.staticflickr.com/7572/15869295375_017428f194_z.jpg,4,1
fear,http://farm3.staticflickr.com/2849/9714425144_d2d9522966_z.jpg,1,4
fear,http://farm6.staticflickr.com/5611/15419503750_b045f44ed3_z.jpg,5,0
fear,http://farm3.staticflickr.com/2806/11691273006_29a3e46c24_z.jpg,2,3
fear,http://farm9.staticflickr.com/8064/8242268401_2330746a26_z.jpg,5,0
fear,http://farm6.staticflickr.com/5240/7421302676_b00ed3f723_z.jpg,1,4
fear,http://farm8.staticflickr.com/7181/6958688982_307a17fb07_z.jpg,5,0
fear,http://farm6.staticflickr.com/5557/14949573591_d65a318d95_z.jpg,4,1
fear,http://farm8.staticflickr.com/7115/6894729212_f8e1478a8d_z.jpg,5,0
fear,http://farm4.staticflickr.com/3743/14070112820_f0537640fc_z.jpg,5,0
fear,http://farm9.staticflickr.com/8063/8199136808_48145c0abf_z.jpg,4,1
fear,http://farm9.staticflickr.com/8521/8473747592_2c68975b7a_z.jpg,4,1
fear,http://farm6.staticflickr.com/5330/9601559298_c6a070594b_z.jpg,4,1
fear,http://farm9.staticflickr.com/8008/6978237972_5446f8e43c_z.jpg,5,0
fear,http://farm4.staticflickr.com/3830/10726722806_934aa4fe5c_z.jpg,5,0
fear,http://farm4.staticflickr.com/3684/10506191936_cc59be5e72_z.jpg,2,3
fear,http://farm3.staticflickr.com/2865/10941653504_4d406aecfc_z.jpg,5,0
fear,http://farm6.staticflickr.com/5153/14451949561_12aba0b0ea_z.jpg,5,0
fear,http://farm9.staticflickr.com/8162/7477183006_21dfa5855f_z.jpg,4,1
fear,http://farm4.staticflickr.com/3751/12226602644_3a5ed1e775_z.jpg,5,0
fear,http://farm8.staticflickr.com/7202/13885069458_14f5486b09_z.jpg,5,0
fear,http://farm6.staticflickr.com/5525/12762241334_c488dbcb5b_z.jpg,4,0
fear,http://farm9.staticflickr.com/8089/8578355932_315a707cb3_z.jpg,5,0
fear,http://farm9.staticflickr.com/8240/8638832331_e0b3d46aa0_z.jpg,5,0
fear,http://farm9.staticflickr.com/8367/8556284241_60a436318a_z.jpg,5,0
fear,http://farm3.staticflickr.com/2909/13498257283_6843723712_z.jpg,4,1
fear,http://farm4.staticflickr.com/3793/11198294673_b5b8ffb8e7_z.jpg,5,0
fear,http://farm3.staticflickr.com/2927/14803834183_a0c6a35144_z.jpg,3,2
fear,http://farm4.staticflickr.com/3707/14087053227_1e02e99207_z.jpg,5,0
fear,http://farm4.staticflickr.com/3801/9588760699_13b5e7a352_z.jpg,5,0
fear,http://farm4.staticflickr.com/3700/11594651034_aea87fbc65_z.jpg,5,0
fear,http://farm4.staticflickr.com/3262/3121568346_9e0042e8a3_z.jpg,5,0
fear,http://farm9.staticflickr.com/8524/8493223521_e59db61773_z.jpg,5,0
fear,http://farm6.staticflickr.com/5239/14118733573_acab864108_z.jpg,2,3
fear,http://farm4.staticflickr.com/3955/15665098432_94cdd456b7_z.jpg,5,0
fear,http://farm8.staticflickr.com/7293/12914063314_f836df3e4d_z.jpg,5,0
fear,http://farm6.staticflickr.com/5484/9703777050_9f9e0b8650_z.jpg,5,0
fear,http://farm8.staticflickr.com/7366/14145477973_780f0b3e69_z.jpg,4,1
fear,http://farm3.staticflickr.com/2914/14514035644_353d76a951_z.jpg,5,0
fear,http://farm4.staticflickr.com/3681/9368346253_dc4fa34383_z.jpg,5,0
fear,http://farm6.staticflickr.com/5484/10201029083_1df12fb582_z.jpg,4,1
fear,http://farm9.staticflickr.com/8513/8357203514_f1d3f51da5_z.jpg,5,0
fear,http://farm6.staticflickr.com/5518/12688967383_29f82f24c2_z.jpg,5,0
fear,http://farm4.staticflickr.com/3894/15188262766_18e07eafbe_z.jpg,5,0
fear,http://farm4.staticflickr.com/3853/14876981884_09f76148ba_z.jpg,5,0
fear,http://farm4.staticflickr.com/3863/14907331262_dd637350d5_z.jpg,5,0
fear,http://farm9.staticflickr.com/8108/8474618841_e357ddb4e3_z.jpg,5,0
fear,http://farm8.staticflickr.com/7151/6681080479_c958ac0245_z.jpg,5,0
fear,http://farm8.staticflickr.com/7319/12443335214_7d46bb9860_z.jpg,4,1
fear,http://farm3.staticflickr.com/2807/9087494911_50f1c06f1f_z.jpg,5,0
fear,http://farm6.staticflickr.com/5319/6908626648_b209746048_z.jpg,5,0
fear,http://farm8.staticflickr.com/7160/6715549505_a734c13d2c_z.jpg,5,0
fear,http://farm8.staticflickr.com/7076/13814619165_eb158afa7e_z.jpg,5,0
fear,http://farm6.staticflickr.com/5537/12584406124_153ceb1b74_z.jpg,5,0
fear,http://farm4.staticflickr.com/3910/14785006145_23e307e8dd_z.jpg,3,2
fear,http://farm4.staticflickr.com/3797/13547032414_8d7e495aff_z.jpg,5,0
fear,http://farm9.staticflickr.com/8233/8453904633_c0dfb602ec_z.jpg,5,0
fear,http://farm8.staticflickr.com/7310/8735576415_af08153b77_z.jpg,5,0
fear,http://farm4.staticflickr.com/3941/15336351489_43b5a08841_z.jpg,2,3
fear,http://farm8.staticflickr.com/7292/8745158212_ff54e2534d_z.jpg,5,0
fear,http://farm9.staticflickr.com/8238/8468491902_6fef7ac411_z.jpg,5,0
fear,http://farm4.staticflickr.com/3816/10861612765_5b5450cc59_z.jpg,5,0
fear,http://farm4.staticflickr.com/3778/9975753395_0de04c68b3_z.jpg,5,0
fear,http://farm3.staticflickr.com/2850/10453337165_c4780c568d_z.jpg,5,0
fear,http://farm4.staticflickr.com/3699/12493553935_5c37b4775d_z.jpg,5,0
fear,http://farm8.staticflickr.com/7383/12443358584_99a08e2985_z.jpg,3,2
fear,http://farm8.staticflickr.com/7447/10093690944_99e2428cae_z.jpg,4,0
fear,http://farm8.staticflickr.com/7447/9720919769_99a5a72595_z.jpg,5,0
fear,http://farm9.staticflickr.com/8167/7579706080_b6d6032e7a_z.jpg,3,2
fear,http://farm9.staticflickr.com/8479/8161829994_93440425a0_z.jpg,5,0
fear,http://farm8.staticflickr.com/7133/7535835024_51120ae436_z.jpg,5,0
fear,http://farm4.staticflickr.com/3904/14803785663_880a58ea0d_z.jpg,5,0
fear,http://farm3.staticflickr.com/2866/9763382814_5c734a156d_z.jpg,3,2
fear,http://farm6.staticflickr.com/5539/13891343397_6f27b6f86c_z.jpg,5,0
fear,http://farm9.staticflickr.com/8476/8097212035_c0ce2e0b5d_z.jpg,5,0
fear,http://farm4.staticflickr.com/3800/13702836094_afbf082512_z.jpg,5,0
fear,http://farm4.staticflickr.com/3865/15082287840_c3b1dea611_z.jpg,5,0
fear,http://farm7.staticflickr.com/6235/6997264989_855e84f78a_z.jpg,5,0
fear,http://farm8.staticflickr.com/7496/15759051661_34f73d8a5b_z.jpg,5,0
fear,http://farm8.staticflickr.com/7244/7283141150_e70f99116f_z.jpg,5,0
fear,http://farm9.staticflickr.com/8200/8202168782_4bd22c6c26_z.jpg,4,1
fear,http://farm3.staticflickr.com/2941/15096580658_e2b6d4f516_z.jpg,5,0
fear,http://farm4.staticflickr.com/3891/14598419130_c6fc4c014b_z.jpg,5,0
fear,http://farm4.staticflickr.com/3893/14699234167_b1a6f2a982_z.jpg,3,2
fear,http://farm8.staticflickr.com/7030/6703646229_da53f9e312_z.jpg,1,4
fear,http://farm8.staticflickr.com/7224/7297545232_fe5fca1de0_z.jpg,5,0
fear,http://farm8.staticflickr.com/7019/6826621823_35bd342caa_z.jpg,2,3
fear,http://farm3.staticflickr.com/2881/8969536782_be2ba5d973_z.jpg,5,0
fear,http://farm6.staticflickr.com/5467/8845858309_5696e38c61_z.jpg,5,0
fear,http://farm8.staticflickr.com/7213/6950711978_9ae4840aa6_z.jpg,4,1
fear,http://farm4.staticflickr.com/3795/10219515954_dfe4db7f4e_z.jpg,2,3
fear,http://farm9.staticflickr.com/8296/7917890308_934332952b_z.jpg,5,0
fear,http://farm3.staticflickr.com/2886/9420000591_5bba7da8ac_z.jpg,3,2
fear,http://farm3.staticflickr.com/2906/14137606287_61c64a6514_z.jpg,4,1
fear,http://farm6.staticflickr.com/5597/15035441923_88789d2601_z.jpg,3,2
fear,http://farm9.staticflickr.com/8531/8504997501_4a66343fbc_z.jpg,5,0
fear,http://farm6.staticflickr.com/5529/14577047382_0d19f3dc6c_z.jpg,4,1
fear,http://farm9.staticflickr.com/8004/7150203473_82eab2bbb4_z.jpg,5,0
fear,http://farm9.staticflickr.com/8542/8701385902_35ba8df791_z.jpg,5,0
fear,http://farm3.staticflickr.com/2905/14597327909_21446fbfbf_z.jpg,5,0
fear,http://farm3.staticflickr.com/2941/15267912277_bb2db5c3b6_z.jpg,3,2
fear,http://farm4.staticflickr.com/3759/10562285246_97de273dca_z.jpg,4,1
fear,http://farm6.staticflickr.com/5588/15251650932_ba58b30d66_z.jpg,5,0
fear,http://farm4.staticflickr.com/3842/15010292631_cee8496ffc_z.jpg,2,3
fear,http://farm6.staticflickr.com/5500/10505929504_2e3d4761c2_z.jpg,2,3
fear,http://farm6.staticflickr.com/5548/14225656335_89a21251cb_z.jpg,5,0
fear,http://farm9.staticflickr.com/8007/7104564347_a2be63d4bc_z.jpg,4,1
fear,http://farm4.staticflickr.com/3797/10331152895_c28d11b973_z.jpg,5,0
fear,http://farm8.staticflickr.com/7542/15748262111_7b1abe3a22_z.jpg,3,2
fear,http://farm3.staticflickr.com/2822/9956404136_0182c2d543_z.jpg,5,0
fear,http://farm4.staticflickr.com/3692/9726094366_f9ba9be009_z.jpg,2,3
fear,http://farm8.staticflickr.com/7293/12839505783_7fca702a91_z.jpg,5,0
fear,http://farm8.staticflickr.com/7088/7250627914_7527055a43_z.jpg,5,0
fear,http://farm4.staticflickr.com/3876/14951153299_706b4405ee_z.jpg,5,0
fear,http://farm8.staticflickr.com/7233/7404469848_8d4eb107b1_z.jpg,5,0
fear,http://farm6.staticflickr.com/5592/14985010765_274d6711c0_z.jpg,5,0
fear,http://farm6.staticflickr.com/5472/14343683903_3f6699ce1b_z.jpg,5,0
fear,http://farm4.staticflickr.com/3810/9372298814_6acb601d22_z.jpg,5,0
fear,http://farm8.staticflickr.com/7045/6777293746_96205bf29f_z.jpg,5,0
fear,http://farm6.staticflickr.com/5448/9469710276_9c57b7fdb2_z.jpg,1,4
fear,http://farm8.staticflickr.com/7101/7403988796_051cbf2afc_z.jpg,4,1
fear,http://farm3.staticflickr.com/2836/12689313224_5070e4f070_z.jpg,5,0
fear,http://farm8.staticflickr.com/7251/7083566645_8f68eed0c0_z.jpg,5,0
fear,http://farm9.staticflickr.com/8383/8580557903_f19df6a3bd_z.jpg,5,0
fear,http://farm9.staticflickr.com/8034/7945470512_9e128a2e84_z.jpg,3,2
fear,http://farm6.staticflickr.com/5194/7199092914_758fa6ae15_z.jpg,5,0
fear,http://farm8.staticflickr.com/7311/10523008534_752892aab9_z.jpg,4,1
fear,http://farm8.staticflickr.com/7290/8718871537_16ea0eab6a_z.jpg,5,0
fear,http://farm8.staticflickr.com/7160/6660124179_f89f8dd511_z.jpg,1,4
fear,http://farm6.staticflickr.com/5589/14990635668_cc6d7d21b3_z.jpg,4,1
fear,http://farm6.staticflickr.com/5530/13524603393_8d77828073_z.jpg,5,0
fear,http://farm9.staticflickr.com/8060/8196783605_12ef82374a_z.jpg,5,0
fear,http://farm4.staticflickr.com/3716/12758003144_5734cda166_z.jpg,4,1
fear,http://farm8.staticflickr.com/7081/7162642843_f6d3abc8ee_z.jpg,5,0
fear,http://farm8.staticflickr.com/7176/13801324574_7aee53b592_z.jpg,4,1
fear,http://farm9.staticflickr.com/8340/8222669221_4e5d13336e_z.jpg,2,3
fear,http://farm9.staticflickr.com/8062/8180308961_1f66c6d95e_z.jpg,2,3
fear,http://farm9.staticflickr.com/8330/8366708318_fab52a1469_z.jpg,5,0
fear,http://farm8.staticflickr.com/7406/10398945925_5842852c0b_z.jpg,4,1
fear,http://farm8.staticflickr.com/7329/9000908071_de215a9253_z.jpg,5,0
fear,http://farm6.staticflickr.com/5537/10945897444_58d7e8e2fb_z.jpg,5,0
fear,http://farm4.staticflickr.com/3732/12478248833_84bc5a771d_z.jpg,5,0
fear,http://farm9.staticflickr.com/8316/8073450785_a7099ba5aa_z.jpg,4,1
fear,http://farm9.staticflickr.com/8467/8147757521_bcb5c7bcc6_z.jpg,5,0
fear,http://farm9.staticflickr.com/8051/8132223270_e794533b70_z.jpg,2,3
fear,http://farm9.staticflickr.com/8104/8644364830_3d36921dbc_z.jpg,5,0
fear,http://farm4.staticflickr.com/3719/12457592973_a3059304d4_z.jpg,5,0
fear,http://farm6.staticflickr.com/5584/14800537409_4d89654662_z.jpg,4,1
fear,http://farm6.staticflickr.com/5579/14631486100_3ed3ee1b34_z.jpg,5,0
fear,http://farm8.staticflickr.com/7259/7854409296_9ab92e6130_z.jpg,3,2
fear,http://farm6.staticflickr.com/5486/9695393857_0c80c58893_z.jpg,5,0
fear,http://farm6.staticflickr.com/5529/12380551254_f6de38dfd0_z.jpg,5,0
fear,http://farm6.staticflickr.com/5504/10906729326_f883bf7d47_z.jpg,3,2
fear,http://farm9.staticflickr.com/8020/7354234406_4600cc69d2_z.jpg,5,0
fear,http://farm8.staticflickr.com/7076/7399394796_86bd73c7a7_z.jpg,5,0
fear,http://farm4.staticflickr.com/3693/9724857768_e115a02152_z.jpg,4,1
fear,http://farm9.staticflickr.com/8472/8392294047_e49397345c_z.jpg,5,0
fear,http://farm4.staticflickr.com/3922/15242673952_50fc38aea0_z.jpg,5,0
fear,http://farm3.staticflickr.com/2873/9069729263_1a1510d72b_z.jpg,5,0
fear,http://farm4.staticflickr.com/3906/14334452555_463854fc66_z.jpg,5,0
fear,http://farm4.staticflickr.com/3902/15000691490_570b89e677_z.jpg,5,0
fear,http://farm9.staticflickr.com/8032/7977995385_b60f9e96c5_z.jpg,5,0
fear,http://farm4.staticflickr.com/3667/9357195510_6c643fbaba_z.jpg,5,0
fear,http://farm8.staticflickr.com/7323/8715080477_11ace4862e_z.jpg,5,0
fear,http://farm4.staticflickr.com/3782/12447666215_3c917a4c78_z.jpg,5,0
fear,http://farm9.staticflickr.com/8338/8260655845_201c05354d_z.jpg,5,0
fear,http://farm4.staticflickr.com/3956/15400929667_140283595f_z.jpg,4,1
fear,http://farm6.staticflickr.com/5590/14597304868_12b1d6e4dd_z.jpg,5,0
fear,http://farm8.staticflickr.com/7160/13366769685_72b929f9ac_z.jpg,5,0
fear,http://farm8.staticflickr.com/7200/7095859807_9a5cbcc9a6_z.jpg,5,0
fear,http://farm9.staticflickr.com/8337/8232169129_cc447cd4bd_z.jpg,4,1
fear,http://farm4.staticflickr.com/3859/14597279318_42d1299bf1_z.jpg,4,1
fear,http://farm9.staticflickr.com/8013/6979093174_3daa16b9e9_z.jpg,5,0
fear,http://farm6.staticflickr.com/5325/9624812834_d78293a74b_z.jpg,5,0
fear,http://farm4.staticflickr.com/3732/12688976223_0a1a400eda_z.jpg,5,0
fear,http://farm4.staticflickr.com/3906/14803762003_bab6d10d3b_z.jpg,5,0
fear,http://farm6.staticflickr.com/5594/14598513499_413e4eebfa_z.jpg,5,0
fear,http://farm8.staticflickr.com/7422/11588346915_a57404d9f7_z.jpg,4,1
fear,http://farm9.staticflickr.com/8493/8300527897_623a6a64ac_z.jpg,5,0
fear,http://farm9.staticflickr.com/8461/8051323622_33069bdb10_z.jpg,5,0
fear,http://farm8.staticflickr.com/7273/7098370845_9a569f1be5_z.jpg,5,0
fear,http://farm6.staticflickr.com/5504/12480837923_7873a0ed14_z.jpg,5,0
fear,http://farm8.staticflickr.com/7267/8152043374_356247f340_z.jpg,4,1
fear,http://farm9.staticflickr.com/8519/8482594494_f1e4d57f8a_z.jpg,5,0
fear,http://farm3.staticflickr.com/2905/14780777681_b1930e9d8f_z.jpg,2,3
fear,http://farm8.staticflickr.com/7350/9154125753_1f45115123_z.jpg,1,4
fear,http://farm4.staticflickr.com/3738/9371715768_cd435b8e78_z.jpg,5,0
fear,http://farm9.staticflickr.com/8567/15858154807_316aa7957f_z.jpg,5,0
fear,http://farm9.staticflickr.com/8351/8421980702_754c3cc9f8_z.jpg,5,0
fear,http://farm9.staticflickr.com/8600/15816244904_15e9360566_z.jpg,4,1
fear,http://farm8.staticflickr.com/7102/7296122276_f838cc7cd9_z.jpg,5,0
fear,http://farm6.staticflickr.com/5326/10225341823_0925f322f6_z.jpg,5,0
fear,http://farm3.staticflickr.com/2917/14597420707_1706d73ff6_z.jpg,5,0
fear,http://farm9.staticflickr.com/8177/7976341891_7520f4b352_z.jpg,3,2
fear,http://farm9.staticflickr.com/8349/8275047912_715470da44_z.jpg,5,0
fear,http://farm9.staticflickr.com/8453/8031486729_d280026e0d_z.jpg,2,3
fear,http://farm4.staticflickr.com/3737/13949029775_7a0b5f57be_z.jpg,5,0
fear,http://farm9.staticflickr.com/8196/8123908338_4cd8cfec60_z.jpg,3,2
fear,http://farm4.staticflickr.com/3698/10108695065_fc50efb565_z.jpg,5,0
fear,http://farm9.staticflickr.com/8645/16147136408_237893f520_z.jpg,2,3
fear,http://farm8.staticflickr.com/7310/13027719643_8097cdee86_z.jpg,4,1
fear,http://farm8.staticflickr.com/7252/6882253630_beddffe1d3_z.jpg,5,0
fear,http://farm6.staticflickr.com/5548/10525932734_bb7233f481_z.jpg,3,2
fear,http://farm9.staticflickr.com/8076/8431366399_5f4b8a79d6_z.jpg,5,0
fear,http://farm4.staticflickr.com/3770/10384160113_0ab3957db0_z.jpg,5,0
fear,http://farm4.staticflickr.com/3921/14661294578_60e7d9c442_z.jpg,5,0
fear,http://farm9.staticflickr.com/8147/7591763132_d7ded7cd58_z.jpg,5,0
fear,http://farm6.staticflickr.com/5454/10108132593_77b6b1f874_z.jpg,2,3
fear,http://farm8.staticflickr.com/7122/8158213072_0f91f40e71_z.jpg,5,0
fear,http://farm4.staticflickr.com/3900/14781644104_84fccc39b6_z.jpg,5,0
fear,http://farm8.staticflickr.com/7075/7097421395_7d2f722964_z.jpg,5,0
fear,http://farm6.staticflickr.com/5535/10012257325_be2cd335d3_z.jpg,5,0
fear,http://farm8.staticflickr.com/7232/6871862014_511f40a9e3_z.jpg,3,2
fear,http://farm8.staticflickr.com/7215/7224477308_56bcae8b72_z.jpg,5,0
fear,http://farm8.staticflickr.com/7335/9519450378_f6afae05de_z.jpg,5,0
fear,http://farm8.staticflickr.com/7527/16148407829_2c0e66c3fc_z.jpg,4,1
fear,http://farm8.staticflickr.com/7170/6763928777_62754ba5f1_z.jpg,2,3
fear,http://farm9.staticflickr.com/8449/8054472865_83f6147862_z.jpg,0,5
fear,http://farm9.staticflickr.com/8166/7628477570_bc70b2f750_z.jpg,5,0
fear,http://farm9.staticflickr.com/8442/7915427456_7281d49942_z.jpg,5,0
fear,http://farm9.staticflickr.com/8241/8672818991_1f8e71d915_z.jpg,5,0
fear,http://farm4.staticflickr.com/3751/13412960514_b73a86cb66_z.jpg,5,0
fear,http://farm8.staticflickr.com/7446/14021429652_437c8f80d0_z.jpg,5,0
fear,http://farm6.staticflickr.com/5478/11340494176_67ca2920a2_z.jpg,4,1
fear,http://farm8.staticflickr.com/7135/7850382214_53974453bf_z.jpg,2,3
fear,http://farm6.staticflickr.com/5523/14063796654_27d3180346_z.jpg,2,3
fear,http://farm8.staticflickr.com/7312/10567207183_4cee46d9f0_z.jpg,5,0
fear,http://farm6.staticflickr.com/5487/9460374502_9b5e429f65_z.jpg,4,1
fear,http://farm3.staticflickr.com/2921/14456623121_60cdf15970_z.jpg,5,0
fear,http://farm8.staticflickr.com/7507/15469816837_a5e014f3d1_z.jpg,5,0
fear,http://farm6.staticflickr.com/5607/15614321549_8f8712e80f_z.jpg,5,0
fear,http://farm4.staticflickr.com/3707/10405325736_4f36905c63_z.jpg,4,1
fear,http://farm9.staticflickr.com/8192/8081450452_2211117c81_z.jpg,2,3
fear,http://farm3.staticflickr.com/2807/9278239840_48fee36396_z.jpg,3,2
fear,http://farm6.staticflickr.com/5461/10038337324_ab38e1649c_z.jpg,4,1
fear,http://farm6.staticflickr.com/5556/15117916846_266e956fb3_z.jpg,5,0
fear,http://farm9.staticflickr.com/8456/8057292763_c9b23a47cd_z.jpg,5,0
fear,http://farm4.staticflickr.com/3915/14525247633_6838ec69a5_z.jpg,5,0
fear,http://farm9.staticflickr.com/8240/8663031967_2f3e8587c4_z.jpg,5,0
fear,http://farm4.staticflickr.com/3911/15128416509_026bfb536e_z.jpg,2,3
fear,http://farm8.staticflickr.com/7095/7181784669_2fb500b8b8_z.jpg,5,0
fear,http://farm6.staticflickr.com/5475/9412383207_b2afe35016_z.jpg,5,0
fear,http://farm6.staticflickr.com/5488/10384167103_47231f87fe_z.jpg,5,0
fear,http://farm8.staticflickr.com/7512/15853688000_623b2cca0f_z.jpg,5,0
fear,http://farm9.staticflickr.com/8104/8657286340_0cc8817cb9_z.jpg,3,2
fear,http://farm8.staticflickr.com/7369/9666124786_c35d11265a_z.jpg,5,0
fear,http://farm6.staticflickr.com/5482/10328732465_accaef7198_z.jpg,5,0
fear,http://farm3.staticflickr.com/2814/12583618173_fd4fcb46f0_z.jpg,3,2
fear,http://farm4.staticflickr.com/3779/10175572793_0940fa3063_z.jpg,5,0
fear,http://farm8.staticflickr.com/7219/7213424276_131d953981_z.jpg,3,2
fear,http://farm4.staticflickr.com/3856/15013320965_a0648cf495_z.jpg,2,3
fear,http://farm9.staticflickr.com/8052/8399617255_d59f8ab72f_z.jpg,5,0
fear,http://farm8.staticflickr.com/7164/6749952081_66d79e88b3_z.jpg,5,0
fear,http://farm4.staticflickr.com/3843/14597384717_2fe46fd1b5_z.jpg,4,1
fear,http://farm8.staticflickr.com/7420/13901757547_008d393df9_z.jpg,5,0
fear,http://farm9.staticflickr.com/8318/8002359418_c5961b9a31_z.jpg,5,0
fear,http://farm4.staticflickr.com/3875/14761002066_1d0bc110ea_z.jpg,3,2
fear,http://farm9.staticflickr.com/8207/8173742764_96feb5f160_z.jpg,3,2
fear,http://farm9.staticflickr.com/8054/8141426869_29d70c2e9e_z.jpg,5,0
fear,http://farm8.staticflickr.com/7171/6763487197_211ef28890_z.jpg,5,0
fear,http://farm3.staticflickr.com/2811/10025308536_46cc5a3c9b_z.jpg,2,3
fear,http://farm3.staticflickr.com/2810/9113811884_68e58ae9b9_z.jpg,5,0
fear,http://farm9.staticflickr.com/8574/16062106445_a47bc84faf_z.jpg,4,1
fear,http://farm3.staticflickr.com/2923/14377290840_daa42a86d6_z.jpg,3,2
fear,http://farm9.staticflickr.com/8110/8509032960_88c4b7122a_z.jpg,2,3
fear,http://farm8.staticflickr.com/7337/12583766563_580d366f6c_z.jpg,4,1
fear,http://farm8.staticflickr.com/7328/8723371372_eaf3b9318e_z.jpg,5,0
fear,http://farm9.staticflickr.com/8496/8310173942_5aa14a4e23_z.jpg,5,0
fear,http://farm8.staticflickr.com/7022/6698207337_aa242026ed_z.jpg,5,0
fear,http://farm6.staticflickr.com/5564/14989873640_997245a510_z.jpg,5,0
fear,http://farm8.staticflickr.com/7095/7063265079_ed255332f4_z.jpg,5,0
fear,http://farm9.staticflickr.com/8237/8356691352_ff6f7faf09_z.jpg,5,0
fear,http://farm4.staticflickr.com/3783/10093860973_fda35851e6_z.jpg,5,0
fear,http://farm9.staticflickr.com/8062/8232963033_7f11004db6_z.jpg,5,0
fear,http://farm4.staticflickr.com/3890/14567416472_e6a1881cef_z.jpg,5,0
fear,http://farm9.staticflickr.com/8185/8131786129_3217feedb7_z.jpg,1,4
fear,http://farm9.staticflickr.com/8667/15946943746_163a232225_z.jpg,5,0
fear,http://farm9.staticflickr.com/8188/8143362040_6a1f0c5d3d_z.jpg,1,4
fear,http://farm6.staticflickr.com/5519/10725843976_e7d7ebd955_z.jpg,5,0
fear,http://farm8.staticflickr.com/7064/6905942693_a3c0e59225_z.jpg,5,0
fear,http://farm6.staticflickr.com/5525/11888972674_cf369eba00_z.jpg,4,1
fear,http://farm8.staticflickr.com/7499/15967754682_667cd0a6bb_z.jpg,5,0
fear,http://farm4.staticflickr.com/3802/11465898493_920ee0b278_z.jpg,5,0
fear,http://farm9.staticflickr.com/8265/8631634965_f2f0dfee90_z.jpg,5,0
fear,http://farm9.staticflickr.com/8094/8558870088_161928e860_z.jpg,5,0
fear,http://farm9.staticflickr.com/8288/7779633786_ab67717c56_z.jpg,5,0
fear,http://farm9.staticflickr.com/8310/8070409656_70106e1049_z.jpg,3,2
fear,http://farm9.staticflickr.com/8204/8198069767_2db41ff084_z.jpg,5,0
fear,http://farm3.staticflickr.com/2949/15403716202_0a68b986f6_z.jpg,5,0
fear,http://farm9.staticflickr.com/8022/7507505332_20a2d100c1_z.jpg,1,4
fear,http://farm8.staticflickr.com/7280/7436572998_92bdbc9fee_z.jpg,5,0
fear,http://farm8.staticflickr.com/7428/12294553974_b92f474f25_z.jpg,5,0
fear,http://farm8.staticflickr.com/7506/15854741619_5ef6769881_z.jpg,4,1
fear,http://farm8.staticflickr.com/7397/13413800365_51d71104dc_z.jpg,4,1
fear,http://farm9.staticflickr.com/8499/8264425013_720e200266_z.jpg,5,0
fear,http://farm9.staticflickr.com/8015/7392202818_de58a98e40_z.jpg,5,0
fear,http://farm3.staticflickr.com/2900/14597276780_3ec2c48bd0_z.jpg,4,1
fear,http://farm8.staticflickr.com/7123/13354918164_8c4f48d114_z.jpg,4,1
fear,http://farm8.staticflickr.com/7158/6813729875_39f24a9278_z.jpg,5,0
fear,http://farm8.staticflickr.com/7094/6999174968_732d1f9689_z.jpg,5,0
fear,http://farm9.staticflickr.com/8145/7507416286_33859322cc_z.jpg,3,2
fear,http://farm3.staticflickr.com/2807/11766253024_34164f16a7_z.jpg,4,1
fear,http://farm9.staticflickr.com/8040/8065365160_0ba218f81d_z.jpg,5,0
fear,http://farm8.staticflickr.com/7553/15693459971_1bafbe8a92_z.jpg,5,0
fear,http://farm9.staticflickr.com/8186/8136983481_1dc2deaf44_z.jpg,3,2
fear,http://farm3.staticflickr.com/2832/12029688985_3dc1719cc8_z.jpg,5,0
fear,http://farm8.staticflickr.com/7457/10356346564_97c286babd_z.jpg,2,3
fear,http://farm8.staticflickr.com/7304/13966682228_591e683955_z.jpg,5,0
fear,http://farm8.staticflickr.com/7329/12217135473_d4618e305a_z.jpg,4,1
fear,http://farm8.staticflickr.com/7433/9525925777_c72594dc15_z.jpg,3,2
fear,http://farm9.staticflickr.com/8304/7757400716_ab3c110a3d_z.jpg,4,1
fear,http://farm4.staticflickr.com/3862/14783555142_3e0785f5c4_z.jpg,5,0
fear,http://farm8.staticflickr.com/7087/7239303002_edb0424161_z.jpg,5,0
fear,http://farm9.staticflickr.com/8465/8103673442_063804c595_z.jpg,2,3
fear,http://farm6.staticflickr.com/5316/7074580221_7272ce25d3_z.jpg,5,0
fear,http://farm4.staticflickr.com/3866/14597309810_b4c08b2a98_z.jpg,4,1
fear,http://farm8.staticflickr.com/7520/15854943559_3bbecf71d0_z.jpg,5,0
fear,http://farm8.staticflickr.com/7324/12429432854_8a419b9b41_z.jpg,5,0
fear,http://farm6.staticflickr.com/5546/11340629353_6628a22810_z.jpg,4,1
fear,http://farm8.staticflickr.com/7469/15229756113_a64710849b_z.jpg,5,0
fear,http://farm8.staticflickr.com/7140/6914383412_c76b2b9ae2_z.jpg,5,0
fear,http://farm6.staticflickr.com/5556/14676358105_114dc6e9ff_z.jpg,5,0
fear,http://farm8.staticflickr.com/7231/7009092867_5ed1d25a23_z.jpg,1,4
fear,http://farm4.staticflickr.com/3709/12770057403_e57b8d59b5_z.jpg,5,0
fear,http://farm3.staticflickr.com/2802/13153654835_8e345e22a8_z.jpg,5,0
fear,http://farm8.staticflickr.com/7087/13588345413_f8998a7c1b_z.jpg,5,0
fear,http://farm4.staticflickr.com/3925/14803801173_511c248fdc_z.jpg,5,0
fear,http://farm4.staticflickr.com/3863/15170049490_d0192c627d_z.jpg,5,0
fear,http://farm4.staticflickr.com/3812/13227185034_c285e6fc5f_z.jpg,5,0
fear,http://farm8.staticflickr.com/7440/9072080652_b502bfb5f6_z.jpg,4,1
fear,http://farm8.staticflickr.com/7191/7130820101_9e2e063eb2_z.jpg,5,0
fear,http://farm8.staticflickr.com/7158/6697609777_9fce7b2e1d_z.jpg,3,2
fear,http://farm8.staticflickr.com/7096/7326048730_70ab5d3947_z.jpg,5,0
fear,http://farm6.staticflickr.com/5566/14597200110_eca4e7831e_z.jpg,5,0
fear,http://farm4.staticflickr.com/3791/9591626634_6d6c45fa9d_z.jpg,5,0
fear,http://farm3.staticflickr.com/2842/10394264264_9a1a57e367_z.jpg,2,3
fear,http://farm9.staticflickr.com/8169/8056535120_154ecea63b_z.jpg,5,0
fear,http://farm8.staticflickr.com/7201/6914162213_5d5b54b5f6_z.jpg,4,1
fear,http://farm4.staticflickr.com/3691/10586329793_ae18fe5ae4_z.jpg,1,4
fear,http://farm8.staticflickr.com/7495/15874811632_b37bbe6df4_z.jpg,5,0
fear,http://farm9.staticflickr.com/8614/15695225869_5f46a7e6a6_z.jpg,3,2
fear,http://farm9.staticflickr.com/8405/8704720609_9de69207ef_z.jpg,4,1
fear,http://farm6.staticflickr.com/5474/9859323166_29f1ed7f4a_z.jpg,5,0
fear,http://farm8.staticflickr.com/7574/15693316828_7a0f6df1c7_z.jpg,5,0
fear,http://farm9.staticflickr.com/8199/8243381970_9404250bce_z.jpg,5,0
fear,http://farm8.staticflickr.com/7467/16082528038_237e9e7acd_z.jpg,5,0
fear,http://farm3.staticflickr.com/2936/14322111448_3d2496b54c_z.jpg,4,1
fear,http://farm6.staticflickr.com/5532/9350652798_e975269bea_z.jpg,4,1
fear,http://farm4.staticflickr.com/3790/10587933044_86f873721e_z.jpg,5,0
fear,http://farm3.staticflickr.com/2901/13998813226_a3a9cf8207_z.jpg,5,0
fear,http://farm6.staticflickr.com/5488/14103944928_2d62f83e6a_z.jpg,3,2
fear,http://farm3.staticflickr.com/2919/14035104309_8d6cc2bb85_z.jpg,5,0
fear,http://farm4.staticflickr.com/3937/15568579936_799d63077d_z.jpg,5,0
fear,http://farm6.staticflickr.com/5569/14781646574_e52070ef4e_z.jpg,5,0
fear,http://farm4.staticflickr.com/3935/15606056182_7da49d6ffc_z.jpg,2,3
fear,http://farm9.staticflickr.com/8360/8424983316_4849dcea7e_z.jpg,5,0
fear,http://farm9.staticflickr.com/8486/8269811491_3cc65f7f12_z.jpg,5,0
fear,http://farm8.staticflickr.com/7281/8732150433_b9a550882f_z.jpg,5,0
fear,http://farm9.staticflickr.com/8380/8603425070_110a6a28b6_z.jpg,5,0
fear,http://farm8.staticflickr.com/7346/8714208029_93296e6e4f_z.jpg,5,0
fear,http://farm9.staticflickr.com/8110/8560024486_33a218243e_z.jpg,3,2
fear,http://farm8.staticflickr.com/7399/13321886143_34af9fe2a1_z.jpg,5,0
fear,http://farm4.staticflickr.com/3701/10005929503_9089cf3c19_z.jpg,5,0
fear,http://farm9.staticflickr.com/8155/7619388368_a91919c5a8_z.jpg,4,1
fear,http://farm4.staticflickr.com/3750/8888574189_01db38287b_z.jpg,5,0
fear,http://farm4.staticflickr.com/3724/10937510046_2c35b98513_z.jpg,5,0
fear,http://farm4.staticflickr.com/3825/10383651526_92060cce2d_z.jpg,4,1
fear,http://farm4.staticflickr.com/3694/13395929935_d7ff410301_z.jpg,5,0
fear,http://farm8.staticflickr.com/7054/6903265769_cb88f29b40_z.jpg,5,0
fear,http://farm4.staticflickr.com/3790/10136429444_87947687ab_z.jpg,3,2
fear,http://farm9.staticflickr.com/8212/8441144289_45ae994a1b_z.jpg,5,0
fear,http://farm3.staticflickr.com/2930/14597157520_f16b9ab204_z.jpg,1,4
fear,http://farm9.staticflickr.com/8080/8338582034_5dc358d981_z.jpg,1,4
fear,http://farm3.staticflickr.com/2915/14597169180_1fd94a2e5f_z.jpg,5,0
fear,http://farm4.staticflickr.com/3914/14335911040_3c83c6a7d3_z.jpg,5,0
fear,http://farm6.staticflickr.com/5489/11666685823_c82c1b5ff9_z.jpg,4,1
fear,http://farm8.staticflickr.com/7034/6768717577_6b48362c82_z.jpg,5,0
fear,http://farm8.staticflickr.com/7459/8715382906_4d39df78d8_z.jpg,4,1
fear,http://farm9.staticflickr.com/8517/8380136863_e2c0d048f7_z.jpg,1,4
fear,http://farm8.staticflickr.com/7150/6753654431_fd4a109c00_z.jpg,5,0
fear,http://farm8.staticflickr.com/7050/13281048965_f93aff62ec_z.jpg,5,0
fear,http://farm9.staticflickr.com/8144/7313017134_75f9773ab5_z.jpg,3,2
fear,http://farm8.staticflickr.com/7353/10353760614_3417caa5d9_z.jpg,5,0
fear,http://farm8.staticflickr.com/7400/10444037803_a729fd7884_z.jpg,4,1
fear,http://farm8.staticflickr.com/7209/6866439457_bd38764a2b_z.jpg,5,0
fear,http://farm9.staticflickr.com/8067/8156246873_d07e313791_z.jpg,5,0
fear,http://farm8.staticflickr.com/7341/9655029528_48bf304b9c_z.jpg,2,3
fear,http://farm4.staticflickr.com/3876/14781584364_5a11e49f32_z.jpg,5,0
fear,http://farm3.staticflickr.com/2897/14760901986_725b53b9ff_z.jpg,5,0
fear,http://farm4.staticflickr.com/3812/12770375514_316958b40b_z.jpg,5,0
fear,http://farm6.staticflickr.com/5577/15013206995_c264e70bd9_z.jpg,3,2
fear,http://farm9.staticflickr.com/8135/15808816621_5a84889bc8_z.jpg,5,0
fear,http://farm6.staticflickr.com/5528/9277179179_3593456492_z.jpg,5,0
fear,http://farm4.staticflickr.com/3738/10487182186_6baf61917b_z.jpg,3,2
fear,http://farm8.staticflickr.com/7450/12067754106_2b5fd045ee_z.jpg,5,0
fear,http://farm4.staticflickr.com/3934/15457718192_b8b71bb0af_z.jpg,5,0
fear,http://farm6.staticflickr.com/5573/14597745539_9edbafc8d5_z.jpg,5,0
fear,http://farm9.staticflickr.com/8227/8531790303_d26c054060_z.jpg,5,0
fear,http://farm3.staticflickr.com/2927/14597389847_20b0ec411c_z.jpg,5,0
fear,http://farm9.staticflickr.com/8190/8357441587_176f067dcc_z.jpg,4,1
fear,http://farm9.staticflickr.com/8083/8298199096_390221b7fb_z.jpg,5,0
fear,http://farm4.staticflickr.com/3765/11087849603_4ab7165f0c_z.jpg,5,0
fear,http://farm9.staticflickr.com/8222/8425816110_648556e36b_z.jpg,5,0
fear,http://farm3.staticflickr.com/2826/11137137343_58eee6b2ba_z.jpg,5,0
fear,http://farm8.staticflickr.com/7293/9681884838_5069ac6d8a_z.jpg,5,0
fear,http://farm9.staticflickr.com/8004/7478279098_673e8a6337_z.jpg,5,0
fear,http://farm4.staticflickr.com/3697/11009233443_74d9a51b22_z.jpg,4,1
fear,http://farm8.staticflickr.com/7475/15821902106_b599d7a05e_z.jpg,4,1
fear,http://farm8.staticflickr.com/7105/7329328052_f8e0f249cc_z.jpg,5,0
fear,http://farm8.staticflickr.com/7055/8688685974_800ac1451a_z.jpg,5,0
fear,http://farm8.staticflickr.com/7275/7027623475_434df73026_z.jpg,4,1
fear,http://farm8.staticflickr.com/7317/8735115005_a10644ac4c_z.jpg,5,0
fear,http://farm8.staticflickr.com/7340/10473019204_0aa8f44969_z.jpg,5,0
fear,http://farm9.staticflickr.com/8490/8214121652_cb14aceb19_z.jpg,4,1
fear,http://farm8.staticflickr.com/7049/8689698097_ac96e73dd7_z.jpg,5,0
fear,http://farm3.staticflickr.com/2903/14783884155_b2f64a2117_z.jpg,3,2
fear,http://farm6.staticflickr.com/5443/9405342187_d7554a761f_z.jpg,5,0
fear,http://farm9.staticflickr.com/8479/8199162856_940da69cb3_z.jpg,5,0
fear,http://farm8.staticflickr.com/7330/14093993234_16b1f7bc5b_z.jpg,5,0
fear,http://farm3.staticflickr.com/2940/14497701290_5e47dc7869_z.jpg,5,0
fear,http://farm8.staticflickr.com/7430/12392520613_94b03c1852_z.jpg,0,5
fear,http://farm3.staticflickr.com/2898/14059288845_2bbfa57098_z.jpg,5,0
fear,http://farm4.staticflickr.com/3908/14780714121_649cd0939f_z.jpg,5,0
fear,http://farm8.staticflickr.com/7278/14034910474_4d308f3ba0_z.jpg,5,0
fear,http://farm3.staticflickr.com/2823/11292231555_b8e01ffd7f_z.jpg,5,0
fear,http://farm9.staticflickr.com/8518/8525258510_60bd35aef1_z.jpg,5,0
fear,http://farm9.staticflickr.com/8368/8455227365_e833919ef0_z.jpg,4,1
fear,http://farm3.staticflickr.com/2865/9260242028_53561323b5_z.jpg,5,0
fear,http://farm8.staticflickr.com/7129/7420741746_515b035b0c_z.jpg,5,0
fear,http://farm6.staticflickr.com/5445/9142395823_6a2a79ec9a_z.jpg,5,0
fear,http://farm8.staticflickr.com/7150/6623647779_b03a363fd6_z.jpg,1,4
fear,http://farm6.staticflickr.com/5582/14776161494_da3da30cf7_z.jpg,5,0
fear,http://farm6.staticflickr.com/5492/12224821475_d8fe1b3f24_z.jpg,4,1
fear,http://farm3.staticflickr.com/2929/14783918135_b928207ec3_z.jpg,4,1
fear,http://farm8.staticflickr.com/7136/7776507876_cbf7575d7a_z.jpg,5,0
fear,http://farm4.staticflickr.com/3867/14780811001_fd9d68038c_z.jpg,5,0
fear,http://farm3.staticflickr.com/2918/14760933996_d954d6bf5d_z.jpg,5,0
fear,http://farm9.staticflickr.com/8653/15985878291_357017b93c_z.jpg,5,0
fear,http://farm4.staticflickr.com/3898/14443979160_ece2989e03_z.jpg,5,0
fear,http://farm8.staticflickr.com/7359/13135985013_6b5a62c62b_z.jpg,5,0
fear,http://farm6.staticflickr.com/5305/14024368026_7e496b2bfe_z.jpg,5,0
fear,http://farm8.staticflickr.com/7274/7477005978_24fd6a7a8e_z.jpg,5,0
fear,http://farm9.staticflickr.com/8605/15854891779_d98784846d_z.jpg,5,0
fear,http://farm8.staticflickr.com/7128/7774618932_59def0a490_z.jpg,5,0
fear,http://farm8.staticflickr.com/7518/15963606859_26cc345693_z.jpg,5,0
fear,http://farm6.staticflickr.com/5520/11911248425_b84418fbfc_z.jpg,4,1
fear,http://farm9.staticflickr.com/8537/8669505509_4a19c84f57_z.jpg,5,0
fear,http://farm9.staticflickr.com/8474/8084529553_f7fb42699f_z.jpg,0,5
fear,http://farm9.staticflickr.com/8451/7934212518_90c7a9b8af_z.jpg,5,0
fear,http://farm4.staticflickr.com/3757/11538639653_3276a95989_z.jpg,5,0
fear,http://farm3.staticflickr.com/2900/14780866771_4dd83a9c13_z.jpg,5,0
fear,http://farm6.staticflickr.com/5480/10931730633_b49b8bcbf8_z.jpg,5,0
fear,http://farm8.staticflickr.com/7223/7353103556_d7c244af8d_z.jpg,5,0
fear,http://farm9.staticflickr.com/8124/8659765448_09d6d48bea_z.jpg,2,3
fear,http://farm8.staticflickr.com/7311/10726132583_e52370d4ef_z.jpg,2,3
fear,http://farm3.staticflickr.com/2937/14336010518_f1587b09e2_z.jpg,5,0
fear,http://farm6.staticflickr.com/5615/15469199069_eee689c23e_z.jpg,5,0
fear,http://farm4.staticflickr.com/3674/10540198553_211bc13996_z.jpg,1,4
fear,http://farm4.staticflickr.com/3844/14348029244_11e373d904_z.jpg,5,0
fear,http://farm3.staticflickr.com/2933/14776720632_ba04bb9e64_z.jpg,5,0
fear,http://farm8.staticflickr.com/7564/15517411290_d51af2c8ef_z.jpg,5,0
fear,http://farm9.staticflickr.com/8365/8415953909_9a6426226b_z.jpg,5,0
fear,http://farm8.staticflickr.com/7170/6810066125_296466bfe0_z.jpg,5,0
fear,http://farm8.staticflickr.com/7522/15711464670_ca6077b0e5_z.jpg,3,2
fear,http://farm9.staticflickr.com/8176/8061586031_7897d80e26_z.jpg,0,5
fear,http://farm8.staticflickr.com/7123/7858504980_87967092d1_z.jpg,5,0
fear,http://farm9.staticflickr.com/8479/8185548636_acd78c3d10_z.jpg,1,4
fear,http://farm8.staticflickr.com/7251/7406903140_4ce33f838c_z.jpg,5,0
fear,http://farm9.staticflickr.com/8404/8668262529_24f3e68742_z.jpg,5,0
fear,http://farm8.staticflickr.com/7104/6893907900_3b673127cd_z.jpg,5,0
fear,http://farm8.staticflickr.com/7293/9733761433_00e601287f_z.jpg,5,0
fear,http://farm3.staticflickr.com/2850/12866715223_a6b407032c_z.jpg,2,3
fear,http://farm6.staticflickr.com/5616/15333631067_390df874a9_z.jpg,5,0
fear,http://farm8.staticflickr.com/7099/7004112600_e6ce95fe64_z.jpg,4,1
fear,http://farm9.staticflickr.com/8518/8435193719_7e1be146cd_z.jpg,5,0
fear,http://farm8.staticflickr.com/7177/6796779288_9caba303b9_z.jpg,5,0
fear,http://farm3.staticflickr.com/2831/13199276605_8ecd5a5993_z.jpg,4,1
fear,http://farm6.staticflickr.com/5348/8979500227_1ce388430c_z.jpg,5,0
fear,http://farm8.staticflickr.com/7344/10383656715_652a42305c_z.jpg,4,1
fear,http://farm8.staticflickr.com/7552/16081185545_206ca9fb3b_z.jpg,5,0
fear,http://farm9.staticflickr.com/8535/8604382677_af7b63c1e2_z.jpg,5,0
fear,http://farm9.staticflickr.com/8224/8325173868_a75a33f26f_z.jpg,5,0
fear,http://farm9.staticflickr.com/8348/8176481033_6a16ebf1f3_z.jpg,1,4
fear,http://farm3.staticflickr.com/2940/14761004506_a89026bb30_z.jpg,5,0
fear,http://farm9.staticflickr.com/8248/8614401213_b10b6e357f_z.jpg,3,2
fear,http://farm8.staticflickr.com/7498/16044095288_d07cf9b5e7_z.jpg,5,0
fear,http://farm6.staticflickr.com/5461/9525927985_610fe4f669_z.jpg,4,1
fear,http://farm4.staticflickr.com/3891/14834183344_f5e65f708c_z.jpg,4,1
fear,http://farm9.staticflickr.com/8446/7741597770_712be7ca58_z.jpg,5,0
fear,http://farm9.staticflickr.com/8257/8667756870_9e6d520c8f_z.jpg,5,0
fear,http://farm4.staticflickr.com/3895/14597268448_9d4382ffef_z.jpg,3,2
fear,http://farm8.staticflickr.com/7441/12217423594_028b354f08_z.jpg,4,1
fear,http://farm4.staticflickr.com/3866/14597265659_31103b67ac_z.jpg,5,0
fear,http://farm8.staticflickr.com/7558/15569384509_d306d70dd3_z.jpg,3,2
fear,http://farm8.staticflickr.com/7224/7188475267_22290842d8_z.jpg,5,0
fear,http://farm9.staticflickr.com/8518/8519348116_cba39fc8ac_z.jpg,4,1
fear,http://farm9.staticflickr.com/8439/7939129308_d67f0b6d4a_z.jpg,5,0
fear,http://farm9.staticflickr.com/8497/8281657377_aa15535672_z.jpg,5,0
fear,http://farm8.staticflickr.com/7380/8717344117_ee2fe6228b_z.jpg,4,1
fear,http://farm4.staticflickr.com/3828/12056565315_530a045592_z.jpg,5,0
fear,http://farm6.staticflickr.com/5346/10218630794_11edb62ce3_z.jpg,2,3
fear,http://farm4.staticflickr.com/3928/15439959042_8b40cbd604_z.jpg,5,0
fear,http://farm8.staticflickr.com/7196/6981729336_55ab0a6248_z.jpg,5,0
fear,http://farm8.staticflickr.com/7046/13280995125_54535e7596_z.jpg,4,1
fear,http://farm9.staticflickr.com/8511/8526344802_f19b551e72_z.jpg,5,0
fear,http://farm8.staticflickr.com/7334/11911244085_ea322fd5ab_z.jpg,3,2
fear,http://farm6.staticflickr.com/5008/5332212764_85d1ccfcb3_z.jpg,5,0
fear,http://farm6.staticflickr.com/5494/14233340887_f79ee82756_z.jpg,5,0
fear,http://farm9.staticflickr.com/8612/16174895812_fe80b5e903_z.jpg,5,0
fear,http://farm8.staticflickr.com/7087/7015473065_7d101a013a_z.jpg,5,0
fear,http://farm4.staticflickr.com/3761/10158906504_2107d1af67_z.jpg,4,1
fear,http://farm6.staticflickr.com/5508/10506882644_a580e7c33d_z.jpg,3,2
fear,http://farm8.staticflickr.com/7397/12251016713_4c81339a5d_z.jpg,5,0
fear,http://farm3.staticflickr.com/2828/11086446034_db3b635bc2_z.jpg,2,3
fear,http://farm8.staticflickr.com/7326/9017935798_d43724cf5b_z.jpg,3,2
fear,http://farm9.staticflickr.com/8287/7613716630_1b822b80be_z.jpg,4,1
fear,http://farm4.staticflickr.com/3698/9268689503_d2c9742c08_z.jpg,5,0
fear,http://farm9.staticflickr.com/8192/8426849566_e2844e29af_z.jpg,5,0
fear,http://farm8.staticflickr.com/7539/15217381743_457901b6ee_z.jpg,5,0
fear,http://farm6.staticflickr.com/5588/15084683242_f73a5b06f6_z.jpg,5,0
fear,http://farm4.staticflickr.com/3727/11122338804_d637790fbe_z.jpg,3,2
fear,http://farm8.staticflickr.com/7408/12604324054_a4779d65f2_z.jpg,5,0
fear,http://farm8.staticflickr.com/7211/7250634908_f168533896_z.jpg,5,0
fear,http://farm4.staticflickr.com/3762/10038837235_42844ca37a_z.jpg,5,0
fear,http://farm8.staticflickr.com/7310/12732200813_aea26fc4d6_z.jpg,5,0
fear,http://farm9.staticflickr.com/8169/8041259216_594cc52801_z.jpg,5,0
fear,http://farm9.staticflickr.com/8259/8696102622_5e39c941c1_z.jpg,4,1
fear,http://farm4.staticflickr.com/3763/9675405398_1ab5c58a00_z.jpg,4,1
fear,http://farm9.staticflickr.com/8179/7981580555_13170188cc_z.jpg,5,0
fear,http://farm9.staticflickr.com/8053/8088521770_b70d165d7b_z.jpg,5,0
fear,http://farm6.staticflickr.com/5500/11513775256_f00d6be663_z.jpg,5,0
fear,http://farm8.staticflickr.com/7149/6680067209_792a70462a_z.jpg,5,0
fear,http://farm6.staticflickr.com/5528/11346641226_48d49ea83a_z.jpg,4,1
fear,http://farm8.staticflickr.com/7563/15928062409_d20157dc7c_z.jpg,5,0
fear,http://farm3.staticflickr.com/2941/15251608229_5e1aae610c_z.jpg,5,0
fear,http://farm4.staticflickr.com/3723/9451349713_6a58fe4e6a_z.jpg,5,0
fear,http://farm4.staticflickr.com/3848/14803830663_b7ae76446e_z.jpg,5,0
fear,http://farm4.staticflickr.com/3696/9557802888_4578d09b24_z.jpg,4,1
fear,http://farm8.staticflickr.com/7464/15879916802_81e9c78f7d_z.jpg,5,0
fear,http://farm8.staticflickr.com/7518/15044125543_54480ae525_z.jpg,5,0
fear,http://farm9.staticflickr.com/8318/7948701474_2bed38ea6f_z.jpg,1,4
fear,http://farm8.staticflickr.com/7179/6898392385_4345cba55e_z.jpg,5,0
fear,http://farm4.staticflickr.com/3888/14803712823_4ac5e2628e_z.jpg,5,0
fear,http://farm3.staticflickr.com/2901/14783994575_983c7c486d_z.jpg,5,0
fear,http://farm8.staticflickr.com/7083/6887603246_a263090be8_z.jpg,0,5
fear,http://farm8.staticflickr.com/7061/6984577349_778eab378e_z.jpg,5,0
fear,http://farm9.staticflickr.com/8327/8095644453_522fc79610_z.jpg,5,0
fear,http://farm6.staticflickr.com/5541/10223933884_95f5b45f17_z.jpg,4,1
fear,http://farm8.staticflickr.com/7296/12196652803_60338e2118_z.jpg,1,4
fear,http://farm4.staticflickr.com/3872/14781558674_f36763d8ff_z.jpg,4,1
fear,http://farm8.staticflickr.com/7123/7478426484_a9c5a3c4a7_z.jpg,5,0
fear,http://farm6.staticflickr.com/5583/14559844888_32d80f4b4a_z.jpg,5,0
fear,http://farm6.staticflickr.com/5586/14903128265_970fe772df_z.jpg,5,0
fear,http://farm6.staticflickr.com/5544/9580949448_21a1d88a92_z.jpg,5,0
fear,http://farm4.staticflickr.com/3811/11524225644_391f84645a_z.jpg,5,0
fear,http://farm9.staticflickr.com/8174/8058484518_353dcf82e8_z.jpg,3,2
fear,http://farm6.staticflickr.com/5279/7078177229_2ce8a40f7d_z.jpg,5,0
fear,http://farm4.staticflickr.com/3717/10499713025_3fe7fa44a4_z.jpg,5,0
fear,http://farm9.staticflickr.com/8082/8378897016_9c04c5e386_z.jpg,3,2
fear,http://farm8.staticflickr.com/7386/8871924036_fdd173639d_z.jpg,4,1
fear,http://farm4.staticflickr.com/3858/14597322259_7b1ebdf030_z.jpg,5,0
fear,http://farm4.staticflickr.com/3851/14898534777_928545e0e2_z.jpg,5,0
fear,http://farm4.staticflickr.com/3895/14781613714_389dd1803b_z.jpg,3,2
fear,http://farm8.staticflickr.com/7194/6967708577_25ab903003_z.jpg,5,0
fear,http://farm8.staticflickr.com/7428/10861666376_c2622105c4_z.jpg,5,0
fear,http://farm8.staticflickr.com/7410/14125483195_b05bb17dec_z.jpg,3,2
fear,http://farm4.staticflickr.com/3851/15183972411_7b57431f1b_z.jpg,5,0
fear,http://farm6.staticflickr.com/5330/9544390157_a8131c6930_z.jpg,5,0
fear,http://farm9.staticflickr.com/8339/8249049875_60f721a09d_z.jpg,5,0
fear,http://farm9.staticflickr.com/8019/7530123624_e745c1b507_z.jpg,4,1
fear,http://farm9.staticflickr.com/8548/8767551736_38b58dc355_z.jpg,5,0
fear,http://farm8.staticflickr.com/7070/7051207033_4dce9e77ec_z.jpg,2,3
fear,http://farm9.staticflickr.com/8466/8122513731_91eb5bca8b_z.jpg,4,1
fear,http://farm6.staticflickr.com/5460/7061203171_baf060a5b5_z.jpg,5,0
fear,http://farm8.staticflickr.com/7106/7418947322_b7ddd0a556_z.jpg,5,0
fear,http://farm9.staticflickr.com/8455/8027067455_710c5fcf90_z.jpg,3,2
fear,http://farm9.staticflickr.com/8192/8119896472_ca70a08c8c_z.jpg,5,0
fear,http://farm6.staticflickr.com/5572/14605218815_2de15a46e9_z.jpg,3,2
fear,http://farm3.staticflickr.com/2853/10384112783_bfffd282a9_z.jpg,5,0
fear,http://farm6.staticflickr.com/5564/14597325809_6b9215ed4a_z.jpg,5,0
fear,http://farm8.staticflickr.com/7524/15524075707_f06a7c54e3_z.jpg,4,1
fear,http://farm8.staticflickr.com/7093/6878614214_61e6ac335d_z.jpg,5,0
fear,http://farm8.staticflickr.com/7233/7181939111_881c3487d6_z.jpg,2,3
fear,http://farm4.staticflickr.com/3939/15397542888_395ea1beef_z.jpg,4,1
fear,http://farm4.staticflickr.com/3948/15755256255_8c1bf3b7d3_z.jpg,3,2
fear,http://farm9.staticflickr.com/8191/8107617948_95cdc88173_z.jpg,3,2
fear,http://farm9.staticflickr.com/8534/9017100067_f16740f742_z.jpg,3,2
fear,http://farm9.staticflickr.com/8057/8190676067_81e4a8604a_z.jpg,4,1
fear,http://farm8.staticflickr.com/7098/7174415644_0570ec1a49_z.jpg,5,0
fear,http://farm8.staticflickr.com/7361/13707265213_228f525029_z.jpg,5,0
fear,http://farm8.staticflickr.com/7248/14032975675_baa779e86f_z.jpg,5,0
fear,http://farm8.staticflickr.com/7127/7770451662_b6e734dfa4_z.jpg,5,0
fear,http://farm6.staticflickr.com/5565/14800751706_41dba1ba36_z.jpg,5,0
fear,http://farm8.staticflickr.com/7010/6709007355_b25d529762_z.jpg,4,1
fear,http://farm6.staticflickr.com/5518/11611470025_69320649ea_z.jpg,5,0
fear,http://farm4.staticflickr.com/3836/14791398741_28c70b78df_z.jpg,5,0
fear,http://farm6.staticflickr.com/5541/12186655126_0ec20c2005_z.jpg,5,0
fear,http://farm6.staticflickr.com/5551/14788590531_6f126d61e5_z.jpg,0,5
fear,http://farm8.staticflickr.com/7424/10839405044_692b9583bc_z.jpg,5,0
fear,http://farm8.staticflickr.com/7382/10821299605_e3063cfa67_z.jpg,5,0
fear,http://farm8.staticflickr.com/7185/6848576410_a95335fd1e_z.jpg,4,1
fear,http://farm4.staticflickr.com/3801/8841389959_fc0b2f677e_z.jpg,5,0
fear,http://farm9.staticflickr.com/8313/8008544482_2e4ac6444c_z.jpg,5,0
fear,http://farm8.staticflickr.com/7504/15163769674_f65b8d5a88_z.jpg,4,1
fear,http://farm6.staticflickr.com/5334/10217502253_25907a9766_z.jpg,2,3
fear,http://farm9.staticflickr.com/8297/7990451594_ba195f69f8_z.jpg,5,0
fear,http://farm6.staticflickr.com/5511/10961046465_2e0a657656_z.jpg,5,0
fear,http://farm8.staticflickr.com/7565/15866660185_a1526ff7a2_z.jpg,5,0
fear,http://farm6.staticflickr.com/5320/14299209025_4148ef1146_z.jpg,3,2
fear,http://farm6.staticflickr.com/5114/6918754148_d41c76dd85_z.jpg,4,1
fear,http://farm8.staticflickr.com/7014/6664798469_b08c741c97_z.jpg,5,0
fear,http://farm3.staticflickr.com/2807/9671392438_098ecfab8d_z.jpg,5,0
fear,http://farm4.staticflickr.com/3676/9570772193_c661695528_z.jpg,4,1
fear,http://farm8.staticflickr.com/7263/7634987720_fd40ce6cdd_z.jpg,5,0
fear,http://farm8.staticflickr.com/7161/6820538915_5caf5ca30b_z.jpg,5,0
fear,http://farm3.staticflickr.com/2950/15322210878_b21cb39f85_z.jpg,5,0
fear,http://farm8.staticflickr.com/7178/6834248776_0d16b8ae6f_z.jpg,5,0
fear,http://farm6.staticflickr.com/5579/15197741335_caffee19e4_z.jpg,5,0
fear,http://farm9.staticflickr.com/8243/8475237404_cbe08a4384_z.jpg,5,0
fear,http://farm4.staticflickr.com/3898/14781605744_c8ec696a86_z.jpg,10,0
fear,http://farm6.staticflickr.com/5552/14597348119_0113ef9464_z.jpg,5,0
fear,http://farm4.staticflickr.com/3889/14826537969_acaf6a2fa9_z.jpg,0,5
fear,http://farm6.staticflickr.com/5554/15018724477_ebb6dabe15_z.jpg,4,1
fear,http://farm9.staticflickr.com/8095/8459481072_960e6855af_z.jpg,5,0
fear,http://farm9.staticflickr.com/8653/16015152776_926685116d_z.jpg,5,0
fear,http://farm9.staticflickr.com/8058/8222339797_7fe460dd28_z.jpg,5,0
fear,http://farm4.staticflickr.com/3741/9407037011_997170d42c_z.jpg,5,0
fear,http://farm3.staticflickr.com/2932/14597304480_e1bb98f8b5_z.jpg,5,0
fear,http://farm6.staticflickr.com/5443/7068352643_2a4950a70e_z.jpg,5,0
fear,http://farm6.staticflickr.com/5573/15302355866_484570d873_z.jpg,5,0
fear,http://farm6.staticflickr.com/5338/9504811561_a400f4dcc1_z.jpg,3,2
fear,http://farm4.staticflickr.com/3675/10948656654_6766ca4f91_z.jpg,3,2
fear,http://farm8.staticflickr.com/7370/10643163445_ea16e2952d_z.jpg,2,3
fear,http://farm9.staticflickr.com/8082/8304347497_a2223f7842_z.jpg,5,0
fear,http://farm6.staticflickr.com/5546/12380084205_b743bec450_z.jpg,3,2
fear,http://farm8.staticflickr.com/7212/7236159810_3db62aafcb_z.jpg,5,0
fear,http://farm9.staticflickr.com/8462/8070587634_eb628fce92_z.jpg,5,0
fear,http://farm6.staticflickr.com/5563/14645595337_c6156c8b61_z.jpg,5,0
fear,http://farm9.staticflickr.com/8520/8560030582_c6edc81aa4_z.jpg,5,0
fear,http://farm8.staticflickr.com/7407/12285271286_383f34598d_z.jpg,5,0
fear,http://farm6.staticflickr.com/5561/14671401862_0f2aa384ce_z.jpg,3,2
fear,http://farm9.staticflickr.com/8065/8221857796_2f9dbbf37c_z.jpg,5,0
fear,http://farm9.staticflickr.com/8472/8145628504_4996b6e648_z.jpg,5,0
fear,http://farm6.staticflickr.com/5558/14598273188_3221c9012c_z.jpg,5,0
fear,http://farm3.staticflickr.com/2910/14783863455_4c5a6568b7_z.jpg,5,0
fear,http://farm3.staticflickr.com/2922/14760970536_b8febc0317_z.jpg,5,0
fear,http://farm4.staticflickr.com/3803/14128829238_529646600d_z.jpg,4,1
fear,http://farm8.staticflickr.com/7101/13887183253_35f880f5bf_z.jpg,1,4
fear,http://farm8.staticflickr.com/7007/6711030953_f56163ffb3_z.jpg,1,4
fear,http://farm6.staticflickr.com/5509/12584909704_c2e168d514_z.jpg,5,0
fear,http://farm9.staticflickr.com/8300/8009711894_27b018f2ae_z.jpg,5,0
fear,http://farm6.staticflickr.com/5616/15441892639_64d678e8b4_z.jpg,4,1
fear,http://farm6.staticflickr.com/5343/7406155974_432ff19541_z.jpg,5,0
fear,http://farm8.staticflickr.com/7375/10340306703_7f0984d3c3_z.jpg,5,0
fear,http://farm6.staticflickr.com/5347/8865642599_811d1da42c_z.jpg,2,3
fear,http://farm8.staticflickr.com/7040/6877740039_1bcd09e0de_z.jpg,5,0
fear,http://farm8.staticflickr.com/7497/15503962619_f6ef901b25_z.jpg,1,4
fear,http://farm9.staticflickr.com/8020/7695271726_ee8e9805e3_z.jpg,5,0
fear,http://farm8.staticflickr.com/7400/9079918955_33072e2115_z.jpg,5,0
fear,http://farm8.staticflickr.com/7289/8743191484_f8a133e712_z.jpg,3,2
fear,http://farm6.staticflickr.com/5533/9525927469_3e0d8e5b4a_z.jpg,1,4
fear,http://farm6.staticflickr.com/5044/13900718881_6740378131_z.jpg,1,4
fear,http://farm6.staticflickr.com/5486/14003356302_bd008580ab_z.jpg,5,0
fear,http://farm8.staticflickr.com/7561/15472494688_a262bdcf31_z.jpg,5,0
fear,http://farm6.staticflickr.com/5576/14756454458_dac985ac51_z.jpg,5,0
fear,http://farm8.staticflickr.com/7318/13949211740_6c8207edd4_z.jpg,1,4
fear,http://farm6.staticflickr.com/5553/14781655594_d587d971cb_z.jpg,9,1
fear,http://farm4.staticflickr.com/3882/14961801575_47335bee09_z.jpg,5,0
fear,http://farm6.staticflickr.com/5550/10686340794_1c4eb7feb1_z.jpg,5,0
fear,http://farm8.staticflickr.com/7497/15749065758_ac73023e8d_z.jpg,3,2
fear,http://farm6.staticflickr.com/5497/11582676676_a0393241c8_z.jpg,5,0
fear,http://farm9.staticflickr.com/8331/8112043398_1ef6ac552c_z.jpg,1,4
fear,http://farm8.staticflickr.com/7126/6942093124_dd96a8f6b4_z.jpg,4,1
fear,http://farm3.staticflickr.com/2807/12284479746_98e27148c4_z.jpg,3,2
fear,http://farm9.staticflickr.com/8301/7952261816_c663b6f195_z.jpg,5,0
fear,http://farm3.staticflickr.com/2924/13942508184_57ee847c89_z.jpg,5,0
fear,http://farm4.staticflickr.com/3696/10088982573_f0aae8e4cd_z.jpg,5,0
fear,http://farm9.staticflickr.com/8282/7862778502_2e5c155da7_z.jpg,4,1
fear,http://farm6.staticflickr.com/5539/11782104943_aa4da83d75_z.jpg,5,0
fear,http://farm8.staticflickr.com/7112/8155913743_f6b7500a58_z.jpg,5,0
fear,http://farm4.staticflickr.com/3673/8978376517_78c39d8f2b_z.jpg,5,0
fear,http://farm3.staticflickr.com/2949/15350143791_2215ec01d2_z.jpg,5,0
fear,http://farm3.staticflickr.com/2823/10082395483_03da10e52a_z.jpg,5,0
fear,http://farm8.staticflickr.com/7345/11802809465_b3e4d6d1ba_z.jpg,5,0
fear,http://farm8.staticflickr.com/7519/15762145085_484617d75d_z.jpg,5,0
fear,http://farm3.staticflickr.com/2805/9693037335_0f77ced661_z.jpg,5,0
fear,http://farm8.staticflickr.com/7323/14134536952_eb5f414e62_z.jpg,5,0
fear,http://farm8.staticflickr.com/7021/6736466549_d23e2d07a4_z.jpg,5,0
fear,http://farm6.staticflickr.com/5330/6950386178_7010ca5d13_z.jpg,5,0
fear,http://farm3.staticflickr.com/2915/14598962186_71a55ed309_z.jpg,5,0
fear,http://farm6.staticflickr.com/5576/14597263700_d816b3f24e_z.jpg,5,0
fear,http://farm4.staticflickr.com/3911/14783676782_fcfd2c8038_z.jpg,5,0
fear,http://farm9.staticflickr.com/8282/7820509250_1a742a75bd_z.jpg,5,0
fear,http://farm3.staticflickr.com/2912/14597292419_25ff0d8356_z.jpg,5,0
fear,http://farm3.staticflickr.com/2903/14257913215_91b34fb99d_z.jpg,4,1
fear,http://farm8.staticflickr.com/7252/7644675010_8332449c90_z.jpg,5,0
fear,http://farm3.staticflickr.com/2852/10766516886_f690b100c9_z.jpg,4,1
fear,http://farm8.staticflickr.com/7325/8731217349_94faf0be9f_z.jpg,5,0
fear,http://farm9.staticflickr.com/8131/10218131405_b0ff2a7581_z.jpg,3,2
fear,http://farm8.staticflickr.com/7148/6769171817_f6a0434e6c_z.jpg,4,1
fear,http://farm9.staticflickr.com/8179/7902921090_1760ff3bb5_z.jpg,1,4
fear,http://farm8.staticflickr.com/7429/9982657586_30a4f2ba2c_z.jpg,4,1
fear,http://farm9.staticflickr.com/8230/8454502055_460640240c_z.jpg,5,0
fear,http://farm8.staticflickr.com/7068/6924788930_f2d90c9685_z.jpg,5,0
fear,http://farm3.staticflickr.com/2913/14597317590_3b7fd8d857_z.jpg,5,0
fear,http://farm3.staticflickr.com/2878/9838070724_2a3c116976_z.jpg,5,0
fear,http://farm8.staticflickr.com/7248/6991495002_fa414729f9_z.jpg,5,0
fear,http://farm9.staticflickr.com/8066/8253316131_b737ef144b_z.jpg,5,0
fear,http://farm6.staticflickr.com/5613/15516508125_284381a459_z.jpg,5,0
fear,http://farm6.staticflickr.com/5566/14803798873_90f07f1afe_z.jpg,5,0
fear,http://farm9.staticflickr.com/8448/7884481052_e2910606d3_z.jpg,1,4
fear,http://farm6.staticflickr.com/5514/11125421546_a5827e8f07_z.jpg,5,0
fear,http://farm8.staticflickr.com/7461/15747026170_388fab3e9a_z.jpg,5,0
fear,http://farm9.staticflickr.com/8148/7354243270_b13f0542aa_z.jpg,5,0
fear,http://farm8.staticflickr.com/7028/6801222173_64582f673c_z.jpg,4,1
fear,http://farm4.staticflickr.com/3870/14260499830_f8693f6b9b_z.jpg,5,0
fear,http://farm6.staticflickr.com/5616/15645925998_1fd781c868_z.jpg,3,2
fear,http://farm3.staticflickr.com/2848/10768651203_fe08f00966_z.jpg,5,0
fear,http://farm4.staticflickr.com/3951/15578999386_0c3c29b9f4_z.jpg,2,3
fear,http://farm3.staticflickr.com/2926/14783600782_74ef0c0247_z.jpg,5,0
fear,http://farm9.staticflickr.com/8596/15992281116_bf5335536e_z.jpg,5,0
fear,http://farm9.staticflickr.com/8090/8559651145_0f7b1f4895_z.jpg,3,2
fear,http://farm3.staticflickr.com/2891/12316476513_2f7cbef424_z.jpg,4,1
fear,http://farm9.staticflickr.com/8283/7760915558_822ef17071_z.jpg,5,0
fear,http://farm6.staticflickr.com/5530/12217015525_00ef486f53_z.jpg,4,1
fear,http://farm8.staticflickr.com/7444/13529056425_e2e511d1f1_z.jpg,5,0
fear,http://farm9.staticflickr.com/8346/8200520269_db777777e8_z.jpg,5,0
fear,http://farm6.staticflickr.com/5311/6938391158_5138dfe147_z.jpg,5,0
fear,http://farm9.staticflickr.com/8669/15827295160_c3f3762632_z.jpg,5,0
fear,http://farm4.staticflickr.com/3716/14261049984_fbb74b59b2_z.jpg,4,1
fear,http://farm6.staticflickr.com/5441/6939111176_e59145073a_z.jpg,4,1
fear,http://farm6.staticflickr.com/5577/14571629146_bb9e57e4a1_z.jpg,5,0
fear,http://farm9.staticflickr.com/8520/8525335885_fabdf01b0a_z.jpg,5,0
fear,http://farm4.staticflickr.com/3923/14803777333_0d2b0a3e55_z.jpg,9,1
fear,http://farm9.staticflickr.com/8329/8088508559_5e63132f4b_z.jpg,3,2
fear,http://farm9.staticflickr.com/8438/7830071858_7a2bdd3dc7_z.jpg,5,0
fear,http://farm8.staticflickr.com/7479/15816725937_029a6ce6d6_z.jpg,5,0
fear,http://farm8.staticflickr.com/7051/8689450466_635a0b66a8_z.jpg,5,0
fear,http://farm8.staticflickr.com/7435/10392620335_9389fbd72b_z.jpg,5,0
fear,http://farm6.staticflickr.com/5604/15365243307_c55c20a4b3_z.jpg,2,3
fear,http://farm8.staticflickr.com/7530/16283736552_dab88dfc27_z.jpg,5,0
fear,http://farm4.staticflickr.com/3941/14972118363_3d592be0a5_z.jpg,3,2
fear,http://farm8.staticflickr.com/7550/15926934071_8cf7190e24_z.jpg,5,0
fear,http://farm8.staticflickr.com/7106/7592070878_0c4d9a59cd_z.jpg,4,1
fear,http://farm6.staticflickr.com/5615/15088067183_2035b15ec5_z.jpg,4,1
fear,http://farm9.staticflickr.com/8333/8405571698_c45cf2bf9e_z.jpg,5,0
fear,http://farm4.staticflickr.com/3893/14783993185_c0c422f51b_z.jpg,4,1
fear,http://farm9.staticflickr.com/8175/7903254978_96ff94b6d8_z.jpg,5,0
fear,http://farm6.staticflickr.com/5480/9100418377_33783b8fc8_z.jpg,5,0
fear,http://farm3.staticflickr.com/2906/14369434903_93be10b6e2_z.jpg,5,0
fear,http://farm3.staticflickr.com/2895/13813965804_72bbbda4d0_z.jpg,2,3
fear,http://farm6.staticflickr.com/5606/15566195098_7bba71491c_z.jpg,5,0
fear,http://farm9.staticflickr.com/8243/8487335699_e1e56acd2c_z.jpg,5,0
fear,http://farm8.staticflickr.com/7511/15251955793_036ba77368_z.jpg,5,0
fear,http://farm3.staticflickr.com/2842/9534481347_d30abde6d0_z.jpg,5,0
fear,http://farm9.staticflickr.com/8162/7137579833_8ea15bc951_z.jpg,5,0
fear,http://farm4.staticflickr.com/3759/11551670085_640beb79c9_z.jpg,5,0
fear,http://farm9.staticflickr.com/8206/8170805388_9663456483_z.jpg,5,0
fear,http://farm9.staticflickr.com/8286/7591747780_dcca837083_z.jpg,5,0
fear,http://farm8.staticflickr.com/7533/16295785355_5029b948a8_z.jpg,5,0
fear,http://farm9.staticflickr.com/8089/8523359024_f8d3b5d222_z.jpg,5,0
fear,http://farm6.staticflickr.com/5607/14914829073_4cbc32522d_z.jpg,4,1
fear,http://farm9.staticflickr.com/8374/8453392444_588549d529_z.jpg,5,0
fear,http://farm9.staticflickr.com/8173/8003942405_00e0fdabff_z.jpg,5,0
fear,http://farm8.staticflickr.com/7367/10549225125_41c8ab59f0_z.jpg,5,0
fear,http://farm6.staticflickr.com/5600/15641098201_18ae3a58e7_z.jpg,2,3
fear,http://farm8.staticflickr.com/7009/6851203321_042baedb48_z.jpg,4,1
fear,http://farm4.staticflickr.com/3676/10561960054_73cacc8fd3_z.jpg,5,0
fear,http://farm6.staticflickr.com/5521/14180276066_1c207e6957_z.jpg,5,0
fear,http://farm4.staticflickr.com/3874/14783662832_865e0f36c6_z.jpg,5,0
fear,http://farm8.staticflickr.com/7050/6880299400_decd6baf70_z.jpg,5,0
fear,http://farm8.staticflickr.com/7041/7150225587_8eac535ce9_z.jpg,5,0
fear,http://farm4.staticflickr.com/3918/14424659714_d42b51cd9f_z.jpg,4,1
fear,http://farm9.staticflickr.com/8186/8098898416_fa91a9b7ca_z.jpg,5,0
fear,http://farm4.staticflickr.com/3687/10828828453_1febdde966_z.jpg,5,0
fear,http://farm9.staticflickr.com/8178/8070587130_79b95d3f6d_z.jpg,5,0
fear,http://farm4.staticflickr.com/3868/14783616062_e9fa661dbc_z.jpg,10,0
fear,http://farm9.staticflickr.com/8391/8522977172_844fb2c148_z.jpg,5,0
fear,http://farm6.staticflickr.com/5605/15010805074_ed8e50d5ed_z.jpg,5,0
fear,http://farm9.staticflickr.com/8544/8677910413_099cf04778_z.jpg,5,0
fear,http://farm6.staticflickr.com/5504/9583526580_65e1729aa9_z.jpg,3,2
fear,http://farm6.staticflickr.com/5569/14879888259_19652ff808_z.jpg,5,0
fear,http://farm9.staticflickr.com/8647/15817439288_2321e540b1_z.jpg,4,1
fear,http://farm6.staticflickr.com/5455/6907325088_d074563168_z.jpg,4,1
fear,http://farm6.staticflickr.com/5549/14060652119_257eaa8f6d_z.jpg,5,0
fear,http://farm9.staticflickr.com/8382/8623086631_90f8831e7c_z.jpg,5,0
fear,http://farm9.staticflickr.com/8422/7762181120_cf83a6df3c_z.jpg,4,1
fear,http://farm9.staticflickr.com/8386/8538306962_0d342718b3_z.jpg,1,4
fear,http://farm3.staticflickr.com/2906/14781819761_46f4f447bb_z.jpg,3,2
fear,http://farm9.staticflickr.com/8485/8286965896_af826ea0a1_z.jpg,4,1
fear,http://farm8.staticflickr.com/7188/7033148305_17ba190fc3_z.jpg,5,0
fear,http://farm8.staticflickr.com/7493/16270045395_4469e539e3_z.jpg,5,0
fear,http://farm8.staticflickr.com/7579/16042446149_f535d3daf7_z.jpg,5,0
fear,http://farm9.staticflickr.com/8262/8701758534_5431285c60_z.jpg,4,1
fear,http://farm6.staticflickr.com/5331/8852261849_ceee96dc9b_z.jpg,5,0
fear,http://farm8.staticflickr.com/7032/6790710523_ddd49c4758_z.jpg,3,2
fear,http://farm4.staticflickr.com/3822/8945918786_f66719c42f_z.jpg,4,1
fear,http://farm4.staticflickr.com/3955/15005401124_8d21d1c06e_z.jpg,5,0
fear,http://farm6.staticflickr.com/5536/10793270196_404d397900_z.jpg,4,1
fear,http://farm8.staticflickr.com/7355/9502780766_ef1b49768a_z.jpg,1,4
fear,http://farm8.staticflickr.com/7042/13784533073_fcf07c0f5c_z.jpg,5,0
fear,http://farm9.staticflickr.com/8184/8097492488_13d296fb0a_z.jpg,5,0
fear,http://farm9.staticflickr.com/8207/8208247405_591f889944_z.jpg,5,0
fear,http://farm3.staticflickr.com/2865/10382582875_7e9478b6d6_z.jpg,5,0
fear,http://farm9.staticflickr.com/8150/7163208440_d2714e0335_z.jpg,5,0
fear,http://farm8.staticflickr.com/7166/6841668385_8195928cfe_z.jpg,5,0
fear,http://farm4.staticflickr.com/3870/15012303068_5038439628_z.jpg,5,0
fear,http://farm4.staticflickr.com/3894/14597320869_15973b1f27_z.jpg,3,2
fear,http://farm4.staticflickr.com/3867/15323080782_cf2857f2a8_z.jpg,5,0
fear,http://farm4.staticflickr.com/3753/13707140843_49b4205f1e_z.jpg,5,0
fear,http://farm9.staticflickr.com/8563/16111975846_82da44812b_z.jpg,3,2
fear,http://farm9.staticflickr.com/8325/8384030013_d61dcfdf7b_z.jpg,5,0
fear,http://farm4.staticflickr.com/3841/14946780987_ff478a2706_z.jpg,5,0
fear,http://farm8.staticflickr.com/7272/7432625336_09da0c59f2_z.jpg,5,0
fear,http://farm4.staticflickr.com/3876/14803699593_5d36e1e23b_z.jpg,4,1
fear,http://farm8.staticflickr.com/7331/12712319264_4cef1b3bca_z.jpg,5,0
fear,http://farm4.staticflickr.com/3876/14432195206_b84547ffe8_z.jpg,5,0
fear,http://farm9.staticflickr.com/8534/8691785785_347db8268c_z.jpg,5,0
fear,http://farm9.staticflickr.com/8534/8693233230_148cf25abc_z.jpg,4,1
fear,http://farm8.staticflickr.com/7021/6822662989_358bc6745a_z.jpg,2,3
fear,http://farm6.staticflickr.com/5561/14783564252_1b26718d32_z.jpg,5,0
fear,http://farm4.staticflickr.com/3770/10978519944_a7b99b5879_z.jpg,5,0
fear,http://farm9.staticflickr.com/8469/8370284885_4a0f26bedf_z.jpg,5,0
fear,http://farm4.staticflickr.com/3887/14946816218_0c496fccc9_z.jpg,3,2
fear,http://farm4.staticflickr.com/3669/13336165295_c136823b71_z.jpg,5,0
fear,http://farm4.staticflickr.com/3844/14550764202_b61458929d_z.jpg,5,0
fear,http://farm8.staticflickr.com/7551/15843726155_92659f2044_z.jpg,5,0
fear,http://farm4.staticflickr.com/3920/14333122911_6b1fea6342_z.jpg,5,0
fear,http://farm6.staticflickr.com/5530/11036637333_12df7bda50_z.jpg,4,1
fear,http://farm9.staticflickr.com/8478/8175083284_3eb47e2183_z.jpg,5,0
fear,http://farm4.staticflickr.com/3851/14306684307_622623b7ce_z.jpg,2,3
fear,http://farm4.staticflickr.com/3838/14597245698_8c27cc458e_z.jpg,9,1
fear,http://farm6.staticflickr.com/5475/10442011096_7cd7ba13bf_z.jpg,3,2
fear,http://farm4.staticflickr.com/3883/14623559150_bc86eae4c5_z.jpg,5,0
fear,http://farm8.staticflickr.com/7364/10912622575_0313fa5b86_z.jpg,5,0
fear,http://farm4.staticflickr.com/3760/13311263513_9fc083f3f7_z.jpg,5,0
fear,http://farm4.staticflickr.com/3889/14804784643_50822b43af_z.jpg,5,0
fear,http://farm8.staticflickr.com/7139/13982956331_3e532d6294_z.jpg,2,3
fear,http://farm8.staticflickr.com/7330/9480791718_574476a6c3_z.jpg,5,0
fear,http://farm9.staticflickr.com/8047/8134095415_1238bdb8bf_z.jpg,4,1
fear,http://farm4.staticflickr.com/3908/14814617966_61f8b56ab0_z.jpg,5,0
fear,http://farm9.staticflickr.com/8070/8257315047_b00256162b_z.jpg,5,0
fear,http://farm6.staticflickr.com/5535/9204363923_34c116ff06_z.jpg,5,0
fear,http://farm9.staticflickr.com/8045/8384217087_0f0343656c_z.jpg,1,4
fear,http://farm6.staticflickr.com/5533/14247178015_0d39604a25_z.jpg,3,2
fear,http://farm9.staticflickr.com/8005/7701545052_c2f64ec13a_z.jpg,5,0
fear,http://farm6.staticflickr.com/5326/9486289725_f797036c3e_z.jpg,3,2
fear,http://farm4.staticflickr.com/3829/9584363310_fd17777392_z.jpg,5,0
fear,http://farm6.staticflickr.com/5614/15429327628_6c55271397_z.jpg,4,1
fear,http://farm3.staticflickr.com/2937/14783857075_a0f803b711_z.jpg,5,0
fear,http://farm3.staticflickr.com/2854/11104826026_1d60659235_z.jpg,5,0
fear,http://farm4.staticflickr.com/3844/14336749005_80a1a731ab_z.jpg,1,4
fear,http://farm3.staticflickr.com/2937/14597315698_95793bea40_z.jpg,5,0
fear,http://farm9.staticflickr.com/8396/8969344191_d2b193c357_z.jpg,5,0
fear,http://farm9.staticflickr.com/8521/8489182859_c22222d93a_z.jpg,2,3
fear,http://farm6.staticflickr.com/5584/14598190907_f7322258d7_z.jpg,2,3
fear,http://farm9.staticflickr.com/8438/7746590074_14de092aa7_z.jpg,5,0
fear,http://farm3.staticflickr.com/2830/10856832833_760c1cfd71_z.jpg,4,1
fear,http://farm9.staticflickr.com/8252/8507934975_8d80a48993_z.jpg,4,1
fear,http://farm3.staticflickr.com/2851/11047854345_20a0c6efd1_z.jpg,5,0
fear,http://farm8.staticflickr.com/7481/15694714177_ba06dae8a2_z.jpg,5,0
fear,http://farm4.staticflickr.com/3709/10825008924_c7de673208_z.jpg,5,0
fear,http://farm3.staticflickr.com/2808/10825175714_3173328a52_z.jpg,5,0
fear,http://farm4.staticflickr.com/3725/9344772198_c29ab232b2_z.jpg,5,0
fear,http://farm8.staticflickr.com/7558/16018053375_2f46e67700_z.jpg,2,3
fear,http://farm8.staticflickr.com/7349/10381195245_2814933412_z.jpg,5,0
fear,http://farm9.staticflickr.com/8143/6968370208_c0c059c507_z.jpg,5,0
fear,http://farm8.staticflickr.com/7508/15787549828_8b8ae8f7dd_z.jpg,4,1
fear,http://farm3.staticflickr.com/2939/14298268197_90f7049da4_z.jpg,5,0
fear,http://farm8.staticflickr.com/7274/13154160843_201cd84ee1_z.jpg,4,1
fear,http://farm6.staticflickr.com/5487/12364331673_1f4557203b_z.jpg,5,0
fear,http://farm4.staticflickr.com/3887/14597192579_abcc1dd5c1_z.jpg,10,0
fear,http://farm8.staticflickr.com/7414/13183271625_5af471591f_z.jpg,5,0
fear,http://farm3.staticflickr.com/2916/13906711576_db7c4ac604_z.jpg,5,0
fear,http://farm8.staticflickr.com/7069/6805116160_abec35f9c8_z.jpg,5,0
fear,http://farm9.staticflickr.com/8235/8480681138_31dd968391_z.jpg,5,0
fear,http://farm4.staticflickr.com/3840/14781492584_e9b9432fd0_z.jpg,5,0
fear,http://farm8.staticflickr.com/7222/7359463430_dc23fafaef_z.jpg,5,0
fear,http://farm4.staticflickr.com/3886/14598313840_9ed77ab968_z.jpg,3,2
fear,http://farm9.staticflickr.com/8367/8494119671_cf113015cf_z.jpg,4,1
fear,http://farm4.staticflickr.com/3880/14783597262_bd09ba47c4_z.jpg,10,0
fear,http://farm9.staticflickr.com/8206/8239237812_d4e24bc008_z.jpg,5,0
fear,http://farm6.staticflickr.com/5593/14803769413_82b8f35624_z.jpg,5,0
fear,http://farm8.staticflickr.com/7204/7041764073_a4a253ff91_z.jpg,4,1
fear,http://farm6.staticflickr.com/5530/9977946413_575c8a6aed_z.jpg,4,1
fear,http://farm4.staticflickr.com/3785/14305471653_450eab4956_z.jpg,5,0
fear,http://farm3.staticflickr.com/2846/13291784205_aa36a560bb_z.jpg,5,0
fear,http://farm4.staticflickr.com/3938/15330303430_6b1647b03f_z.jpg,5,0
fear,http://farm4.staticflickr.com/3709/10383393556_999de2d13e_z.jpg,5,0
fear,http://farm6.staticflickr.com/5598/15389771620_9a9d292096_z.jpg,5,0
fear,http://farm4.staticflickr.com/3892/14597173900_f14e298d67_z.jpg,5,0
fear,http://farm8.staticflickr.com/7141/6681539017_52655a4a73_z.jpg,1,4
fear,http://farm4.staticflickr.com/3759/13878358175_acdd62b075_z.jpg,5,0
fear,http://farm9.staticflickr.com/8061/8225000914_8012cdd00a_z.jpg,5,0
fear,http://farm4.staticflickr.com/3678/14263161376_eda4917c63_z.jpg,5,0
