fear,http://farm9.staticflickr.com/8458/8000652950_938a94b540_z.jpg,4,1
fear,http://farm3.staticflickr.com/2912/14021657065_52bc123d5d_z.jpg,5,0
fear,http://farm9.staticflickr.com/8433/7761626780_133cc1860a_z.jpg,5,0
fear,http://farm3.staticflickr.com/2900/14803781093_53b556ab2c_z.jpg,3,2
fear,http://farm4.staticflickr.com/3893/14516503964_fe9c20e1f3_z.jpg,5,0
fear,http://farm4.staticflickr.com/3883/14597202609_e61267f89a_z.jpg,5,0
fear,http://farm6.staticflickr.com/5482/9493255084_1565cd2095_z.jpg,2,3
fear,http://farm8.staticflickr.com/7476/15658816316_f51c1ea459_z.jpg,5,0
fear,http://farm4.staticflickr.com/3764/12380093935_4a13fb8fe2_z.jpg,5,0
fear,http://farm6.staticflickr.com/5559/14597277129_1901dabe12_z.jpg,5,0
fear,http://farm9.staticflickr.com/8200/8220961541_cb378e6ff1_z.jpg,4,1
fear,http://farm8.staticflickr.com/7031/6851167511_731de92c03_z.jpg,3,2
fear,http://farm4.staticflickr.com/3750/13107646115_9f3a9247b4_z.jpg,5,0
fear,http://farm4.staticflickr.com/3702/11748410704_5a2e09bf36_z.jpg,5,0
fear,http://farm8.staticflickr.com/7014/6716007673_ba3cc4d0d5_z.jpg,2,3
fear,http://farm6.staticflickr.com/5272/7432847144_bfb18fee5a_z.jpg,5,0
fear,http://farm4.staticflickr.com/3862/14783668652_93ba83b7c6_z.jpg,5,0
fear,http://farm4.staticflickr.com/3773/9932397424_3eb970f821_z.jpg,4,1
fear,http://farm4.staticflickr.com/3901/14783607302_e12d858420_z.jpg,4,1
fear,http://farm6.staticflickr.com/5557/14781604694_acec6d78e2_z.jpg,5,0
fear,http://farm4.staticflickr.com/3877/14240406847_99ed525098_z.jpg,5,0
fear,http://farm4.staticflickr.com/3776/13707217493_5a172b571e_z.jpg,5,0
fear,http://farm9.staticflickr.com/8086/8595863162_dacae4f89c_z.jpg,5,0
fear,http://farm6.staticflickr.com/5596/14597214319_126b3a87c6_z.jpg,5,0
fear,http://farm3.staticflickr.com/2921/14182235846_db8a85bee8_z.jpg,4,1
fear,http://farm8.staticflickr.com/7145/6683031941_156f1d9dd7_z.jpg,5,0
fear,http://farm3.staticflickr.com/2885/12472865633_7753c332e7_z.jpg,4,1
fear,http://farm8.staticflickr.com/7260/8163635406_c729464f68_z.jpg,5,0
fear,http://farm4.staticflickr.com/3954/15032819734_295bbbc568_z.jpg,5,0
fear,http://farm3.staticflickr.com/2917/14597420707_1706d73ff6_z.jpg,5,0
fear,http://farm9.staticflickr.com/8112/8658845500_755ca393db_z.jpg,5,0
fear,http://farm4.staticflickr.com/3906/14780841991_45e7ee08d1_z.jpg,5,0
fear,http://farm6.staticflickr.com/5238/7006203756_33379832e8_z.jpg,5,0
fear,http://farm8.staticflickr.com/7295/16251456717_28d263a717_z.jpg,5,0
fear,http://farm9.staticflickr.com/8197/8164947480_db8fa9a3da_z.jpg,5,0
fear,http://farm4.staticflickr.com/3856/14597239510_e6d4aeb9b0_z.jpg,5,0
fear,http://farm6.staticflickr.com/5517/10245095363_f59d49939b_z.jpg,1,4
fear,http://farm8.staticflickr.com/7033/6733069443_1a82dcd950_z.jpg,4,0
fear,http://farm9.staticflickr.com/8064/8225467071_6086581b5e_z.jpg,5,0
fear,http://farm9.staticflickr.com/8036/7974777220_943b1ac027_z.jpg,5,0
fear,http://farm8.staticflickr.com/7208/6942742698_d0d66e80a2_z.jpg,5,0
fear,http://farm8.staticflickr.com/7360/10968267965_fd8f67aac9_z.jpg,2,3
fear,http://farm9.staticflickr.com/8294/7727285434_e0a94893af_z.jpg,5,0
fear,http://farm6.staticflickr.com/5576/14783665172_fa792556f5_z.jpg,5,0
fear,http://farm3.staticflickr.com/2900/14685946343_98d824cbfc_z.jpg,5,0
fear,http://farm9.staticflickr.com/8525/8514596500_8b6fa519d9_z.jpg,5,0
fear,http://farm9.staticflickr.com/8532/8512696869_0de93f3a45_z.jpg,1,3
fear,http://farm3.staticflickr.com/2833/9701849995_8d25ee5cc6_z.jpg,5,0
fear,http://farm8.staticflickr.com/7565/15487905977_f94ca94f7f_z.jpg,5,0
fear,http://farm4.staticflickr.com/3868/14597218550_a5cf3c8152_z.jpg,5,0
fear,http://farm4.staticflickr.com/3858/14597322259_7b1ebdf030_z.jpg,5,0
fear,http://farm4.staticflickr.com/3891/14328885587_74eabd138d_z.jpg,5,0
fear,http://farm9.staticflickr.com/8055/8123882257_fa5a128c90_z.jpg,5,0
fear,http://farm6.staticflickr.com/5599/15246573550_d61578d6a8_z.jpg,4,1
fear,http://farm6.staticflickr.com/5593/15267867012_0ea7c5103a_z.jpg,3,2
fear,http://farm9.staticflickr.com/8047/8347363295_4b16a21420_z.jpg,1,4
fear,http://farm4.staticflickr.com/3954/15679260522_081ff9261d_z.jpg,3,2
fear,http://farm8.staticflickr.com/7183/6971062006_c9435ed711_z.jpg,4,1
fear,http://farm6.staticflickr.com/5560/14688611139_1316d40614_z.jpg,5,0
fear,http://farm8.staticflickr.com/7088/7221508290_dd84cd3cf0_z.jpg,5,0
fear,http://farm6.staticflickr.com/5447/9587516859_31814c8e4c_z.jpg,5,0
fear,http://farm3.staticflickr.com/2919/14578872271_31c41b355b_z.jpg,4,1
fear,http://farm8.staticflickr.com/7297/9543400115_2f021dbced_z.jpg,4,1
fear,http://farm8.staticflickr.com/7210/6911364379_507b1d8e12_z.jpg,3,2
fear,http://farm8.staticflickr.com/7232/7223780210_a7ba07a229_z.jpg,4,0
fear,http://farm9.staticflickr.com/8527/8630290686_cec091cddb_z.jpg,5,0
fear,http://farm9.staticflickr.com/8590/15832072799_560964d531_z.jpg,4,1
fear,http://farm8.staticflickr.com/7473/15857334915_231651a0fc_z.jpg,4,1
fear,http://farm8.staticflickr.com/7438/9723394228_ae66a17c53_z.jpg,5,0
fear,http://farm9.staticflickr.com/8361/8323752680_3d9c7c576b_z.jpg,5,0
fear,http://farm7.staticflickr.com/6042/6859888276_39a55bf859_z.jpg,1,3
fear,http://farm8.staticflickr.com/7080/6974046162_1c54ecd299_z.jpg,5,0
fear,http://farm8.staticflickr.com/7411/12360193615_489f8ce556_z.jpg,5,0
fear,http://farm8.staticflickr.com/7267/7450542878_820c6be728_z.jpg,5,0
fear,http://farm8.staticflickr.com/7301/12803806654_bdc1a5a4c7_z.jpg,4,1
fear,http://farm9.staticflickr.com/8338/8198036635_88db0e7917_z.jpg,1,4
fear,http://farm9.staticflickr.com/8259/8707258142_200703a104_z.jpg,5,0
fear,http://farm3.staticflickr.com/2871/13719739343_017a376c0c_z.jpg,5,0
fear,http://farm9.staticflickr.com/8261/8692214921_c112356a52_z.jpg,5,0
fear,http://farm6.staticflickr.com/5478/12067750166_5a5ac9bffb_z.jpg,5,0
fear,http://farm4.staticflickr.com/3869/14760980746_39362fda6e_z.jpg,5,0
fear,http://farm8.staticflickr.com/7162/6648080345_e63067e992_z.jpg,5,0
fear,http://farm8.staticflickr.com/7091/7223481714_32840a9256_z.jpg,5,0
fear,http://farm8.staticflickr.com/7357/11311026043_e3538cf1bc_z.jpg,5,0
fear,http://farm3.staticflickr.com/2852/9610779228_ee07514a9c_z.jpg,5,0
fear,http://farm9.staticflickr.com/8487/8180859215_022c3fc1ae_z.jpg,5,0
fear,http://farm8.staticflickr.com/7353/10606266004_01c1a054f0_z.jpg,5,0
fear,http://farm8.staticflickr.com/7579/16015256566_dd9e66cf5e_z.jpg,5,0
fear,http://farm8.staticflickr.com/7163/6833952531_aa805c6da9_z.jpg,5,0
fear,http://farm4.staticflickr.com/3772/9552636616_f628d811fa_z.jpg,5,0
fear,http://farm8.staticflickr.com/7531/15739593676_6ab5d59a1e_z.jpg,2,3
fear,http://farm8.staticflickr.com/7036/6924496521_e3fecd7842_z.jpg,4,1
fear,http://farm8.staticflickr.com/7132/7567895442_6b6d6621e0_z.jpg,4,1
fear,http://farm8.staticflickr.com/7400/10260501116_8fe63aeb20_z.jpg,5,0
fear,http://farm6.staticflickr.com/5596/14837934331_800f004c88_z.jpg,4,1
fear,http://farm4.staticflickr.com/3948/14954712774_2b5b17ca42_z.jpg,5,0
fear,http://farm8.staticflickr.com/7461/15607304129_f7d8d40eca_z.jpg,5,0
fear,http://farm9.staticflickr.com/8513/8418621350_77c5c2455b_z.jpg,5,0
fear,http://farm6.staticflickr.com/5517/9092918018_f561f6f894_z.jpg,5,0
fear,http://farm9.staticflickr.com/8446/7900214588_fa09431e52_z.jpg,5,0
fear,http://farm4.staticflickr.com/3731/9599510453_9f702fb1a8_z.jpg,5,0
fear,http://farm8.staticflickr.com/7058/6993702869_276ea5e2c2_z.jpg,5,0
fear,http://farm8.staticflickr.com/7212/7068080297_89d3175e25_z.jpg,3,2
fear,http://farm8.staticflickr.com/7411/10641129786_d8f288884a_z.jpg,4,1
fear,http://farm6.staticflickr.com/5514/14003868051_eac4be932e_z.jpg,4,1
fear,http://farm3.staticflickr.com/2816/9150893081_3cb877f4f6_z.jpg,5,0
fear,http://farm3.staticflickr.com/2908/14694597785_4057faceb4_z.jpg,5,0
fear,http://farm8.staticflickr.com/7563/15955781241_f5438aca70_z.jpg,5,0
fear,http://farm8.staticflickr.com/7295/11622966775_2153c81918_z.jpg,4,1
fear,http://farm9.staticflickr.com/8092/8571848804_d2ae8af529_z.jpg,3,2
fear,http://farm8.staticflickr.com/7553/15979178517_81e0fdea37_z.jpg,5,0
fear,http://farm4.staticflickr.com/3948/14929011424_4aac839fb0_z.jpg,5,0
fear,http://farm6.staticflickr.com/5509/12385190744_2ac5682432_z.jpg,1,4
fear,http://farm9.staticflickr.com/8178/7990201323_a3741a1d2d_z.jpg,4,1
fear,http://farm4.staticflickr.com/3851/14669421957_86a88cb0c5_z.jpg,5,0
fear,http://farm9.staticflickr.com/8145/7128550655_1ba9664b36_z.jpg,5,0
fear,http://farm9.staticflickr.com/8578/16029723466_ba9032a454_z.jpg,5,0
fear,http://farm6.staticflickr.com/5508/9679539297_c034243fd6_z.jpg,5,0
fear,http://farm8.staticflickr.com/7030/6810269685_367e0e10cf_z.jpg,5,0
fear,http://farm4.staticflickr.com/3632/12981035445_cebcb5c66d_z.jpg,5,0
fear,http://farm9.staticflickr.com/8206/8190070255_785d68e7de_z.jpg,5,0
fear,http://farm4.staticflickr.com/3878/14677976830_9624363941_z.jpg,5,0
fear,http://farm4.staticflickr.com/3830/10383334125_20345506af_z.jpg,5,0
fear,http://farm8.staticflickr.com/7522/15749034770_a552d88767_z.jpg,5,0
fear,http://farm9.staticflickr.com/8335/8091460357_33e252d4c8_z.jpg,5,0
fear,http://farm8.staticflickr.com/7430/12842618703_dc31c07b3d_z.jpg,5,0
fear,http://farm8.staticflickr.com/7292/8743116860_10183e0390_z.jpg,5,0
fear,http://farm4.staticflickr.com/3764/11337664245_8c83ffa6cf_z.jpg,5,0
fear,http://farm4.staticflickr.com/3906/15117866485_0d969b57c6_z.jpg,5,0
fear,http://farm9.staticflickr.com/8152/7820994614_95dd5df75f_z.jpg,5,0
fear,http://farm9.staticflickr.com/8370/8528859733_df3377177a_z.jpg,0,5
fear,http://farm8.staticflickr.com/7177/7136221377_36ff48cfc4_z.jpg,5,0
fear,http://farm6.staticflickr.com/5116/7180622814_4017684c4d_z.jpg,5,0
fear,http://farm9.staticflickr.com/8205/8239575025_895c051cfd_z.jpg,5,0
fear,http://farm9.staticflickr.com/8065/8198046765_cfc246ce92_z.jpg,5,0
fear,http://farm8.staticflickr.com/7441/13706641253_81b7deb11f_z.jpg,5,0
fear,http://farm8.staticflickr.com/7485/16024827102_15a5620d9f_z.jpg,5,0
fear,http://farm9.staticflickr.com/8109/8489786470_2d722c1f79_z.jpg,5,0
fear,http://farm4.staticflickr.com/3780/14251033151_59d502d9cf_z.jpg,5,0
fear,http://farm9.staticflickr.com/8476/8120262589_0a51a7d305_z.jpg,4,0
fear,http://farm9.staticflickr.com/8398/8704802687_817afc0630_z.jpg,5,0
fear,http://farm4.staticflickr.com/3829/9726793049_e3ef794dc3_z.jpg,3,2
fear,http://farm6.staticflickr.com/5510/10090376744_da51e92fd7_z.jpg,4,1
fear,http://farm8.staticflickr.com/7112/7430705128_dddcb766b1_z.jpg,5,0
fear,http://farm6.staticflickr.com/5471/12253446645_291bab90dc_z.jpg,5,0
fear,http://farm3.staticflickr.com/2866/9513112850_7c47ec6c89_z.jpg,4,0
fear,http://farm6.staticflickr.com/5564/14597383877_c238810d84_z.jpg,5,0
fear,http://farm4.staticflickr.com/3688/10508703484_f9110f9464_z.jpg,2,3
fear,http://farm6.staticflickr.com/5555/14597144980_3e0070493d_z.jpg,5,0
fear,http://farm8.staticflickr.com/7502/15866557446_fd6e2ee3b3_z.jpg,5,0
fear,http://farm6.staticflickr.com/5348/8764971533_5e0ba4f1a3_z.jpg,5,0
fear,http://farm4.staticflickr.com/3820/8947380292_dc5e1569ce_z.jpg,5,0
fear,http://farm4.staticflickr.com/3755/9850644063_0faf53937e_z.jpg,4,0
fear,http://farm3.staticflickr.com/2822/10686408345_0d41cac276_z.jpg,5,0
fear,http://farm8.staticflickr.com/7194/6990841111_ab4738f608_z.jpg,5,0
fear,http://farm4.staticflickr.com/3888/14783519222_7c041c7cc6_z.jpg,3,2
fear,http://farm3.staticflickr.com/2947/15481485995_60a1686a64_z.jpg,5,0
fear,http://farm9.staticflickr.com/8098/8446493771_2eb65b0fcc_z.jpg,5,0
fear,http://farm4.staticflickr.com/3918/14498570212_4f0023e11d_z.jpg,4,0
fear,http://farm9.staticflickr.com/8103/8527956239_64550a2af9_z.jpg,4,1
fear,http://farm8.staticflickr.com/7421/13045698155_d15388889e_z.jpg,5,0
fear,http://farm6.staticflickr.com/5602/14909542974_c4cd026125_z.jpg,5,0
fear,http://farm4.staticflickr.com/3922/14489225381_cd3064755b_z.jpg,5,0
fear,http://farm9.staticflickr.com/8194/8109040037_f170a8e51c_z.jpg,3,2
fear,http://farm8.staticflickr.com/7297/8715520368_964f9ccc3e_z.jpg,5,0
fear,http://farm8.staticflickr.com/7198/6879735894_ebe51f934c_z.jpg,5,0
fear,http://farm6.staticflickr.com/5539/9708455795_367ab54294_z.jpg,5,0
fear,http://farm9.staticflickr.com/8246/8462784244_c2f336920b_z.jpg,5,0
fear,http://farm8.staticflickr.com/7079/7380697004_682ccdffe9_z.jpg,5,0
fear,http://farm9.staticflickr.com/8429/7814533758_ee4ec64102_z.jpg,5,0
fear,http://farm8.staticflickr.com/7199/7001143548_290a36a9d2_z.jpg,5,0
fear,http://farm6.staticflickr.com/5539/9096479037_2d69acdfb6_z.jpg,5,0
fear,http://farm8.staticflickr.com/7430/9538321009_45dcf49a0e_z.jpg,5,0
fear,http://farm8.staticflickr.com/7068/6780122130_a079d82388_z.jpg,5,0
fear,http://farm9.staticflickr.com/8165/7535239718_366a3f84cc_z.jpg,5,0
fear,http://farm6.staticflickr.com/5604/15630223072_bfb53f3af0_z.jpg,5,0
fear,http://farm9.staticflickr.com/8395/8693277496_bb4b511d34_z.jpg,5,0
fear,http://farm6.staticflickr.com/5472/10006653716_45f9bcd0c5_z.jpg,5,0
fear,http://farm4.staticflickr.com/3880/14597131440_68f375ae68_z.jpg,5,0
fear,http://farm4.staticflickr.com/3953/15327194028_5436f5a2e2_z.jpg,2,3
fear,http://farm9.staticflickr.com/8681/16038823861_45840f4974_z.jpg,4,0
fear,http://farm8.staticflickr.com/7282/8742058282_1f1d34d436_z.jpg,5,0
fear,http://farm3.staticflickr.com/2892/12604568865_bfdd7cee9d_z.jpg,5,0
fear,http://farm9.staticflickr.com/8297/7749544794_653acf7a38_z.jpg,5,0
fear,http://farm3.staticflickr.com/2841/10120848456_66908ebf27_z.jpg,5,0
fear,http://farm9.staticflickr.com/8231/8529089722_9421de181f_z.jpg,3,2
fear,http://farm9.staticflickr.com/8325/8084989004_7ab803c4a0_z.jpg,4,1
fear,http://farm9.staticflickr.com/8231/8590502125_5e74632297_z.jpg,5,0
fear,http://farm3.staticflickr.com/2946/15457705432_d9df28fa61_z.jpg,5,0
fear,http://farm8.staticflickr.com/7435/9270447027_0199315f6b_z.jpg,5,0
fear,http://farm8.staticflickr.com/7335/11340558856_0afa9a5999_z.jpg,5,0
fear,http://farm3.staticflickr.com/2939/13945533950_c28d85cc5a_z.jpg,5,0
fear,http://farm4.staticflickr.com/3927/15222763678_9f4e8dc75d_z.jpg,5,0
fear,http://farm9.staticflickr.com/8418/9010921950_ee00985e66_z.jpg,5,0
fear,http://farm4.staticflickr.com/3911/15259966301_794d58d741_z.jpg,5,0
fear,http://farm8.staticflickr.com/7428/9257920915_44dc9461be_z.jpg,5,0
fear,http://farm3.staticflickr.com/2929/14122158921_5c5636c27a_z.jpg,5,0
fear,http://farm9.staticflickr.com/8202/8206979924_e5d07fcac5_z.jpg,5,0
fear,http://farm9.staticflickr.com/8506/8551210667_e1e4135aa5_z.jpg,5,0
fear,http://farm6.staticflickr.com/5574/14780707611_5e2ee85041_z.jpg,4,0
fear,http://farm4.staticflickr.com/3832/8868074993_b4a35ee7cd_z.jpg,5,0
fear,http://farm4.staticflickr.com/3808/12712329044_9f784f757c_z.jpg,5,0
fear,http://farm9.staticflickr.com/8193/8148961542_217ea9f2b3_z.jpg,5,0
fear,http://farm6.staticflickr.com/5566/14961221475_cec00763c6_z.jpg,5,0
fear,http://farm8.staticflickr.com/7088/6984343752_10aa3a26c3_z.jpg,5,0
fear,http://farm8.staticflickr.com/7242/7250757130_5d11ba0758_z.jpg,5,0
fear,http://farm3.staticflickr.com/2825/10608148856_ebcf9647dd_z.jpg,5,0
fear,http://farm9.staticflickr.com/8023/7579502326_5a21fc3f9e_z.jpg,5,0
fear,http://farm3.staticflickr.com/2805/12583550145_aed73b4dfe_z.jpg,5,0
fear,http://farm3.staticflickr.com/2830/9083220024_dbd68ae7b8_z.jpg,3,2
fear,http://farm9.staticflickr.com/8365/8558341262_2c02cfab1f_z.jpg,5,0
fear,http://farm6.staticflickr.com/5590/14597356569_a97cccac78_z.jpg,5,0
fear,http://farm9.staticflickr.com/8074/8266239815_f011ed267d_z.jpg,5,0
fear,http://farm3.staticflickr.com/2904/14391998226_156597ae45_z.jpg,5,0
fear,http://farm8.staticflickr.com/7363/11141430894_9d351ec5d2_z.jpg,4,1
fear,http://farm3.staticflickr.com/2943/15139331667_afb49b30bb_z.jpg,5,0
fear,http://farm6.staticflickr.com/5579/14888288537_dabc1d8de2_z.jpg,5,0
fear,http://farm4.staticflickr.com/3933/15275706017_11f7f010b8_z.jpg,5,0
fear,http://farm9.staticflickr.com/8044/8372948120_2edab337e0_z.jpg,5,0
fear,http://farm9.staticflickr.com/8209/8253316349_885ee7a3cb_z.jpg,5,0
fear,http://farm8.staticflickr.com/7231/13692625504_d412525397_z.jpg,5,0
fear,http://farm4.staticflickr.com/3731/8907902042_b9b1169c4e_z.jpg,5,0
fear,http://farm6.staticflickr.com/5496/9558196841_a9f231ceea_z.jpg,5,0
fear,http://farm6.staticflickr.com/5598/15640551056_356b2ba71e_z.jpg,5,0
fear,http://farm8.staticflickr.com/7248/7827148178_e290f9766a_z.jpg,5,0
fear,http://farm4.staticflickr.com/3853/14781566454_5e211aed16_z.jpg,5,0
fear,http://farm9.staticflickr.com/8102/8485456243_0084b4014c_z.jpg,5,0
fear,http://farm9.staticflickr.com/8061/8205631806_9d51b7a4fb_z.jpg,4,1
fear,http://farm9.staticflickr.com/8391/8580501074_41129db139_z.jpg,5,0
fear,http://farm6.staticflickr.com/5519/14374828228_e376304c24_z.jpg,5,0
fear,http://farm4.staticflickr.com/3908/14781645683_b96ce2137f_z.jpg,4,1
fear,http://farm4.staticflickr.com/3745/9525922981_9dc4b21788_z.jpg,3,2
fear,http://farm4.staticflickr.com/3780/12287138726_ea62813427_z.jpg,5,0
fear,http://farm9.staticflickr.com/8520/8516555988_8931706a43_z.jpg,5,0
fear,http://farm9.staticflickr.com/8358/8290812617_7ea799fb15_z.jpg,4,1
fear,http://farm8.staticflickr.com/7570/15398433093_3a6b504371_z.jpg,5,0
fear,http://farm9.staticflickr.com/8164/7545882662_aa8cd0d9d2_z.jpg,5,0
fear,http://farm9.staticflickr.com/8026/7180622084_a07a4e5f1f_z.jpg,5,0
fear,http://farm4.staticflickr.com/3776/11702993185_84daf94866_z.jpg,5,0
fear,http://farm6.staticflickr.com/5568/14780794781_387a6c5ab9_z.jpg,5,0
fear,http://farm6.staticflickr.com/5469/9445660484_4e071dcb9c_z.jpg,4,1
fear,http://farm4.staticflickr.com/3871/14359618644_8b9ae998ca_z.jpg,4,1
fear,http://farm9.staticflickr.com/8347/8237771638_48b8cb6360_z.jpg,5,0
fear,http://farm8.staticflickr.com/7349/12541319475_763e6c92f5_z.jpg,4,1
fear,http://farm6.staticflickr.com/5591/14345517833_282dcbccae_z.jpg,5,0
fear,http://farm8.staticflickr.com/7120/7835348308_d35cf05732_z.jpg,5,0
fear,http://farm4.staticflickr.com/3852/14494342395_dc15c0e5e1_z.jpg,2,3
fear,http://farm3.staticflickr.com/2912/13992730632_c2164d8247_z.jpg,5,0
fear,http://farm6.staticflickr.com/5559/14780793331_e1b377a475_z.jpg,5,0
fear,http://farm9.staticflickr.com/8059/8281520847_417e438651_z.jpg,3,2
fear,http://farm9.staticflickr.com/8304/7801198158_6a39543d16_z.jpg,5,0
fear,http://farm8.staticflickr.com/7472/15636165828_26c29173c1_z.jpg,2,3
fear,http://farm8.staticflickr.com/7396/12106407775_4cee789694_z.jpg,3,2
fear,http://farm4.staticflickr.com/3746/9490484179_463907d5c8_z.jpg,2,3
fear,http://farm8.staticflickr.com/7406/13309146385_a9b6c6040c_z.jpg,5,0
fear,http://farm9.staticflickr.com/8195/8395687059_7a85668d99_z.jpg,5,0
fear,http://farm9.staticflickr.com/8159/7120692777_6fccb5a526_z.jpg,5,0
fear,http://farm9.staticflickr.com/8249/8477512816_5e7482b2b2_z.jpg,5,0
fear,http://farm6.staticflickr.com/5470/7185436548_e2012427a2_z.jpg,5,0
fear,http://farm3.staticflickr.com/2919/14635784992_f7cf515533_z.jpg,5,0
fear,http://farm9.staticflickr.com/8219/8279413676_82553afcd5_z.jpg,5,0
fear,http://farm9.staticflickr.com/8161/7303392460_9bdcb3962c_z.jpg,5,0
fear,http://farm3.staticflickr.com/2615/13106489895_afbf7763f2_z.jpg,5,0
fear,http://farm4.staticflickr.com/3859/14597279318_42d1299bf1_z.jpg,10,0
fear,http://farm6.staticflickr.com/5568/14990209136_04848cc058_z.jpg,4,1
fear,http://farm8.staticflickr.com/7076/14045024712_18cb4dfaeb_z.jpg,5,0
fear,http://farm9.staticflickr.com/8194/8112405446_6d2bdd1dbc_z.jpg,5,0
fear,http://farm3.staticflickr.com/2829/8855732855_370750c84f_z.jpg,5,0
fear,http://farm3.staticflickr.com/2842/9959160663_7e88c50d98_z.jpg,4,1
fear,http://farm4.staticflickr.com/3881/14882652746_1bc3aba826_z.jpg,5,0
fear,http://farm4.staticflickr.com/3668/13345058265_29a7fdcf09_z.jpg,5,0
fear,http://farm8.staticflickr.com/7359/13106185263_524f260b6a_z.jpg,5,0
fear,http://farm8.staticflickr.com/7362/9811242503_006de9804e_z.jpg,5,0
fear,http://farm4.staticflickr.com/3908/14348212524_cc493bca3a_z.jpg,5,0
fear,http://farm8.staticflickr.com/7509/16323793711_61e86fa53c_z.jpg,5,0
fear,http://farm6.staticflickr.com/5490/10079970116_981cbab578_z.jpg,5,0
fear,http://farm4.staticflickr.com/3882/14723631799_3aed3d369e_z.jpg,5,0
fear,http://farm9.staticflickr.com/8308/7996451609_753a8593fe_z.jpg,5,0
fear,http://farm4.staticflickr.com/3830/9673653622_aacfcb9dae_z.jpg,4,1
fear,http://farm8.staticflickr.com/7064/6925895390_0527463f45_z.jpg,4,1
fear,http://farm6.staticflickr.com/5579/14253615660_5e37a70a8b_z.jpg,5,0
fear,http://farm8.staticflickr.com/7407/9593190300_4871ee3fed_z.jpg,5,0
fear,http://farm3.staticflickr.com/2920/14505715491_4f7cb16548_z.jpg,5,0
fear,http://farm3.staticflickr.com/2853/9221956307_33dda2ee06_z.jpg,5,0
fear,http://farm8.staticflickr.com/7098/7158949338_3465aa0da3_z.jpg,5,0
fear,http://farm6.staticflickr.com/5516/9598648905_b1e43286da_z.jpg,5,0
fear,http://farm9.staticflickr.com/8526/8593243374_3844353ddb_z.jpg,5,0
fear,http://farm9.staticflickr.com/8346/8199314923_8b24747262_z.jpg,3,2
fear,http://farm3.staticflickr.com/2843/9015322081_9d67b42a45_z.jpg,5,0
fear,http://farm9.staticflickr.com/8284/7743279854_76f31dd58d_z.jpg,2,3
fear,http://farm3.staticflickr.com/2935/14597203199_e8c4201ee3_z.jpg,5,0
fear,http://farm8.staticflickr.com/7159/6783821311_ef28ab6f65_z.jpg,5,0
fear,http://farm8.staticflickr.com/7123/8731474501_a224921090_z.jpg,5,0
fear,http://farm8.staticflickr.com/7361/12442934055_5a64a69b98_z.jpg,3,2
fear,http://farm7.staticflickr.com/6239/6995282877_15b0b2c07a_z.jpg,5,0
fear,http://farm8.staticflickr.com/7565/15477650859_7f93bab915_z.jpg,5,0
fear,http://farm4.staticflickr.com/3956/15075995843_576e5b9c55_z.jpg,5,0
fear,http://farm4.staticflickr.com/3911/14597304358_9d68002b88_z.jpg,5,0
fear,http://farm9.staticflickr.com/8172/8028515550_1cee4cb2ab_z.jpg,5,0
fear,http://farm4.staticflickr.com/3902/14781621664_ff080b9ced_z.jpg,5,0
fear,http://farm9.staticflickr.com/8258/8666747949_dc574a7f85_z.jpg,5,0
fear,http://farm9.staticflickr.com/8646/15639463747_e370deac44_z.jpg,5,0
fear,http://farm8.staticflickr.com/7580/15847093342_94f21bfb35_z.jpg,5,0
fear,http://farm4.staticflickr.com/3853/15386955622_5d2fd70039_z.jpg,5,0
fear,http://farm8.staticflickr.com/7035/6751335383_a773bcb2f2_z.jpg,5,0
fear,http://farm9.staticflickr.com/8196/8140623647_28f946fcda_z.jpg,5,0
fear,http://farm8.staticflickr.com/7432/10335140545_c6bd6cd8d9_z.jpg,5,0
fear,http://farm4.staticflickr.com/3684/9315797577_d232e040f3_z.jpg,5,0
fear,http://farm6.staticflickr.com/5586/14803839133_25948c1ebd_z.jpg,5,0
fear,http://farm8.staticflickr.com/7082/6903789454_2bbd07e760_z.jpg,5,0
fear,http://farm8.staticflickr.com/7030/6710758683_b0277f706d_z.jpg,3,2
fear,http://farm4.staticflickr.com/3783/9972241204_d3ea0fabbd_z.jpg,5,0
fear,http://farm9.staticflickr.com/8301/7945326106_c8652656cf_z.jpg,5,0
fear,http://farm9.staticflickr.com/8041/7908345154_dce217f4b3_z.jpg,4,1
fear,http://farm4.staticflickr.com/3954/15495096549_8b764c4cc9_z.jpg,5,0
fear,http://farm8.staticflickr.com/7363/15816245724_e3c18c5afa_z.jpg,5,0
fear,http://farm6.staticflickr.com/5325/9412438073_b2526ba76b_z.jpg,5,0
fear,http://farm9.staticflickr.com/8227/8455081552_56527d985b_z.jpg,5,0
fear,http://farm4.staticflickr.com/3766/13547004354_6227f5b596_z.jpg,5,0
fear,http://farm8.staticflickr.com/7108/7535847770_c502ff3e72_z.jpg,5,0
fear,http://farm8.staticflickr.com/7578/15655468295_6bc8eab5d8_z.jpg,5,0
fear,http://farm4.staticflickr.com/3896/15167912277_a7bc351bd0_z.jpg,5,0
fear,http://farm4.staticflickr.com/3865/15210187047_3aa015ab41_z.jpg,5,0
fear,http://farm8.staticflickr.com/7214/6990071898_80dd763c43_z.jpg,5,0
fear,http://farm4.staticflickr.com/3772/10562364956_27e64cf057_z.jpg,5,0
fear,http://farm8.staticflickr.com/7568/15826812171_8854ceba7c_z.jpg,1,4
fear,http://farm3.staticflickr.com/2877/9558199388_2a97ae176c_z.jpg,5,0
fear,http://farm4.staticflickr.com/3944/15370462429_85a7ff2330_z.jpg,5,0
fear,http://farm8.staticflickr.com/7558/15850050286_983b114091_z.jpg,5,0
fear,http://farm8.staticflickr.com/7069/6967194881_e7ff6e76f8_z.jpg,5,0
fear,http://farm3.staticflickr.com/2818/10860992014_1501ac124c_z.jpg,5,0
fear,http://farm6.staticflickr.com/5446/9628513678_c80f929f62_z.jpg,5,0
fear,http://farm4.staticflickr.com/3757/11192214364_96efebed4e_z.jpg,5,0
fear,http://farm9.staticflickr.com/8022/7424652500_f081085735_z.jpg,5,0
fear,http://farm8.staticflickr.com/7353/8726201031_a0148ff9a1_z.jpg,5,0
fear,http://farm9.staticflickr.com/8397/8692993078_e97b612026_z.jpg,4,0
fear,http://farm8.staticflickr.com/7224/7009588247_5891186216_z.jpg,5,0
fear,http://farm9.staticflickr.com/8329/8135004654_d7a0e7d235_z.jpg,5,0
fear,http://farm9.staticflickr.com/8345/8222954296_0d5625e41e_z.jpg,5,0
fear,http://farm6.staticflickr.com/5146/14021787376_b2c6fdee19_z.jpg,5,0
fear,http://farm8.staticflickr.com/7435/8798473895_67f4554278_z.jpg,5,0
fear,http://farm7.staticflickr.com/6118/6858675156_e6533fc911_z.jpg,4,1
fear,http://farm6.staticflickr.com/5584/14781753541_3638680e72_z.jpg,5,0
fear,http://farm6.staticflickr.com/5480/14272751473_5e9d1a1bf0_z.jpg,5,0
fear,http://farm9.staticflickr.com/8167/7568281462_33881c3432_z.jpg,5,0
fear,http://farm8.staticflickr.com/7146/6755620785_0128b092a1_z.jpg,5,0
fear,http://farm9.staticflickr.com/8196/8441833707_7093d1f992_z.jpg,5,0
fear,http://farm4.staticflickr.com/3832/11358647944_72c7029620_z.jpg,5,0
fear,http://farm9.staticflickr.com/8225/8472661092_e5e627f468_z.jpg,5,0
fear,http://farm3.staticflickr.com/2904/14597194389_315d7e066d_z.jpg,5,0
fear,http://farm9.staticflickr.com/8597/15854654476_9d703dee16_z.jpg,4,0
fear,http://farm4.staticflickr.com/3761/11007949624_7261116305_z.jpg,5,0
fear,http://farm4.staticflickr.com/3810/11456762264_7b56089cc3_z.jpg,4,1
fear,http://farm9.staticflickr.com/8336/8127411021_fda928283c_z.jpg,3,2
fear,http://farm3.staticflickr.com/2920/14448861876_9a6e5dd6bd_z.jpg,5,0
fear,http://farm9.staticflickr.com/8654/15983122311_d8d8e5760e_z.jpg,5,0
fear,http://farm8.staticflickr.com/7114/7579394994_7cfee4cc6f_z.jpg,5,0
fear,http://farm6.staticflickr.com/5557/14925296351_18334ffcec_z.jpg,5,0
fear,http://farm4.staticflickr.com/3863/14597191600_d29d0d0a3e_z.jpg,5,0
fear,http://farm6.staticflickr.com/5539/14327753804_fcc613b260_z.jpg,5,0
fear,http://farm8.staticflickr.com/7429/13938816550_25e5e08456_z.jpg,5,0
fear,http://farm8.staticflickr.com/7331/12484894755_37133e1dc4_z.jpg,5,0
fear,http://farm9.staticflickr.com/8291/7497719028_9d17f6c146_z.jpg,5,0
fear,http://farm8.staticflickr.com/7420/9326951983_2583308d5c_z.jpg,5,0
fear,http://farm4.staticflickr.com/3887/14444455754_dfc5cdd252_z.jpg,2,3
fear,http://farm3.staticflickr.com/2868/10334483696_7b91c60441_z.jpg,5,0
fear,http://farm8.staticflickr.com/7452/9628162287_6be85b0fea_z.jpg,4,1
fear,http://farm6.staticflickr.com/5572/14493202737_f8be4c7b05_z.jpg,5,0
fear,http://farm8.staticflickr.com/7431/9604080929_84ec42e9fa_z.jpg,5,0
fear,http://farm9.staticflickr.com/8297/7815868484_51f7ae57f9_z.jpg,5,0
fear,http://farm4.staticflickr.com/3674/13065110085_fa050c73e5_z.jpg,4,1
fear,http://farm6.staticflickr.com/5608/15528909652_29906664cf_z.jpg,5,0
fear,http://farm4.staticflickr.com/3846/15085411507_841e4e099f_z.jpg,5,0
fear,http://farm4.staticflickr.com/3845/15292004931_0501b8a00b_z.jpg,5,0
fear,http://farm8.staticflickr.com/7563/15345982604_da8346dd38_z.jpg,5,0
fear,http://farm4.staticflickr.com/3922/14597401117_317bdb8ba4_z.jpg,5,0
fear,http://farm9.staticflickr.com/8173/7944505480_2413322af0_z.jpg,5,0
fear,http://farm8.staticflickr.com/7259/7633277740_eb23f446d4_z.jpg,5,0
fear,http://farm4.staticflickr.com/3748/12194704675_0e1f3c63da_z.jpg,5,0
fear,http://farm9.staticflickr.com/8391/8640348269_d75762b2b0_z.jpg,5,0
fear,http://farm8.staticflickr.com/7398/9272579444_1a95a84e34_z.jpg,5,0
fear,http://farm9.staticflickr.com/8101/8660836486_48f5bfeca7_z.jpg,2,3
fear,http://farm8.staticflickr.com/7308/9053696039_60d977c6ab_z.jpg,5,0
fear,http://farm8.staticflickr.com/7184/6892603143_78e78b6b3d_z.jpg,5,0
fear,http://farm9.staticflickr.com/8602/15870397871_74d9296172_z.jpg,5,0
fear,http://farm9.staticflickr.com/8165/6971504256_c68149d2cb_z.jpg,5,0
fear,http://farm9.staticflickr.com/8665/16139480610_2b7645d9e3_z.jpg,4,1
fear,http://farm8.staticflickr.com/7238/7196384698_793effa6af_z.jpg,4,1
fear,http://farm8.staticflickr.com/7410/10383510504_908a921fe0_z.jpg,5,0
fear,http://farm8.staticflickr.com/7221/7370403970_34cd246d12_z.jpg,5,0
fear,http://farm9.staticflickr.com/8035/7995490254_2171fab590_z.jpg,5,0
fear,http://farm8.staticflickr.com/7317/8990595482_24a7cd91fa_z.jpg,5,0
fear,http://farm4.staticflickr.com/3770/12215145575_b788d49470_z.jpg,5,0
fear,http://farm4.staticflickr.com/3891/14597342139_e10c1b9752_z.jpg,5,0
fear,http://farm9.staticflickr.com/8007/7168803979_d7e36237fe_z.jpg,5,0
fear,http://farm8.staticflickr.com/7100/7373715584_82c5b22558_z.jpg,5,0
fear,http://farm4.staticflickr.com/3863/14780758731_2747fb8fa2_z.jpg,5,0
fear,http://farm6.staticflickr.com/5272/7229321744_f544e55e77_z.jpg,4,1
fear,http://farm9.staticflickr.com/8530/8536922352_ecdedcc083_z.jpg,5,0
fear,http://farm8.staticflickr.com/7271/7423343128_668395d564_z.jpg,1,4
fear,http://farm8.staticflickr.com/7056/7120689315_72dc75369a_z.jpg,5,0
fear,http://farm9.staticflickr.com/8266/8662076522_47ea4db077_z.jpg,5,0
fear,http://farm9.staticflickr.com/8470/8123886546_3e67cd5905_z.jpg,5,0
fear,http://farm8.staticflickr.com/7069/6822557560_d5a1060b10_z.jpg,4,1
fear,http://farm6.staticflickr.com/5563/14615482287_f74702586f_z.jpg,5,0
fear,http://farm8.staticflickr.com/7349/9367861327_54a0279d5b_z.jpg,5,0
fear,http://farm8.staticflickr.com/7140/7432241494_ffae573cd3_z.jpg,4,1
fear,http://farm3.staticflickr.com/2844/9470319209_7db9ccc30d_z.jpg,5,0
fear,http://farm8.staticflickr.com/7243/7286192108_bdff80f7ca_z.jpg,5,0
fear,http://farm9.staticflickr.com/8413/8703138419_c095e7f18b_z.jpg,5,0
fear,http://farm9.staticflickr.com/8196/8120412736_20718498dd_z.jpg,5,0
fear,http://farm8.staticflickr.com/7025/6654362971_dbf5d4d6d4_z.jpg,2,3
fear,http://farm4.staticflickr.com/3889/15147039657_5dd7d7fcd6_z.jpg,1,4
fear,http://farm8.staticflickr.com/7293/12190319676_fe1412de6c_z.jpg,5,0
fear,http://farm8.staticflickr.com/7343/8714217233_3f8b9a4da4_z.jpg,5,0
fear,http://farm6.staticflickr.com/5516/9559415567_92604a1bac_z.jpg,4,1
fear,http://farm4.staticflickr.com/3899/14760889876_5864d5e960_z.jpg,5,0
fear,http://farm8.staticflickr.com/7327/8948959382_35d8da7f53_z.jpg,4,1
fear,http://farm6.staticflickr.com/5451/9078691792_c3dd0234f0_z.jpg,5,0
fear,http://farm8.staticflickr.com/7425/9069825159_79410e1a80_z.jpg,5,0
fear,http://farm8.staticflickr.com/7156/6654964589_e8345d711a_z.jpg,4,1
fear,http://farm8.staticflickr.com/7502/15993369466_55cc8380b4_z.jpg,5,0
fear,http://farm8.staticflickr.com/7566/15839886427_a099b5e2c3_z.jpg,5,0
fear,http://farm3.staticflickr.com/2864/10113716354_7178bc94fa_z.jpg,5,0
fear,http://farm4.staticflickr.com/3866/14597309810_b4c08b2a98_z.jpg,5,0
fear,http://farm3.staticflickr.com/2909/13754562504_33284edbce_z.jpg,5,0
fear,http://farm8.staticflickr.com/7027/13452672824_0a3a5a780c_z.jpg,5,0
fear,http://farm4.staticflickr.com/3939/15699957706_5428e027fc_z.jpg,1,4
fear,http://farm4.staticflickr.com/3701/10504348413_2f5ce7d297_z.jpg,3,2
fear,http://farm6.staticflickr.com/5470/9511866846_6b247ddb87_z.jpg,5,0
fear,http://farm6.staticflickr.com/5324/9713748218_91f722ef92_z.jpg,5,0
fear,http://farm4.staticflickr.com/3872/14576697166_855e446bd0_z.jpg,5,0
fear,http://farm4.staticflickr.com/3932/15655454335_3b8207f54e_z.jpg,5,0
fear,http://farm9.staticflickr.com/8333/8133079913_4349776d32_z.jpg,5,0
fear,http://farm4.staticflickr.com/3870/14183553078_e832b1b26c_z.jpg,5,0
fear,http://farm8.staticflickr.com/7509/15484585897_4a5e489f7a_z.jpg,5,0
fear,http://farm3.staticflickr.com/2827/12556943024_4773614a58_z.jpg,5,0
fear,http://farm8.staticflickr.com/7182/6905943899_11302d1eab_z.jpg,5,0
fear,http://farm8.staticflickr.com/7069/6926875149_7964871f2e_z.jpg,5,0
fear,http://farm6.staticflickr.com/5523/13529289103_dc14c5a5d1_z.jpg,5,0
fear,http://farm8.staticflickr.com/7021/6674621081_05472409e4_z.jpg,5,0
fear,http://farm8.staticflickr.com/7250/6995858484_3963ab3272_z.jpg,4,0
fear,http://farm6.staticflickr.com/5600/15699374315_1c0cfe2204_z.jpg,5,0
fear,http://farm4.staticflickr.com/3731/9601629402_aafb292cf2_z.jpg,5,0
fear,http://farm8.staticflickr.com/7353/14162800085_e924eda02c_z.jpg,5,0
fear,http://farm9.staticflickr.com/8464/8116995049_c8479aa587_z.jpg,3,2
fear,http://farm9.staticflickr.com/8335/8092064307_9728a53017_z.jpg,5,0
fear,http://farm8.staticflickr.com/7294/12492281594_f33296a497_z.jpg,5,0
fear,http://farm9.staticflickr.com/8016/7331287588_17cc8a5ac4_z.jpg,5,0
fear,http://farm3.staticflickr.com/2846/9341262523_2dc80bfda8_z.jpg,5,0
fear,http://farm4.staticflickr.com/3897/14908694510_7dfc64a113_z.jpg,2,3
fear,http://farm8.staticflickr.com/7243/7281028702_210cfa66e8_z.jpg,5,0
fear,http://farm8.staticflickr.com/7034/6645749229_6ba38b225f_z.jpg,5,0
fear,http://farm9.staticflickr.com/8425/7730376718_0e3d3d1f71_z.jpg,5,0
fear,http://farm8.staticflickr.com/7238/7392209040_c1e29ca4e7_z.jpg,4,0
fear,http://farm3.staticflickr.com/2923/14781639694_8a94471025_z.jpg,5,0
fear,http://farm3.staticflickr.com/2915/14783886515_69fc237a4b_z.jpg,5,0
fear,http://farm6.staticflickr.com/5574/14521209614_042538258f_z.jpg,5,0
fear,http://farm8.staticflickr.com/7502/15910264975_b189048d79_z.jpg,5,0
fear,http://farm4.staticflickr.com/3914/15147765060_8fbe31f76c_z.jpg,5,0
fear,http://farm9.staticflickr.com/8248/8549012559_529014030f_z.jpg,5,0
fear,http://farm9.staticflickr.com/8156/7603312620_f9b2beb13e_z.jpg,4,1
fear,http://farm4.staticflickr.com/3757/9250304146_6297afd88a_z.jpg,5,0
fear,http://farm9.staticflickr.com/8405/8692217407_430d875b2a_z.jpg,5,0
fear,http://farm9.staticflickr.com/8388/8565328347_41733d2b73_z.jpg,1,4
fear,http://farm9.staticflickr.com/8048/8139944890_8caea9a1e6_z.jpg,3,2
fear,http://farm8.staticflickr.com/7359/8723627756_74bdedccbe_z.jpg,5,0
fear,http://farm4.staticflickr.com/3929/15545408811_02c2fafca6_z.jpg,4,0
fear,http://farm3.staticflickr.com/2885/13199236083_a294d5a044_z.jpg,5,0
fear,http://farm6.staticflickr.com/5559/14597309730_9cea24551c_z.jpg,5,0
fear,http://farm4.staticflickr.com/3914/14930091389_b9b6af6200_z.jpg,5,0
fear,http://farm3.staticflickr.com/2929/14397291914_42eddffc99_z.jpg,5,0
fear,http://farm9.staticflickr.com/8314/8070593643_3ea38ba244_z.jpg,5,0
fear,http://farm9.staticflickr.com/8446/8019623882_561a27ddac_z.jpg,5,0
fear,http://farm8.staticflickr.com/7398/9711184851_f27d8e8dd0_z.jpg,3,2
fear,http://farm8.staticflickr.com/7435/9417628274_7edab419f1_z.jpg,5,0
fear,http://farm9.staticflickr.com/8192/8083528358_cbb4b82dbe_z.jpg,5,0
fear,http://farm8.staticflickr.com/7071/6982746396_7403881f23_z.jpg,4,0
fear,http://farm8.staticflickr.com/7433/13382021724_b4d14eb23f_z.jpg,5,0
fear,http://farm8.staticflickr.com/7088/7286763364_5d456e3174_z.jpg,5,0
fear,http://farm9.staticflickr.com/8173/8056719387_c7ae40e44f_z.jpg,5,0
fear,http://farm9.staticflickr.com/8237/8500024754_0bf23ba9e8_z.jpg,5,0
fear,http://farm9.staticflickr.com/8400/8693278088_7d5d632bd6_z.jpg,5,0
fear,http://farm8.staticflickr.com/7392/13110354213_2eb0bfbbb3_z.jpg,4,1
fear,http://farm6.staticflickr.com/5524/10385002505_f4e4fdd248_z.jpg,5,0
fear,http://farm8.staticflickr.com/7412/10384342624_375f0c9744_z.jpg,5,0
fear,http://farm8.staticflickr.com/7284/8744668568_a2d25a6e95_z.jpg,5,0
fear,http://farm8.staticflickr.com/7197/6919501009_091bea1afa_z.jpg,5,0
fear,http://farm8.staticflickr.com/7406/9639876635_0b08901b2f_z.jpg,5,0
fear,http://farm8.staticflickr.com/7497/15870548096_2685e6208b_z.jpg,1,4
fear,http://farm6.staticflickr.com/5271/14192385514_c783e4aa84_z.jpg,5,0
fear,http://farm4.staticflickr.com/3828/11219812154_2773803800_z.jpg,4,1
fear,http://farm8.staticflickr.com/7416/15818700383_57d7ea1f2f_z.jpg,3,2
fear,http://farm9.staticflickr.com/8472/8093710048_626a7afb15_z.jpg,1,4
fear,http://farm6.staticflickr.com/5561/15022252820_19a5d0545f_z.jpg,5,0
fear,http://farm4.staticflickr.com/3883/14850970855_701aba47f6_z.jpg,5,0
fear,http://farm4.staticflickr.com/3870/14783963675_9bfe2f8302_z.jpg,5,0
fear,http://farm9.staticflickr.com/8497/8430014142_56d839cfc5_z.jpg,2,3
fear,http://farm8.staticflickr.com/7312/9555509459_a13b3ba157_z.jpg,5,0
fear,http://farm9.staticflickr.com/8648/15442463473_eabee84e75_z.jpg,2,3
fear,http://farm9.staticflickr.com/8058/8238170681_be5616ae3b_z.jpg,5,0
fear,http://farm4.staticflickr.com/3763/13553431804_7d563ff15f_z.jpg,5,0
fear,http://farm8.staticflickr.com/7398/9369097731_c3e1904b46_z.jpg,5,0
fear,http://farm6.staticflickr.com/5315/14320670033_e4acdb231c_z.jpg,5,0
fear,http://farm9.staticflickr.com/8452/7944011148_b02182cbd3_z.jpg,5,0
fear,http://farm8.staticflickr.com/7533/15513583100_bda57be613_z.jpg,5,0
fear,http://farm8.staticflickr.com/7387/10138617764_397783e5fc_z.jpg,5,0
fear,http://farm8.staticflickr.com/7384/8714228429_2e42a7a11c_z.jpg,5,0
fear,http://farm9.staticflickr.com/8011/7578176660_9d6cd7b725_z.jpg,5,0
fear,http://farm9.staticflickr.com/8199/8152042046_70b93cdcbf_z.jpg,5,0
fear,http://farm6.staticflickr.com/5492/14307848320_7cc0ea3450_z.jpg,5,0
fear,http://farm6.staticflickr.com/5560/14781512791_d22d32aeb7_z.jpg,5,0
fear,http://farm4.staticflickr.com/3920/15096643657_d6dd3da759_z.jpg,3,2
fear,http://farm8.staticflickr.com/7332/9557269525_64dcc60e77_z.jpg,5,0
fear,http://farm4.staticflickr.com/3886/14760849736_2a13212ef3_z.jpg,5,0
fear,http://farm4.staticflickr.com/3818/13876154694_0e9e4eedf4_z.jpg,3,2
fear,http://farm8.staticflickr.com/7111/7004656093_7f3b0d962b_z.jpg,5,0
fear,http://farm4.staticflickr.com/3894/14421369761_082c1826bd_z.jpg,5,0
fear,http://farm4.staticflickr.com/3711/14259297492_47b106fcce_z.jpg,5,0
fear,http://farm6.staticflickr.com/5277/14400959941_ffc63a803f_z.jpg,4,1
fear,http://farm8.staticflickr.com/7288/9411773321_18f1cbb8c0_z.jpg,5,0
fear,http://farm8.staticflickr.com/7482/15854168336_40016f602e_z.jpg,5,0
fear,http://farm8.staticflickr.com/7339/8716772887_87c6b8199a_z.jpg,5,0
fear,http://farm9.staticflickr.com/8479/8175603106_862925d21c_z.jpg,5,0
fear,http://farm9.staticflickr.com/8661/16016096351_a77745b44a_z.jpg,5,0
fear,http://farm8.staticflickr.com/7306/12043479443_f93ff3dbcf_z.jpg,5,0
fear,http://farm9.staticflickr.com/8195/8134712283_2cf9cba0c2_z.jpg,5,0
fear,http://farm8.staticflickr.com/7418/10968921393_364ce4a5c6_z.jpg,4,0
fear,http://farm8.staticflickr.com/7446/9060632869_cdd91a2559_z.jpg,3,2
fear,http://farm9.staticflickr.com/8339/8211445981_e85d5292d9_z.jpg,5,0
fear,http://farm3.staticflickr.com/2878/11834089945_9fa06aed59_z.jpg,5,0
fear,http://farm3.staticflickr.com/2832/13400493673_92275b731c_z.jpg,5,0
fear,http://farm8.staticflickr.com/7344/10892476355_a800d65d35_z.jpg,2,3
fear,http://farm3.staticflickr.com/2929/14783918135_b928207ec3_z.jpg,4,1
fear,http://farm4.staticflickr.com/3867/14780811001_fd9d68038c_z.jpg,5,0
fear,http://farm4.staticflickr.com/3841/14843142965_4e1db64d7a_z.jpg,5,0
fear,http://farm9.staticflickr.com/8217/8431424253_6eca55bb5f_z.jpg,5,0
fear,http://farm6.staticflickr.com/5276/7048654691_27d7042913_z.jpg,2,3
fear,http://farm4.staticflickr.com/3709/9037915477_a2fcffd1d6_z.jpg,5,0
fear,http://farm8.staticflickr.com/7102/7161950700_950e7d6b54_z.jpg,5,0
fear,http://farm8.staticflickr.com/7346/13950987786_1f1d6e1c48_z.jpg,3,2
fear,http://farm4.staticflickr.com/3865/14597341629_f87fdaa7a9_z.jpg,4,1
fear,http://farm4.staticflickr.com/3677/9249591306_d99c415302_z.jpg,4,1
fear,http://farm4.staticflickr.com/3822/10637753034_71d97e37e0_z.jpg,5,0
fear,http://farm8.staticflickr.com/7497/15815571492_4eee779c76_z.jpg,4,1
fear,http://farm8.staticflickr.com/7504/15879861482_c48fa20f66_z.jpg,5,0
fear,http://farm8.staticflickr.com/7487/15696014924_3fe8783ae9_z.jpg,5,0
fear,http://farm9.staticflickr.com/8344/8248358985_a91b7f50aa_z.jpg,5,0
fear,http://farm6.staticflickr.com/5571/14784031812_7171226ecf_z.jpg,5,0
fear,http://farm6.staticflickr.com/5595/14597838059_3e80e8bcfd_z.jpg,4,1
fear,http://farm6.staticflickr.com/5035/7061930683_fa7b965957_z.jpg,5,0
fear,http://farm9.staticflickr.com/8047/8117008496_53af3fe40a_z.jpg,4,1
fear,http://farm9.staticflickr.com/8449/8024597233_698b0c388e_z.jpg,3,1
fear,http://farm8.staticflickr.com/7038/6829874654_285fa1f428_z.jpg,5,0
fear,http://farm8.staticflickr.com/7090/6911949314_dce3873b8d_z.jpg,3,2
fear,http://farm3.staticflickr.com/2933/14038786072_2549dd12c5_z.jpg,5,0
fear,http://farm9.staticflickr.com/8203/8288741282_2567dd75eb_z.jpg,2,3
fear,http://farm4.staticflickr.com/3859/15043013185_3bdbb35882_z.jpg,5,0
fear,http://farm4.staticflickr.com/3941/15084879183_7d08e811e8_z.jpg,1,4
fear,http://farm6.staticflickr.com/5499/10111703383_acbfd8757d_z.jpg,4,1
fear,http://farm9.staticflickr.com/8259/8696169726_49aba49b7f_z.jpg,5,0
fear,http://farm6.staticflickr.com/5570/14803822723_f471d3c38a_z.jpg,5,0
fear,http://farm8.staticflickr.com/7404/10485506625_623caa908f_z.jpg,5,0
fear,http://farm9.staticflickr.com/8339/8262737917_1cc0aac3a5_z.jpg,1,4
fear,http://farm8.staticflickr.com/7408/9472282100_94736b4212_z.jpg,2,3
fear,http://farm3.staticflickr.com/2923/14354499937_648c2a4cd0_z.jpg,5,0
fear,http://farm9.staticflickr.com/8205/8175609011_bd72faeb5b_z.jpg,3,2
fear,http://farm9.staticflickr.com/8495/8304300204_49c15ec215_z.jpg,5,0
fear,http://farm3.staticflickr.com/2930/14217296984_af928d9347_z.jpg,5,0
fear,http://farm8.staticflickr.com/7448/9768464984_497d1d5aab_z.jpg,5,0
fear,http://farm8.staticflickr.com/7290/9228380630_a108f5cbc9_z.jpg,5,0
fear,http://farm3.staticflickr.com/2911/14597250399_ec5f4f804b_z.jpg,3,2
fear,http://farm9.staticflickr.com/8228/8444654998_27ed016fe0_z.jpg,3,2
fear,http://farm6.staticflickr.com/5569/14597261749_1e827fe275_z.jpg,10,0
fear,http://farm8.staticflickr.com/7542/15768354692_566378ccfd_z.jpg,5,0
fear,http://farm8.staticflickr.com/7056/13831326613_2a042bce02_z.jpg,5,0
fear,http://farm4.staticflickr.com/3907/14786866658_08a0512141_z.jpg,5,0
fear,http://farm3.staticflickr.com/2893/11673694975_b5ea2b680d_z.jpg,5,0
fear,http://farm8.staticflickr.com/7216/7320942422_0a8ef30ee3_z.jpg,4,1
fear,http://farm3.staticflickr.com/2929/14804235976_6b8683e954_z.jpg,5,0
fear,http://farm8.staticflickr.com/7123/7604652938_90cd4e8065_z.jpg,5,0
fear,http://farm9.staticflickr.com/8282/7536695702_39117a1d7d_z.jpg,5,0
fear,http://farm3.staticflickr.com/2922/14234345738_b9c4fbb4b8_z.jpg,3,2
fear,http://farm9.staticflickr.com/8579/15413760673_768a70dbfa_z.jpg,5,0
fear,http://farm4.staticflickr.com/3765/9150989080_b0262048e9_z.jpg,5,0
fear,http://farm9.staticflickr.com/8368/8455083680_eddc234bc6_z.jpg,5,0
fear,http://farm9.staticflickr.com/8197/8187123732_7f37f30dd6_z.jpg,5,0
fear,http://farm4.staticflickr.com/3944/15430853537_81831f8640_z.jpg,1,4
fear,http://farm8.staticflickr.com/7020/6622876879_f1acd6d24d_z.jpg,0,4
fear,http://farm8.staticflickr.com/7096/7359506522_0e70aa8dea_z.jpg,5,0
fear,http://farm9.staticflickr.com/8189/8081608608_723d079e01_z.jpg,2,3
fear,http://farm3.staticflickr.com/2827/10964645083_82675959eb_z.jpg,5,0
fear,http://farm6.staticflickr.com/5560/14823908700_f51b557a9f_z.jpg,5,0
fear,http://farm8.staticflickr.com/7336/9298881523_2bd8cc6f8d_z.jpg,4,0
fear,http://farm4.staticflickr.com/3951/15673986905_a73d96e53f_z.jpg,5,0
fear,http://farm4.staticflickr.com/3708/10493961776_c5f3879437_z.jpg,3,2
fear,http://farm6.staticflickr.com/5271/14293386393_f570aa5f50_z.jpg,3,2
fear,http://farm3.staticflickr.com/2934/14524692711_0af6e4dcfa_z.jpg,5,0
fear,http://farm4.staticflickr.com/3943/15548513111_f64de12dc8_z.jpg,4,1
fear,http://farm8.staticflickr.com/7237/7120676343_9ed856be09_z.jpg,5,0
fear,http://farm6.staticflickr.com/5460/10109102665_3027da7b34_z.jpg,5,0
fear,http://farm8.staticflickr.com/7374/12786558344_d954dd1a36_z.jpg,4,0
fear,http://farm9.staticflickr.com/8460/8033033308_3b1fbbf84b_z.jpg,5,0
fear,http://farm4.staticflickr.com/3842/14626114748_d9808eba25_z.jpg,5,0
fear,http://farm8.staticflickr.com/7367/9737566530_4bd14b9b0a_z.jpg,3,2
fear,http://farm8.staticflickr.com/7427/8731186458_b419c58b70_z.jpg,3,2
fear,http://farm8.staticflickr.com/7552/15888454792_37986a7cc2_z.jpg,5,0
fear,http://farm8.staticflickr.com/7158/6784231747_20e25a3b23_z.jpg,1,4
fear,http://farm9.staticflickr.com/8526/8585854301_f46ce3ddd6_z.jpg,2,3
fear,http://farm9.staticflickr.com/8483/8217139467_f84ca2ccdf_z.jpg,4,0
fear,http://farm8.staticflickr.com/7239/7191065578_424b298a48_z.jpg,5,0
fear,http://farm3.staticflickr.com/2923/14597409497_e81602c6d3_z.jpg,5,0
fear,http://farm9.staticflickr.com/8056/8081677763_d3161236d7_z.jpg,3,2
fear,http://farm3.staticflickr.com/2883/10829412854_497fba5510_z.jpg,5,0
fear,http://farm9.staticflickr.com/8205/8266179271_4c0f425db1_z.jpg,5,0
fear,http://farm6.staticflickr.com/5580/14780812111_fe1f4900b9_z.jpg,4,1
fear,http://farm8.staticflickr.com/7368/14105427864_c4bcd8fe8a_z.jpg,1,4
fear,http://farm8.staticflickr.com/7094/7019139123_f5e87d8f4f_z.jpg,2,3
fear,http://farm6.staticflickr.com/5590/14664246277_2c8493d45a_z.jpg,5,0
fear,http://farm8.staticflickr.com/7212/7331067476_e99d234fe8_z.jpg,4,1
fear,http://farm6.staticflickr.com/5591/14783622432_4894033da5_z.jpg,5,0
fear,http://farm6.staticflickr.com/5554/14597216050_d026f0aeab_z.jpg,3,2
fear,http://farm3.staticflickr.com/2913/13936669129_1cf2e33f7d_z.jpg,4,1
fear,http://farm9.staticflickr.com/8422/7777250112_b2b2dce509_z.jpg,5,0
fear,http://farm4.staticflickr.com/3887/14356653949_d1b4690833_z.jpg,5,0
fear,http://farm8.staticflickr.com/7208/6968248437_59bda08bd4_z.jpg,5,0
fear,http://farm8.staticflickr.com/7470/15938195862_1be739fffc_z.jpg,5,0
fear,http://farm8.staticflickr.com/7250/13528751595_db8a265230_z.jpg,5,0
fear,http://farm4.staticflickr.com/3720/11196502953_a68434b5bb_z.jpg,3,2
fear,http://farm8.staticflickr.com/7361/9406285480_7bb2b5980f_z.jpg,2,3
fear,http://farm8.staticflickr.com/7321/8726504380_35e371c106_z.jpg,5,0
fear,http://farm9.staticflickr.com/8295/7919112594_3070a9567c_z.jpg,5,0
fear,http://farm8.staticflickr.com/7417/12988233693_997154c522_z.jpg,5,0
fear,http://farm8.staticflickr.com/7247/6894214356_d9411e0d44_z.jpg,5,0
fear,http://farm9.staticflickr.com/8533/8676360151_c0e8a542f8_z.jpg,5,0
fear,http://farm9.staticflickr.com/8638/15919625830_d4e596ab6f_z.jpg,4,1
fear,http://farm4.staticflickr.com/3777/11804850743_c9d67b7611_z.jpg,5,0
fear,http://farm8.staticflickr.com/7436/9428618261_ba16c21d87_z.jpg,5,0
fear,http://farm4.staticflickr.com/3750/8964392478_c6b62dd790_z.jpg,5,0
fear,http://farm9.staticflickr.com/8103/8536749061_64367c66f4_z.jpg,5,0
fear,http://farm8.staticflickr.com/7092/7290124276_c0bda435aa_z.jpg,5,0
fear,http://farm3.staticflickr.com/2907/14597339597_665deff710_z.jpg,3,2
fear,http://farm8.staticflickr.com/7149/6630041615_f33b10719b_z.jpg,5,0
fear,http://farm6.staticflickr.com/5539/12049237343_7da992d7fe_z.jpg,4,1
fear,http://farm4.staticflickr.com/3855/14784591815_3622e37910_z.jpg,5,0
fear,http://farm3.staticflickr.com/2826/9604922062_d02f521bcd_z.jpg,5,0
fear,http://farm6.staticflickr.com/5476/11340515586_77e42d83cb_z.jpg,4,1
fear,http://farm8.staticflickr.com/7335/8790629138_e1971f4c8a_z.jpg,5,0
fear,http://farm4.staticflickr.com/3747/13290836224_fe93e478ac_z.jpg,5,0
fear,http://farm8.staticflickr.com/7271/6894764442_e27e09f926_z.jpg,5,0
fear,http://farm8.staticflickr.com/7293/12685389095_ca3661f5d3_z.jpg,5,0
fear,http://farm6.staticflickr.com/5483/9030716562_28d0cd7fe4_z.jpg,5,0
fear,http://farm4.staticflickr.com/3876/14392783273_706eb4c7f6_z.jpg,5,0
fear,http://farm4.staticflickr.com/3786/13514853443_9e712bccc5_z.jpg,5,0
fear,http://farm4.staticflickr.com/3939/14987791644_fc697b6a2c_z.jpg,5,0
fear,http://farm8.staticflickr.com/7289/8736650500_57aa729ee6_z.jpg,5,0
fear,http://farm4.staticflickr.com/3929/15309046440_91e07c9d7b_z.jpg,5,0
fear,http://farm6.staticflickr.com/5040/7178627173_c2772645c1_z.jpg,5,0
fear,http://farm8.staticflickr.com/7034/6819307267_7b92c783b2_z.jpg,1,4
fear,http://farm8.staticflickr.com/7506/16099859241_1907892654_z.jpg,4,1
fear,http://farm9.staticflickr.com/8499/8279686480_b031f140a6_z.jpg,0,5
fear,http://farm3.staticflickr.com/2852/10398801846_c653278abf_z.jpg,4,1
fear,http://farm6.staticflickr.com/5539/9549142966_ecb41e0a83_z.jpg,5,0
fear,http://farm8.staticflickr.com/7028/6823540591_6e4defe57b_z.jpg,5,0
fear,http://farm3.staticflickr.com/2884/9293320227_5d4f042988_z.jpg,2,3
fear,http://farm9.staticflickr.com/8607/15851819208_1ec942b53b_z.jpg,2,3
fear,http://farm8.staticflickr.com/7486/15768012452_0d05088442_z.jpg,5,0
fear,http://farm9.staticflickr.com/8129/9020807352_d3db25b5a8_z.jpg,4,1
fear,http://farm9.staticflickr.com/8034/8038672332_08ef0b8bb5_z.jpg,5,0
fear,http://farm8.staticflickr.com/7443/13047727443_115c56f22e_z.jpg,5,0
fear,http://farm9.staticflickr.com/8360/8262379274_c471a60b31_z.jpg,5,0
fear,http://farm8.staticflickr.com/7527/16167403566_501b633f9b_z.jpg,5,0
fear,http://farm8.staticflickr.com/7004/6710592849_f9cbf17680_z.jpg,3,2
fear,http://farm4.staticflickr.com/3918/15112536819_b4b201b901_z.jpg,2,3
fear,http://farm6.staticflickr.com/5531/14412209585_a6c529faa5_z.jpg,5,0
fear,http://farm3.staticflickr.com/2926/14496553350_5fe30b9665_z.jpg,4,1
fear,http://farm4.staticflickr.com/3906/14867438886_0d75f46acc_z.jpg,3,2
fear,http://farm8.staticflickr.com/7194/6959017883_a180f88f27_z.jpg,5,0
fear,http://farm4.staticflickr.com/3932/15581081246_26ab64e2e2_z.jpg,2,3
fear,http://farm9.staticflickr.com/8462/8036817300_bd5678721f_z.jpg,5,0
fear,http://farm4.staticflickr.com/3770/12822967125_e8253318cc_z.jpg,4,1
fear,http://farm8.staticflickr.com/7437/8942879135_2fc78a026c_z.jpg,2,3
fear,http://farm4.staticflickr.com/3859/14774959197_d4d456778d_z.jpg,5,0
fear,http://farm9.staticflickr.com/8100/8519557637_8a32dc0aea_z.jpg,5,0
fear,http://farm8.staticflickr.com/7515/15807096097_4f33d46e2a_z.jpg,4,1
fear,http://farm4.staticflickr.com/3908/14160704520_62acce68d0_z.jpg,4,0
fear,http://farm8.staticflickr.com/7234/7385292616_9885dea790_z.jpg,5,0
fear,http://farm9.staticflickr.com/8616/16040942825_0a46b12cbe_z.jpg,5,0
fear,http://farm3.staticflickr.com/2844/9823076786_ce6999fbde_z.jpg,4,1
fear,http://farm6.staticflickr.com/5527/14349767637_e855cdff4c_z.jpg,5,0
fear,http://farm9.staticflickr.com/8085/8556464332_3c890e9fd8_z.jpg,5,0
fear,http://farm6.staticflickr.com/5566/14597193978_f12e4c00a3_z.jpg,5,0
fear,http://farm8.staticflickr.com/7161/6791331219_804127924d_z.jpg,5,0
fear,http://farm9.staticflickr.com/8536/8616559432_42c2f71101_z.jpg,4,1
fear,http://farm9.staticflickr.com/8184/8133040061_76a2c98052_z.jpg,5,0
fear,http://farm3.staticflickr.com/2914/14803716253_f7da911625_z.jpg,3,2
fear,http://farm3.staticflickr.com/2910/14592661030_c483f2430b_z.jpg,5,0
fear,http://farm9.staticflickr.com/8243/8453979269_85ffdc7fdd_z.jpg,5,0
fear,http://farm4.staticflickr.com/3923/14470184083_4af63786bf_z.jpg,5,0
fear,http://farm9.staticflickr.com/8571/15380110154_7a9333f855_z.jpg,5,0
fear,http://farm9.staticflickr.com/8142/7537984906_046018a9e3_z.jpg,5,0
fear,http://farm4.staticflickr.com/3918/15181732550_f49eac9f2e_z.jpg,5,0
fear,http://farm8.staticflickr.com/7171/6835891797_079fbff835_z.jpg,5,0
fear,http://farm8.staticflickr.com/7226/6860169012_47b1c803b1_z.jpg,5,0
fear,http://farm9.staticflickr.com/8028/7597344450_7a076dc796_z.jpg,4,1
fear,http://farm9.staticflickr.com/8009/7597935938_f2127e5a68_z.jpg,5,0
fear,http://farm8.staticflickr.com/7184/6914045431_883139a80d_z.jpg,5,0
fear,http://farm6.staticflickr.com/5567/14597397507_3b2e207250_z.jpg,5,0
fear,http://farm4.staticflickr.com/3902/14780760261_5a84873171_z.jpg,5,0
fear,http://farm9.staticflickr.com/8542/8700137587_f3b0ebf120_z.jpg,2,3
fear,http://farm3.staticflickr.com/2853/8907908832_0d5e702ddd_z.jpg,5,0
fear,http://farm3.staticflickr.com/2937/14597315698_95793bea40_z.jpg,10,0
fear,http://farm4.staticflickr.com/3695/9514226361_0f3570058f_z.jpg,5,0
fear,http://farm8.staticflickr.com/7437/10357862636_42b6057916_z.jpg,5,0
fear,http://farm8.staticflickr.com/7238/7078136773_b6a362d2e4_z.jpg,4,1
fear,http://farm3.staticflickr.com/2812/12805734833_d48bca7b9d_z.jpg,5,0
fear,http://farm8.staticflickr.com/7196/6927650311_cc6749bf72_z.jpg,5,0
fear,http://farm9.staticflickr.com/8248/8580840432_b30fda39e3_z.jpg,5,0
fear,http://farm8.staticflickr.com/7011/6712784515_518e6a7343_z.jpg,0,5
fear,http://farm9.staticflickr.com/8052/8128893284_48602ce63c_z.jpg,2,3
fear,http://farm6.staticflickr.com/5571/14597308028_3369a71704_z.jpg,5,0
fear,http://farm6.staticflickr.com/5444/9706879648_098ca3d8c6_z.jpg,3,2
fear,http://farm3.staticflickr.com/2932/14597304480_e1bb98f8b5_z.jpg,3,2
fear,http://farm9.staticflickr.com/8489/8288140951_7bb07d9d33_z.jpg,5,0
fear,http://farm9.staticflickr.com/8496/8332987327_be6f17bab3_z.jpg,5,0
fear,http://farm8.staticflickr.com/7510/16106910196_8381d09447_z.jpg,4,1
fear,http://farm9.staticflickr.com/8222/8306281026_4d9990e62b_z.jpg,5,0
fear,http://farm3.staticflickr.com/2901/14356397565_73db374841_z.jpg,5,0
fear,http://farm8.staticflickr.com/7041/6925892541_0d675b9af4_z.jpg,5,0
fear,http://farm6.staticflickr.com/5509/12163966434_bd90e7d89d_z.jpg,3,2
fear,http://farm8.staticflickr.com/7133/7536282444_9c755b311d_z.jpg,5,0
fear,http://farm8.staticflickr.com/7303/12707023214_e16efcfc64_z.jpg,4,1
fear,http://farm6.staticflickr.com/5519/9613851634_ca51e944e8_z.jpg,3,2
fear,http://farm9.staticflickr.com/8446/7755775318_298bb69afc_z.jpg,5,0
fear,http://farm4.staticflickr.com/3948/15562197291_a31473d367_z.jpg,4,1
fear,http://farm4.staticflickr.com/3810/9358584813_a4a15813a9_z.jpg,5,0
fear,http://farm8.staticflickr.com/7177/6931325565_908904f248_z.jpg,5,0
fear,http://farm4.staticflickr.com/3843/14597384717_2fe46fd1b5_z.jpg,5,0
fear,http://farm9.staticflickr.com/8562/15800145715_0954dfce40_z.jpg,5,0
fear,http://farm8.staticflickr.com/7291/8742183514_8363c1854b_z.jpg,5,0
fear,http://farm9.staticflickr.com/8361/8283493739_58af4d33cc_z.jpg,5,0
fear,http://farm8.staticflickr.com/7145/6820669791_515cc26f7c_z.jpg,5,0
fear,http://farm3.staticflickr.com/2936/14597248549_e8a1ecfc01_z.jpg,4,0
fear,http://farm9.staticflickr.com/8116/8694521837_ac399d85d6_z.jpg,5,0
fear,http://farm4.staticflickr.com/3917/14597318768_9dc333cb90_z.jpg,5,0
fear,http://farm6.staticflickr.com/5524/9683609517_745acf1ec6_z.jpg,5,0
fear,http://farm4.staticflickr.com/3852/14781541614_d29a75c69e_z.jpg,9,0
fear,http://farm3.staticflickr.com/2939/14401915798_5f21a8f828_z.jpg,4,1
fear,http://farm3.staticflickr.com/2006/12964285703_bcf3fd2dc8_z.jpg,5,0
fear,http://farm9.staticflickr.com/8468/8409526751_3bc9bc2bd5_z.jpg,5,0
fear,http://farm6.staticflickr.com/5543/14100949067_599249fa00_z.jpg,5,0
fear,http://farm9.staticflickr.com/8035/8039500837_bb3eefb269_z.jpg,5,0
fear,http://farm4.staticflickr.com/3782/11340494955_d3c585758a_z.jpg,3,2
fear,http://farm8.staticflickr.com/7019/6674615761_01c95721bb_z.jpg,5,0
fear,http://farm8.staticflickr.com/7132/7762529566_bf92668f7f_z.jpg,5,0
fear,http://farm9.staticflickr.com/8245/8553483376_b6da07cf1d_z.jpg,5,0
fear,http://farm4.staticflickr.com/3730/13248269835_a8a1244d9e_z.jpg,5,0
fear,http://farm9.staticflickr.com/8465/8112406952_1324e2ba88_z.jpg,5,0
fear,http://farm9.staticflickr.com/8583/15854839886_7539de4301_z.jpg,5,0
fear,http://farm8.staticflickr.com/7417/13415419265_8f7363a602_z.jpg,3,1
fear,http://farm9.staticflickr.com/8239/8482470727_be110fe296_z.jpg,5,0
fear,http://farm4.staticflickr.com/3666/11986839355_97d9582bec_z.jpg,5,0
fear,http://farm8.staticflickr.com/7060/6857224993_43a9f62aba_z.jpg,5,0
fear,http://farm4.staticflickr.com/3940/15397660907_776fb35d74_z.jpg,5,0
fear,http://farm4.staticflickr.com/3904/14900242176_e6638fddd6_z.jpg,5,0
fear,http://farm3.staticflickr.com/2841/9327292975_bb92c8072f_z.jpg,5,0
fear,http://farm8.staticflickr.com/7457/16208846518_fcc32ce23c_z.jpg,4,1
fear,http://farm9.staticflickr.com/8143/7682810046_375b41307b_z.jpg,5,0
fear,http://farm8.staticflickr.com/7019/6685531105_d372f3a628_z.jpg,5,0
fear,http://farm8.staticflickr.com/7285/16409696601_7177a6a6be_z.jpg,5,0
fear,http://farm6.staticflickr.com/5531/13890548980_206c0b37c9_z.jpg,5,0
fear,http://farm4.staticflickr.com/3774/10177060796_35dba76e57_z.jpg,5,0
fear,http://farm9.staticflickr.com/8113/8704802637_2ccd4104ae_z.jpg,5,0
fear,http://farm4.staticflickr.com/3893/14988107989_ac9d1381cd_z.jpg,5,0
fear,http://farm6.staticflickr.com/5608/15826392465_65339504e8_z.jpg,3,2
fear,http://farm8.staticflickr.com/7295/8745917069_200ed07a87_z.jpg,5,0
fear,http://farm4.staticflickr.com/3808/11735980565_78c269f755_z.jpg,4,1
fear,http://farm6.staticflickr.com/5193/7175931514_a208e8a01b_z.jpg,4,1
fear,http://farm3.staticflickr.com/2840/9700575015_7f96aae551_z.jpg,5,0
fear,http://farm9.staticflickr.com/8031/7924108438_b299e17d44_z.jpg,4,1
fear,http://farm4.staticflickr.com/3733/10113370486_800c747d0b_z.jpg,5,0
fear,http://farm9.staticflickr.com/8052/8395279768_400f530ec2_z.jpg,5,0
fear,http://farm8.staticflickr.com/7568/15853764590_84a9a8dbdd_z.jpg,5,0
fear,http://farm6.staticflickr.com/5556/15153901316_1e1e8b9a41_z.jpg,5,0
fear,http://farm9.staticflickr.com/8340/8276025818_8dfce3d998_z.jpg,5,0
fear,http://farm9.staticflickr.com/8386/8676294307_c52f2a451e_z.jpg,5,0
fear,http://farm9.staticflickr.com/8181/8069805550_b82bb3f913_z.jpg,2,3
fear,http://farm8.staticflickr.com/7519/15787638800_4daa46724e_z.jpg,5,0
fear,http://farm4.staticflickr.com/3857/14760960486_7049711986_z.jpg,5,0
fear,http://farm9.staticflickr.com/8243/8515693084_11d5e0e8ba_z.jpg,5,0
fear,http://farm4.staticflickr.com/3915/14485482042_e745fca588_z.jpg,5,0
fear,http://farm4.staticflickr.com/3907/14305314838_b5184e1e9b_z.jpg,3,2
fear,http://farm9.staticflickr.com/8212/8320351039_137a73b8b5_z.jpg,5,0
fear,http://farm9.staticflickr.com/8476/8431971460_e877dc6d1d_z.jpg,5,0
fear,http://farm6.staticflickr.com/5572/14760919286_9b70820e6b_z.jpg,5,0
fear,http://farm8.staticflickr.com/7181/13400380744_922193998e_z.jpg,5,0
fear,http://farm8.staticflickr.com/7370/9622020103_67cdf63cd0_z.jpg,5,0
fear,http://farm4.staticflickr.com/3875/15157093737_04dce0359f_z.jpg,5,0
fear,http://farm4.staticflickr.com/3888/14597343117_6ea91e69cd_z.jpg,4,1
fear,http://farm8.staticflickr.com/7228/6979291924_3520c9a31f_z.jpg,5,0
fear,http://farm8.staticflickr.com/7358/14165839504_1c61babfe3_z.jpg,1,4
fear,http://farm4.staticflickr.com/3843/15200119521_a3f823fddd_z.jpg,5,0
fear,http://farm8.staticflickr.com/7277/7519728420_8a85d28e5a_z.jpg,4,1
fear,http://farm4.staticflickr.com/3946/15725076052_580a1093c9_z.jpg,5,0
fear,http://farm4.staticflickr.com/3731/9732349411_b5b37eca26_z.jpg,5,0
fear,http://farm4.staticflickr.com/3684/8971349058_39b83d1917_z.jpg,3,2
fear,http://farm9.staticflickr.com/8145/7300962296_8cde3176dc_z.jpg,5,0
fear,http://farm6.staticflickr.com/5614/15565113232_402eff4d29_z.jpg,5,0
fear,http://farm8.staticflickr.com/7445/9445467568_50a95cec7b_z.jpg,3,2
fear,http://farm8.staticflickr.com/7048/6863803697_05670143f2_z.jpg,5,0
fear,http://farm3.staticflickr.com/2817/9424975815_c62ef10522_z.jpg,5,0
fear,http://farm6.staticflickr.com/5336/9545024967_7aa8b00c16_z.jpg,5,0
fear,http://farm4.staticflickr.com/3799/13003113343_65e289d3d1_z.jpg,5,0
fear,http://farm8.staticflickr.com/7506/15471204207_da0917d928_z.jpg,5,0
fear,http://farm3.staticflickr.com/2900/14780866771_4dd83a9c13_z.jpg,5,0
fear,http://farm9.staticflickr.com/8211/8273141907_05c4e560ba_z.jpg,4,1
fear,http://farm4.staticflickr.com/3923/14803777333_0d2b0a3e55_z.jpg,5,0
fear,http://farm8.staticflickr.com/7156/6623298111_9fb7d67e88_z.jpg,4,1
fear,http://farm8.staticflickr.com/7316/9774111891_d439dd5e35_z.jpg,5,0
fear,http://farm8.staticflickr.com/7213/7306801046_70153ff125_z.jpg,5,0
fear,http://farm4.staticflickr.com/3838/14587114277_37a3fda9d2_z.jpg,5,0
fear,http://farm4.staticflickr.com/3911/14783889395_1faccd88f5_z.jpg,4,1
fear,http://farm4.staticflickr.com/3776/8991128971_9a6b31c991_z.jpg,5,0
fear,http://farm9.staticflickr.com/8018/7527369014_5190c4748c_z.jpg,5,0
fear,http://farm8.staticflickr.com/7483/15927081441_57edb884d7_z.jpg,5,0
fear,http://farm4.staticflickr.com/3680/9371824498_dd5e7c9ecd_z.jpg,5,0
fear,http://farm9.staticflickr.com/8095/8488422698_e2fcf846b9_z.jpg,5,0
fear,http://farm8.staticflickr.com/7009/6631601691_a11c070600_z.jpg,4,1
fear,http://farm8.staticflickr.com/7273/7004126846_173c40ed5a_z.jpg,5,0
fear,http://farm6.staticflickr.com/5483/12681374634_dfdc52da02_z.jpg,4,1
fear,http://farm3.staticflickr.com/2933/14780778561_05cf060512_z.jpg,2,3
fear,http://farm8.staticflickr.com/7398/13921127728_74bdae5b57_z.jpg,5,0
fear,http://farm9.staticflickr.com/8381/8611638280_d1cfa8a276_z.jpg,1,4
fear,http://farm6.staticflickr.com/5531/10637855676_02d516bbb2_z.jpg,5,0
fear,http://farm8.staticflickr.com/7326/13021984614_d266e432e7_z.jpg,5,0
fear,http://farm8.staticflickr.com/7217/7004079514_7610b697ba_z.jpg,5,0
fear,http://farm6.staticflickr.com/5463/14167306633_349d0b2e97_z.jpg,5,0
fear,http://farm6.staticflickr.com/5567/14614964349_b52a8e159a_z.jpg,5,0
fear,http://farm6.staticflickr.com/5506/14142653015_106a892326_z.jpg,5,0
fear,http://farm8.staticflickr.com/7049/6992128904_b6f3a7bd10_z.jpg,5,0
fear,http://farm6.staticflickr.com/5589/14810679725_efb1062771_z.jpg,3,2
fear,http://farm6.staticflickr.com/5486/10608141526_05aa563d6a_z.jpg,4,1
fear,http://farm4.staticflickr.com/3739/10784278945_33793984ee_z.jpg,4,1
fear,http://farm3.staticflickr.com/2896/14803708343_e4fc20cd81_z.jpg,5,0
fear,http://farm4.staticflickr.com/3689/9017136639_f3d23ae4c3_z.jpg,5,0
fear,http://farm8.staticflickr.com/7124/7699384928_f9c38a8866_z.jpg,5,0
fear,http://farm9.staticflickr.com/8106/8564821438_9d165526e0_z.jpg,5,0
fear,http://farm4.staticflickr.com/3907/14616823570_67fec8d66c_z.jpg,4,0
fear,http://farm8.staticflickr.com/7469/15609996549_a23862f35d_z.jpg,5,0
fear,http://farm8.staticflickr.com/7106/7069013409_c064be21ce_z.jpg,5,0
fear,http://farm3.staticflickr.com/2901/14803863973_a22937429c_z.jpg,4,1
fear,http://farm8.staticflickr.com/7356/9565485497_314a129510_z.jpg,5,0
fear,http://farm9.staticflickr.com/8429/7806861628_5e2bcb025b_z.jpg,5,0
fear,http://farm8.staticflickr.com/7098/6905113380_e487047224_z.jpg,5,0
fear,http://farm8.staticflickr.com/7395/12094118904_32112e20a8_z.jpg,5,0
fear,http://farm8.staticflickr.com/7101/6860167868_91a2fac167_z.jpg,5,0
fear,http://farm8.staticflickr.com/7379/11465808064_9aec17cd18_z.jpg,5,0
fear,http://farm8.staticflickr.com/7043/6949215313_fda7243243_z.jpg,3,2
fear,http://farm8.staticflickr.com/7419/11166646475_32b8838702_z.jpg,5,0
fear,http://farm4.staticflickr.com/3761/8757833394_d1f0d84573_z.jpg,5,0
fear,http://farm9.staticflickr.com/8060/8186694939_a71a8a37db_z.jpg,4,1
fear,http://farm6.staticflickr.com/5576/14597198379_7796560f78_z.jpg,4,1
fear,http://farm9.staticflickr.com/8238/8350864040_97f7ec5126_z.jpg,3,2
fear,http://farm4.staticflickr.com/3868/14783616062_e9fa661dbc_z.jpg,5,0
fear,http://farm9.staticflickr.com/8334/8127349937_c284e7bf17_z.jpg,2,3
fear,http://farm9.staticflickr.com/8148/7535611312_b873548f38_z.jpg,5,0
fear,http://farm9.staticflickr.com/8508/8546379503_5584701a63_z.jpg,5,0
fear,http://farm4.staticflickr.com/3760/11054624374_1569e48bf4_z.jpg,5,0
fear,http://farm8.staticflickr.com/7026/6771114229_d24d2211b5_z.jpg,5,0
fear,http://farm9.staticflickr.com/8490/8163643775_69dd86db28_z.jpg,5,0
fear,http://farm8.staticflickr.com/7384/8727253252_447c1e8cf4_z.jpg,5,0
fear,http://farm6.staticflickr.com/5554/14803799093_35fb5369c6_z.jpg,5,0
fear,http://farm8.staticflickr.com/7311/8746435171_5422299e67_z.jpg,2,3
fear,http://farm9.staticflickr.com/8531/8550201318_1cc3cf0cd7_z.jpg,5,0
fear,http://farm4.staticflickr.com/3682/14091151468_4e0e4eaf75_z.jpg,3,2
fear,http://farm8.staticflickr.com/7101/7170857637_ea9b5e73f1_z.jpg,5,0
fear,http://farm3.staticflickr.com/2851/12553332294_736c83903f_z.jpg,5,0
fear,http://farm8.staticflickr.com/7542/15875223471_0ee24e92bd_z.jpg,5,0
fear,http://farm4.staticflickr.com/3909/15128908662_a1282763f2_z.jpg,5,0
fear,http://farm3.staticflickr.com/2817/12922566564_c8b9449e12_z.jpg,5,0
fear,http://farm9.staticflickr.com/8111/8655651547_cbff459af8_z.jpg,4,1
fear,http://farm4.staticflickr.com/3815/11607628385_fca5e4b0b6_z.jpg,4,1
fear,http://farm3.staticflickr.com/2868/10137060474_cb1e9ee5dc_z.jpg,5,0
fear,http://farm6.staticflickr.com/5472/10382763293_d452a2ee01_z.jpg,4,1
fear,http://farm7.staticflickr.com/6115/7006307957_fc804b4a25_z.jpg,5,0
fear,http://farm9.staticflickr.com/8456/8029417353_a707a6cd79_z.jpg,4,1
fear,http://farm9.staticflickr.com/8648/16041568035_7426843031_z.jpg,5,0
fear,http://farm3.staticflickr.com/2931/14521118076_20fa8ec1d4_z.jpg,5,0
fear,http://farm9.staticflickr.com/8503/8387270632_337009a86a_z.jpg,4,1
fear,http://farm8.staticflickr.com/7118/6890277698_22990076a1_z.jpg,4,1
fear,http://farm9.staticflickr.com/8106/8483843116_55e0ea86bf_z.jpg,5,0
fear,http://farm9.staticflickr.com/8059/8190203183_b83e443433_z.jpg,5,0
fear,http://farm4.staticflickr.com/3476/13022326784_497a0f8a06_z.jpg,5,0
fear,http://farm4.staticflickr.com/3809/10335059204_3220ced226_z.jpg,5,0
fear,http://farm6.staticflickr.com/5580/14866047613_3d2db8007e_z.jpg,2,3
fear,http://farm9.staticflickr.com/8135/8703464496_972c870e21_z.jpg,4,1
fear,http://farm9.staticflickr.com/8423/7847291022_3de856f0fa_z.jpg,5,0
fear,http://farm4.staticflickr.com/3698/13850837444_94fe19879d_z.jpg,5,0
fear,http://farm9.staticflickr.com/8017/7386123666_cf8f974327_z.jpg,5,0
fear,http://farm4.staticflickr.com/3685/11841442433_15fae48cd4_z.jpg,3,2
fear,http://farm9.staticflickr.com/8086/8477207066_67546fe85a_z.jpg,5,0
fear,http://farm4.staticflickr.com/3764/10161138685_781d0e8ba3_z.jpg,4,1
fear,http://farm8.staticflickr.com/7123/7482559690_ef353e84ee_z.jpg,5,0
fear,http://farm8.staticflickr.com/7118/7538246324_8da386bcee_z.jpg,5,0
fear,http://farm6.staticflickr.com/5337/6925885622_a33d702bb4_z.jpg,5,0
fear,http://farm9.staticflickr.com/8045/8433424120_3a026c5fe0_z.jpg,3,2
fear,http://farm8.staticflickr.com/7003/6679127875_f690400199_z.jpg,3,2
fear,http://farm6.staticflickr.com/5518/10311405386_864d9cddc4_z.jpg,5,0
fear,http://farm9.staticflickr.com/8126/8709106726_89fe58ccb1_z.jpg,5,0
fear,http://farm9.staticflickr.com/8056/8110468121_2584005904_z.jpg,5,0
fear,http://farm8.staticflickr.com/7133/7012512031_a14da9c328_z.jpg,5,0
fear,http://farm9.staticflickr.com/8362/8377329734_a4f01b36e4_z.jpg,1,4
fear,http://farm6.staticflickr.com/5603/15615840390_10067f965b_z.jpg,5,0
fear,http://farm8.staticflickr.com/7081/7063022037_5ce7a15b30_z.jpg,4,1
fear,http://farm6.staticflickr.com/5561/14783564252_1b26718d32_z.jpg,5,0
fear,http://farm8.staticflickr.com/7438/13998807006_1a27c02808_z.jpg,4,1
fear,http://farm3.staticflickr.com/2831/12315896403_e25f130347_z.jpg,5,0
fear,http://farm8.staticflickr.com/7514/15653541661_2d14f334d7_z.jpg,4,0
fear,http://farm6.staticflickr.com/5603/15418783157_ab71326551_z.jpg,4,1
fear,http://farm6.staticflickr.com/5445/8755422398_8fbf173414_z.jpg,5,0
fear,http://farm8.staticflickr.com/7163/6771109687_acfa97322d_z.jpg,4,1
fear,http://farm8.staticflickr.com/7212/7001083609_deeec93710_z.jpg,5,0
fear,http://farm9.staticflickr.com/8393/8707017674_a3afa841dd_z.jpg,4,1
fear,http://farm9.staticflickr.com/8478/8232441202_c559ef8072_z.jpg,4,1
fear,http://farm4.staticflickr.com/3796/10161544784_f93e4c75b1_z.jpg,5,0
fear,http://farm6.staticflickr.com/5543/11366406816_2c6224d2c8_z.jpg,5,0
fear,http://farm9.staticflickr.com/8445/7810366414_4cbcec3397_z.jpg,4,1
fear,http://farm3.staticflickr.com/2920/13950946380_a17159125d_z.jpg,4,1
fear,http://farm4.staticflickr.com/3949/15476545768_e47c039646_z.jpg,3,2
fear,http://farm8.staticflickr.com/7305/9978045304_29e230b10f_z.jpg,4,1
fear,http://farm8.staticflickr.com/7281/8738814392_06ec286c76_z.jpg,4,0
fear,http://farm9.staticflickr.com/8272/10218902456_a85d69d8dd_z.jpg,4,1
fear,http://farm8.staticflickr.com/7460/8767899528_905f2c862c_z.jpg,5,0
fear,http://farm3.staticflickr.com/2831/12837030444_d0f4f1aedc_z.jpg,5,0
fear,http://farm4.staticflickr.com/3888/14522657425_f0de420b04_z.jpg,5,0
fear,http://farm8.staticflickr.com/7524/15644385530_4a35d2aca1_z.jpg,3,2
fear,http://farm9.staticflickr.com/8209/8274156012_3559631e3c_z.jpg,5,0
fear,http://farm8.staticflickr.com/7474/15576609958_4bcccaf20e_z.jpg,4,1
fear,http://farm8.staticflickr.com/7498/15479065920_9cb1d1cedb_z.jpg,5,0
fear,http://farm9.staticflickr.com/8022/7348484520_a528826796_z.jpg,5,0
fear,http://farm4.staticflickr.com/3898/14781605744_c8ec696a86_z.jpg,10,0
fear,http://farm9.staticflickr.com/8012/7004120370_279a51e511_z.jpg,4,1
fear,http://farm9.staticflickr.com/8514/8381904454_351f46fa95_z.jpg,5,0
fear,http://farm3.staticflickr.com/2876/11147740354_ff3e3e9a20_z.jpg,5,0
fear,http://farm8.staticflickr.com/7071/7334783530_76b9949c2d_z.jpg,5,0
fear,http://farm9.staticflickr.com/8342/8155866973_049811f893_z.jpg,5,0
fear,http://farm8.staticflickr.com/7205/6797379200_d3c40b74cd_z.jpg,5,0
fear,http://farm6.staticflickr.com/5480/14103452020_21feb00b27_z.jpg,5,0
fear,http://farm8.staticflickr.com/7028/6782376345_303754da0a_z.jpg,5,0
fear,http://farm9.staticflickr.com/8148/7677932556_61d02357d5_z.jpg,5,0
fear,http://farm8.staticflickr.com/7527/15651091880_ac646d9e68_z.jpg,3,2
fear,http://farm3.staticflickr.com/2929/14339440708_dc4ba7f0cd_z.jpg,3,2
fear,http://farm6.staticflickr.com/5481/10839759964_77640e618b_z.jpg,4,1
fear,http://farm8.staticflickr.com/7059/6965186535_bef56e0083_z.jpg,5,0
fear,http://farm9.staticflickr.com/8236/8544762719_9cc49c7b4c_z.jpg,5,0
fear,http://farm8.staticflickr.com/7333/10435572343_aa5e3d8bce_z.jpg,1,4
fear,http://farm9.staticflickr.com/8453/8058143964_85a799ae82_z.jpg,5,0
fear,http://farm8.staticflickr.com/7294/9557263029_954be110a5_z.jpg,5,0
fear,http://farm9.staticflickr.com/8308/7978412127_7a8636a54d_z.jpg,4,1
fear,http://farm9.staticflickr.com/8242/8621232976_9b24b168df_z.jpg,5,0
fear,http://farm8.staticflickr.com/7450/9613240351_f9df6549bf_z.jpg,2,3
fear,http://farm9.staticflickr.com/8062/8260585997_9b096de395_z.jpg,5,0
fear,http://farm9.staticflickr.com/8516/8496765891_039802de07_z.jpg,1,4
fear,http://farm9.staticflickr.com/8056/8089982568_98d2e76e78_z.jpg,5,0
fear,http://farm3.staticflickr.com/2935/14427301018_272db319b9_z.jpg,5,0
fear,http://farm4.staticflickr.com/3740/9560532300_736149ccbc_z.jpg,5,0
fear,http://farm4.staticflickr.com/3786/9065940544_0fea1e0bbc_z.jpg,5,0
fear,http://farm3.staticflickr.com/2914/14783512572_3908da8937_z.jpg,5,0
fear,http://farm4.staticflickr.com/3677/10631937823_3ee01ff6be_z.jpg,5,0
fear,http://farm8.staticflickr.com/7501/15486721860_44934c642d_z.jpg,4,1
fear,http://farm9.staticflickr.com/8011/7359475074_f77ced7d51_z.jpg,5,0
fear,http://farm6.staticflickr.com/5502/14221374993_7fe535d488_z.jpg,5,0
fear,http://farm8.staticflickr.com/7494/15530953920_21caa1f01d_z.jpg,5,0
fear,http://farm6.staticflickr.com/5566/14803872743_1ee15c3280_z.jpg,4,1
fear,http://farm8.staticflickr.com/7106/7504646564_fa64fa03eb_z.jpg,5,0
fear,http://farm8.staticflickr.com/7123/7827462312_35d8a32917_z.jpg,4,1
fear,http://farm9.staticflickr.com/8173/7976697835_6abca8a806_z.jpg,5,0
fear,http://farm3.staticflickr.com/2818/11388829223_d5be12858c_z.jpg,5,0
fear,http://farm8.staticflickr.com/7240/6971504488_bddd57da64_z.jpg,5,0
fear,http://farm4.staticflickr.com/3850/15134792419_7535abbe94_z.jpg,4,1
fear,http://farm8.staticflickr.com/7526/15775876097_8af05f21de_z.jpg,5,0
fear,http://farm9.staticflickr.com/8029/7934247758_f3885af346_z.jpg,5,0
fear,http://farm6.staticflickr.com/5605/15474207389_ce853ea5d5_z.jpg,2,3
fear,http://farm9.staticflickr.com/8171/7965254300_fa1efd7fb4_z.jpg,5,0
fear,http://farm8.staticflickr.com/7061/6830063448_fede1311cb_z.jpg,4,1
fear,http://farm8.staticflickr.com/7447/12913636295_2056bc470b_z.jpg,5,0
fear,http://farm8.staticflickr.com/7200/6965278643_1cfc847838_z.jpg,2,3
fear,http://farm6.staticflickr.com/5554/15038829632_b4d595aef0_z.jpg,5,0
fear,http://farm4.staticflickr.com/3819/9055825586_0cd898da79_z.jpg,5,0
fear,http://farm9.staticflickr.com/8152/7173844741_d3a0c58b3e_z.jpg,4,0
fear,http://farm4.staticflickr.com/3893/14584218324_e8371f896b_z.jpg,5,0
fear,http://farm6.staticflickr.com/5501/12056242535_fd212df00f_z.jpg,5,0
fear,http://farm8.staticflickr.com/7226/13706199433_99f235174c_z.jpg,5,0
fear,http://farm3.staticflickr.com/2896/14597139850_fa885d3ffb_z.jpg,5,0
fear,http://farm8.staticflickr.com/7388/12732021245_dd5f087baa_z.jpg,5,0
