sadness,http://farm4.staticflickr.com/3935/15400827416_ef46422d53_z.jpg,5,0
sadness,http://farm6.staticflickr.com/5203/5223454767_b49c1822b7_z.jpg,1,4
sadness,http://farm8.staticflickr.com/7238/7295416302_e8e2441700_z.jpg,4,1
sadness,http://farm4.staticflickr.com/3849/14770561874_4914837d0a_z.jpg,4,1
sadness,http://farm9.staticflickr.com/8429/7761796930_c900de0927_z.jpg,2,3
sadness,http://farm7.staticflickr.com/6056/6322555719_93b82f1e69_z.jpg,0,5
sadness,http://farm6.staticflickr.com/5062/5811485510_7785a56c51_z.jpg,4,1
sadness,http://farm6.staticflickr.com/5516/9848799956_71007dd42f_z.jpg,5,0
sadness,http://farm5.staticflickr.com/4035/4663944069_752df00d3f_z.jpg,5,0
sadness,http://farm8.staticflickr.com/7095/6894632226_7199b06858_z.jpg,3,2
sadness,http://farm4.staticflickr.com/3807/10583447005_ff26f6d8d7_z.jpg,1,4
sadness,http://farm4.staticflickr.com/3205/3004627600_c165f07600_z.jpg,4,1
sadness,http://farm6.staticflickr.com/5057/5399340578_4e742a9dfe_z.jpg,1,4
sadness,http://farm3.staticflickr.com/2113/4509405282_9c2d4483e1_z.jpg,5,0
sadness,http://farm6.staticflickr.com/5028/5736052712_3664c07c8f_z.jpg,1,4
sadness,http://farm9.staticflickr.com/8175/7996419706_f62e85f770_z.jpg,5,0
sadness,http://farm9.staticflickr.com/8168/7549158976_50d7b7e9d3_z.jpg,5,0
sadness,http://farm9.staticflickr.com/8634/15833785377_c0c9eb6a96_z.jpg,1,4
sadness,http://farm6.staticflickr.com/5254/5543091770_c195ea26e9_z.jpg,1,4
sadness,http://farm3.staticflickr.com/2670/3860350775_a0e310ff15_z.jpg,4,1
sadness,http://farm5.staticflickr.com/4132/4983370377_2b13e68767_z.jpg,4,1
sadness,http://farm7.staticflickr.com/6148/5934010251_ac75478268_z.jpg,2,3
sadness,http://farm6.staticflickr.com/5285/5314553833_2d7d0981dc_z.jpg,3,2
sadness,http://farm5.staticflickr.com/4125/5173743062_e6c599c8f1_z.jpg,5,0
sadness,http://farm6.staticflickr.com/5335/7064922991_8ecd6a8cae_z.jpg,5,0
sadness,http://farm4.staticflickr.com/3870/14695083596_96f82fc694_z.jpg,3,2
sadness,http://farm6.staticflickr.com/5109/5599752104_735e8e866b_z.jpg,3,2
sadness,http://farm7.staticflickr.com/6145/6033423882_45487dca75_z.jpg,3,2
sadness,http://farm4.staticflickr.com/3267/4563559657_469b4d3b0e_z.jpg,5,0
sadness,http://farm6.staticflickr.com/5306/5588585986_6d2d00cac1_z.jpg,3,2
sadness,http://farm4.staticflickr.com/3759/14337390223_7e7ba18ffc_z.jpg,0,5
sadness,http://farm4.staticflickr.com/3452/4570794790_f9dbc13930_z.jpg,3,2
sadness,http://farm9.staticflickr.com/8090/8463325690_d54a50913f_z.jpg,3,2
sadness,http://farm9.staticflickr.com/8223/8282607055_e8ffe5e3ab_z.jpg,5,0
sadness,http://farm7.staticflickr.com/6095/6326631501_5c5cb52810_z.jpg,3,2
sadness,http://farm7.staticflickr.com/6138/6041273228_d4fc178c1f_z.jpg,5,0
sadness,http://farm6.staticflickr.com/5002/5204370728_8c9b0fbe90_z.jpg,3,2
sadness,http://farm3.staticflickr.com/2864/11939505886_0b4f675ce0_z.jpg,1,4
sadness,http://farm4.staticflickr.com/3902/15018676596_1d4693cbff_z.jpg,5,0
sadness,http://farm4.staticflickr.com/3899/14805947903_09c9bfbf9c_z.jpg,5,0
sadness,http://farm5.staticflickr.com/4012/4312371044_c171a97df4_z.jpg,5,0
sadness,http://farm5.staticflickr.com/4066/4239021046_46ac00a941_z.jpg,0,5
sadness,http://farm4.staticflickr.com/3491/3271295733_a734a79b88_z.jpg,3,2
sadness,http://farm9.staticflickr.com/8633/15374874074_0afd462c41_z.jpg,4,1
sadness,http://farm5.staticflickr.com/4029/4665179904_55a6e0f5f5_z.jpg,5,0
sadness,http://farm4.staticflickr.com/3809/9628230633_51477b5d7d_z.jpg,4,1
sadness,http://farm9.staticflickr.com/8045/8127235359_e365941157_z.jpg,5,0
sadness,http://farm7.staticflickr.com/6135/5992874877_6679c36b34_z.jpg,5,0
sadness,http://farm3.staticflickr.com/2941/15242691717_25a7db51e3_z.jpg,1,4
sadness,http://farm4.staticflickr.com/3179/3088113855_85e8ae27ae_z.jpg,2,3
sadness,http://farm4.staticflickr.com/3913/14150290750_7f8d660ae1_z.jpg,5,0
sadness,http://farm3.staticflickr.com/2831/11246923994_306e3e4d86_z.jpg,5,0
sadness,http://farm9.staticflickr.com/8507/8445007466_a54c8f788a_z.jpg,0,5
sadness,http://farm3.staticflickr.com/2155/5754489535_5ac403b416_z.jpg,5,0
sadness,http://farm9.staticflickr.com/8165/6955004490_b68371e0bb_z.jpg,0,5
sadness,http://farm3.staticflickr.com/2594/4134670219_8ed3388415_z.jpg,3,2
sadness,http://farm7.staticflickr.com/6218/6384473389_a622803eeb_z.jpg,2,3
sadness,http://farm3.staticflickr.com/2475/3945153954_86388d032e_z.jpg,0,5
sadness,http://farm6.staticflickr.com/5258/5436296225_666090cef6_z.jpg,5,0
sadness,http://farm3.staticflickr.com/2899/14714886784_21314e73eb_z.jpg,5,0
sadness,http://farm3.staticflickr.com/2886/10295653364_37de69c5f0_z.jpg,4,1
sadness,http://farm8.staticflickr.com/7174/6853094293_830492b62c_z.jpg,2,3
sadness,http://farm7.staticflickr.com/6070/6037537443_f0759a0f00_z.jpg,3,2
sadness,http://farm6.staticflickr.com/5167/5268447313_36e91eba29_z.jpg,4,1
sadness,http://farm8.staticflickr.com/7241/7173469974_5c6129d14f_z.jpg,5,0
sadness,http://farm6.staticflickr.com/5469/7241621334_490e0bc190_z.jpg,1,4
sadness,http://farm4.staticflickr.com/3272/3119575395_d34c65684e_z.jpg,4,1
sadness,http://farm8.staticflickr.com/7522/15892423447_7e4ff47de0_z.jpg,5,0
sadness,http://farm7.staticflickr.com/6150/5974225485_6522fe31d6_z.jpg,3,2
sadness,http://farm4.staticflickr.com/3841/14578494819_ebff8b3619_z.jpg,5,0
sadness,http://farm4.staticflickr.com/3928/15405063262_af562df01b_z.jpg,5,0
sadness,http://farm8.staticflickr.com/7201/7038691517_5826352d64_z.jpg,1,4
sadness,http://farm2.staticflickr.com/1021/5190127060_8bd61b0bcc_z.jpg,4,1
sadness,http://farm9.staticflickr.com/8462/7952100724_a36e10a6af_z.jpg,1,4
sadness,http://farm4.staticflickr.com/3032/3042181650_376f8be14a_z.jpg,5,0
sadness,http://farm4.staticflickr.com/3713/10426961455_a854f98625_z.jpg,3,2
sadness,http://farm9.staticflickr.com/8531/8620109357_c10b22b33c_z.jpg,5,0
sadness,http://farm6.staticflickr.com/5532/9218669914_ceba907017_z.jpg,5,0
sadness,http://farm6.staticflickr.com/5134/5507588424_1e1004e131_z.jpg,0,5
sadness,http://farm4.staticflickr.com/3719/9127499039_2564ede8ee_z.jpg,2,3
sadness,http://farm6.staticflickr.com/5148/5633583768_b0288310f7_z.jpg,0,5
sadness,http://farm5.staticflickr.com/4130/5194493199_ae3ef4e916_z.jpg,3,2
sadness,http://farm7.staticflickr.com/6091/6308901402_b602a69b65_z.jpg,3,2
sadness,http://farm8.staticflickr.com/7457/9731227405_64a1de9c18_z.jpg,3,2
sadness,http://farm5.staticflickr.com/4048/4669391007_748a4a6d4d_z.jpg,4,1
sadness,http://farm4.staticflickr.com/3901/15081973552_ff24f5ff09_z.jpg,4,1
sadness,http://farm9.staticflickr.com/8010/7472274028_804bc9d246_z.jpg,4,1
sadness,http://farm9.staticflickr.com/8155/7609786188_e59755a87f_z.jpg,5,0
sadness,http://farm3.staticflickr.com/2906/14613605963_ae970f77f1_z.jpg,4,1
sadness,http://farm9.staticflickr.com/8397/8627986519_6f3c93b3f3_z.jpg,5,0
sadness,http://farm3.staticflickr.com/2467/3905593041_c710e7e4cc_z.jpg,4,1
sadness,http://farm6.staticflickr.com/5548/14209135176_c726fd773f_z.jpg,4,1
sadness,http://farm5.staticflickr.com/4115/4894634095_077200cf77_z.jpg,4,1
sadness,http://farm4.staticflickr.com/3953/14962733353_6606e33839_z.jpg,3,2
sadness,http://farm8.staticflickr.com/7559/16033386411_776e929e13_z.jpg,3,2
sadness,http://farm4.staticflickr.com/3106/3140009778_2d8521f5e5_z.jpg,4,1
sadness,http://farm8.staticflickr.com/7016/13315868993_0e50d14898_z.jpg,4,1
sadness,http://farm4.staticflickr.com/3725/8910833145_1cbdef7208_z.jpg,3,2
sadness,http://farm8.staticflickr.com/7234/7324255024_5a060db07e_z.jpg,4,1
sadness,http://farm3.staticflickr.com/2524/4142337182_12f65be5eb_z.jpg,0,5
sadness,http://farm3.staticflickr.com/2841/10588017813_af52041d92_z.jpg,2,3
sadness,http://farm4.staticflickr.com/3600/3352698608_ef6fc937d2_z.jpg,4,1
sadness,http://farm6.staticflickr.com/5177/5428306465_46a152e05c_z.jpg,0,5
sadness,http://farm9.staticflickr.com/8469/8086112482_47b592b58f_z.jpg,5,0
sadness,http://farm7.staticflickr.com/6047/6278662257_d633677bf0_z.jpg,2,3
sadness,http://farm3.staticflickr.com/2904/14776001082_be7a6e08a6_z.jpg,0,5
sadness,http://farm9.staticflickr.com/8455/7977024808_0437d0159f_z.jpg,4,1
sadness,http://farm8.staticflickr.com/7049/8688464090_188371dbdc_z.jpg,5,0
sadness,http://farm7.staticflickr.com/6042/5914675296_ecc0fe3c9f_z.jpg,3,2
sadness,http://farm9.staticflickr.com/8082/8443135921_cedc86824f_z.jpg,5,0
sadness,http://farm7.staticflickr.com/6157/6175051838_c567d0863a_z.jpg,0,5
sadness,http://farm4.staticflickr.com/3814/13910423892_5f9eded960_z.jpg,3,2
sadness,http://farm8.staticflickr.com/7289/9078434114_cc48570f0a_z.jpg,5,0
sadness,http://farm4.staticflickr.com/3432/5771527296_7ea0989214_z.jpg,5,0
sadness,http://farm3.staticflickr.com/2836/11221853113_465c08376d_z.jpg,2,3
sadness,http://farm4.staticflickr.com/3050/2685040610_865a0006ea_z.jpg,3,2
sadness,http://farm4.staticflickr.com/3239/3072744451_7f730bc41e_z.jpg,4,1
sadness,http://farm4.staticflickr.com/3696/11120416444_21691e1e08_z.jpg,3,2
sadness,http://farm5.staticflickr.com/4017/4271168677_012178c385_z.jpg,4,1
sadness,http://farm9.staticflickr.com/8248/8461286497_15c980ed26_z.jpg,2,3
sadness,http://farm9.staticflickr.com/8258/8631508476_c1278ec952_z.jpg,5,0
sadness,http://farm4.staticflickr.com/3080/2585114046_24708d0c95_z.jpg,4,1
sadness,http://farm7.staticflickr.com/6059/6282685087_3933dd4a73_z.jpg,5,0
sadness,http://farm9.staticflickr.com/8507/8482154504_ee94795ab3_z.jpg,4,1
sadness,http://farm8.staticflickr.com/7178/6979322893_ebfdaae116_z.jpg,5,0
sadness,http://farm9.staticflickr.com/8252/8617404705_80cb0f0314_z.jpg,5,0
sadness,http://farm4.staticflickr.com/3904/15330291976_a735c84b86_z.jpg,5,0
sadness,http://farm9.staticflickr.com/8044/8116134872_2eb9742b68_z.jpg,0,5
sadness,http://farm4.staticflickr.com/3669/14295202801_c078682eb6_z.jpg,1,4
sadness,http://farm4.staticflickr.com/3949/15561560715_f851520002_z.jpg,5,0
sadness,http://farm3.staticflickr.com/2908/14132732955_214caa006e_z.jpg,5,0
sadness,http://farm8.staticflickr.com/7021/6650873497_dc370cd4d0_z.jpg,0,5
sadness,http://farm6.staticflickr.com/5266/5598185680_0ec9fb8e66_z.jpg,5,0
sadness,http://farm7.staticflickr.com/6209/6089582233_535d12ed27_z.jpg,5,0
sadness,http://farm8.staticflickr.com/7466/15926878909_6e95b66296_z.jpg,4,1
sadness,http://farm7.staticflickr.com/6183/6075051735_79c61e0616_z.jpg,5,0
sadness,http://farm4.staticflickr.com/3234/2661819055_1a4948a85c_z.jpg,4,1
sadness,http://farm3.staticflickr.com/2869/9084045166_08be9b45b5_z.jpg,5,0
sadness,http://farm4.staticflickr.com/3583/3657115111_f71f02286f_z.jpg,3,2
sadness,http://farm6.staticflickr.com/5133/5508923481_cc565d7d31_z.jpg,3,2
sadness,http://farm4.staticflickr.com/3110/3155259513_cdb696fc24_z.jpg,3,2
sadness,http://farm6.staticflickr.com/5267/5685730767_8f4a7b316b_z.jpg,2,3
sadness,http://farm3.staticflickr.com/2929/14376717027_7d709c6f98_z.jpg,5,0
sadness,http://farm8.staticflickr.com/7443/10240253675_064176534a_z.jpg,4,1
sadness,http://farm8.staticflickr.com/7582/15254279204_ba8cf49820_z.jpg,5,0
sadness,http://farm3.staticflickr.com/2746/4121517090_91a34c18e1_z.jpg,5,0
sadness,http://farm4.staticflickr.com/3258/2650034365_36760f2bea_z.jpg,3,2
sadness,http://farm6.staticflickr.com/5547/10916477636_08bfe091a6_z.jpg,3,2
sadness,http://farm8.staticflickr.com/7175/13542015823_7515742bd3_z.jpg,5,0
sadness,http://farm5.staticflickr.com/4070/4498324712_74c085e26f_z.jpg,3,2
sadness,http://farm3.staticflickr.com/2313/13190163963_152938eba2_z.jpg,2,3
sadness,http://farm4.staticflickr.com/3050/3028854891_f5846d4d92_z.jpg,2,3
sadness,http://farm8.staticflickr.com/7432/10668118693_b52d710707_z.jpg,1,4
sadness,http://farm8.staticflickr.com/7531/16172756145_29b3a69c2a_z.jpg,5,0
sadness,http://farm9.staticflickr.com/8524/8646715407_de501df0a9_z.jpg,3,2
sadness,http://farm8.staticflickr.com/7152/13243246634_eb8bef9f03_z.jpg,4,1
sadness,http://farm9.staticflickr.com/8028/7637385178_59a7424800_z.jpg,4,1
sadness,http://farm6.staticflickr.com/5165/5257550868_202535b0dc_z.jpg,5,0
sadness,http://farm8.staticflickr.com/7027/6605644043_ce62d92dab_z.jpg,4,1
sadness,http://farm9.staticflickr.com/8351/8293217801_c5d0928115_z.jpg,2,3
sadness,http://farm7.staticflickr.com/6238/6368756281_06c47eb870_z.jpg,5,0
sadness,http://farm8.staticflickr.com/7295/13824467353_2ff2c4f04a_z.jpg,5,0
sadness,http://farm9.staticflickr.com/8206/8207060452_9e65b7f087_z.jpg,4,1
sadness,http://farm9.staticflickr.com/8456/7982625740_ea75a2fe10_z.jpg,5,0
sadness,http://farm6.staticflickr.com/5451/9447372686_b4b484fa6f_z.jpg,4,1
sadness,http://farm4.staticflickr.com/3186/2628674429_faa3158aee_z.jpg,0,5
sadness,http://farm3.staticflickr.com/2857/11441537355_c888cd2da1_z.jpg,2,3
sadness,http://farm5.staticflickr.com/4030/4546211699_855a9ee46a_z.jpg,0,5
sadness,http://farm8.staticflickr.com/7452/10308739023_cba4b5e907_z.jpg,4,1
sadness,http://farm8.staticflickr.com/7151/6446219153_f28cbea6b6_z.jpg,5,0
sadness,http://farm9.staticflickr.com/8473/8089518947_9d944a0905_z.jpg,4,1
sadness,http://farm9.staticflickr.com/8654/15967139026_b9cf628a98_z.jpg,1,4
sadness,http://farm3.staticflickr.com/2594/4013615123_cf16e665e5_z.jpg,5,0
sadness,http://farm4.staticflickr.com/3233/2286470294_96257e9a1b_z.jpg,1,4
sadness,http://farm8.staticflickr.com/7362/9237370687_fdd7fa94d6_z.jpg,5,0
sadness,http://farm3.staticflickr.com/2745/4344070620_b0ea7bdc57_z.jpg,5,0
sadness,http://farm7.staticflickr.com/6126/5983526004_0974b46172_z.jpg,5,0
sadness,http://farm3.staticflickr.com/2799/5796220671_d8fae12ede_z.jpg,0,5
sadness,http://farm3.staticflickr.com/2679/4111707581_71991594ae_z.jpg,1,4
sadness,http://farm4.staticflickr.com/3412/3520335343_17781fe79a_z.jpg,2,3
sadness,http://farm9.staticflickr.com/8370/8529317330_09536e94f0_z.jpg,2,3
sadness,http://farm4.staticflickr.com/3797/12607279865_f7d38e2aa0_z.jpg,3,2
sadness,http://farm6.staticflickr.com/5350/8991091613_9cc56ce42f_z.jpg,4,1
sadness,http://farm4.staticflickr.com/3627/3436142026_ea466005fa_z.jpg,5,0
sadness,http://farm4.staticflickr.com/3245/3284675358_12cc1160d0_z.jpg,3,2
sadness,http://farm3.staticflickr.com/2941/15375860996_ae64fbb8b5_z.jpg,5,0
sadness,http://farm7.staticflickr.com/6051/6367768011_ca446b7664_z.jpg,3,2
sadness,http://farm6.staticflickr.com/5284/5306274699_6132de466c_z.jpg,4,1
sadness,http://farm6.staticflickr.com/5597/15239123657_38bb7d2d42_z.jpg,4,1
sadness,http://farm9.staticflickr.com/8262/8611492388_c2518882ca_z.jpg,5,0
sadness,http://farm3.staticflickr.com/2457/3564302465_4c09af0c9e_z.jpg,4,1
sadness,http://farm8.staticflickr.com/7553/15320008713_beea450e65_z.jpg,5,0
sadness,http://farm6.staticflickr.com/5261/5616998602_8d98379829_z.jpg,3,2
sadness,http://farm6.staticflickr.com/5297/5476729655_2907bfd136_z.jpg,4,1
sadness,http://farm4.staticflickr.com/3855/14595799158_4a89bcb2f2_z.jpg,5,0
sadness,http://farm8.staticflickr.com/7467/15968487428_441752d2bb_z.jpg,1,4
sadness,http://farm4.staticflickr.com/3036/2601554055_31ff920728_z.jpg,5,0
sadness,http://farm5.staticflickr.com/4048/4535114874_d315e669d9_z.jpg,3,2
sadness,http://farm5.staticflickr.com/4140/4790195311_da3de130df_z.jpg,1,4
sadness,http://farm9.staticflickr.com/8502/8268065443_23ea4077ba_z.jpg,2,3
sadness,http://farm3.staticflickr.com/2886/9140492211_7f117a93b5_z.jpg,2,3
sadness,http://farm9.staticflickr.com/8254/8858833891_c0708434b8_z.jpg,1,4
sadness,http://farm3.staticflickr.com/2575/4143936566_feff08a894_z.jpg,0,5
sadness,http://farm4.staticflickr.com/3320/3471333355_7ac5657b13_z.jpg,2,3
sadness,http://farm5.staticflickr.com/4083/5212373758_005552e423_z.jpg,5,0
sadness,http://farm9.staticflickr.com/8482/8235060585_bb526c0bfc_z.jpg,2,3
sadness,http://farm6.staticflickr.com/5500/9177852342_de0106e8c4_z.jpg,1,4
sadness,http://farm4.staticflickr.com/3006/2734389441_de848e3872_z.jpg,5,0
sadness,http://farm6.staticflickr.com/5125/5283281506_83076b2cb2_z.jpg,3,2
sadness,http://farm4.staticflickr.com/3765/14278417221_d9e3bd2072_z.jpg,3,2
sadness,http://farm9.staticflickr.com/8139/8710618951_e37f90eee4_z.jpg,1,4
sadness,http://farm5.staticflickr.com/4110/4995571207_a63edb0402_z.jpg,2,3
sadness,http://farm6.staticflickr.com/5253/5587993267_848ef44a84_z.jpg,3,2
sadness,http://farm3.staticflickr.com/2519/3727485324_13ae845b87_z.jpg,2,3
sadness,http://farm8.staticflickr.com/7314/11727794555_f4560ef708_z.jpg,3,2
sadness,http://farm5.staticflickr.com/4117/4903323822_5ab48854ce_z.jpg,3,2
sadness,http://farm7.staticflickr.com/6054/6248944298_85553555e6_z.jpg,5,0
sadness,http://farm6.staticflickr.com/5141/5864801638_a19c1a3b85_z.jpg,4,1
sadness,http://farm4.staticflickr.com/3610/3364713362_69394e634e_z.jpg,3,2
sadness,http://farm6.staticflickr.com/5298/5530342905_6f2ff4f62c_z.jpg,0,5
sadness,http://farm3.staticflickr.com/2144/2160409963_54891bbb76_z.jpg,1,4
sadness,http://farm4.staticflickr.com/3261/13090592475_3fa1677867_z.jpg,2,3
sadness,http://farm6.staticflickr.com/5021/5643053632_ec9969accc_z.jpg,3,2
sadness,http://farm6.staticflickr.com/5512/14349038354_281a3ffcb3_z.jpg,5,0
sadness,http://farm4.staticflickr.com/3845/14694474395_1f43e785ee_z.jpg,3,2
sadness,http://farm9.staticflickr.com/8491/8423657675_50442b9435_z.jpg,5,0
sadness,http://farm5.staticflickr.com/4054/4496457963_9c6b7a9215_z.jpg,5,0
sadness,http://farm9.staticflickr.com/8494/8292486002_af1ac86241_z.jpg,3,2
sadness,http://farm4.staticflickr.com/3697/9619412082_da06542295_z.jpg,2,3
sadness,http://farm8.staticflickr.com/7329/12398136903_fee5c46808_z.jpg,4,1
sadness,http://farm8.staticflickr.com/7040/6982758091_e3df062b10_z.jpg,4,1
sadness,http://farm4.staticflickr.com/3824/9649195295_22ce557a57_z.jpg,5,0
sadness,http://farm4.staticflickr.com/3188/2642008463_6b7136a8e2_z.jpg,2,3
sadness,http://farm8.staticflickr.com/7221/13990725861_27881e933d_z.jpg,3,2
sadness,http://farm8.staticflickr.com/7572/16226432361_f78912f65a_z.jpg,4,1
sadness,http://farm7.staticflickr.com/6046/6329201311_c921920f50_z.jpg,5,0
sadness,http://farm6.staticflickr.com/5570/14084846632_0227da5944_z.jpg,4,1
sadness,http://farm6.staticflickr.com/5002/5195819284_91d32b1a95_z.jpg,4,1
sadness,http://farm7.staticflickr.com/6197/6147492520_fee395b07f_z.jpg,5,0
sadness,http://farm7.staticflickr.com/6175/6134814508_7574c67429_z.jpg,5,0
sadness,http://farm3.staticflickr.com/2859/12324674564_dee6ff383c_z.jpg,4,1
sadness,http://farm4.staticflickr.com/3772/10518274304_03e613b2c0_z.jpg,5,0
sadness,http://farm4.staticflickr.com/3500/3465000216_f8814b381b_z.jpg,3,2
sadness,http://farm6.staticflickr.com/5293/5439184702_f2f81de9a7_z.jpg,0,5
sadness,http://farm8.staticflickr.com/7261/7143265293_312200f75b_z.jpg,2,3
sadness,http://farm3.staticflickr.com/2944/15218521459_22e8408e39_z.jpg,4,1
sadness,http://farm4.staticflickr.com/3759/13036527973_afe0093aa1_z.jpg,2,3
sadness,http://farm4.staticflickr.com/3698/13173514964_9053c7407a_z.jpg,1,4
sadness,http://farm3.staticflickr.com/2733/4109535600_d04f084c80_z.jpg,2,3
sadness,http://farm8.staticflickr.com/7340/13108262744_6eb685533a_z.jpg,5,0
sadness,http://farm4.staticflickr.com/3023/2363828558_7fa25aa553_z.jpg,5,0
sadness,http://farm8.staticflickr.com/7090/6970596962_fbd70f66e6_z.jpg,5,0
sadness,http://farm6.staticflickr.com/5202/5223896824_e679f71271_z.jpg,3,2
sadness,http://farm6.staticflickr.com/5494/14063048148_9d358a8cfc_z.jpg,5,0
sadness,http://farm4.staticflickr.com/3693/13144774554_e6eaf7ec80_z.jpg,5,0
sadness,http://farm4.staticflickr.com/3028/3025984319_bc39d4ecb4_z.jpg,5,0
sadness,http://farm7.staticflickr.com/6147/6016268833_a4bc166a98_z.jpg,4,1
sadness,http://farm6.staticflickr.com/5055/5430690379_ddbdfab74c_z.jpg,3,2
sadness,http://farm8.staticflickr.com/7237/7188700175_2c5a91baef_z.jpg,4,1
sadness,http://farm3.staticflickr.com/2734/4195258975_fa3003eeca_z.jpg,0,5
sadness,http://farm8.staticflickr.com/7133/7839791378_ec58bda61c_z.jpg,2,3
sadness,http://farm3.staticflickr.com/2555/3920007429_c6e3f8ae1b_z.jpg,3,2
sadness,http://farm5.staticflickr.com/4110/5045151587_5f0f8936c5_z.jpg,3,2
sadness,http://farm4.staticflickr.com/3273/3081210419_d3d8a06ef8_z.jpg,4,1
sadness,http://farm4.staticflickr.com/3719/13781890883_acc7708450_z.jpg,4,1
sadness,http://farm3.staticflickr.com/2767/4143265923_902f43285b_z.jpg,3,2
sadness,http://farm4.staticflickr.com/3858/14790279304_5045ab124c_z.jpg,5,0
sadness,http://farm4.staticflickr.com/3244/2885170475_6555ae14a9_z.jpg,5,0
sadness,http://farm6.staticflickr.com/5131/5447355842_bab696a9d0_z.jpg,5,0
sadness,http://farm8.staticflickr.com/7102/7307285566_fabc9c5789_z.jpg,2,3
sadness,http://farm7.staticflickr.com/6120/6425054741_9cac4f8b8a_z.jpg,4,1
sadness,http://farm5.staticflickr.com/4106/5163655611_8f8855302d_z.jpg,5,0
sadness,http://farm4.staticflickr.com/3857/14475614592_78634f6bfc_z.jpg,1,4
sadness,http://farm7.staticflickr.com/6178/6175021002_5fdcf4ba4c_z.jpg,5,0
sadness,http://farm4.staticflickr.com/3852/14647580727_11c75ba00e_z.jpg,3,2
sadness,http://farm8.staticflickr.com/7366/10768130914_b937714dc0_z.jpg,4,1
sadness,http://farm6.staticflickr.com/5099/5525426990_78d588562f_z.jpg,4,1
sadness,http://farm8.staticflickr.com/7357/12571480055_da445fb32f_z.jpg,4,1
sadness,http://farm6.staticflickr.com/5062/5599005684_56f5176100_z.jpg,5,0
sadness,http://farm6.staticflickr.com/5296/5470917137_ae1e70917f_z.jpg,5,0
sadness,http://farm2.staticflickr.com/1415/5146646477_e705fcaf69_z.jpg,4,1
sadness,http://farm3.staticflickr.com/2916/14748711375_f1bb2c4ce3_z.jpg,5,0
sadness,http://farm5.staticflickr.com/4143/4881889132_2487abe4ca_z.jpg,5,0
sadness,http://farm9.staticflickr.com/8094/8460256586_45e509e8a8_z.jpg,3,2
sadness,http://farm4.staticflickr.com/3305/3453295139_db04ff970b_z.jpg,0,5
sadness,http://farm9.staticflickr.com/8515/8473681909_597b29b349_z.jpg,5,0
sadness,http://farm6.staticflickr.com/5143/5631286653_4bd5e77d6e_z.jpg,0,5
sadness,http://farm6.staticflickr.com/5537/14016222719_55de511cdd_z.jpg,2,3
sadness,http://farm4.staticflickr.com/3731/12729968625_929524808e_z.jpg,3,2
sadness,http://farm4.staticflickr.com/3221/3150606676_db3a6a468c_z.jpg,5,0
sadness,http://farm9.staticflickr.com/8087/8434232217_aeae36de7b_z.jpg,0,5
sadness,http://farm6.staticflickr.com/5509/9264638812_05170ab747_z.jpg,5,0
sadness,http://farm4.staticflickr.com/3383/3483180833_ed3fcdefd5_z.jpg,5,0
sadness,http://farm5.staticflickr.com/4080/4755494389_7ef9151144_z.jpg,4,1
sadness,http://farm7.staticflickr.com/6195/6043318351_cfe7c92109_z.jpg,5,0
sadness,http://farm3.staticflickr.com/2546/4028707473_a0d624a4fd_z.jpg,4,1
sadness,http://farm8.staticflickr.com/7530/15754626059_dd4718e7f5_z.jpg,2,3
sadness,http://farm4.staticflickr.com/3497/3191904735_cd7e618c09_z.jpg,2,3
sadness,http://farm6.staticflickr.com/5012/5555148447_4f77db7634_z.jpg,5,0
sadness,http://farm8.staticflickr.com/7241/7257933182_85094e7c76_z.jpg,3,2
sadness,http://farm6.staticflickr.com/5138/5456161091_08a9afa3b8_z.jpg,5,0
sadness,http://farm6.staticflickr.com/5563/14786155169_bf1f18c425_z.jpg,5,0
sadness,http://farm5.staticflickr.com/4007/4397918045_f6c30d3381_z.jpg,2,3
sadness,http://farm6.staticflickr.com/5315/5894859779_014c3aede3_z.jpg,4,1
sadness,http://farm9.staticflickr.com/8230/8514187041_afb16afbaf_z.jpg,4,1
sadness,http://farm5.staticflickr.com/4075/4800157891_c55c78912c_z.jpg,5,0
sadness,http://farm9.staticflickr.com/8481/8268110426_4889ddb0f1_z.jpg,5,0
sadness,http://farm4.staticflickr.com/3179/2881897159_ba039a5bbd_z.jpg,2,3
sadness,http://farm5.staticflickr.com/4077/4757793655_3ea911ba8b_z.jpg,5,0
sadness,http://farm6.staticflickr.com/5126/5203039502_8dd33a34cc_z.jpg,3,2
sadness,http://farm8.staticflickr.com/7470/15863328258_cb49654b9f_z.jpg,3,2
sadness,http://farm7.staticflickr.com/6064/6088692762_d6689ce7b8_z.jpg,5,0
sadness,http://farm8.staticflickr.com/7177/6850657859_fc16f7412e_z.jpg,5,0
sadness,http://farm5.staticflickr.com/4079/5414482293_0613b7784b_z.jpg,5,0
sadness,http://farm6.staticflickr.com/5096/5531891670_891f936fe4_z.jpg,4,1
sadness,http://farm3.staticflickr.com/2871/10522444044_375f99cb6a_z.jpg,1,4
sadness,http://farm6.staticflickr.com/5233/14157900711_c63e5f5838_z.jpg,4,1
sadness,http://farm7.staticflickr.com/6069/6050445261_00e952198a_z.jpg,3,2
sadness,http://farm4.staticflickr.com/3775/8908651076_52196b0491_z.jpg,2,3
sadness,http://farm4.staticflickr.com/3869/14637115677_6e1013a5e2_z.jpg,5,0
sadness,http://farm6.staticflickr.com/5573/14979461011_bb70bc2fd2_z.jpg,4,1
sadness,http://farm5.staticflickr.com/4048/4345641074_7ef36569c8_z.jpg,3,2
sadness,http://farm4.staticflickr.com/3249/2901950753_bc15610d69_z.jpg,3,2
sadness,http://farm3.staticflickr.com/2755/4455104014_688b9252ff_z.jpg,5,0
sadness,http://farm6.staticflickr.com/5132/5506959473_35c7b6a724_z.jpg,4,1
sadness,http://farm4.staticflickr.com/3860/14943444809_efe5d29143_z.jpg,1,4
sadness,http://farm9.staticflickr.com/8308/7902372936_a1ab57c4af_z.jpg,4,1
sadness,http://farm4.staticflickr.com/3669/9522142455_616275c540_z.jpg,0,5
sadness,http://farm9.staticflickr.com/8504/8421897591_dc4e88bb57_z.jpg,0,5
sadness,http://farm8.staticflickr.com/7264/6979197580_c16824520c_z.jpg,5,0
sadness,http://farm7.staticflickr.com/6110/6221634169_6e6fe7704c_z.jpg,0,5
sadness,http://farm9.staticflickr.com/8260/8661910758_466acf88f0_z.jpg,4,1
sadness,http://farm4.staticflickr.com/3583/5717740774_2e552a0fa6_z.jpg,5,0
sadness,http://farm4.staticflickr.com/3619/3679323294_199e4085bd_z.jpg,3,2
sadness,http://farm7.staticflickr.com/6183/6062343498_09a51864f4_z.jpg,3,2
sadness,http://farm2.staticflickr.com/1326/4600819228_1e4ae2dcec_z.jpg,4,1
sadness,http://farm8.staticflickr.com/7115/8154531721_6221661ff4_z.jpg,5,0
sadness,http://farm8.staticflickr.com/7029/6703712111_8cd0f54647_z.jpg,0,5
sadness,http://farm4.staticflickr.com/3085/2490303271_b0ef9ac1f5_z.jpg,5,0
sadness,http://farm6.staticflickr.com/5095/5406343533_4e82caf990_z.jpg,2,3
sadness,http://farm8.staticflickr.com/7016/6655159733_0b0cd3c202_z.jpg,2,3
sadness,http://farm4.staticflickr.com/3722/11948225583_12be5e2bd4_z.jpg,0,5
sadness,http://farm6.staticflickr.com/5062/5875560610_4e5ab2a6a6_z.jpg,5,0
sadness,http://farm3.staticflickr.com/2471/3837022837_9742e08579_z.jpg,5,0
sadness,http://farm5.staticflickr.com/4138/4819975084_e9ded68c9c_z.jpg,4,1
sadness,http://farm8.staticflickr.com/7479/15433162473_5a27b25a47_z.jpg,4,1
sadness,http://farm4.staticflickr.com/3929/15456966672_cb91acf2df_z.jpg,5,0
sadness,http://farm2.staticflickr.com/1434/4729969932_1ba2bbb1bc_z.jpg,3,2
sadness,http://farm4.staticflickr.com/3344/3529806443_be1030cd89_z.jpg,5,0
sadness,http://farm7.staticflickr.com/6160/6195419530_ab1d9d524c_z.jpg,5,0
sadness,http://farm4.staticflickr.com/3107/5873206974_12c8004061_z.jpg,5,0
sadness,http://farm6.staticflickr.com/5498/10931038033_d479882ae1_z.jpg,5,0
sadness,http://farm4.staticflickr.com/3158/5712528152_00d30aa22c_z.jpg,5,0
sadness,http://farm8.staticflickr.com/7091/7388916052_c6e52691e2_z.jpg,5,0
sadness,http://farm8.staticflickr.com/7323/9684358877_c4bd8a7b8e_z.jpg,5,0
sadness,http://farm8.staticflickr.com/7160/6687240971_28e5a8aa11_z.jpg,5,0
sadness,http://farm3.staticflickr.com/2352/2480854339_36e52655f7_z.jpg,5,0
sadness,http://farm8.staticflickr.com/7519/15229787863_00ab517269_z.jpg,2,3
sadness,http://farm8.staticflickr.com/7174/6470277933_8bd6c05ed8_z.jpg,4,1
sadness,http://farm8.staticflickr.com/7081/7050946759_95d127da23_z.jpg,0,5
sadness,http://farm4.staticflickr.com/3574/3649732431_31181f758b_z.jpg,3,2
sadness,http://farm5.staticflickr.com/4097/4907642746_c8652b1700_z.jpg,1,4
sadness,http://farm4.staticflickr.com/3254/3031078952_8863cfcbc2_z.jpg,5,0
sadness,http://farm8.staticflickr.com/7268/7840276644_35dd4b7ce9_z.jpg,4,1
sadness,http://farm4.staticflickr.com/3793/11970725365_18a42c5126_z.jpg,5,0
sadness,http://farm7.staticflickr.com/6056/5915180856_972283b52c_z.jpg,2,3
sadness,http://farm5.staticflickr.com/4050/4238801923_403dcc0ed5_z.jpg,1,4
sadness,http://farm9.staticflickr.com/8230/8506025211_0a8904e3dc_z.jpg,0,5
sadness,http://farm3.staticflickr.com/2823/11646362854_0dae069118_z.jpg,5,0
sadness,http://farm7.staticflickr.com/6014/5916872275_12e7714d92_z.jpg,5,0
sadness,http://farm5.staticflickr.com/4105/5040059802_571d12400d_z.jpg,4,1
sadness,http://farm3.staticflickr.com/2914/14458789336_4dfbeb4cb2_z.jpg,2,3
sadness,http://farm4.staticflickr.com/3893/14857601327_c58059561f_z.jpg,5,0
sadness,http://farm4.staticflickr.com/3771/9082654943_83cd712b6c_z.jpg,5,0
sadness,http://farm8.staticflickr.com/7288/9189308881_907bbf1ae4_z.jpg,4,1
sadness,http://farm8.staticflickr.com/7192/6783641136_290814df6f_z.jpg,5,0
sadness,http://farm6.staticflickr.com/5228/5565619508_229a1df578_z.jpg,1,4
sadness,http://farm3.staticflickr.com/2942/15219133108_2f7227c857_z.jpg,5,0
sadness,http://farm8.staticflickr.com/7414/10845354423_0868c7275b_z.jpg,4,1
sadness,http://farm8.staticflickr.com/7016/6567060307_39a054e6d3_z.jpg,4,1
sadness,http://farm4.staticflickr.com/3226/2667018558_a128a19e67_z.jpg,5,0
sadness,http://farm4.staticflickr.com/3056/5816306814_9a116e0266_z.jpg,1,4
sadness,http://farm2.staticflickr.com/1196/5107634270_3f4024a5c8_z.jpg,4,1
sadness,http://farm6.staticflickr.com/5018/5456779234_fc39861394_z.jpg,1,4
sadness,http://farm4.staticflickr.com/3723/12790629804_dc382569eb_z.jpg,5,0
sadness,http://farm4.staticflickr.com/3203/2904313384_29545007b3_z.jpg,3,2
sadness,http://farm6.staticflickr.com/5268/5768835899_6709312b2e_z.jpg,5,0
sadness,http://farm9.staticflickr.com/8036/7976923654_4c5a8e7c92_z.jpg,5,0
sadness,http://farm8.staticflickr.com/7200/6922523804_bb0d26af05_z.jpg,2,3
sadness,http://farm4.staticflickr.com/3667/8889406736_16709511bc_z.jpg,5,0
sadness,http://farm8.staticflickr.com/7098/13962126231_1eab00c758_z.jpg,5,0
sadness,http://farm8.staticflickr.com/7530/15658939158_2f764b76d0_z.jpg,5,0
sadness,http://farm4.staticflickr.com/3823/10426941814_6e084535ec_z.jpg,3,2
sadness,http://farm6.staticflickr.com/5002/5319448692_f738af0eca_z.jpg,2,3
sadness,http://farm4.staticflickr.com/3698/12265969826_bbb7b51bf0_z.jpg,4,1
sadness,http://farm4.staticflickr.com/3839/15212207138_7b9bd299f4_z.jpg,4,1
sadness,http://farm6.staticflickr.com/5576/14626797748_5fcd7f0597_z.jpg,1,4
sadness,http://farm4.staticflickr.com/3064/3064258358_4f3635e68c_z.jpg,4,1
sadness,http://farm5.staticflickr.com/4140/4794711785_618412f8b9_z.jpg,2,3
sadness,http://farm9.staticflickr.com/8086/8429192594_f383881711_z.jpg,1,4
sadness,http://farm3.staticflickr.com/2937/14497195262_824911617e_z.jpg,0,5
sadness,http://farm6.staticflickr.com/5571/14700171369_093a4de2a3_z.jpg,5,0
sadness,http://farm4.staticflickr.com/3662/3585064808_18dc5b0c30_z.jpg,5,0
sadness,http://farm3.staticflickr.com/2890/9776509586_efeec25c0d_z.jpg,4,1
sadness,http://farm8.staticflickr.com/7021/6505191449_9230f87cc6_z.jpg,4,1
sadness,http://farm6.staticflickr.com/5148/5701186945_9aa7069fe2_z.jpg,1,4
sadness,http://farm8.staticflickr.com/7156/6824826909_3430c270f9_z.jpg,5,0
sadness,http://farm9.staticflickr.com/8507/8380266401_0bcc59e50c_z.jpg,4,1
sadness,http://farm9.staticflickr.com/8093/8457287458_701b1521ca_z.jpg,4,1
sadness,http://farm4.staticflickr.com/3604/3648462908_e43a3af6a7_z.jpg,3,2
sadness,http://farm7.staticflickr.com/6197/6145831434_4b1c31274c_z.jpg,5,0
sadness,http://farm3.staticflickr.com/2424/3584089175_e179674040_z.jpg,5,0
sadness,http://farm3.staticflickr.com/2724/4384741783_ce873b87da_z.jpg,1,4
sadness,http://farm4.staticflickr.com/3803/13677435154_a15b552b1d_z.jpg,4,1
sadness,http://farm6.staticflickr.com/5286/5371431746_c54711b299_z.jpg,1,4
sadness,http://farm3.staticflickr.com/2663/4105865489_5e2f3303c8_z.jpg,3,2
sadness,http://farm8.staticflickr.com/7491/15551459933_9460b7de7f_z.jpg,4,1
sadness,http://farm4.staticflickr.com/3711/11803607715_aa0f0d632d_z.jpg,4,1
sadness,http://farm4.staticflickr.com/3720/13219690173_c1f1f75a9f_z.jpg,5,0
sadness,http://farm8.staticflickr.com/7153/6667049633_6a7f8c1944_z.jpg,5,0
sadness,http://farm7.staticflickr.com/6114/6223247477_5336c39d74_z.jpg,5,0
sadness,http://farm4.staticflickr.com/3148/3085236955_7f6823714e_z.jpg,3,2
sadness,http://farm3.staticflickr.com/2864/13717303883_7b8e6136a9_z.jpg,3,2
sadness,http://farm9.staticflickr.com/8045/8081165770_582affa685_z.jpg,2,3
sadness,http://farm4.staticflickr.com/3110/2720130677_87398e3cb0_z.jpg,2,3
sadness,http://farm6.staticflickr.com/5561/14726873676_6eb4a27104_z.jpg,5,0
sadness,http://farm6.staticflickr.com/5520/12272345116_404818c20d_z.jpg,4,1
sadness,http://farm8.staticflickr.com/7514/15785829909_d46fdcb7cd_z.jpg,5,0
sadness,http://farm8.staticflickr.com/7373/12501994745_de2552eca1_z.jpg,4,1
sadness,http://farm4.staticflickr.com/3708/9452795228_3b00b004dc_z.jpg,4,1
sadness,http://farm5.staticflickr.com/4018/4448985776_c0781c75ba_z.jpg,1,4
sadness,http://farm5.staticflickr.com/4142/4909508140_0ed305f6fb_z.jpg,3,2
sadness,http://farm5.staticflickr.com/4051/4236679666_aecf484541_z.jpg,3,2
sadness,http://farm6.staticflickr.com/5129/5240142418_94db0f7169_z.jpg,1,4
sadness,http://farm8.staticflickr.com/7053/6993783219_bd15fa6490_z.jpg,1,4
sadness,http://farm3.staticflickr.com/2617/4034177096_5888247c17_z.jpg,0,5
sadness,http://farm9.staticflickr.com/8504/8305623523_f24089910d_z.jpg,4,1
sadness,http://farm4.staticflickr.com/3848/15184307822_c00dd8859a_z.jpg,5,0
sadness,http://farm9.staticflickr.com/8280/15821491315_3d0114d09b_z.jpg,5,0
sadness,http://farm6.staticflickr.com/5290/5312339706_276b2e4e11_z.jpg,0,5
sadness,http://farm9.staticflickr.com/8045/8119393705_dc7ebcb736_z.jpg,2,3
sadness,http://farm7.staticflickr.com/6076/6126948940_8d6f7e288f_z.jpg,2,3
sadness,http://farm4.staticflickr.com/3868/14594475322_b80b5870a2_z.jpg,5,0
sadness,http://farm6.staticflickr.com/5055/5408809074_258deed676_z.jpg,4,1
sadness,http://farm3.staticflickr.com/2905/13924131492_f340b0f9b6_z.jpg,4,1
sadness,http://farm4.staticflickr.com/3541/5716557918_46c59be163_z.jpg,5,0
sadness,http://farm9.staticflickr.com/8388/8683220715_4bb7dd62e6_z.jpg,1,4
sadness,http://farm8.staticflickr.com/7017/6483497893_744c153647_z.jpg,5,0
sadness,http://farm9.staticflickr.com/8115/8660979814_89c2294257_z.jpg,3,2
sadness,http://farm9.staticflickr.com/8056/8100333848_e495d240b7_z.jpg,5,0
sadness,http://farm4.staticflickr.com/3348/3637172934_e958130ea8_z.jpg,3,2
sadness,http://farm6.staticflickr.com/5272/5883433224_d5902c3771_z.jpg,5,0
sadness,http://farm6.staticflickr.com/5464/9261884109_00c948dfa4_z.jpg,3,2
sadness,http://farm4.staticflickr.com/3198/2720997317_cec7a3582e_z.jpg,1,4
sadness,http://farm9.staticflickr.com/8011/7356295658_c810209e1d_z.jpg,2,3
sadness,http://farm9.staticflickr.com/8232/8511120946_8755cba2a1_z.jpg,0,5
sadness,http://farm7.staticflickr.com/6135/6033633088_9687c16071_z.jpg,4,1
sadness,http://farm6.staticflickr.com/5182/5664072700_de50a285d0_z.jpg,3,2
sadness,http://farm4.staticflickr.com/3428/3350566532_b59f2ed18e_z.jpg,3,2
sadness,http://farm6.staticflickr.com/5214/5419855756_52da4c12b0_z.jpg,4,1
sadness,http://farm4.staticflickr.com/3784/12622790395_d366e99e02_z.jpg,4,1
sadness,http://farm5.staticflickr.com/4065/4219549701_1c2bc7ca44_z.jpg,2,3
sadness,http://farm3.staticflickr.com/2455/3882220987_c83796eb5c_z.jpg,5,0
sadness,http://farm8.staticflickr.com/7347/9503599163_10cac309b6_z.jpg,5,0
sadness,http://farm8.staticflickr.com/7415/10137081826_a8d20785a3_z.jpg,1,4
sadness,http://farm4.staticflickr.com/3770/13660833424_deb1a95573_z.jpg,4,1
sadness,http://farm9.staticflickr.com/8474/8365900065_d556bf1185_z.jpg,0,5
sadness,http://farm6.staticflickr.com/5586/15322758641_4de857eaae_z.jpg,5,0
sadness,http://farm7.staticflickr.com/6031/6384896387_73c36ae279_z.jpg,0,5
sadness,http://farm5.staticflickr.com/4073/4805976959_0bc79f1081_z.jpg,0,5
sadness,http://farm4.staticflickr.com/3713/11632606236_904c6b4e14_z.jpg,3,2
sadness,http://farm3.staticflickr.com/2735/4305961621_dce900b450_z.jpg,5,0
sadness,http://farm4.staticflickr.com/3655/3489753718_6c0c2902f8_z.jpg,5,0
sadness,http://farm7.staticflickr.com/6020/5948992027_a51730c386_z.jpg,4,1
sadness,http://farm3.staticflickr.com/2843/9546551653_17631dc3ea_z.jpg,4,1
sadness,http://farm9.staticflickr.com/8097/8379256368_25503f448c_z.jpg,1,4
sadness,http://farm4.staticflickr.com/3694/9883967944_50531cd9ce_z.jpg,5,0
sadness,http://farm8.staticflickr.com/7375/14041853955_f6d2a1d163_z.jpg,5,0
sadness,http://farm6.staticflickr.com/5586/15029830262_6805a9209e_z.jpg,1,4
sadness,http://farm4.staticflickr.com/3711/12765968005_debf2a2071_z.jpg,5,0
sadness,http://farm8.staticflickr.com/7374/9755565791_99332d398d_z.jpg,5,0
sadness,http://farm9.staticflickr.com/8307/7980657144_fccd779a6b_z.jpg,5,0
sadness,http://farm4.staticflickr.com/3871/14833732204_bcbc67e5a2_z.jpg,5,0
sadness,http://farm6.staticflickr.com/5226/5684835099_1b794cd626_z.jpg,3,2
sadness,http://farm4.staticflickr.com/3332/3424204958_60f0aa658d_z.jpg,5,0
sadness,http://farm9.staticflickr.com/8123/8606729894_09b2778eca_z.jpg,5,0
sadness,http://farm8.staticflickr.com/7182/7118985973_01d1306145_z.jpg,5,0
sadness,http://farm8.staticflickr.com/7197/6893431796_ccd50c1f27_z.jpg,3,2
sadness,http://farm8.staticflickr.com/7212/13554011434_3fa6a00d42_z.jpg,4,1
sadness,http://farm9.staticflickr.com/8346/8225708520_5700a0f7c1_z.jpg,5,0
sadness,http://farm3.staticflickr.com/2618/3864889414_1252896852_z.jpg,4,1
sadness,http://farm8.staticflickr.com/7184/6913223895_22dca2076a_z.jpg,4,1
sadness,http://farm9.staticflickr.com/8163/6959127270_f1a4ce138f_z.jpg,0,5
sadness,http://farm3.staticflickr.com/2946/15405443305_b5f50391b0_z.jpg,5,0
sadness,http://farm5.staticflickr.com/4009/4280014524_78a6c3fa2e_z.jpg,3,2
sadness,http://farm4.staticflickr.com/3022/3000033751_d6f50947f6_z.jpg,4,1
sadness,http://farm6.staticflickr.com/5064/5602023452_205274876d_z.jpg,2,3
sadness,http://farm5.staticflickr.com/4082/4814299389_9a9f57a2aa_z.jpg,3,2
sadness,http://farm3.staticflickr.com/2844/8756444380_c7f42559cf_z.jpg,4,1
sadness,http://farm9.staticflickr.com/8496/8326414378_bbef26958d_z.jpg,5,0
sadness,http://farm3.staticflickr.com/2807/13667349975_73fee42e2b_z.jpg,5,0
sadness,http://farm4.staticflickr.com/3431/3732627459_60d52f03e6_z.jpg,1,4
sadness,http://farm3.staticflickr.com/2133/5780149740_311d7d4023_z.jpg,0,5
sadness,http://farm9.staticflickr.com/8366/8525434019_0d0f96cc3e_z.jpg,2,3
sadness,http://farm8.staticflickr.com/7103/7207745886_55dcb83194_z.jpg,2,3
sadness,http://farm3.staticflickr.com/2830/10013628615_f99485d64d_z.jpg,2,3
sadness,http://farm4.staticflickr.com/3119/5872912990_4f18d2f59b_z.jpg,3,2
sadness,http://farm6.staticflickr.com/5048/5304447323_ea34c6e575_z.jpg,0,5
sadness,http://farm9.staticflickr.com/8101/8642273698_07f815c9f6_z.jpg,5,0
sadness,http://farm2.staticflickr.com/1101/5112194972_3eff67037b_z.jpg,5,0
sadness,http://farm4.staticflickr.com/3817/11454480314_b47a3455a8_z.jpg,1,4
sadness,http://farm4.staticflickr.com/3716/8958736134_54f23cc361_z.jpg,2,3
sadness,http://farm3.staticflickr.com/2517/4018956500_b3f2c7b9ac_z.jpg,2,3
sadness,http://farm3.staticflickr.com/2448/3650175528_9dafd1a112_z.jpg,4,1
sadness,http://farm8.staticflickr.com/7574/15356482343_c0198eb43e_z.jpg,0,5
sadness,http://farm9.staticflickr.com/8570/16167743071_5e88b4cee5_z.jpg,5,0
sadness,http://farm8.staticflickr.com/7196/6965504749_beb54046fe_z.jpg,5,0
sadness,http://farm9.staticflickr.com/8200/8269226024_1986477155_z.jpg,4,1
sadness,http://farm6.staticflickr.com/5571/14827311528_e04e7ed6af_z.jpg,5,0
sadness,http://farm4.staticflickr.com/3522/3714563386_5df7c26298_z.jpg,5,0
sadness,http://farm9.staticflickr.com/8380/8585017615_908b7d12ed_z.jpg,1,4
sadness,http://farm4.staticflickr.com/3110/2879478323_3d2f0bed60_z.jpg,5,0
sadness,http://farm9.staticflickr.com/8019/6956547718_5df35f9302_z.jpg,5,0
sadness,http://farm5.staticflickr.com/4068/4438301454_ac1b6a43b9_z.jpg,1,4
sadness,http://farm4.staticflickr.com/3582/3312066496_394842aea0_z.jpg,5,0
sadness,http://farm3.staticflickr.com/2580/3816616816_063ddaa465_z.jpg,1,4
sadness,http://farm4.staticflickr.com/3818/14275355106_7bd029a209_z.jpg,5,0
sadness,http://farm5.staticflickr.com/4046/4634255496_e0149b3cb2_z.jpg,5,0
sadness,http://farm4.staticflickr.com/3835/14596813959_76ee11af31_z.jpg,5,0
sadness,http://farm8.staticflickr.com/7323/11441119924_bdb7ed6fec_z.jpg,4,1
sadness,http://farm4.staticflickr.com/3943/15755542612_312b2371fd_z.jpg,5,0
sadness,http://farm5.staticflickr.com/4078/4861484416_420c2049a8_z.jpg,3,2
sadness,http://farm8.staticflickr.com/7162/6645916199_4df9a20e5f_z.jpg,2,3
sadness,http://farm8.staticflickr.com/7050/6953064899_467f6d44f6_z.jpg,3,2
sadness,http://farm4.staticflickr.com/3139/2963899549_e1874a77f2_z.jpg,4,1
sadness,http://farm9.staticflickr.com/8334/8115759139_ac7ab6e44d_z.jpg,0,5
sadness,http://farm4.staticflickr.com/3272/2506902307_c3496a9b16_z.jpg,3,2
sadness,http://farm4.staticflickr.com/3558/3668884411_bd2b3a89b9_z.jpg,4,1
sadness,http://farm4.staticflickr.com/3130/3146380214_917034d8dc_z.jpg,2,3
sadness,http://farm9.staticflickr.com/8533/8635994182_ffa79cb2d6_z.jpg,5,0
sadness,http://farm3.staticflickr.com/2876/9393115058_b4555b9812_z.jpg,5,0
sadness,http://farm6.staticflickr.com/5564/14843639407_a333212f66_z.jpg,2,3
sadness,http://farm4.staticflickr.com/3034/2448347099_c5e6a1dab7_z.jpg,4,1
sadness,http://farm6.staticflickr.com/5224/5587849209_9cfca874dd_z.jpg,0,5
sadness,http://farm3.staticflickr.com/2528/3896519892_6cf6094a62_z.jpg,5,0
sadness,http://farm6.staticflickr.com/5282/5374614525_ac8e58b8d4_z.jpg,1,4
sadness,http://farm5.staticflickr.com/4081/4922547308_df9e9164ce_z.jpg,1,4
sadness,http://farm3.staticflickr.com/2066/13047953145_619b76de85_z.jpg,2,3
sadness,http://farm8.staticflickr.com/7408/9668828500_08a18dcc37_z.jpg,3,2
sadness,http://farm7.staticflickr.com/6199/6116805341_71b202c2b1_z.jpg,5,0
sadness,http://farm5.staticflickr.com/4052/4656462485_bbc81dcfc2_z.jpg,4,1
sadness,http://farm6.staticflickr.com/5550/9955197986_ee1919fae4_z.jpg,4,1
sadness,http://farm9.staticflickr.com/8347/8240918415_3103b5c485_z.jpg,0,5
sadness,http://farm6.staticflickr.com/5104/5776968946_95ab6fcc43_z.jpg,3,2
sadness,http://farm2.staticflickr.com/1341/5135002794_6d49df7836_z.jpg,5,0
sadness,http://farm3.staticflickr.com/2695/4370634357_24b8e4277a_z.jpg,0,5
sadness,http://farm6.staticflickr.com/5023/5684255393_067d3345d0_z.jpg,3,2
sadness,http://farm8.staticflickr.com/7225/7402169626_393288efee_z.jpg,1,4
sadness,http://farm3.staticflickr.com/2645/5712534300_d28f15d745_z.jpg,5,0
sadness,http://farm4.staticflickr.com/3291/2366954358_3f1034ea03_z.jpg,1,4
sadness,http://farm5.staticflickr.com/4116/4754830942_c303accdd4_z.jpg,1,4
sadness,http://farm4.staticflickr.com/3563/3576413803_c61ff16b2b_z.jpg,1,4
sadness,http://farm6.staticflickr.com/5081/5364734918_79120fed5f_z.jpg,5,0
sadness,http://farm3.staticflickr.com/2893/12575054754_77ee402839_z.jpg,4,1
sadness,http://farm4.staticflickr.com/3299/3431439744_5e8f0e2e57_z.jpg,5,0
sadness,http://farm4.staticflickr.com/3927/15382768406_ea43347643_z.jpg,5,0
sadness,http://farm9.staticflickr.com/8299/7840116388_95d2814a12_z.jpg,3,2
sadness,http://farm3.staticflickr.com/2793/4094245140_fff0b6863c_z.jpg,5,0
sadness,http://farm4.staticflickr.com/3813/13563717475_0be0fc3f60_z.jpg,2,3
sadness,http://farm6.staticflickr.com/5157/14025599698_7756a9c2b0_z.jpg,5,0
sadness,http://farm4.staticflickr.com/3221/3065765064_286d68755e_z.jpg,2,3
sadness,http://farm9.staticflickr.com/8354/8335015412_556bc8da81_z.jpg,3,2
sadness,http://farm8.staticflickr.com/7339/11815157216_eb27ca335f_z.jpg,5,0
sadness,http://farm6.staticflickr.com/5309/5600802318_a75c4a29c5_z.jpg,4,1
sadness,http://farm4.staticflickr.com/3144/2509281017_01c7bf6e44_z.jpg,5,0
sadness,http://farm3.staticflickr.com/2059/5749075279_58ce4afa24_z.jpg,4,1
sadness,http://farm3.staticflickr.com/2053/2740345992_d666f7a468_z.jpg,1,4
sadness,http://farm4.staticflickr.com/3726/10111997256_cc148b5a0e_z.jpg,5,0
sadness,http://farm6.staticflickr.com/5609/15605940246_6d00da7de8_z.jpg,5,0
sadness,http://farm8.staticflickr.com/7281/8736972384_85afe8481f_z.jpg,5,0
sadness,http://farm9.staticflickr.com/8211/8263176870_22c362ecba_z.jpg,3,2
sadness,http://farm6.staticflickr.com/5328/8881903251_6e5fe235f7_z.jpg,5,0
sadness,http://farm4.staticflickr.com/3724/8855571958_705fecca1f_z.jpg,3,2
sadness,http://farm6.staticflickr.com/5085/5370985335_de9fd97080_z.jpg,2,3
sadness,http://farm3.staticflickr.com/2945/15492280951_c089e2c306_z.jpg,4,1
sadness,http://farm3.staticflickr.com/2525/4142369446_9b702b9b89_z.jpg,1,4
sadness,http://farm8.staticflickr.com/7331/14008688149_0672ff01be_z.jpg,5,0
sadness,http://farm3.staticflickr.com/2175/5699167107_66864430c8_z.jpg,5,0
sadness,http://farm4.staticflickr.com/3680/11082850333_2d3ee9ef28_z.jpg,3,1
sadness,http://farm5.staticflickr.com/4098/4738470624_438043db4e_z.jpg,3,2
sadness,http://farm4.staticflickr.com/3319/3581762554_080d53f41e_z.jpg,5,0
sadness,http://farm4.staticflickr.com/3627/5781674377_233f308014_z.jpg,5,0
sadness,http://farm4.staticflickr.com/3131/3195799881_c9e2740624_z.jpg,3,2
sadness,http://farm5.staticflickr.com/4019/4658602895_8e54015e4a_z.jpg,5,0
sadness,http://farm8.staticflickr.com/7345/12223808933_2a211fa0e9_z.jpg,3,2
sadness,http://farm6.staticflickr.com/5134/5587984155_f35cd67a55_z.jpg,3,2
sadness,http://farm4.staticflickr.com/3028/3075719336_e1f2ba0768_z.jpg,4,1
sadness,http://farm3.staticflickr.com/2322/2194379116_a3a01406cc_z.jpg,2,3
sadness,http://farm5.staticflickr.com/4139/4815349119_7c68fe0770_z.jpg,5,0
sadness,http://farm4.staticflickr.com/3083/2349056426_caa0cb62c8_z.jpg,4,1
sadness,http://farm4.staticflickr.com/3756/10983143663_99dcbe9839_z.jpg,2,3
sadness,http://farm5.staticflickr.com/4119/4811829909_a800e7f71b_z.jpg,3,2
sadness,http://farm5.staticflickr.com/4109/5452811226_c58a6ecd1c_z.jpg,0,5
sadness,http://farm8.staticflickr.com/7436/13092553124_a078060916_z.jpg,2,3
sadness,http://farm4.staticflickr.com/3956/15355643830_8381fa7424_z.jpg,0,5
sadness,http://farm8.staticflickr.com/7335/10642008305_6ef69f3379_z.jpg,1,4
sadness,http://farm4.staticflickr.com/3852/15263930511_1e73b242cd_z.jpg,1,4
sadness,http://farm4.staticflickr.com/3831/9463464209_b775fc0f4e_z.jpg,5,0
sadness,http://farm6.staticflickr.com/5147/5649226734_8dc5a6d8d5_z.jpg,5,0
sadness,http://farm4.staticflickr.com/3280/5859657666_91a11f49a9_z.jpg,4,1
sadness,http://farm8.staticflickr.com/7016/6465146071_07e2827469_z.jpg,5,0
sadness,http://farm9.staticflickr.com/8144/7659864856_6f4e0f1809_z.jpg,5,0
sadness,http://farm9.staticflickr.com/8300/7768954760_a230871553_z.jpg,5,0
sadness,http://farm6.staticflickr.com/5568/14872027605_616517aa82_z.jpg,4,1
sadness,http://farm6.staticflickr.com/5087/5329668047_a26d237a48_z.jpg,5,0
sadness,http://farm9.staticflickr.com/8638/15490815634_023385e440_z.jpg,5,0
sadness,http://farm6.staticflickr.com/5145/5689665652_bd817efd64_z.jpg,3,2
sadness,http://farm5.staticflickr.com/4086/4961564837_e66f13d7fc_z.jpg,0,5
sadness,http://farm8.staticflickr.com/7476/15836656167_9590462f68_z.jpg,3,2
sadness,http://farm9.staticflickr.com/8471/8380016216_70fb137543_z.jpg,5,0
sadness,http://farm6.staticflickr.com/5107/5889906982_92974c76fd_z.jpg,5,0
sadness,http://farm4.staticflickr.com/3410/3628383115_84ef0f54a0_z.jpg,3,2
sadness,http://farm6.staticflickr.com/5520/9480512716_be21824f22_z.jpg,3,2
sadness,http://farm6.staticflickr.com/5133/5408808000_29f56a4156_z.jpg,1,4
sadness,http://farm6.staticflickr.com/5116/5871897182_cae9eb24e8_z.jpg,4,1
sadness,http://farm9.staticflickr.com/8022/7662925840_60e3527c3b_z.jpg,5,0
sadness,http://farm8.staticflickr.com/7391/9810418055_0d22951c84_z.jpg,5,0
sadness,http://farm7.staticflickr.com/6140/5955120413_8ba16aaf30_z.jpg,5,0
sadness,http://farm3.staticflickr.com/2853/12727921423_db69393c6d_z.jpg,2,3
sadness,http://farm9.staticflickr.com/8402/8625427086_1d84193f85_z.jpg,2,3
sadness,http://farm9.staticflickr.com/8421/7746087608_c78b518c3d_z.jpg,5,0
sadness,http://farm7.staticflickr.com/6111/6303079321_746e0aa338_z.jpg,5,0
sadness,http://farm4.staticflickr.com/3956/15679625615_fc17d942ec_z.jpg,4,1
sadness,http://farm6.staticflickr.com/5565/15136001269_de0e26875f_z.jpg,0,5
sadness,http://farm3.staticflickr.com/2896/14335747864_6096c4f1cf_z.jpg,2,3
sadness,http://farm9.staticflickr.com/8537/8633393943_1c193f44a0_z.jpg,5,0
sadness,http://farm8.staticflickr.com/7179/6821189770_971697e259_z.jpg,3,2
sadness,http://farm5.staticflickr.com/4147/5026751105_3740488b3b_z.jpg,2,3
sadness,http://farm4.staticflickr.com/3612/3380104515_8ec6373e68_z.jpg,4,1
sadness,http://farm4.staticflickr.com/3671/9568565727_53b64ce5b5_z.jpg,5,0
sadness,http://farm8.staticflickr.com/7366/14084852702_af5a7a4253_z.jpg,0,5
sadness,http://farm8.staticflickr.com/7542/15985169516_39d049ed77_z.jpg,5,0
sadness,http://farm5.staticflickr.com/4106/4843482156_225bb827f3_z.jpg,0,5
sadness,http://farm8.staticflickr.com/7255/7614116072_ece206a81b_z.jpg,3,2
sadness,http://farm3.staticflickr.com/2642/4027243697_c74a24bf79_z.jpg,5,0
sadness,http://farm4.staticflickr.com/3278/2758294819_2b0099e51c_z.jpg,2,3
sadness,http://farm6.staticflickr.com/5588/14590185116_f42f314d24_z.jpg,4,1
sadness,http://farm4.staticflickr.com/3916/14659407265_0209518380_z.jpg,3,2
sadness,http://farm8.staticflickr.com/7435/13967501359_96ef6dd825_z.jpg,2,3
sadness,http://farm9.staticflickr.com/8467/8362129394_1a90fc8b06_z.jpg,5,0
sadness,http://farm8.staticflickr.com/7189/6857552775_61ed692cc1_z.jpg,0,5
sadness,http://farm4.staticflickr.com/3035/3038244214_1ffd5d8535_z.jpg,1,4
sadness,http://farm6.staticflickr.com/5489/10848038286_6aa8503134_z.jpg,2,3
sadness,http://farm4.staticflickr.com/3253/2280832187_4802e7a1d6_z.jpg,4,1
sadness,http://farm7.staticflickr.com/6065/6033454100_da138fc565_z.jpg,5,0
sadness,http://farm5.staticflickr.com/4016/4485748622_2cde3e5d89_z.jpg,3,2
sadness,http://farm9.staticflickr.com/8568/15905915515_d2c607329a_z.jpg,3,2
sadness,http://farm6.staticflickr.com/5070/5602827344_ab21c389cd_z.jpg,4,1
sadness,http://farm4.staticflickr.com/3844/14388609730_d2dc01a0c5_z.jpg,5,0
sadness,http://farm6.staticflickr.com/5511/9359055124_d1c9260140_z.jpg,5,0
sadness,http://farm3.staticflickr.com/2897/14355318885_02028bbe70_z.jpg,1,4
sadness,http://farm4.staticflickr.com/3668/12121017123_b5aae77d63_z.jpg,2,3
sadness,http://farm4.staticflickr.com/3910/14784266612_638217de0f_z.jpg,5,0
sadness,http://farm9.staticflickr.com/8517/8370830729_a8b6573c05_z.jpg,5,0
sadness,http://farm9.staticflickr.com/8582/16111212021_61ccf20d6f_z.jpg,4,1
sadness,http://farm2.staticflickr.com/1437/5122657344_912b61fa54_z.jpg,5,0
sadness,http://farm8.staticflickr.com/7383/9457672742_55eca76b49_z.jpg,3,2
sadness,http://farm7.staticflickr.com/6034/6275871682_a94ed205ce_z.jpg,5,0
sadness,http://farm4.staticflickr.com/3763/9234405981_0386a7d3a1_z.jpg,0,5
sadness,http://farm6.staticflickr.com/5176/5566148828_75fec1467b_z.jpg,5,0
sadness,http://farm6.staticflickr.com/5583/14752374297_c77062f39d_z.jpg,1,4
sadness,http://farm4.staticflickr.com/3260/3152307308_66a7abd988_z.jpg,5,0
sadness,http://farm4.staticflickr.com/3851/14756427506_48b71b4dac_z.jpg,4,1
sadness,http://farm4.staticflickr.com/3489/3984743278_5718a03f38_z.jpg,5,0
sadness,http://farm9.staticflickr.com/8201/8234516322_4cf5c44b78_z.jpg,4,1
sadness,http://farm4.staticflickr.com/3729/9084876406_f46986e2a1_z.jpg,5,0
sadness,http://farm7.staticflickr.com/6003/6013550526_f8303e3372_z.jpg,5,0
sadness,http://farm8.staticflickr.com/7157/6478264549_cb778b499a_z.jpg,2,3
sadness,http://farm8.staticflickr.com/7451/9371317338_08ca27a3be_z.jpg,5,0
sadness,http://farm8.staticflickr.com/7441/12656457223_3667a313cc_z.jpg,5,0
sadness,http://farm9.staticflickr.com/8528/8635970800_359a4837f1_z.jpg,0,5
sadness,http://farm3.staticflickr.com/2253/2246388017_560df4e02c_z.jpg,0,5
sadness,http://farm8.staticflickr.com/7031/6773593405_92471cf5c4_z.jpg,5,0
sadness,http://farm4.staticflickr.com/3293/2795763779_6a98680997_z.jpg,1,4
sadness,http://farm5.staticflickr.com/4013/4712153373_7c1a435062_z.jpg,2,3
sadness,http://farm3.staticflickr.com/2333/2407264358_3f3f44e9a6_z.jpg,1,4
sadness,http://farm6.staticflickr.com/5213/5519480185_116ce6cc27_z.jpg,5,0
sadness,http://farm4.staticflickr.com/3281/3029948478_807af3575d_z.jpg,5,0
sadness,http://farm4.staticflickr.com/3716/9803410906_a8d6855e44_z.jpg,2,3
sadness,http://farm9.staticflickr.com/8204/8212064365_5f13d44571_z.jpg,2,3
sadness,http://farm8.staticflickr.com/7421/12102966515_125bf807fa_z.jpg,5,0
sadness,http://farm6.staticflickr.com/5054/5491973881_acba4947d5_z.jpg,5,0
sadness,http://farm4.staticflickr.com/3169/3016831461_fc3355885f_z.jpg,1,4
sadness,http://farm4.staticflickr.com/3478/3266227451_25b08e9fe7_z.jpg,4,1
sadness,http://farm7.staticflickr.com/6083/6158509357_e855d78676_z.jpg,4,1
sadness,http://farm6.staticflickr.com/5124/5278921043_895f42e1de_z.jpg,5,0
sadness,http://farm3.staticflickr.com/2489/4038694725_a2170c44a8_z.jpg,2,3
sadness,http://farm8.staticflickr.com/7108/7001343803_1be945fdee_z.jpg,2,3
sadness,http://farm6.staticflickr.com/5161/5252688774_d63d128f0b_z.jpg,4,1
sadness,http://farm7.staticflickr.com/6093/6349873923_bfb6339510_z.jpg,3,2
sadness,http://farm9.staticflickr.com/8398/8618848434_b54ffc5ab5_z.jpg,1,4
sadness,http://farm9.staticflickr.com/8446/7830688880_348ca58046_z.jpg,1,4
sadness,http://farm3.staticflickr.com/2658/3693003478_b49f4831a1_z.jpg,3,2
sadness,http://farm4.staticflickr.com/3747/9049143491_e03f422c59_z.jpg,5,0
sadness,http://farm8.staticflickr.com/7024/6469795917_f656d76fb3_z.jpg,1,4
sadness,http://farm8.staticflickr.com/7071/7053990841_ecf774d16f_z.jpg,2,3
sadness,http://farm8.staticflickr.com/7159/6492966431_223b850feb_z.jpg,1,4
sadness,http://farm8.staticflickr.com/7233/13950561075_b89338d3a3_z.jpg,5,0
sadness,http://farm9.staticflickr.com/8027/7647556560_a430b022ec_z.jpg,4,1
sadness,http://farm8.staticflickr.com/7020/6718509683_a68fa626ea_z.jpg,5,0
sadness,http://farm5.staticflickr.com/4032/4688411777_7971b6be5b_z.jpg,4,1
sadness,http://farm5.staticflickr.com/4064/4294578729_34e7bf8ac8_z.jpg,4,1
sadness,http://farm9.staticflickr.com/8484/8278885547_5754a56aef_z.jpg,4,1
sadness,http://farm4.staticflickr.com/3715/8760780287_4719bc86b0_z.jpg,5,0
sadness,http://farm6.staticflickr.com/5255/5552935198_c2a8403268_z.jpg,3,2
sadness,http://farm8.staticflickr.com/7213/7374227882_55e93a095e_z.jpg,5,0
sadness,http://farm7.staticflickr.com/6194/6082474213_f3863a6d90_z.jpg,5,0
sadness,http://farm9.staticflickr.com/8283/7875711160_ebb341bb32_z.jpg,5,0
sadness,http://farm8.staticflickr.com/7441/9561445174_0714150887_z.jpg,5,0
sadness,http://farm4.staticflickr.com/3931/15218880929_61390f76ee_z.jpg,5,0
sadness,http://farm9.staticflickr.com/8385/8466670844_27fe48b243_z.jpg,4,1
sadness,http://farm5.staticflickr.com/4091/4837569541_ec071d8bb7_z.jpg,2,3
sadness,http://farm4.staticflickr.com/3115/2588402986_bc881cb657_z.jpg,1,4
sadness,http://farm4.staticflickr.com/3113/3627326150_8253600b82_z.jpg,5,0
sadness,http://farm4.staticflickr.com/3144/2358577402_ac8ca50fc9_z.jpg,2,3
sadness,http://farm4.staticflickr.com/3156/2830490658_cf01f042a0_z.jpg,1,4
sadness,http://farm4.staticflickr.com/3204/3074240920_7cde943c5e_z.jpg,4,1
sadness,http://farm8.staticflickr.com/7397/16267405098_06c100c4e4_z.jpg,5,0
sadness,http://farm6.staticflickr.com/5048/5362207883_6b3347bea6_z.jpg,5,0
sadness,http://farm4.staticflickr.com/3928/15218510450_45e44edf57_z.jpg,5,0
sadness,http://farm3.staticflickr.com/2803/5712529372_0af9ecfd80_z.jpg,5,0
sadness,http://farm6.staticflickr.com/5255/5410727359_5c48e6dcf6_z.jpg,4,1
sadness,http://farm2.staticflickr.com/1268/4609598414_12dd314964_z.jpg,5,0
sadness,http://farm7.staticflickr.com/6034/6344742139_fbeecbc987_z.jpg,2,3
sadness,http://farm8.staticflickr.com/7164/6612352067_ddd720543f_z.jpg,1,4
sadness,http://farm8.staticflickr.com/7320/8733963967_93441cb9b7_z.jpg,5,0
sadness,http://farm4.staticflickr.com/3333/3345806143_d48cdf0bce_z.jpg,3,2
sadness,http://farm5.staticflickr.com/4028/4612212473_bb690d187e_z.jpg,1,4
sadness,http://farm8.staticflickr.com/7069/6893415269_caa26103d3_z.jpg,1,4
sadness,http://farm3.staticflickr.com/2635/4012580388_edea62ab09_z.jpg,4,1
sadness,http://farm8.staticflickr.com/7229/13967184662_0565832e00_z.jpg,5,0
sadness,http://farm9.staticflickr.com/8098/8527486472_3d55a02b77_z.jpg,1,4
sadness,http://farm3.staticflickr.com/2091/2329853418_a8cc4ae5b4_z.jpg,5,0
sadness,http://farm8.staticflickr.com/7308/12247028426_e703563028_z.jpg,5,0
sadness,http://farm8.staticflickr.com/7250/6971822268_12364e892c_z.jpg,5,0
sadness,http://farm9.staticflickr.com/8079/8301028950_99856e971c_z.jpg,1,4
sadness,http://farm8.staticflickr.com/7217/7335827912_7a98010a35_z.jpg,5,0
sadness,http://farm7.staticflickr.com/6227/6340808311_d4a65622a4_z.jpg,5,0
sadness,http://farm5.staticflickr.com/4045/4493434356_1276f1d39c_z.jpg,5,0
sadness,http://farm4.staticflickr.com/3393/3647834527_c421ac4b16_z.jpg,0,5
sadness,http://farm4.staticflickr.com/3109/5828663652_209877e049_z.jpg,3,2
sadness,http://farm4.staticflickr.com/3142/2823197093_ed7aa0675f_z.jpg,2,3
sadness,http://farm4.staticflickr.com/3867/14859959382_dfc67b60ab_z.jpg,5,0
sadness,http://farm4.staticflickr.com/3695/10183649223_7f0a2c4019_z.jpg,4,1
sadness,http://farm7.staticflickr.com/6180/6145312193_491de70045_z.jpg,2,3
sadness,http://farm7.staticflickr.com/6210/6085202821_e229e295c2_z.jpg,5,0
sadness,http://farm4.staticflickr.com/3673/12705711633_5b5bd5e7f8_z.jpg,4,1
sadness,http://farm5.staticflickr.com/4129/4969807472_589bf9019a_z.jpg,4,1
sadness,http://farm6.staticflickr.com/5029/5619813683_f57fec3082_z.jpg,5,0
sadness,http://farm4.staticflickr.com/3114/2880931915_c4297aea58_z.jpg,5,0
sadness,http://farm4.staticflickr.com/3266/3095625488_448bc6d784_z.jpg,4,1
sadness,http://farm4.staticflickr.com/3345/3329671364_a8891947f6_z.jpg,5,0
sadness,http://farm5.staticflickr.com/4149/4837048706_810a71c3e8_z.jpg,5,0
sadness,http://farm6.staticflickr.com/5246/5354005538_3cde27ac36_z.jpg,2,3
sadness,http://farm4.staticflickr.com/3132/5809654042_6e36fc95b0_z.jpg,5,0
sadness,http://farm8.staticflickr.com/7127/7662933182_4e60ea7343_z.jpg,5,0
sadness,http://farm5.staticflickr.com/4076/4798991436_3b8525e22b_z.jpg,0,5
sadness,http://farm5.staticflickr.com/4128/5079340544_88550de6cf_z.jpg,2,3
sadness,http://farm5.staticflickr.com/4015/4452576761_d598aeefb8_z.jpg,2,3
sadness,http://farm5.staticflickr.com/4140/4791959698_74f0de3e0c_z.jpg,3,2
sadness,http://farm5.staticflickr.com/4118/4903148008_f0f593c12f_z.jpg,4,1
sadness,http://farm4.staticflickr.com/3842/15198928501_92a790c3b4_z.jpg,2,3
sadness,http://farm8.staticflickr.com/7320/13196465593_0ed8d36a61_z.jpg,5,0
sadness,http://farm5.staticflickr.com/4151/4986065273_18c4a93645_z.jpg,3,2
sadness,http://farm6.staticflickr.com/5109/5670304912_845ed2635a_z.jpg,4,1
sadness,http://farm5.staticflickr.com/4043/4436537978_a7f27d3257_z.jpg,2,3
sadness,http://farm9.staticflickr.com/8226/8482652651_418939184b_z.jpg,3,2
sadness,http://farm4.staticflickr.com/3934/15425057796_c1f07215d3_z.jpg,5,0
sadness,http://farm4.staticflickr.com/3396/3499073686_064c49439b_z.jpg,1,4
sadness,http://farm3.staticflickr.com/2778/4031705112_e4c0cfba65_z.jpg,5,0
sadness,http://farm9.staticflickr.com/8147/7203884902_2bf9736257_z.jpg,4,1
sadness,http://farm9.staticflickr.com/8348/8274680904_fc17726695_z.jpg,5,0
sadness,http://farm4.staticflickr.com/3639/3505902140_882952e93e_z.jpg,1,4
sadness,http://farm3.staticflickr.com/2756/5862853416_42fa653ded_z.jpg,5,0
sadness,http://farm2.staticflickr.com/1204/4720260923_bbc8598609_z.jpg,5,0
sadness,http://farm9.staticflickr.com/8421/7530458958_738d120fa9_z.jpg,2,3
sadness,http://farm8.staticflickr.com/7200/7094000435_7f47efcb98_z.jpg,4,1
sadness,http://farm3.staticflickr.com/2943/15448913492_1ff79178c1_z.jpg,1,4
sadness,http://farm4.staticflickr.com/3631/3376231259_9303fbbb72_z.jpg,2,3
sadness,http://farm4.staticflickr.com/3816/8952417512_b7560066f6_z.jpg,5,0
sadness,http://farm8.staticflickr.com/7194/13801638244_f54616d4f4_z.jpg,2,3
sadness,http://farm9.staticflickr.com/8023/7320220410_cf6235a5aa_z.jpg,4,1
sadness,http://farm9.staticflickr.com/8430/7785009242_e015e968a7_z.jpg,3,2
sadness,http://farm3.staticflickr.com/2229/2382161926_ab018a9c91_z.jpg,2,3
sadness,http://farm7.staticflickr.com/6049/6271557991_64c6b909a3_z.jpg,3,2
sadness,http://farm7.staticflickr.com/6120/6389636343_56a009aa0b_z.jpg,5,0
sadness,http://farm9.staticflickr.com/8112/8610463033_34d105e0fb_z.jpg,5,0
sadness,http://farm4.staticflickr.com/3826/8870094931_9d2573de16_z.jpg,1,4
sadness,http://farm8.staticflickr.com/7431/15874994584_2ed360cf3d_z.jpg,4,1
sadness,http://farm3.staticflickr.com/2861/10887278913_b8450f92ff_z.jpg,5,0
sadness,http://farm6.staticflickr.com/5313/5913302589_8b480fd526_z.jpg,4,1
sadness,http://farm3.staticflickr.com/2745/4243508270_0acfe0e283_z.jpg,1,4
sadness,http://farm7.staticflickr.com/6093/6337034983_0ef77949ec_z.jpg,4,1
sadness,http://farm5.staticflickr.com/4082/4914273667_e22e5f5f72_z.jpg,4,1
sadness,http://farm5.staticflickr.com/4025/4264936046_ab5c9dc9be_z.jpg,5,0
sadness,http://farm6.staticflickr.com/5101/5635916934_5c2dc79596_z.jpg,2,3
sadness,http://farm9.staticflickr.com/8257/8667727594_c25e39200f_z.jpg,5,0
sadness,http://farm3.staticflickr.com/2646/3977007794_3cd52ee3a5_z.jpg,3,2
sadness,http://farm6.staticflickr.com/5257/5398915515_2301e6b45c_z.jpg,3,2
sadness,http://farm2.staticflickr.com/1247/5162760272_e657fb2de7_z.jpg,4,1
sadness,http://farm4.staticflickr.com/3945/15404727127_1d0fd767fa_z.jpg,3,2
sadness,http://farm6.staticflickr.com/5187/5587987213_fa08061f71_z.jpg,2,3
sadness,http://farm4.staticflickr.com/3027/2569752478_dab7c5f09a_z.jpg,0,5
sadness,http://farm8.staticflickr.com/7343/11588326715_a0432f9790_z.jpg,1,4
sadness,http://farm8.staticflickr.com/7186/7094841033_3fd16a636f_z.jpg,0,5
sadness,http://farm8.staticflickr.com/7208/6880277329_aaa5d30050_z.jpg,4,1
sadness,http://farm9.staticflickr.com/8222/8323649682_a89a590bdc_z.jpg,3,2
sadness,http://farm4.staticflickr.com/3755/9417563664_c7bf1d9bce_z.jpg,1,4
sadness,http://farm5.staticflickr.com/4108/5093847659_09fed466b5_z.jpg,5,0
sadness,http://farm6.staticflickr.com/5548/10930912474_4b02ea96d0_z.jpg,5,0
sadness,http://farm6.staticflickr.com/5205/5278665024_b3b2f155cf_z.jpg,4,1
sadness,http://farm4.staticflickr.com/3123/5784180789_f5e77a21e4_z.jpg,2,3
sadness,http://farm4.staticflickr.com/3669/11688818033_98ac68858f_z.jpg,5,0
sadness,http://farm5.staticflickr.com/4084/5065976287_94120a8368_z.jpg,5,0
sadness,http://farm3.staticflickr.com/2641/4193376908_a3e94cd884_z.jpg,3,2
sadness,http://farm4.staticflickr.com/3635/3661605816_1b7b67fa12_z.jpg,3,2
sadness,http://farm7.staticflickr.com/6095/6422588939_86d76096fc_z.jpg,1,4
sadness,http://farm8.staticflickr.com/7368/14147615684_c77a79e855_z.jpg,3,2
sadness,http://farm9.staticflickr.com/8460/8070892338_d23a938002_z.jpg,1,4
sadness,http://farm5.staticflickr.com/4150/5021686048_33e4031f8b_z.jpg,0,5
sadness,http://farm6.staticflickr.com/5091/5558351338_e784c67c8c_z.jpg,5,0
sadness,http://farm4.staticflickr.com/3723/10258383576_b4bab4500f_z.jpg,5,0
sadness,http://farm3.staticflickr.com/2413/2302046234_cd4971ccf1_z.jpg,5,0
sadness,http://farm4.staticflickr.com/3162/3005521677_6e8bbd2e9a_z.jpg,5,0
sadness,http://farm8.staticflickr.com/7433/10053094294_4769cbfe1d_z.jpg,5,0
sadness,http://farm4.staticflickr.com/3846/15310745206_4724737dd4_z.jpg,3,2
sadness,http://farm8.staticflickr.com/7363/13541255364_b9fd89837f_z.jpg,5,0
sadness,http://farm4.staticflickr.com/3937/15443025349_bcb3c6cb08_z.jpg,4,1
sadness,http://farm8.staticflickr.com/7503/15694266670_d6b10937cb_z.jpg,0,5
sadness,http://farm6.staticflickr.com/5580/15037231720_f3bf2e37cb_z.jpg,1,4
sadness,http://farm4.staticflickr.com/3708/11851560684_6c4be5530f_z.jpg,5,0
sadness,http://farm3.staticflickr.com/2609/5812299311_1a046ba4d7_z.jpg,5,0
sadness,http://farm3.staticflickr.com/2875/9264822778_9e7ba2b19f_z.jpg,5,0
sadness,http://farm9.staticflickr.com/8462/8001389829_01a2063a9f_z.jpg,5,0
sadness,http://farm9.staticflickr.com/8166/7502898706_fb9800c6d2_z.jpg,4,1
sadness,http://farm6.staticflickr.com/5091/5456163207_6338b3054d_z.jpg,5,0
sadness,http://farm5.staticflickr.com/4136/4736211065_b421563460_z.jpg,4,1
sadness,http://farm6.staticflickr.com/5305/5631208032_a8c2a51478_z.jpg,0,5
sadness,http://farm6.staticflickr.com/5059/5407790944_892c785bd1_z.jpg,5,0
sadness,http://farm7.staticflickr.com/6164/6168665149_c9ee7bd082_z.jpg,1,4
sadness,http://farm4.staticflickr.com/3667/13659961243_7aa3acb451_z.jpg,0,5
sadness,http://farm9.staticflickr.com/8045/8356128971_02b9bce721_z.jpg,5,0
sadness,http://farm9.staticflickr.com/8163/7168469589_90f1b21097_z.jpg,5,0
sadness,http://farm4.staticflickr.com/3841/14700503536_f7a0af5a93_z.jpg,2,3
sadness,http://farm9.staticflickr.com/8099/8594020517_3a8b976156_z.jpg,3,2
sadness,http://farm6.staticflickr.com/5205/5257538106_da5971c769_z.jpg,5,0
sadness,http://farm6.staticflickr.com/5553/14594997868_8399302835_z.jpg,5,0
sadness,http://farm3.staticflickr.com/2899/14664777625_4a5e5a2480_z.jpg,5,0
sadness,http://farm8.staticflickr.com/7194/6831750544_5458003037_z.jpg,2,3
sadness,http://farm4.staticflickr.com/3730/12705551785_ca1429e973_z.jpg,3,2
sadness,http://farm4.staticflickr.com/3929/15402593171_3e2f9a64f4_z.jpg,5,0
sadness,http://farm4.staticflickr.com/3886/14741742626_d8c8e304bf_z.jpg,5,0
sadness,http://farm4.staticflickr.com/3743/12292552825_ae7927ed33_z.jpg,2,3
sadness,http://farm6.staticflickr.com/5305/5602241429_e267e681ee_z.jpg,1,4
sadness,http://farm3.staticflickr.com/2147/13092099174_831fc78fd4_z.jpg,5,0
sadness,http://farm3.staticflickr.com/2924/14582020419_771bb5ee56_z.jpg,5,0
sadness,http://farm9.staticflickr.com/8019/7454021060_421fd2d13b_z.jpg,5,0
sadness,http://farm5.staticflickr.com/4122/4788507034_342399c4bc_z.jpg,4,1
sadness,http://farm6.staticflickr.com/5102/5758020042_df5d4856bf_z.jpg,4,1
sadness,http://farm8.staticflickr.com/7039/6820665128_a988342639_z.jpg,2,3
sadness,http://farm9.staticflickr.com/8179/8007270113_88cbfcae7d_z.jpg,0,5
sadness,http://farm6.staticflickr.com/5084/5297927280_00d6ed84d6_z.jpg,1,4
sadness,http://farm8.staticflickr.com/7001/6667796201_d76d177fdd_z.jpg,5,0
sadness,http://farm6.staticflickr.com/5552/15143175761_078541f10c_z.jpg,4,1
sadness,http://farm4.staticflickr.com/3864/14711317127_a729ca782a_z.jpg,4,1
sadness,http://farm9.staticflickr.com/8433/7726803742_eac7512d3e_z.jpg,1,4
sadness,http://farm9.staticflickr.com/8179/8010416947_36c64d09d9_z.jpg,2,3
sadness,http://farm5.staticflickr.com/4109/5000094315_56d81e465e_z.jpg,2,3
sadness,http://farm6.staticflickr.com/5058/5442138887_49bcf3d94e_z.jpg,2,3
sadness,http://farm8.staticflickr.com/7291/8760078454_aea34369f2_z.jpg,4,1
sadness,http://farm6.staticflickr.com/5189/5689730918_86a28280f5_z.jpg,1,4
sadness,http://farm9.staticflickr.com/8067/8185014970_a6c38be7a9_z.jpg,4,1
sadness,http://farm3.staticflickr.com/2737/4407904165_8c984851b0_z.jpg,3,2
sadness,http://farm7.staticflickr.com/6162/6166012309_f1aeac3073_z.jpg,5,0
sadness,http://farm5.staticflickr.com/4025/4511473816_d4c3782a8a_z.jpg,5,0
sadness,http://farm9.staticflickr.com/8462/7977349552_85435e3e9d_z.jpg,5,0
sadness,http://farm4.staticflickr.com/3205/3060229435_833df81c9d_z.jpg,5,0
sadness,http://farm3.staticflickr.com/2911/13966132381_f3b1b4cde8_z.jpg,2,3
sadness,http://farm6.staticflickr.com/5309/5724659252_98b740302a_z.jpg,4,1
sadness,http://farm4.staticflickr.com/3930/15218891799_d9dd4b84e5_z.jpg,4,1
sadness,http://farm7.staticflickr.com/6105/6211910287_c2c4395575_z.jpg,5,0
sadness,http://farm4.staticflickr.com/3182/2897512497_7766ed1c6c_z.jpg,4,1
sadness,http://farm8.staticflickr.com/7031/6804112333_4465b01517_z.jpg,5,0
sadness,http://farm7.staticflickr.com/6180/6178214727_787c283934_z.jpg,5,0
sadness,http://farm7.staticflickr.com/6073/6028156821_2a986bf214_z.jpg,5,0
sadness,http://farm5.staticflickr.com/4140/4755965127_2cd3dc3e6d_z.jpg,3,2
sadness,http://farm3.staticflickr.com/2766/4368969831_2a70cbe0c4_z.jpg,4,1
sadness,http://farm6.staticflickr.com/5019/5395430988_b77529cfc0_z.jpg,4,1
sadness,http://farm6.staticflickr.com/5504/11006825535_eaa9cbbc04_z.jpg,3,2
sadness,http://farm8.staticflickr.com/7391/9503194820_bf29f27a1b_z.jpg,3,2
sadness,http://farm9.staticflickr.com/8383/8575285711_7ddd39feca_z.jpg,5,0
sadness,http://farm4.staticflickr.com/3849/14907328330_0bd71d5b74_z.jpg,4,1
sadness,http://farm6.staticflickr.com/5478/11814825874_f6bae07f1e_z.jpg,5,0
sadness,http://farm3.staticflickr.com/2577/3879072998_dcd0ff4e3e_z.jpg,2,3
sadness,http://farm8.staticflickr.com/7509/15475016450_4652dafaf5_z.jpg,3,2
sadness,http://farm8.staticflickr.com/7026/6824827539_e9db3178e4_z.jpg,5,0
sadness,http://farm4.staticflickr.com/3104/2851695450_56399f3174_z.jpg,1,4
sadness,http://farm6.staticflickr.com/5208/5304746079_897bf4d3ae_z.jpg,5,0
sadness,http://farm8.staticflickr.com/7151/6807053447_f701cbbaea_z.jpg,4,1
sadness,http://farm9.staticflickr.com/8110/8629041462_cd94d8d5fc_z.jpg,5,0
sadness,http://farm8.staticflickr.com/7163/6721161517_300b4ec8a9_z.jpg,3,2
sadness,http://farm4.staticflickr.com/3171/2905365135_18680aa1a2_z.jpg,5,0
sadness,http://farm3.staticflickr.com/2436/3947361390_a4a6dafc43_z.jpg,3,2
sadness,http://farm9.staticflickr.com/8119/8628085979_f902363e14_z.jpg,5,0
sadness,http://farm4.staticflickr.com/3639/5692586570_ff9fc47ed6_z.jpg,2,3
sadness,http://farm9.staticflickr.com/8023/6958273770_cbbaab21e9_z.jpg,5,0
sadness,http://farm5.staticflickr.com/4093/4852983466_eb5c9cdc58_z.jpg,3,2
sadness,http://farm3.staticflickr.com/2865/9184266583_0cf0febdbe_z.jpg,5,0
sadness,http://farm8.staticflickr.com/7072/7162057656_207803b414_z.jpg,2,3
sadness,http://farm7.staticflickr.com/6214/6223784270_f2e36641ff_z.jpg,5,0
sadness,http://farm8.staticflickr.com/7110/7851589628_162438d348_z.jpg,1,4
sadness,http://farm8.staticflickr.com/7581/15413638284_4cae9c05a8_z.jpg,5,0
sadness,http://farm4.staticflickr.com/3678/9206500799_d57fe6c939_z.jpg,0,5
sadness,http://farm4.staticflickr.com/3934/15629590085_b43800c03d_z.jpg,5,0
sadness,http://farm3.staticflickr.com/2834/11001603783_46199c8b36_z.jpg,5,0
sadness,http://farm8.staticflickr.com/7428/9330041343_31b83a2446_z.jpg,4,1
sadness,http://farm7.staticflickr.com/6056/6376061079_086faf4cd1_z.jpg,5,0
sadness,http://farm8.staticflickr.com/7328/11253548633_51378f3ddf_z.jpg,5,0
sadness,http://farm8.staticflickr.com/7155/6601769869_41463f003a_z.jpg,5,0
sadness,http://farm3.staticflickr.com/2944/15405770045_076f1aa3e0_z.jpg,4,1
sadness,http://farm8.staticflickr.com/7351/14129619324_4f336a70fa_z.jpg,3,2
sadness,http://farm4.staticflickr.com/3572/3663285986_822c3398ba_z.jpg,5,0
sadness,http://farm9.staticflickr.com/8624/15718410463_490f1341bf_z.jpg,3,2
sadness,http://farm4.staticflickr.com/3450/3988371519_0bb87db637_z.jpg,2,3
sadness,http://farm4.staticflickr.com/3311/3567721420_d09fc38cbb_z.jpg,5,0
sadness,http://farm9.staticflickr.com/8035/8036185551_16586d4d9f_z.jpg,5,0
sadness,http://farm3.staticflickr.com/2057/2225867152_a2dd4a782d_z.jpg,5,0
sadness,http://farm4.staticflickr.com/3874/14899996611_d934f9498f_z.jpg,4,1
sadness,http://farm4.staticflickr.com/3929/15382162236_87fcdb75ec_z.jpg,5,0
sadness,http://farm4.staticflickr.com/3440/3262737715_c8e90dd022_z.jpg,1,4
sadness,http://farm8.staticflickr.com/7324/13092411164_2ca812d21c_z.jpg,3,2
sadness,http://farm4.staticflickr.com/3303/3588255508_55ae18d2a7_z.jpg,5,0
sadness,http://farm6.staticflickr.com/5208/5268953909_0a4dc5f609_z.jpg,2,3
sadness,http://farm9.staticflickr.com/8061/8157786958_2ff9a4166b_z.jpg,4,1
sadness,http://farm8.staticflickr.com/7062/6994007950_3428cf6df4_z.jpg,1,4
sadness,http://farm8.staticflickr.com/7173/6757814221_30e0f61a5d_z.jpg,5,0
sadness,http://farm6.staticflickr.com/5243/5256934457_1598687ef5_z.jpg,5,0
sadness,http://farm9.staticflickr.com/8226/8545801148_ebab3d5a5f_z.jpg,5,0
sadness,http://farm6.staticflickr.com/5065/5600112252_c64b4b6d8c_z.jpg,5,0
sadness,http://farm3.staticflickr.com/2924/14808904593_613968efd2_z.jpg,4,1
sadness,http://farm8.staticflickr.com/7495/15925841330_ffc9cbb52c_z.jpg,5,0
sadness,http://farm8.staticflickr.com/7513/15809832900_bcc5732e67_z.jpg,5,0
sadness,http://farm3.staticflickr.com/2865/10884503936_9871411d25_z.jpg,3,2
sadness,http://farm4.staticflickr.com/3278/2322911554_e0b70a3c47_z.jpg,5,0
sadness,http://farm5.staticflickr.com/4088/4840429960_d76d67bbc7_z.jpg,4,1
sadness,http://farm3.staticflickr.com/2942/15154590179_e6bc2d9db1_z.jpg,5,0
sadness,http://farm4.staticflickr.com/3497/4001092683_1508aa7222_z.jpg,1,4
sadness,http://farm4.staticflickr.com/3669/11494525866_cc6557953d_z.jpg,4,1
sadness,http://farm4.staticflickr.com/3860/14482885798_ab0f4cf691_z.jpg,1,4
sadness,http://farm5.staticflickr.com/4047/4219971719_f61ab771f0_z.jpg,5,0
sadness,http://farm3.staticflickr.com/2820/11043840116_7cca300219_z.jpg,5,0
sadness,http://farm6.staticflickr.com/5096/5517330848_d068a2f37b_z.jpg,5,0
sadness,http://farm3.staticflickr.com/2809/12146053666_510f5f2718_z.jpg,3,2
sadness,http://farm4.staticflickr.com/3746/9217343209_9423af7b18_z.jpg,2,3
sadness,http://farm3.staticflickr.com/2841/13846458213_f08830ebb5_z.jpg,5,0
sadness,http://farm9.staticflickr.com/8259/8628900460_b6cbd349f3_z.jpg,5,0
sadness,http://farm4.staticflickr.com/3479/3801751717_29626cb58a_z.jpg,0,5
sadness,http://farm8.staticflickr.com/7134/7624412346_9fd68fc20b_z.jpg,5,0
sadness,http://farm4.staticflickr.com/3112/2621844423_2a88aa81b4_z.jpg,1,4
sadness,http://farm6.staticflickr.com/5087/5382044352_c8a97aa37b_z.jpg,0,5
sadness,http://farm4.staticflickr.com/3896/15271483992_126f75226b_z.jpg,4,1
sadness,http://farm5.staticflickr.com/4023/4308012644_1e1f462403_z.jpg,4,1
sadness,http://farm9.staticflickr.com/8638/15715009423_547c2b906a_z.jpg,1,4
sadness,http://farm4.staticflickr.com/3839/14596392598_b09f9b3ef1_z.jpg,5,0
sadness,http://farm9.staticflickr.com/8186/8079852036_4e122d8449_z.jpg,3,2
sadness,http://farm9.staticflickr.com/8302/8008978796_9093a802d0_z.jpg,5,0
sadness,http://farm6.staticflickr.com/5511/14225108803_d004fea938_z.jpg,1,4
sadness,http://farm5.staticflickr.com/4063/4335011720_6843eb3649_z.jpg,4,1
sadness,http://farm4.staticflickr.com/3801/11028541484_1c19971f8b_z.jpg,4,1
sadness,http://farm5.staticflickr.com/4108/5090722919_7fa40fea10_z.jpg,0,5
sadness,http://farm4.staticflickr.com/3284/2538925957_46b77289e3_z.jpg,4,1
sadness,http://farm3.staticflickr.com/2827/8836654314_a892f13695_z.jpg,5,0
sadness,http://farm5.staticflickr.com/4024/4442925498_0547d281d8_z.jpg,3,2
sadness,http://farm4.staticflickr.com/3199/2668622830_710c00cb88_z.jpg,2,3
sadness,http://farm9.staticflickr.com/8075/8334014822_5e7f845d2e_z.jpg,3,2
sadness,http://farm4.staticflickr.com/3284/3560591197_f2423bce85_z.jpg,5,0
sadness,http://farm8.staticflickr.com/7217/7296410080_beb9fe9903_z.jpg,3,2
sadness,http://farm3.staticflickr.com/2930/14707377681_3f54bdaf0e_z.jpg,4,1
sadness,http://farm9.staticflickr.com/8483/8151546432_fa5d30d057_z.jpg,4,1
sadness,http://farm9.staticflickr.com/8322/8055539180_7dcb99b07f_z.jpg,1,4
sadness,http://farm6.staticflickr.com/5295/5403685661_06b2990096_z.jpg,5,0
sadness,http://farm9.staticflickr.com/8531/8676298729_157752e973_z.jpg,5,0
sadness,http://farm6.staticflickr.com/5083/5210799695_54b214fc6d_z.jpg,3,2
sadness,http://farm6.staticflickr.com/5546/9484700883_e219b96e68_z.jpg,4,1
sadness,http://farm4.staticflickr.com/3653/5783614480_4c4afacd04_z.jpg,0,5
sadness,http://farm6.staticflickr.com/5547/9031103494_4c2dc76bd0_z.jpg,4,1
sadness,http://farm8.staticflickr.com/7012/6474696169_72d92c8608_z.jpg,5,0
sadness,http://farm4.staticflickr.com/3825/13542305014_9dc5fcb9a3_z.jpg,5,0
sadness,http://farm8.staticflickr.com/7140/7153072615_c37194a8c3_z.jpg,2,3
sadness,http://farm5.staticflickr.com/4091/4839077752_3570a5c5c2_z.jpg,5,0
