sadness,http://farm7.staticflickr.com/6019/6220568335_f4dba8b30d_z.jpg,3,1
sadness,http://farm3.staticflickr.com/2067/2324490309_e2644cc241_z.jpg,4,1
sadness,http://farm9.staticflickr.com/8358/8306246408_3a8ae716e2_z.jpg,3,2
sadness,http://farm9.staticflickr.com/8074/8352796376_342708fe2d_z.jpg,0,5
sadness,http://farm6.staticflickr.com/5167/5350054033_70114ae3a9_z.jpg,4,1
sadness,http://farm8.staticflickr.com/7322/9762264666_b192cf4ee7_z.jpg,3,2
sadness,http://farm9.staticflickr.com/8634/15995088261_d1b0c8f82f_z.jpg,5,0
sadness,http://farm9.staticflickr.com/8473/8128004411_aa8b5269d1_z.jpg,2,3
sadness,http://farm4.staticflickr.com/3766/9655592834_e6a7a192b7_z.jpg,0,5
sadness,http://farm9.staticflickr.com/8290/7785011914_5a38bd5605_z.jpg,4,1
sadness,http://farm6.staticflickr.com/5502/9683954554_3e9aabfe86_z.jpg,2,3
sadness,http://farm8.staticflickr.com/7473/15647717682_20504b98e3_z.jpg,4,1
sadness,http://farm6.staticflickr.com/5227/5613552499_fd95ce060f_z.jpg,5,0
sadness,http://farm4.staticflickr.com/3026/2629601754_2df5247588_z.jpg,1,4
sadness,http://farm5.staticflickr.com/4046/4279764494_2b1164d215_z.jpg,0,4
sadness,http://farm4.staticflickr.com/3511/3963127925_7f409580c0_z.jpg,2,3
sadness,http://farm3.staticflickr.com/2704/4485072367_f7e4277d4e_z.jpg,4,1
sadness,http://farm3.staticflickr.com/2808/12680866873_22181c5086_z.jpg,3,2
sadness,http://farm3.staticflickr.com/2832/8759483660_f7a943e768_z.jpg,4,0
sadness,http://farm4.staticflickr.com/3893/15243953391_db5aa16198_z.jpg,5,0
sadness,http://farm5.staticflickr.com/4038/4673216596_b51104532f_z.jpg,0,5
sadness,http://farm8.staticflickr.com/7060/6921347931_7542d6c08d_z.jpg,3,2
sadness,http://farm6.staticflickr.com/5483/11782030784_38463c0cea_z.jpg,4,1
sadness,http://farm4.staticflickr.com/3887/15334763102_8840bb850e_z.jpg,5,0
sadness,http://farm9.staticflickr.com/8293/7798154488_0868aa28a9_z.jpg,1,4
sadness,http://farm6.staticflickr.com/5264/13542063684_73149edca9_z.jpg,5,0
sadness,http://farm7.staticflickr.com/6168/6172798365_c7e93c9027_z.jpg,2,3
sadness,http://farm9.staticflickr.com/8490/8276749372_0285fc8965_z.jpg,2,3
sadness,http://farm3.staticflickr.com/2132/2192399683_de8477e12f_z.jpg,2,3
sadness,http://farm5.staticflickr.com/4063/4688987090_acbe4ae4c8_z.jpg,5,0
sadness,http://farm9.staticflickr.com/8524/8595157786_241fddee1c_z.jpg,5,0
sadness,http://farm3.staticflickr.com/2872/9391834811_12b16b922c_z.jpg,4,1
sadness,http://farm5.staticflickr.com/4021/4455833209_8991784c8b_z.jpg,4,1
sadness,http://farm4.staticflickr.com/3912/14811057504_ba66b0f4ac_z.jpg,3,2
sadness,http://farm7.staticflickr.com/6085/6042984013_0dc0942498_z.jpg,4,1
sadness,http://farm6.staticflickr.com/5570/14866748736_3003904761_z.jpg,0,5
sadness,http://farm4.staticflickr.com/3370/3206461851_282bd2f122_z.jpg,4,1
sadness,http://farm9.staticflickr.com/8397/8609944653_f50f0cf156_z.jpg,3,2
sadness,http://farm3.staticflickr.com/2550/3705445927_bd8c03c458_z.jpg,3,2
sadness,http://farm8.staticflickr.com/7047/6793034160_37374f8bc5_z.jpg,3,2
sadness,http://farm8.staticflickr.com/7185/6877743533_a4c4b6c371_z.jpg,4,1
sadness,http://farm5.staticflickr.com/4036/5159755454_dbe097c31e_z.jpg,2,3
sadness,http://farm4.staticflickr.com/3896/14827662638_de488097b5_z.jpg,0,5
sadness,http://farm6.staticflickr.com/5054/5418974712_f50bd35a1a_z.jpg,5,0
sadness,http://farm8.staticflickr.com/7010/6824935185_d139a097e3_z.jpg,5,0
sadness,http://farm4.staticflickr.com/3770/12067258774_c67dbeac00_z.jpg,3,2
sadness,http://farm3.staticflickr.com/2505/4087289856_3a5624c6b0_z.jpg,2,3
sadness,http://farm9.staticflickr.com/8107/8499022282_1924f14c13_z.jpg,5,0
sadness,http://farm4.staticflickr.com/3269/2531472274_3d60c4c952_z.jpg,3,2
sadness,http://farm9.staticflickr.com/8473/8075213847_0d46905ba5_z.jpg,3,2
sadness,http://farm4.staticflickr.com/3004/2828128508_b4aab5d013_z.jpg,2,2
sadness,http://farm3.staticflickr.com/2895/14137211761_7e451ea313_z.jpg,3,2
sadness,http://farm8.staticflickr.com/7313/9522286905_e24f5f563a_z.jpg,5,0
sadness,http://farm8.staticflickr.com/7044/7020159959_52eb25ce35_z.jpg,2,3
sadness,http://farm9.staticflickr.com/8035/7993208384_e848d24f56_z.jpg,3,2
sadness,http://farm3.staticflickr.com/2653/4163346529_f80768229c_z.jpg,5,0
sadness,http://farm2.staticflickr.com/1070/5115915727_5268323e30_z.jpg,1,4
sadness,http://farm9.staticflickr.com/8573/15801113293_00db7ebd59_z.jpg,1,4
sadness,http://farm6.staticflickr.com/5525/9458432506_ae899dcd2d_z.jpg,4,0
sadness,http://farm4.staticflickr.com/3307/3523669171_e6bd0b5f64_z.jpg,4,1
sadness,http://farm6.staticflickr.com/5460/6945541200_9480f8115f_z.jpg,4,1
sadness,http://farm4.staticflickr.com/3883/14870307236_9c3973ea40_z.jpg,3,2
sadness,http://farm9.staticflickr.com/8388/8497915033_6ff64bff3e_z.jpg,5,0
sadness,http://farm9.staticflickr.com/8497/8427141931_f5261bc880_z.jpg,4,1
sadness,http://farm6.staticflickr.com/5019/5443122145_8ba8b09c58_z.jpg,4,1
sadness,http://farm5.staticflickr.com/4032/4271221242_1fc62d20cb_z.jpg,2,2
sadness,http://farm7.staticflickr.com/6089/6106594600_ac6a8a53a0_z.jpg,3,2
sadness,http://farm7.staticflickr.com/6007/5968890894_35698d7344_z.jpg,4,0
sadness,http://farm6.staticflickr.com/5283/5319371124_8ff06daeff_z.jpg,3,2
sadness,http://farm6.staticflickr.com/5058/5406432842_24cfd8879b_z.jpg,0,5
sadness,http://farm7.staticflickr.com/6014/5936477320_775e37a623_z.jpg,5,0
sadness,http://farm5.staticflickr.com/4148/5096849506_59fcf68d5f_z.jpg,4,1
sadness,http://farm9.staticflickr.com/8162/6979820390_6c0ac6336f_z.jpg,1,4
sadness,http://farm5.staticflickr.com/4095/4750405463_5577581b10_z.jpg,1,4
sadness,http://farm8.staticflickr.com/7169/6392274313_ac15426d15_z.jpg,3,2
sadness,http://farm6.staticflickr.com/5441/9261899467_8419e31434_z.jpg,5,0
sadness,http://farm4.staticflickr.com/3439/3902429638_03ca4d794d_z.jpg,3,2
sadness,http://farm9.staticflickr.com/8062/8153444323_d0640e173b_z.jpg,2,2
sadness,http://farm3.staticflickr.com/2906/14563432018_2fa2ea4c57_z.jpg,4,1
sadness,http://farm8.staticflickr.com/7192/6856044351_b676417807_z.jpg,1,4
sadness,http://farm5.staticflickr.com/4067/4581061417_21dd482df3_z.jpg,3,2
sadness,http://farm7.staticflickr.com/6025/5981730585_99f75eab9c_z.jpg,0,5
sadness,http://farm4.staticflickr.com/3146/5837982003_976c423f76_z.jpg,4,1
sadness,http://farm4.staticflickr.com/3072/2881193682_f24b1bd30e_z.jpg,5,0
sadness,http://farm7.staticflickr.com/6059/5865792106_46958be9ae_z.jpg,1,4
sadness,http://farm3.staticflickr.com/2883/9451422953_af57400240_z.jpg,3,2
sadness,http://farm2.staticflickr.com/1345/5122668588_0b47919cd1_z.jpg,4,1
sadness,http://farm6.staticflickr.com/5067/5732467772_c51fde8798_z.jpg,5,0
sadness,http://farm9.staticflickr.com/8052/8444223676_ce0647f66f_z.jpg,5,0
sadness,http://farm9.staticflickr.com/8018/7312833496_ede6b861c6_z.jpg,3,2
sadness,http://farm8.staticflickr.com/7191/6786823658_e819982e6f_z.jpg,5,0
sadness,http://farm4.staticflickr.com/3171/2598610625_bd9f179b50_z.jpg,2,3
sadness,http://farm8.staticflickr.com/7331/16384800471_431e7a6215_z.jpg,5,0
sadness,http://farm7.staticflickr.com/6163/6194898803_bd03512405_z.jpg,5,0
sadness,http://farm4.staticflickr.com/3263/2647295883_df18461a22_z.jpg,3,2
sadness,http://farm4.staticflickr.com/3473/3258514614_62baa3d21c_z.jpg,5,0
sadness,http://farm3.staticflickr.com/2007/3541798009_54c83ea579_z.jpg,5,0
sadness,http://farm5.staticflickr.com/4115/4766484013_587bcfb1f8_z.jpg,5,0
sadness,http://farm8.staticflickr.com/7007/6524253077_46fabaaed8_z.jpg,5,0
sadness,http://farm8.staticflickr.com/7411/10096483034_7e13db7cfe_z.jpg,5,0
sadness,http://farm8.staticflickr.com/7139/7002411473_806a958ca9_z.jpg,3,2
sadness,http://farm3.staticflickr.com/2658/3887927934_3c38de128b_z.jpg,1,4
sadness,http://farm9.staticflickr.com/8546/8967263228_ed1275899e_z.jpg,5,0
sadness,http://farm9.staticflickr.com/8251/8578528390_fb011715df_z.jpg,5,0
sadness,http://farm6.staticflickr.com/5488/9558078727_2f950f02f2_z.jpg,4,1
sadness,http://farm6.staticflickr.com/5003/5312756185_efa33537a6_z.jpg,4,1
sadness,http://farm3.staticflickr.com/2592/4160664406_1c10bdd4d3_z.jpg,5,0
sadness,http://farm4.staticflickr.com/3152/2557559828_9d877347c3_z.jpg,1,4
sadness,http://farm4.staticflickr.com/3788/12292736153_913245976a_z.jpg,2,3
sadness,http://farm9.staticflickr.com/8530/8611063803_94545e9ca7_z.jpg,2,3
sadness,http://farm8.staticflickr.com/7468/15753907977_7f4f6cf084_z.jpg,5,0
sadness,http://farm4.staticflickr.com/3431/3925369103_d456d8a109_z.jpg,5,0
sadness,http://farm4.staticflickr.com/3777/9004734296_f8379b19bd_z.jpg,4,1
sadness,http://farm6.staticflickr.com/5443/10177960324_530e3f74c5_z.jpg,4,1
sadness,http://farm3.staticflickr.com/2946/15364320741_8ed1edc69b_z.jpg,5,0
sadness,http://farm8.staticflickr.com/7350/13641264305_6db4776e65_z.jpg,2,3
sadness,http://farm3.staticflickr.com/2498/4079842288_5eebdcf86f_z.jpg,4,1
sadness,http://farm5.staticflickr.com/4056/4679134592_946d5e9ac4_z.jpg,4,1
sadness,http://farm5.staticflickr.com/4047/4606206860_2268fcb350_z.jpg,3,2
sadness,http://farm3.staticflickr.com/2185/2177855992_60e7e631b2_z.jpg,5,0
sadness,http://farm6.staticflickr.com/5022/5733459377_7ce045f389_z.jpg,5,0
sadness,http://farm5.staticflickr.com/4102/4946214421_dee2dd6d27_z.jpg,4,1
sadness,http://farm6.staticflickr.com/5604/14947058824_20fc100b24_z.jpg,0,5
sadness,http://farm8.staticflickr.com/7179/14062705511_e0edbe4b95_z.jpg,5,0
sadness,http://farm6.staticflickr.com/5520/11827079505_a3cc22f3cd_z.jpg,4,0
sadness,http://farm8.staticflickr.com/7544/16087352486_34881837b1_z.jpg,5,0
sadness,http://farm8.staticflickr.com/7465/15520881728_d601b70e62_z.jpg,0,5
sadness,http://farm4.staticflickr.com/3770/9236798180_f960a0995e_z.jpg,2,3
sadness,http://farm6.staticflickr.com/5081/5318602107_66afc824b4_z.jpg,2,2
sadness,http://farm6.staticflickr.com/5521/12103474333_c51594c488_z.jpg,4,1
sadness,http://farm5.staticflickr.com/4065/5122657446_d508bdbc4b_z.jpg,5,0
sadness,http://farm9.staticflickr.com/8406/8705752877_9fc0fa54b1_z.jpg,3,2
sadness,http://farm8.staticflickr.com/7006/6742428919_7256cb1edf_z.jpg,2,3
sadness,http://farm3.staticflickr.com/2699/4070146333_c8589ef5f5_z.jpg,5,0
sadness,http://farm4.staticflickr.com/3010/2759133680_0419c6b7fe_z.jpg,2,3
sadness,http://farm3.staticflickr.com/2704/4361770981_d3497d1da5_z.jpg,3,2
sadness,http://farm8.staticflickr.com/7367/13630295894_caa22b8085_z.jpg,1,4
sadness,http://farm8.staticflickr.com/7279/7561042346_c107eff5dd_z.jpg,4,1
sadness,http://farm4.staticflickr.com/3908/14919931647_601aa144d7_z.jpg,3,2
sadness,http://farm4.staticflickr.com/3251/2991478736_4f120af167_z.jpg,5,0
sadness,http://farm4.staticflickr.com/3176/2551901419_c591798832_z.jpg,5,0
sadness,http://farm9.staticflickr.com/8172/8024435530_70836d981d_z.jpg,5,0
sadness,http://farm7.staticflickr.com/6101/6315603449_0883a7531f_z.jpg,1,4
sadness,http://farm5.staticflickr.com/4007/4496188195_6dfbe286f0_z.jpg,5,0
sadness,http://farm3.staticflickr.com/2936/14068620647_370352ca73_z.jpg,1,4
sadness,http://farm4.staticflickr.com/3370/3522282859_653d36784c_z.jpg,1,4
sadness,http://farm9.staticflickr.com/8111/8638725310_f4842792e9_z.jpg,2,2
sadness,http://farm5.staticflickr.com/4030/4279869614_8b57319aca_z.jpg,3,2
sadness,http://farm8.staticflickr.com/7143/6629200043_084f43ccfa_z.jpg,0,5
sadness,http://farm3.staticflickr.com/2866/10379719285_9e8b2414d1_z.jpg,2,3
sadness,http://farm9.staticflickr.com/8174/7993756863_0e42a2df65_z.jpg,4,1
sadness,http://farm3.staticflickr.com/2761/4175726879_4cf8baa08c_z.jpg,0,5
sadness,http://farm8.staticflickr.com/7485/15845732936_783b0248a6_z.jpg,3,2
sadness,http://farm3.staticflickr.com/2369/5730278359_e92a2dbcd2_z.jpg,5,0
sadness,http://farm4.staticflickr.com/3075/3170971158_74f4d57bd2_z.jpg,1,4
sadness,http://farm8.staticflickr.com/7410/14086365312_190911c6a7_z.jpg,0,5
sadness,http://farm9.staticflickr.com/8167/7553796648_d2132d159e_z.jpg,5,0
sadness,http://farm4.staticflickr.com/3536/5796348576_a122af1966_z.jpg,5,0
sadness,http://farm3.staticflickr.com/2941/15103342818_bb450fca94_z.jpg,2,3
sadness,http://farm6.staticflickr.com/5066/5815168958_9eff2a488c_z.jpg,1,4
sadness,http://farm9.staticflickr.com/8071/8292518547_215f8b03c1_z.jpg,5,0
sadness,http://farm5.staticflickr.com/4051/4456049473_9a82829744_z.jpg,4,1
sadness,http://farm5.staticflickr.com/4100/4786763588_888eb55717_z.jpg,2,3
sadness,http://farm3.staticflickr.com/2645/3971967412_38b457b656_z.jpg,5,0
sadness,http://farm9.staticflickr.com/8080/8444225406_5b7454ac17_z.jpg,5,0
sadness,http://farm6.staticflickr.com/5509/11323568796_5cfb0847f8_z.jpg,3,1
sadness,http://farm8.staticflickr.com/7371/12453049783_5376dff33e_z.jpg,3,2
sadness,http://farm9.staticflickr.com/8543/8754837323_2364e25628_z.jpg,1,4
sadness,http://farm4.staticflickr.com/3602/3650182780_ef05a7f65d_z.jpg,1,4
sadness,http://farm6.staticflickr.com/5481/9111553034_6cd7d2270d_z.jpg,5,0
sadness,http://farm5.staticflickr.com/4117/4930950994_a644052b57_z.jpg,5,0
sadness,http://farm3.staticflickr.com/2948/15301658669_def81e1e93_z.jpg,5,0
sadness,http://farm4.staticflickr.com/3898/15212143539_8ae7de7f55_z.jpg,4,1
sadness,http://farm5.staticflickr.com/4144/4987944793_73b5e1d0aa_z.jpg,5,0
sadness,http://farm7.staticflickr.com/6132/5986788430_22b0faf950_z.jpg,3,1
sadness,http://farm4.staticflickr.com/3867/14496072180_4e7bc30f7f_z.jpg,4,1
sadness,http://farm9.staticflickr.com/8295/7851684684_eba43b7c81_z.jpg,5,0
sadness,http://farm8.staticflickr.com/7243/7385093896_3893a95745_z.jpg,1,4
sadness,http://farm9.staticflickr.com/8516/8352503195_75e54832ee_z.jpg,3,2
sadness,http://farm4.staticflickr.com/3185/3075712792_eae880d3bd_z.jpg,5,0
sadness,http://farm4.staticflickr.com/3719/13677514605_5a8af79381_z.jpg,4,1
sadness,http://farm8.staticflickr.com/7215/7175943546_7c29c001ac_z.jpg,1,4
sadness,http://farm8.staticflickr.com/7202/6843267710_1a1a15afc1_z.jpg,2,3
sadness,http://farm3.staticflickr.com/2163/2536677437_0b0b9ef026_z.jpg,5,0
sadness,http://farm5.staticflickr.com/4007/4702850118_98241102fd_z.jpg,1,4
sadness,http://farm8.staticflickr.com/7177/7154758308_7a850f73c2_z.jpg,3,2
sadness,http://farm9.staticflickr.com/8231/8499037390_880bdd6bdb_z.jpg,5,0
sadness,http://farm8.staticflickr.com/7164/6644795601_6d6fd97368_z.jpg,4,1
sadness,http://farm6.staticflickr.com/5246/5378654959_745b6cded6_z.jpg,2,3
sadness,http://farm7.staticflickr.com/6187/6060069354_a546373c54_z.jpg,5,0
sadness,http://farm3.staticflickr.com/2798/4295330498_165b9fdfbd_z.jpg,5,0
sadness,http://farm9.staticflickr.com/8537/8611405631_1f9b0b99c5_z.jpg,2,3
sadness,http://farm9.staticflickr.com/8381/8613831924_e55d3366e1_z.jpg,2,3
sadness,http://farm4.staticflickr.com/3017/2973462165_90fcba46b2_z.jpg,4,1
sadness,http://farm7.staticflickr.com/6172/6244648215_de080a57e2_z.jpg,2,3
sadness,http://farm3.staticflickr.com/2918/14781610504_47870e5bf3_z.jpg,5,0
sadness,http://farm3.staticflickr.com/2776/4202536659_9f25988c2a_z.jpg,5,0
sadness,http://farm8.staticflickr.com/7297/10131615636_f9d61a5393_z.jpg,5,0
sadness,http://farm4.staticflickr.com/3224/3092295495_9116c89c98_z.jpg,5,0
sadness,http://farm3.staticflickr.com/2657/4142313176_f575cc682d_z.jpg,2,3
sadness,http://farm4.staticflickr.com/3769/13326903655_4d68e06a6d_z.jpg,3,2
sadness,http://farm8.staticflickr.com/7038/13929333348_17f2ed7b07_z.jpg,2,3
sadness,http://farm3.staticflickr.com/2859/10725230034_448926b872_z.jpg,5,0
sadness,http://farm8.staticflickr.com/7305/9059846828_09cf816c24_z.jpg,4,1
sadness,http://farm8.staticflickr.com/7103/7167162225_d3ccd90bed_z.jpg,3,2
sadness,http://farm6.staticflickr.com/5554/15101274576_6c495386fa_z.jpg,5,0
sadness,http://farm7.staticflickr.com/6017/5963852412_1f0c28f1b9_z.jpg,1,4
sadness,http://farm3.staticflickr.com/2943/15154284877_a0a0b1216b_z.jpg,4,1
sadness,http://farm9.staticflickr.com/8082/8255654953_a2ff48fb54_z.jpg,1,4
sadness,http://farm5.staticflickr.com/4019/4473633795_6d57da7c73_z.jpg,4,1
sadness,http://farm6.staticflickr.com/5045/5337576997_f287836f50_z.jpg,5,0
sadness,http://farm8.staticflickr.com/7223/7385276794_f73a5e4b8f_z.jpg,5,0
sadness,http://farm4.staticflickr.com/3093/2830508954_69594f3966_z.jpg,5,0
sadness,http://farm7.staticflickr.com/6174/6202095449_7051286c01_z.jpg,5,0
sadness,http://farm6.staticflickr.com/5128/5321069927_c7c4d65e28_z.jpg,1,4
sadness,http://farm4.staticflickr.com/3172/3022316302_d7f19199d5_z.jpg,4,1
sadness,http://farm3.staticflickr.com/2945/15375758076_3641dc156c_z.jpg,3,2
sadness,http://farm9.staticflickr.com/8246/8578526182_ae8298a451_z.jpg,5,0
sadness,http://farm4.staticflickr.com/3777/9137026344_2c16eedafa_z.jpg,2,3
sadness,http://farm7.staticflickr.com/6202/6048351952_927bfe8679_z.jpg,2,3
sadness,http://farm8.staticflickr.com/7444/8758096045_b9b57e25d8_z.jpg,5,0
sadness,http://farm8.staticflickr.com/7320/11950536995_1ff3f47692_z.jpg,3,2
sadness,http://farm5.staticflickr.com/4019/4679414115_892cdfb4eb_z.jpg,3,2
sadness,http://farm8.staticflickr.com/7167/6553607645_ace28b8e94_z.jpg,4,1
sadness,http://farm4.staticflickr.com/3873/14880093361_83da0946f0_z.jpg,4,0
sadness,http://farm2.staticflickr.com/1323/5100326466_c34f98f000_z.jpg,1,4
sadness,http://farm4.staticflickr.com/3612/3421718413_fdf48eafaa_z.jpg,3,2
sadness,http://farm7.staticflickr.com/6114/6318280368_90dd2358f5_z.jpg,4,1
sadness,http://farm3.staticflickr.com/2682/4219423004_388aafc0fd_z.jpg,2,3
sadness,http://farm3.staticflickr.com/2867/9131534806_e00113d1be_z.jpg,3,2
sadness,http://farm8.staticflickr.com/7334/14036584482_61cf007870_z.jpg,1,4
sadness,http://farm4.staticflickr.com/3015/2603451734_88c0e87ff1_z.jpg,3,2
sadness,http://farm5.staticflickr.com/4026/4341825752_28378474bf_z.jpg,5,0
sadness,http://farm6.staticflickr.com/5102/5840653016_3012b3d9b7_z.jpg,5,0
sadness,http://farm7.staticflickr.com/6141/6037717055_7202c59426_z.jpg,5,0
sadness,http://farm5.staticflickr.com/4090/5172460042_5d31d0b87f_z.jpg,2,3
sadness,http://farm8.staticflickr.com/7189/7041788733_7b9a972d6d_z.jpg,3,2
sadness,http://farm9.staticflickr.com/8211/8360372321_1f8fc40b61_z.jpg,5,0
sadness,http://farm4.staticflickr.com/3229/3079455077_1aafefe28c_z.jpg,0,5
sadness,http://farm5.staticflickr.com/4144/5029892828_8aa5a55b82_z.jpg,3,1
sadness,http://farm8.staticflickr.com/7170/6420633283_eec24c0f61_z.jpg,2,3
sadness,http://farm7.staticflickr.com/6072/6056513653_1fb00ee658_z.jpg,5,0
sadness,http://farm8.staticflickr.com/7264/8158711844_2a6598b109_z.jpg,2,3
sadness,http://farm6.staticflickr.com/5333/8942832817_d868bcc3ea_z.jpg,5,0
sadness,http://farm9.staticflickr.com/8424/7752875800_91c569048f_z.jpg,3,2
sadness,http://farm4.staticflickr.com/3257/2887890991_5c80e62056_z.jpg,5,0
sadness,http://farm8.staticflickr.com/7197/6849415829_2ac2813b94_z.jpg,5,0
sadness,http://farm4.staticflickr.com/3818/9509880270_63251e7cb0_z.jpg,3,2
sadness,http://farm6.staticflickr.com/5208/5306952900_1f5fb4a958_z.jpg,5,0
sadness,http://farm9.staticflickr.com/8543/8867782006_bc5f023beb_z.jpg,4,0
sadness,http://farm3.staticflickr.com/2818/9004249004_2c5f78dfdf_z.jpg,3,2
sadness,http://farm4.staticflickr.com/3461/3305213554_bccb32afb5_z.jpg,0,5
sadness,http://farm4.staticflickr.com/3757/11140830806_001aace4aa_z.jpg,1,4
sadness,http://farm5.staticflickr.com/4072/4706727235_2dbd63db48_z.jpg,1,4
sadness,http://farm5.staticflickr.com/4140/4790556813_3ec770e034_z.jpg,5,0
sadness,http://farm9.staticflickr.com/8108/8537300627_700381b6c1_z.jpg,2,3
sadness,http://farm4.staticflickr.com/3279/3054584602_de049094f9_z.jpg,3,2
sadness,http://farm1.staticflickr.com/236/3264444008_ceb9c47738_z.jpg,0,4
sadness,http://farm4.staticflickr.com/3832/13214466633_0591b51977_z.jpg,4,1
sadness,http://farm5.staticflickr.com/4141/4740440148_f321c2cfb8_z.jpg,3,2
sadness,http://farm9.staticflickr.com/8320/8032760184_6e8e42c134_z.jpg,0,5
sadness,http://farm8.staticflickr.com/7199/6945702851_deb8f8b400_z.jpg,5,0
sadness,http://farm3.staticflickr.com/2860/10702075194_b381bc8399_z.jpg,2,3
sadness,http://farm4.staticflickr.com/3702/12673926544_11f7563905_z.jpg,5,0
sadness,http://farm8.staticflickr.com/7546/15490828804_6e4a8b46fe_z.jpg,5,0
sadness,http://farm6.staticflickr.com/5517/11442130355_8d653bab50_z.jpg,5,0
sadness,http://farm3.staticflickr.com/2162/2272326797_922ee750db_z.jpg,4,1
sadness,http://farm2.staticflickr.com/1036/5180434645_cd14d44967_z.jpg,3,2
sadness,http://farm9.staticflickr.com/8316/8036822684_b59a5a7ffc_z.jpg,4,1
sadness,http://farm8.staticflickr.com/7312/9620432686_e2c41bcdfd_z.jpg,5,0
sadness,http://farm4.staticflickr.com/3676/11254695696_fb35d66960_z.jpg,1,4
sadness,http://farm9.staticflickr.com/8029/8065351975_8a78f30258_z.jpg,0,5
sadness,http://farm7.staticflickr.com/6172/6164189519_aa2ba6edde_z.jpg,2,3
sadness,http://farm9.staticflickr.com/8041/8024205571_a860705813_z.jpg,5,0
sadness,http://farm9.staticflickr.com/8189/8358628294_1a13f66b77_z.jpg,3,2
sadness,http://farm8.staticflickr.com/7472/16052511885_8bc350fe39_z.jpg,5,0
sadness,http://farm8.staticflickr.com/7276/6946900750_0db76240a4_z.jpg,2,3
sadness,http://farm8.staticflickr.com/7134/6978585152_c00dbfeded_z.jpg,4,1
sadness,http://farm4.staticflickr.com/3563/3342255659_22e2898a7a_z.jpg,4,1
sadness,http://farm7.staticflickr.com/6126/5943861349_a1741a15da_z.jpg,1,4
sadness,http://farm8.staticflickr.com/7496/16157752685_847b98ca4a_z.jpg,1,4
sadness,http://farm5.staticflickr.com/4033/4217768419_1c61e5527e_z.jpg,1,4
sadness,http://farm6.staticflickr.com/5262/5668739185_213a3b5745_z.jpg,1,4
sadness,http://farm3.staticflickr.com/2897/14308534390_22f7536522_z.jpg,2,2
sadness,http://farm3.staticflickr.com/2666/4109535632_bc1d2bdfe9_z.jpg,4,1
sadness,http://farm4.staticflickr.com/3722/9356253463_b1c01551f9_z.jpg,3,2
sadness,http://farm6.staticflickr.com/5542/9140481107_77ff6535fd_z.jpg,1,4
sadness,http://farm9.staticflickr.com/8298/7763054646_4a91b0f541_z.jpg,4,1
sadness,http://farm3.staticflickr.com/2653/4235633046_84c4fcacea_z.jpg,2,3
sadness,http://farm4.staticflickr.com/3366/3435345743_b64b223f1a_z.jpg,5,0
sadness,http://farm3.staticflickr.com/2675/3954838184_29c66dbc91_z.jpg,4,1
sadness,http://farm4.staticflickr.com/3872/14174877300_2584f248bf_z.jpg,5,0
sadness,http://farm8.staticflickr.com/7455/9629567657_733d2635ab_z.jpg,1,4
sadness,http://farm6.staticflickr.com/5231/14207822283_8769bb8ed5_z.jpg,3,2
sadness,http://farm6.staticflickr.com/5085/5378324240_2e1902461e_z.jpg,5,0
sadness,http://farm6.staticflickr.com/5103/5679339665_d1a649c2de_z.jpg,5,0
sadness,http://farm8.staticflickr.com/7439/11389195885_2c2a06bfb9_z.jpg,0,5
sadness,http://farm6.staticflickr.com/5337/9554283783_cfa244d42a_z.jpg,2,3
sadness,http://farm3.staticflickr.com/2949/15260753377_6c37f3eb5e_z.jpg,5,0
sadness,http://farm8.staticflickr.com/7541/16308959376_1623dff813_z.jpg,5,0
sadness,http://farm3.staticflickr.com/2670/3913659747_b1fecfcf15_z.jpg,4,1
sadness,http://farm9.staticflickr.com/8255/8667324302_4c7e31c98c_z.jpg,2,2
sadness,http://farm7.staticflickr.com/6092/6283202424_d17347d469_z.jpg,5,0
sadness,http://farm8.staticflickr.com/7209/6796479964_0822cf0d5a_z.jpg,1,4
sadness,http://farm2.staticflickr.com/1348/5107377811_cefc8e6643_z.jpg,5,0
sadness,http://farm5.staticflickr.com/4041/4478628601_1996195413_z.jpg,2,3
sadness,http://farm5.staticflickr.com/4120/4916819789_f805e53870_z.jpg,1,4
sadness,http://farm6.staticflickr.com/5540/11689388466_57d20f6b14_z.jpg,2,3
sadness,http://farm6.staticflickr.com/5147/5643556211_f805f29eab_z.jpg,1,4
sadness,http://farm6.staticflickr.com/5203/5239085222_b23d514b97_z.jpg,5,0
sadness,http://farm3.staticflickr.com/2931/14010617614_43234c4b9e_z.jpg,2,2
sadness,http://farm5.staticflickr.com/4006/4658342783_bd40bec8ec_z.jpg,5,0
sadness,http://farm8.staticflickr.com/7370/12826464165_e71f91e74b_z.jpg,5,0
sadness,http://farm4.staticflickr.com/3223/2515608380_5de69266ab_z.jpg,1,4
sadness,http://farm8.staticflickr.com/7507/15854162317_ccea31a494_z.jpg,3,2
sadness,http://farm4.staticflickr.com/3900/14367279250_7b8bef1065_z.jpg,5,0
sadness,http://farm6.staticflickr.com/5535/9679203143_a699f8edfc_z.jpg,5,0
sadness,http://farm8.staticflickr.com/7294/11671559496_7f36c86f73_z.jpg,1,4
sadness,http://farm9.staticflickr.com/8177/7924488776_a293d1bf00_z.jpg,4,1
sadness,http://farm6.staticflickr.com/5224/5676304790_b93e379d7a_z.jpg,3,2
sadness,http://farm3.staticflickr.com/2909/14715907921_f6994dd6d2_z.jpg,2,3
sadness,http://farm5.staticflickr.com/4143/4776842358_8081f529f6_z.jpg,0,5
sadness,http://farm3.staticflickr.com/2879/8881575754_b3cffb3aed_z.jpg,4,1
sadness,http://farm3.staticflickr.com/2494/4076220359_e0256df03d_z.jpg,4,1
sadness,http://farm9.staticflickr.com/8024/7415371824_959496601c_z.jpg,5,0
sadness,http://farm6.staticflickr.com/5034/7073231139_7f1d56d5b5_z.jpg,2,3
sadness,http://farm7.staticflickr.com/6236/6281322916_4a7e44d520_z.jpg,2,3
sadness,http://farm6.staticflickr.com/5091/5503748098_f6875f3e41_z.jpg,3,2
sadness,http://farm5.staticflickr.com/4086/5145126872_f867e150bf_z.jpg,2,3
sadness,http://farm6.staticflickr.com/5489/10930911624_149501586c_z.jpg,5,0
sadness,http://farm8.staticflickr.com/7028/13962075651_f13fa47473_z.jpg,5,0
sadness,http://farm8.staticflickr.com/7350/9670433922_a8e58f6e95_z.jpg,5,0
sadness,http://farm4.staticflickr.com/3952/15611067002_7bae31aa9b_z.jpg,2,3
sadness,http://farm4.staticflickr.com/3260/2577546647_180c036b42_z.jpg,2,3
sadness,http://farm6.staticflickr.com/5341/9455037287_ff8fd28064_z.jpg,3,2
sadness,http://farm5.staticflickr.com/4006/5122020411_257a21aef4_z.jpg,5,0
sadness,http://farm9.staticflickr.com/8457/8051311725_5a6a7d0dfd_z.jpg,5,0
sadness,http://farm9.staticflickr.com/8142/7510094446_d71ee44d18_z.jpg,5,0
sadness,http://farm3.staticflickr.com/2945/15402566891_db4b4d4b2b_z.jpg,4,0
sadness,http://farm8.staticflickr.com/7054/6874945571_35c4019f96_z.jpg,5,0
sadness,http://farm6.staticflickr.com/5575/14666860860_51f3081e99_z.jpg,2,3
sadness,http://farm4.staticflickr.com/3943/14931640224_b9a5245514_z.jpg,5,0
sadness,http://farm9.staticflickr.com/8384/8595079354_d11a111743_z.jpg,4,1
sadness,http://farm5.staticflickr.com/4016/5142717014_2ece6094aa_z.jpg,3,2
sadness,http://farm3.staticflickr.com/2428/3694324484_e3c5922b48_z.jpg,5,0
sadness,http://farm5.staticflickr.com/4105/5444013952_612a644dd7_z.jpg,3,1
sadness,http://farm8.staticflickr.com/7175/6778472613_f40e84914c_z.jpg,5,0
sadness,http://farm8.staticflickr.com/7242/7320219728_a3b1200754_z.jpg,3,1
sadness,http://farm5.staticflickr.com/4089/5223315701_ddd0113a1f_z.jpg,4,1
sadness,http://farm4.staticflickr.com/3836/14577136660_e78b6e9671_z.jpg,5,0
sadness,http://farm4.staticflickr.com/3430/3348513045_fb024a4351_z.jpg,4,1
sadness,http://farm6.staticflickr.com/5225/5638958334_4429e85ab1_z.jpg,4,1
sadness,http://farm5.staticflickr.com/4082/4891383920_cc5fb6542e_z.jpg,5,0
sadness,http://farm4.staticflickr.com/3836/14879440719_d65e5c9c40_z.jpg,4,1
sadness,http://farm3.staticflickr.com/2932/14483199496_f7e6940c6a_z.jpg,4,0
sadness,http://farm8.staticflickr.com/7077/7312848896_77cce38778_z.jpg,4,1
sadness,http://farm8.staticflickr.com/7338/10655051105_96b1df4e12_z.jpg,5,0
sadness,http://farm9.staticflickr.com/8145/7159302344_9584de42b9_z.jpg,4,1
sadness,http://farm9.staticflickr.com/8129/15632218668_f3ee1f72c2_z.jpg,2,3
sadness,http://farm7.staticflickr.com/6196/6035407496_ebcbce68ce_z.jpg,5,0
sadness,http://farm8.staticflickr.com/7020/6463443851_961af8d277_z.jpg,5,0
sadness,http://farm6.staticflickr.com/5286/5342847718_01cd424957_z.jpg,1,4
sadness,http://farm6.staticflickr.com/5264/5602825644_6f02145113_z.jpg,2,3
sadness,http://farm6.staticflickr.com/5187/5684876420_59e5bcae27_z.jpg,4,1
sadness,http://farm8.staticflickr.com/7258/7726371106_41b4911a18_z.jpg,4,0
sadness,http://farm8.staticflickr.com/7296/9675247153_6d16469f4f_z.jpg,4,1
sadness,http://farm8.staticflickr.com/7085/7072868889_490fcef857_z.jpg,0,5
sadness,http://farm4.staticflickr.com/3422/3785599962_7ac2fedb6c_z.jpg,5,0
sadness,http://farm9.staticflickr.com/8422/7875165332_d155bbcc53_z.jpg,4,1
sadness,http://farm3.staticflickr.com/2312/2437619508_a3327bc49e_z.jpg,3,2
sadness,http://farm4.staticflickr.com/3032/3074251282_ce830c533e_z.jpg,4,1
sadness,http://farm8.staticflickr.com/7017/6742778405_ccd6e4d463_z.jpg,5,0
sadness,http://farm9.staticflickr.com/8098/8506468218_9f35c9f34b_z.jpg,0,5
sadness,http://farm3.staticflickr.com/2145/2216069173_74bdaf59e9_z.jpg,2,3
sadness,http://farm4.staticflickr.com/3545/3852196335_39572f1d98_z.jpg,5,0
sadness,http://farm8.staticflickr.com/7007/6479832451_fdf3beeb98_z.jpg,1,4
sadness,http://farm4.staticflickr.com/3679/10409328804_26a440bcea_z.jpg,1,4
sadness,http://farm4.staticflickr.com/3660/3362919831_fa4439f210_z.jpg,0,5
sadness,http://farm9.staticflickr.com/8084/8344084728_e809a248fd_z.jpg,1,4
sadness,http://farm8.staticflickr.com/7164/13915435555_1627016b2b_z.jpg,2,3
sadness,http://farm9.staticflickr.com/8387/8570547476_a28873abeb_z.jpg,4,1
sadness,http://farm6.staticflickr.com/5571/14566404743_6d58686a40_z.jpg,5,0
sadness,http://farm6.staticflickr.com/5609/15345662780_0930e1b954_z.jpg,5,0
sadness,http://farm6.staticflickr.com/5489/12118304635_800ee7085a_z.jpg,3,2
sadness,http://farm6.staticflickr.com/5242/5338876746_1ff8d0968f_z.jpg,3,2
sadness,http://farm8.staticflickr.com/7422/11524312845_2fa0de44f4_z.jpg,2,3
sadness,http://farm9.staticflickr.com/8378/8407028062_c9a4e854c8_z.jpg,4,1
sadness,http://farm5.staticflickr.com/4136/4915833160_3aae596832_z.jpg,4,1
sadness,http://farm4.staticflickr.com/3892/14596205310_27172466d2_z.jpg,1,4
sadness,http://farm4.staticflickr.com/3617/3546620664_0b8443b532_z.jpg,4,1
sadness,http://farm6.staticflickr.com/5132/5557100098_fd5689ec42_z.jpg,2,3
sadness,http://farm8.staticflickr.com/7322/10138221723_a42a99f2d9_z.jpg,4,1
sadness,http://farm4.staticflickr.com/3732/12597111285_6efc8a0e5d_z.jpg,3,2
sadness,http://farm4.staticflickr.com/3076/2876487098_140b25477d_z.jpg,3,2
sadness,http://farm5.staticflickr.com/4112/5067559174_3a6a2d66d1_z.jpg,2,3
sadness,http://farm8.staticflickr.com/7344/14010930581_224b8f08e7_z.jpg,2,3
sadness,http://farm9.staticflickr.com/8589/15487485173_dbdcf73bb3_z.jpg,0,5
sadness,http://farm3.staticflickr.com/2681/4458874467_3531d121d5_z.jpg,0,5
sadness,http://farm7.staticflickr.com/6108/6357696291_9d0e4f22ec_z.jpg,3,2
sadness,http://farm9.staticflickr.com/8461/7886800550_2671004f67_z.jpg,5,0
sadness,http://farm4.staticflickr.com/3901/14821224921_7a16fe5208_z.jpg,5,0
sadness,http://farm9.staticflickr.com/8453/8015116456_48ee9fd1ca_z.jpg,5,0
sadness,http://farm9.staticflickr.com/8565/16625759645_2c93a51f23_z.jpg,2,3
sadness,http://farm7.staticflickr.com/6158/6203557119_3553b727d2_z.jpg,0,5
sadness,http://farm9.staticflickr.com/8451/8039464115_1c83f2fc9f_z.jpg,5,0
sadness,http://farm3.staticflickr.com/2824/11980383303_bd32922830_z.jpg,3,2
sadness,http://farm8.staticflickr.com/7271/7129090771_d53dfac043_z.jpg,3,2
sadness,http://farm6.staticflickr.com/5569/14975345915_9e198cf020_z.jpg,5,0
sadness,http://farm4.staticflickr.com/3237/2902919294_24db55b475_z.jpg,2,3
sadness,http://farm4.staticflickr.com/3770/12104311514_2a6e95a481_z.jpg,5,0
sadness,http://farm4.staticflickr.com/3786/9371773173_0862f6d2bd_z.jpg,2,3
sadness,http://farm6.staticflickr.com/5034/7422419770_0415380f93_z.jpg,5,0
sadness,http://farm9.staticflickr.com/8247/8534318737_c4818da265_z.jpg,3,2
sadness,http://farm8.staticflickr.com/7174/6446219585_b18ea8df0f_z.jpg,4,1
sadness,http://farm4.staticflickr.com/3167/3022631579_ef5a697e63_z.jpg,3,2
sadness,http://farm5.staticflickr.com/4023/4528695385_3b4b4a4739_z.jpg,5,0
sadness,http://farm3.staticflickr.com/2690/4279977346_5a74eb77a6_z.jpg,1,4
sadness,http://farm6.staticflickr.com/5577/14623914229_5ccb202138_z.jpg,1,4
sadness,http://farm9.staticflickr.com/8491/8308839030_8a6fc5a2ff_z.jpg,5,0
sadness,http://farm7.staticflickr.com/6155/6169736457_fc4a8b3b58_z.jpg,5,0
sadness,http://farm5.staticflickr.com/4133/5020559480_e9f60e5ac0_z.jpg,4,1
sadness,http://farm4.staticflickr.com/3765/11778339564_77694a1613_z.jpg,5,0
sadness,http://farm5.staticflickr.com/4070/4477125992_273d05cb88_z.jpg,4,1
sadness,http://farm8.staticflickr.com/7125/7746151380_401e4d2213_z.jpg,2,3
sadness,http://farm9.staticflickr.com/8239/8468375016_e6d13d93cc_z.jpg,2,3
sadness,http://farm3.staticflickr.com/2880/10441988993_1ffe52f668_z.jpg,5,0
sadness,http://farm5.staticflickr.com/4102/4935438953_d5eb708d2e_z.jpg,1,4
sadness,http://farm6.staticflickr.com/5255/5495414971_68a9cb27b5_z.jpg,1,4
sadness,http://farm8.staticflickr.com/7066/6917607031_0291f9a3ff_z.jpg,3,2
sadness,http://farm9.staticflickr.com/8608/15753629139_d91b05fd59_z.jpg,5,0
sadness,http://farm9.staticflickr.com/8050/8111722206_87bdd942f0_z.jpg,5,0
sadness,http://farm8.staticflickr.com/7296/11843714554_71c322a309_z.jpg,4,0
sadness,http://farm4.staticflickr.com/3909/15035277365_fbce1a9c0b_z.jpg,4,1
sadness,http://farm4.staticflickr.com/3700/11935531863_9f28650ecb_z.jpg,4,1
sadness,http://farm9.staticflickr.com/8008/7555814172_18a71aafe7_z.jpg,4,1
sadness,http://farm4.staticflickr.com/3857/14710007467_5ecceba4f4_z.jpg,4,1
sadness,http://farm6.staticflickr.com/5163/5221904491_5e5ec5a8b5_z.jpg,2,3
sadness,http://farm9.staticflickr.com/8023/7520015128_05fee51269_z.jpg,4,1
sadness,http://farm3.staticflickr.com/2902/14321984194_40cbea89d0_z.jpg,5,0
sadness,http://farm3.staticflickr.com/2511/3926616500_5fcb04959a_z.jpg,2,3
sadness,http://farm3.staticflickr.com/2134/2421515067_339e83dee0_z.jpg,0,5
sadness,http://farm8.staticflickr.com/7506/16009188421_0010cf5948_z.jpg,1,4
sadness,http://farm9.staticflickr.com/8245/8552609753_838fb42232_z.jpg,3,2
sadness,http://farm8.staticflickr.com/7402/9499549712_e86a559822_z.jpg,2,3
sadness,http://farm4.staticflickr.com/3852/14724047535_6651f0aebd_z.jpg,4,1
sadness,http://farm8.staticflickr.com/7013/6760476035_736a28f1b1_z.jpg,5,0
sadness,http://farm8.staticflickr.com/7235/7367691370_f1536fa87f_z.jpg,3,2
sadness,http://farm8.staticflickr.com/7262/13902960035_1f72246886_z.jpg,1,4
sadness,http://farm7.staticflickr.com/6003/6011198531_5bf5e01512_z.jpg,4,1
sadness,http://farm7.staticflickr.com/6043/5881969717_38983984a4_z.jpg,4,1
sadness,http://farm5.staticflickr.com/4031/4288107021_af35514f89_z.jpg,5,0
sadness,http://farm8.staticflickr.com/7289/11046951826_8111d0a954_z.jpg,2,3
sadness,http://farm9.staticflickr.com/8586/15299730223_a9815468be_z.jpg,5,0
sadness,http://farm4.staticflickr.com/3269/5776456520_1b2ece181e_z.jpg,5,0
sadness,http://farm9.staticflickr.com/8210/8272404764_3db5439e81_z.jpg,0,5
sadness,http://farm3.staticflickr.com/2624/4218657473_57828cd477_z.jpg,2,3
sadness,http://farm4.staticflickr.com/3808/10934275644_b3c2491701_z.jpg,4,0
sadness,http://farm9.staticflickr.com/8328/8141499774_c7e4f2a376_z.jpg,5,0
sadness,http://farm8.staticflickr.com/7400/11975243443_c5e1d8f877_z.jpg,5,0
sadness,http://farm9.staticflickr.com/8373/8495412896_b533e2c3a7_z.jpg,2,3
sadness,http://farm2.staticflickr.com/1138/5122045669_a3c7863bea_z.jpg,5,0
sadness,http://farm7.staticflickr.com/6039/6429869355_58b3fef64a_z.jpg,5,0
sadness,http://farm6.staticflickr.com/5059/5456818641_04fc64730a_z.jpg,3,2
sadness,http://farm3.staticflickr.com/2512/4142307102_ac0643e6d4_z.jpg,5,0
sadness,http://farm8.staticflickr.com/7354/9352022966_b93a05cd0d_z.jpg,3,2
sadness,http://farm8.staticflickr.com/7353/11651756735_408bf69c40_z.jpg,4,1
sadness,http://farm4.staticflickr.com/3810/13584721044_176769f043_z.jpg,3,2
sadness,http://farm4.staticflickr.com/3381/5769926491_9fe2a95868_z.jpg,2,3
sadness,http://farm5.staticflickr.com/4126/4999435551_8228a649c9_z.jpg,5,0
sadness,http://farm4.staticflickr.com/3558/3446209200_67354539b1_z.jpg,0,5
sadness,http://farm4.staticflickr.com/3840/14536835510_22ff6aaafe_z.jpg,3,2
sadness,http://farm9.staticflickr.com/8434/7844663084_696eac66c7_z.jpg,5,0
sadness,http://farm6.staticflickr.com/5555/15082531065_512f3701a1_z.jpg,1,4
sadness,http://farm9.staticflickr.com/8542/8611506660_7f90e60651_z.jpg,4,1
sadness,http://farm8.staticflickr.com/7017/6706282003_68dcb0f209_z.jpg,4,1
sadness,http://farm9.staticflickr.com/8218/8323710516_57acc2cf1c_z.jpg,4,1
sadness,http://farm4.staticflickr.com/3266/2442343282_bf03bc60e7_z.jpg,5,0
sadness,http://farm4.staticflickr.com/3625/3451415982_cdef73c292_z.jpg,0,5
sadness,http://farm3.staticflickr.com/2244/2223523718_2805a8df4a_z.jpg,2,3
sadness,http://farm4.staticflickr.com/3289/2304442785_1680003ee1_z.jpg,3,2
sadness,http://farm4.staticflickr.com/3279/2385272562_e187890533_z.jpg,0,4
sadness,http://farm9.staticflickr.com/8312/8047986305_d64f255780_z.jpg,4,1
sadness,http://farm6.staticflickr.com/5162/5209219249_2d91b38557_z.jpg,3,2
sadness,http://farm5.staticflickr.com/4035/5122689370_36f7a9ce9b_z.jpg,4,1
sadness,http://farm4.staticflickr.com/3675/9135232883_31df5275c3_z.jpg,4,1
sadness,http://farm4.staticflickr.com/3861/15173908091_6c79a6785b_z.jpg,4,1
sadness,http://farm3.staticflickr.com/2647/4170740233_3631c01b3f_z.jpg,2,3
sadness,http://farm8.staticflickr.com/7170/6678055699_06ef7743d6_z.jpg,1,4
sadness,http://farm4.staticflickr.com/3023/3042337010_898b6a488f_z.jpg,4,1
sadness,http://farm8.staticflickr.com/7328/12819299154_1580b72818_z.jpg,4,1
sadness,http://farm8.staticflickr.com/7214/7341455766_1961465d1e_z.jpg,0,5
sadness,http://farm4.staticflickr.com/3686/8864597503_9afa1a4ac4_z.jpg,2,3
sadness,http://farm4.staticflickr.com/3271/2975677421_01441fdeca_z.jpg,1,4
sadness,http://farm9.staticflickr.com/8423/7875565956_6233a4ba0c_z.jpg,5,0
sadness,http://farm4.staticflickr.com/3054/3076703031_4b7df09c8c_z.jpg,2,3
sadness,http://farm4.staticflickr.com/3529/3782793629_291ce8f61f_z.jpg,3,2
sadness,http://farm8.staticflickr.com/7203/7021802919_40752a6191_z.jpg,1,4
sadness,http://farm3.staticflickr.com/2933/14534888071_66e81e3681_z.jpg,2,3
sadness,http://farm4.staticflickr.com/3659/3369816520_d48d1d4f23_z.jpg,0,5
sadness,http://farm6.staticflickr.com/5603/15570368565_bd0d3bb03f_z.jpg,5,0
sadness,http://farm8.staticflickr.com/7044/7001719038_a6910ef839_z.jpg,5,0
sadness,http://farm6.staticflickr.com/5222/5602229269_2b0676f762_z.jpg,3,2
sadness,http://farm9.staticflickr.com/8263/8697791789_ca10185dba_z.jpg,4,1
sadness,http://farm8.staticflickr.com/7032/6438786521_3b70861315_z.jpg,5,0
sadness,http://farm4.staticflickr.com/3727/10655626465_ed1ba8da5f_z.jpg,5,0
sadness,http://farm5.staticflickr.com/4145/5188117273_6b615a6c23_z.jpg,4,1
sadness,http://farm3.staticflickr.com/2949/15405452972_cb6a2f06ee_z.jpg,5,0
sadness,http://farm6.staticflickr.com/5322/6930970052_2a90d7a11b_z.jpg,2,3
sadness,http://farm8.staticflickr.com/7145/6836451427_4621057740_z.jpg,5,0
sadness,http://farm4.staticflickr.com/3780/12370168014_438d77fc0b_z.jpg,2,2
sadness,http://farm3.staticflickr.com/2596/3913714083_507ae238e3_z.jpg,5,0
sadness,http://farm5.staticflickr.com/4152/5061422698_46f88f53d0_z.jpg,0,5
sadness,http://farm9.staticflickr.com/8422/7840141262_eb00de0a06_z.jpg,4,1
sadness,http://farm4.staticflickr.com/3852/14808039609_0004b5162e_z.jpg,2,3
sadness,http://farm6.staticflickr.com/5252/5517408227_e73048b5d7_z.jpg,1,4
sadness,http://farm4.staticflickr.com/3732/14287873374_f742b91bbb_z.jpg,1,4
sadness,http://farm8.staticflickr.com/7172/6448838005_cc80c78d81_z.jpg,2,3
sadness,http://farm4.staticflickr.com/3022/2773003402_d72eb461b6_z.jpg,0,5
sadness,http://farm9.staticflickr.com/8390/8530710466_87e4c23320_z.jpg,4,1
sadness,http://farm4.staticflickr.com/3798/9071002748_88424cd326_z.jpg,3,2
sadness,http://farm8.staticflickr.com/7355/9474787402_f2d953ff37_z.jpg,0,5
sadness,http://farm4.staticflickr.com/3557/5699184338_50921e771f_z.jpg,2,3
sadness,http://farm8.staticflickr.com/7369/10699396246_2c4e81a8de_z.jpg,2,3
sadness,http://farm5.staticflickr.com/4056/5121585076_173611b547_z.jpg,5,0
sadness,http://farm8.staticflickr.com/7487/15418221073_e05389c134_z.jpg,1,4
sadness,http://farm8.staticflickr.com/7216/7386496848_c97f2edbf5_z.jpg,2,3
sadness,http://farm6.staticflickr.com/5038/5871578992_28dc710e18_z.jpg,4,1
sadness,http://farm6.staticflickr.com/5286/5351917926_d3f934dc1a_z.jpg,5,0
sadness,http://farm4.staticflickr.com/3343/3238523093_07614043e1_z.jpg,2,3
sadness,http://farm7.staticflickr.com/6077/6109179790_079b5c8677_z.jpg,2,3
sadness,http://farm6.staticflickr.com/5567/15078130546_d122f488b4_z.jpg,1,4
sadness,http://farm9.staticflickr.com/8385/8452091667_1f0d3f6923_z.jpg,2,3
sadness,http://farm6.staticflickr.com/5514/11296123875_214a2429c2_z.jpg,3,1
sadness,http://farm6.staticflickr.com/5530/10461964683_ee4b6d46e9_z.jpg,4,1
sadness,http://farm8.staticflickr.com/7039/6971400095_242ef6fc29_z.jpg,3,2
sadness,http://farm6.staticflickr.com/5497/9220367756_66c5721024_z.jpg,2,3
sadness,http://farm3.staticflickr.com/2556/3725255105_154d58b76d_z.jpg,5,0
sadness,http://farm3.staticflickr.com/2862/11237624723_73ccf225ee_z.jpg,5,0
sadness,http://farm8.staticflickr.com/7107/7077314765_252705021b_z.jpg,3,2
sadness,http://farm6.staticflickr.com/5587/14774786411_15c3282367_z.jpg,2,3
sadness,http://farm6.staticflickr.com/5518/12461242324_4340540b7c_z.jpg,3,2
sadness,http://farm5.staticflickr.com/4120/4747125721_ca0aa18600_z.jpg,5,0
sadness,http://farm4.staticflickr.com/3677/14089226267_778915d0f2_z.jpg,5,0
sadness,http://farm9.staticflickr.com/8642/16312867835_db87332c0d_z.jpg,4,0
sadness,http://farm4.staticflickr.com/3592/3304140035_f77a9f6931_z.jpg,2,3
sadness,http://farm4.staticflickr.com/3071/2695260196_d37f1a5c5e_z.jpg,5,0
sadness,http://farm6.staticflickr.com/5024/5886772743_3c43d07046_z.jpg,5,0
sadness,http://farm8.staticflickr.com/7154/6741695493_9d48804c25_z.jpg,4,1
sadness,http://farm4.staticflickr.com/3099/4615427284_082ab80b3a_z.jpg,2,3
sadness,http://farm4.staticflickr.com/3859/14296298479_e8b6ef4624_z.jpg,0,5
sadness,http://farm4.staticflickr.com/3940/15443684087_26a5fb75e6_z.jpg,4,0
sadness,http://farm4.staticflickr.com/3956/15407611308_2da1fd2b46_z.jpg,5,0
sadness,http://farm8.staticflickr.com/7505/15362790004_ae6e243f60_z.jpg,4,1
sadness,http://farm3.staticflickr.com/2732/4340214271_b1410db091_z.jpg,4,1
sadness,http://farm5.staticflickr.com/4134/4801893984_a816ec7bb2_z.jpg,4,1
sadness,http://farm4.staticflickr.com/3344/3520675009_260a5bbc6e_z.jpg,1,4
sadness,http://farm6.staticflickr.com/5448/6903636280_4fba6bfc00_z.jpg,4,0
sadness,http://farm9.staticflickr.com/8481/8281124005_6e379ef0d8_z.jpg,3,2
sadness,http://farm4.staticflickr.com/3555/3918117392_1c5293c02b_z.jpg,4,0
sadness,http://farm9.staticflickr.com/8354/8262483864_46cee1dacc_z.jpg,4,1
sadness,http://farm9.staticflickr.com/8085/8595021656_f017b3fb31_z.jpg,5,0
sadness,http://farm8.staticflickr.com/7414/13069678523_f5dd70c746_z.jpg,0,4
sadness,http://farm8.staticflickr.com/7464/15615418234_05b54d6a76_z.jpg,2,3
sadness,http://farm8.staticflickr.com/7466/15812829076_ef59d707e4_z.jpg,3,2
sadness,http://farm5.staticflickr.com/4025/5075444918_5628996c0f_z.jpg,5,0
sadness,http://farm3.staticflickr.com/2786/4376558376_ff4ecf7ef8_z.jpg,1,4
sadness,http://farm9.staticflickr.com/8639/15831943276_da30984433_z.jpg,5,0
sadness,http://farm7.staticflickr.com/6188/6062654577_9cf1bb8b99_z.jpg,5,0
sadness,http://farm9.staticflickr.com/8203/8230753500_b964f8083c_z.jpg,5,0
sadness,http://farm8.staticflickr.com/7390/9934515945_72f023033f_z.jpg,3,2
sadness,http://farm6.staticflickr.com/5053/5511848565_34b150b8cd_z.jpg,2,3
sadness,http://farm4.staticflickr.com/3291/3054059386_5743b1bd97_z.jpg,2,3
sadness,http://farm4.staticflickr.com/3718/12527139095_9ceefc4141_z.jpg,2,3
sadness,http://farm9.staticflickr.com/8332/8107089996_0df5e5828e_z.jpg,3,2
sadness,http://farm4.staticflickr.com/3857/14782358728_acb8d3cf44_z.jpg,4,1
sadness,http://farm8.staticflickr.com/7123/7684423688_0f9a4c0a2e_z.jpg,2,3
sadness,http://farm7.staticflickr.com/6091/6356605689_3dbdce8855_z.jpg,5,0
sadness,http://farm6.staticflickr.com/5106/5776101693_cfe80175db_z.jpg,0,5
sadness,http://farm9.staticflickr.com/8241/8650246768_6629684810_z.jpg,1,4
sadness,http://farm9.staticflickr.com/8581/15892534962_beb469e902_z.jpg,5,0
sadness,http://farm5.staticflickr.com/4043/4490715513_091a1162e3_z.jpg,3,2
sadness,http://farm6.staticflickr.com/5610/15443673517_9b8efb34c5_z.jpg,5,0
sadness,http://farm4.staticflickr.com/3922/14374613192_51e0020be6_z.jpg,2,3
sadness,http://farm6.staticflickr.com/5165/5311309333_b1a1035077_z.jpg,4,0
sadness,http://farm9.staticflickr.com/8262/8661912242_13114ce2e7_z.jpg,5,0
sadness,http://farm6.staticflickr.com/5017/5540441661_ff472d44e3_z.jpg,5,0
sadness,http://farm8.staticflickr.com/7478/15987257007_ab492c67c4_z.jpg,5,0
sadness,http://farm5.staticflickr.com/4106/5206510585_3ed645da4d_z.jpg,3,2
sadness,http://farm4.staticflickr.com/3825/9194131060_27f23af240_z.jpg,3,2
sadness,http://farm5.staticflickr.com/4135/4883481745_0ff6810f51_z.jpg,5,0
sadness,http://farm3.staticflickr.com/2431/4312466605_151683cf5b_z.jpg,3,2
sadness,http://farm6.staticflickr.com/5120/5900048869_71bcea086b_z.jpg,4,1
sadness,http://farm8.staticflickr.com/7504/15753631359_f316098c04_z.jpg,5,0
sadness,http://farm4.staticflickr.com/3497/3314431272_c5aaeea198_z.jpg,2,3
sadness,http://farm7.staticflickr.com/6152/6167711507_ea1b92338c_z.jpg,2,3
sadness,http://farm4.staticflickr.com/3933/15612462042_17c2d63080_z.jpg,1,4
sadness,http://farm9.staticflickr.com/8153/7648591056_c7fce995c6_z.jpg,2,3
sadness,http://farm5.staticflickr.com/4097/4848614369_783a25192b_z.jpg,3,2
sadness,http://farm3.staticflickr.com/2227/2599529860_b1c01c0080_z.jpg,1,4
sadness,http://farm3.staticflickr.com/2667/3862649932_3b535d3abb_z.jpg,1,4
sadness,http://farm9.staticflickr.com/8521/8627939273_059c53c6ae_z.jpg,5,0
sadness,http://farm9.staticflickr.com/8056/8083994034_396957d526_z.jpg,2,3
sadness,http://farm4.staticflickr.com/3202/2884000167_95c292114f_z.jpg,4,1
sadness,http://farm3.staticflickr.com/2545/4002296674_7731d064fb_z.jpg,4,1
sadness,http://farm8.staticflickr.com/7365/11225403686_b719c81569_z.jpg,1,4
sadness,http://farm8.staticflickr.com/7049/8687343371_297ddb3b43_z.jpg,5,0
sadness,http://farm9.staticflickr.com/8373/8552393323_5a943ba8ae_z.jpg,5,0
sadness,http://farm9.staticflickr.com/8180/7902226796_04df485f0a_z.jpg,0,5
sadness,http://farm6.staticflickr.com/5157/13903862038_8430e37254_z.jpg,1,4
sadness,http://farm4.staticflickr.com/3712/9663556492_2d630b7c54_z.jpg,3,2
sadness,http://farm5.staticflickr.com/4053/4211430448_12b1004526_z.jpg,1,4
sadness,http://farm5.staticflickr.com/4084/4973322887_bb0fa7cabf_z.jpg,5,0
sadness,http://farm4.staticflickr.com/3066/2934055820_813febe8ab_z.jpg,5,0
sadness,http://farm8.staticflickr.com/7014/6773123309_60fce3a5a6_z.jpg,3,2
sadness,http://farm3.staticflickr.com/2474/3656800240_aa8f4218e5_z.jpg,2,3
sadness,http://farm8.staticflickr.com/7486/15795200538_cdee5b724d_z.jpg,3,2
sadness,http://farm8.staticflickr.com/7536/16034031031_210a4f0acd_z.jpg,5,0
sadness,http://farm5.staticflickr.com/4055/5141490578_65e12a1a4b_z.jpg,2,3
sadness,http://farm9.staticflickr.com/8015/7659980126_ffd4c17508_z.jpg,0,5
sadness,http://farm6.staticflickr.com/5224/5765775379_458c84d628_z.jpg,2,3
sadness,http://farm7.staticflickr.com/6185/6140254123_4f3b7938f4_z.jpg,2,3
sadness,http://farm8.staticflickr.com/7194/6788702726_c6e3a41e4c_z.jpg,1,4
sadness,http://farm9.staticflickr.com/8188/8098813215_80047c8be6_z.jpg,5,0
sadness,http://farm3.staticflickr.com/2541/4239890442_3474b27d4b_z.jpg,2,3
sadness,http://farm4.staticflickr.com/3806/9757806081_08b99e9ba9_z.jpg,2,3
sadness,http://farm4.staticflickr.com/3691/9438678324_2226de4096_z.jpg,1,4
sadness,http://farm6.staticflickr.com/5302/5656774758_2efe448fd3_z.jpg,1,4
sadness,http://farm9.staticflickr.com/8395/8700600188_7a9a108fae_z.jpg,5,0
sadness,http://farm9.staticflickr.com/8656/15891994379_ff6a99d7cd_z.jpg,5,0
sadness,http://farm8.staticflickr.com/7152/6775047909_b4a03cb95f_z.jpg,2,3
sadness,http://farm2.staticflickr.com/1435/5146318989_7c243c0070_z.jpg,4,1
sadness,http://farm4.staticflickr.com/3887/14626797618_1b215748a8_z.jpg,1,4
sadness,http://farm6.staticflickr.com/5307/5599414884_45f8572cb9_z.jpg,2,3
sadness,http://farm3.staticflickr.com/2561/5758247721_06098077fa_z.jpg,3,2
sadness,http://farm6.staticflickr.com/5573/15196632485_007dd6d986_z.jpg,3,2
sadness,http://farm3.staticflickr.com/2436/3759296392_16183596e5_z.jpg,3,2
sadness,http://farm9.staticflickr.com/8059/8182233947_feb5c7087e_z.jpg,5,0
sadness,http://farm3.staticflickr.com/2519/3991274175_cb1a5b0302_z.jpg,2,3
sadness,http://farm6.staticflickr.com/5262/5615609575_3e00beae4f_z.jpg,4,1
sadness,http://farm8.staticflickr.com/7441/10403726106_b65fc3e3eb_z.jpg,5,0
sadness,http://farm9.staticflickr.com/8394/8630253545_2ec3c29c20_z.jpg,4,1
sadness,http://farm8.staticflickr.com/7395/9738223860_1def0474e2_z.jpg,4,1
sadness,http://farm9.staticflickr.com/8387/8637911184_a2584c8b97_z.jpg,5,0
sadness,http://farm8.staticflickr.com/7163/6443791587_66a8942729_z.jpg,1,4
sadness,http://farm4.staticflickr.com/3361/5717743808_d92b45cc13_z.jpg,4,1
sadness,http://farm8.staticflickr.com/7024/6606704135_e72cf2cfaa_z.jpg,4,1
sadness,http://farm3.staticflickr.com/2930/13984325177_85d61d9eff_z.jpg,4,1
sadness,http://farm6.staticflickr.com/5325/8869474070_afc7ba050f_z.jpg,1,4
sadness,http://farm8.staticflickr.com/7122/7772359604_ab66876000_z.jpg,5,0
sadness,http://farm4.staticflickr.com/3197/3073513561_2a69b0e6cc_z.jpg,1,4
sadness,http://farm7.staticflickr.com/6074/6090762143_fe4bc8a4b3_z.jpg,3,2
sadness,http://farm5.staticflickr.com/4113/4840940464_427443f951_z.jpg,3,2
sadness,http://farm6.staticflickr.com/5300/5486660499_023faf48cc_z.jpg,0,5
sadness,http://farm8.staticflickr.com/7183/6862762191_7e31d71492_z.jpg,4,1
sadness,http://farm7.staticflickr.com/6213/6356883031_c2e51a536b_z.jpg,4,1
sadness,http://farm6.staticflickr.com/5092/5483301626_65aea7f13a_z.jpg,2,3
sadness,http://farm9.staticflickr.com/8628/15925727428_d38a8b7722_z.jpg,5,0
sadness,http://farm9.staticflickr.com/8352/8308827928_bbef5a6807_z.jpg,5,0
sadness,http://farm2.staticflickr.com/1403/5145841991_59be2b4f1f_z.jpg,0,5
sadness,http://farm9.staticflickr.com/8124/8611959302_6b9b04a170_z.jpg,4,1
sadness,http://farm8.staticflickr.com/7100/7401845084_3fc4f38c6d_z.jpg,1,4
sadness,http://farm8.staticflickr.com/7156/6612263319_fe454346cd_z.jpg,0,5
sadness,http://farm3.staticflickr.com/2540/4142321268_d70a3092ff_z.jpg,5,0
sadness,http://farm8.staticflickr.com/7066/6958442930_c6336abc7c_z.jpg,2,3
sadness,http://farm3.staticflickr.com/2931/13947761458_f001fc6413_z.jpg,4,1
sadness,http://farm4.staticflickr.com/3188/3059561674_c7a6baa489_z.jpg,5,0
sadness,http://farm4.staticflickr.com/3739/12390233723_4e49efcfeb_z.jpg,3,2
sadness,http://farm3.staticflickr.com/2895/14785353733_836d3856cb_z.jpg,4,1
sadness,http://farm5.staticflickr.com/4071/4312739808_3e28076585_z.jpg,1,4
sadness,http://farm3.staticflickr.com/2029/2205650877_ebee7b0da7_z.jpg,3,2
sadness,http://farm9.staticflickr.com/8313/8008971179_66dd372299_z.jpg,4,1
sadness,http://farm6.staticflickr.com/5566/15064092191_81be1f3874_z.jpg,5,0
sadness,http://farm9.staticflickr.com/8344/8274680260_d38872d4b9_z.jpg,5,0
sadness,http://farm4.staticflickr.com/3520/3251085479_90649ac3e2_z.jpg,3,2
sadness,http://farm6.staticflickr.com/5475/10904517643_aa9749a25a_z.jpg,1,4
sadness,http://farm8.staticflickr.com/7153/6695293079_c3464aa00a_z.jpg,4,1
sadness,http://farm5.staticflickr.com/4016/4501016022_95c67ccb10_z.jpg,4,1
sadness,http://farm4.staticflickr.com/3698/9264652800_759d9acdb3_z.jpg,5,0
sadness,http://farm8.staticflickr.com/7499/15277926774_4e2d3c5733_z.jpg,2,3
sadness,http://farm4.staticflickr.com/3839/14526381663_24d81ebeac_z.jpg,4,1
sadness,http://farm8.staticflickr.com/7142/6557837491_f032791f53_z.jpg,3,2
sadness,http://farm8.staticflickr.com/7391/9503684556_df0f159a19_z.jpg,5,0
sadness,http://farm3.staticflickr.com/2865/11987177413_406180dd06_z.jpg,3,2
sadness,http://farm9.staticflickr.com/8440/7840319758_d165977099_z.jpg,4,1
sadness,http://farm9.staticflickr.com/8216/8335154080_67e16c5696_z.jpg,3,2
sadness,http://farm4.staticflickr.com/3868/15031355801_15aea3ebe4_z.jpg,5,0
sadness,http://farm3.staticflickr.com/2918/14018394109_c63b8dd8e1_z.jpg,5,0
sadness,http://farm7.staticflickr.com/6064/6032177482_dfa9b7df46_z.jpg,2,3
sadness,http://farm6.staticflickr.com/5123/5255896798_547bce83a0_z.jpg,2,3
sadness,http://farm9.staticflickr.com/8508/8571664825_ac7342bc7f_z.jpg,2,3
sadness,http://farm4.staticflickr.com/3907/14855568979_ae7d625cb7_z.jpg,1,4
sadness,http://farm9.staticflickr.com/8632/15868385865_e403196e3c_z.jpg,5,0
sadness,http://farm6.staticflickr.com/5139/5533963856_b9a72743d2_z.jpg,1,4
sadness,http://farm6.staticflickr.com/5229/5564782874_a30f4b5828_z.jpg,3,2
sadness,http://farm4.staticflickr.com/3809/9898995894_15c3655575_z.jpg,5,0
sadness,http://farm6.staticflickr.com/5514/9171605519_e9f9ffc6f7_z.jpg,5,0
sadness,http://farm9.staticflickr.com/8100/8595153430_757e5c75bb_z.jpg,2,3
sadness,http://farm4.staticflickr.com/3201/2952553660_3376d54b4f_z.jpg,3,2
sadness,http://farm4.staticflickr.com/3548/3423824846_95fd4960ba_z.jpg,4,1
sadness,http://farm4.staticflickr.com/3830/10871743254_4520151579_z.jpg,4,1
sadness,http://farm6.staticflickr.com/5053/5520811840_09a187e1d9_z.jpg,5,0
sadness,http://farm8.staticflickr.com/7180/6831088134_bfa0c15534_z.jpg,3,2
sadness,http://farm3.staticflickr.com/2593/4115128710_c52144d4f3_z.jpg,4,1
sadness,http://farm3.staticflickr.com/2806/9155356980_087d9ccf2e_z.jpg,0,5
sadness,http://farm6.staticflickr.com/5074/14495813602_dabac2de05_z.jpg,3,2
sadness,http://farm9.staticflickr.com/8077/8298546218_533bf44127_z.jpg,4,1
sadness,http://farm4.staticflickr.com/3711/13387570813_2f55465740_z.jpg,4,0
sadness,http://farm4.staticflickr.com/3956/15555614249_ed4116d44b_z.jpg,3,2
sadness,http://farm9.staticflickr.com/8073/8262483392_7e60e63888_z.jpg,3,2
sadness,http://farm4.staticflickr.com/3911/15137513720_c755b6eaa4_z.jpg,4,0
sadness,http://farm4.staticflickr.com/3189/2966307781_de05b57e73_z.jpg,5,0
sadness,http://farm5.staticflickr.com/4147/4961233142_47c115d270_z.jpg,1,4
sadness,http://farm6.staticflickr.com/5315/5890028352_2bf58f4be1_z.jpg,5,0
sadness,http://farm6.staticflickr.com/5542/14450132697_24cbaae16f_z.jpg,5,0
sadness,http://farm8.staticflickr.com/7483/15819778911_b54298bf4a_z.jpg,1,4
sadness,http://farm9.staticflickr.com/8478/8268772419_33e80c54ca_z.jpg,2,3
sadness,http://farm6.staticflickr.com/5124/5360735550_0a76af5d6c_z.jpg,2,3
sadness,http://farm9.staticflickr.com/8437/7823322284_ff263708fa_z.jpg,5,0
sadness,http://farm4.staticflickr.com/3321/3267318298_a6ff087de8_z.jpg,0,5
sadness,http://farm4.staticflickr.com/3605/3325984309_1231fde6b2_z.jpg,0,4
sadness,http://farm3.staticflickr.com/2820/10943560083_c9d84e52d0_z.jpg,4,0
sadness,http://farm8.staticflickr.com/7203/6987343377_518ea709d3_z.jpg,2,3
sadness,http://farm4.staticflickr.com/3685/11364383114_886cb5d9df_z.jpg,1,4
sadness,http://farm7.staticflickr.com/6190/6130250340_3074608878_z.jpg,4,1
sadness,http://farm3.staticflickr.com/2389/2534694513_bc8203d0a9_z.jpg,2,3
sadness,http://farm4.staticflickr.com/3859/14800972953_767eb432f8_z.jpg,5,0
sadness,http://farm6.staticflickr.com/5581/14759722805_d60903ee18_z.jpg,3,2
sadness,http://farm3.staticflickr.com/2476/3908768524_dbcc2242a1_z.jpg,2,3
sadness,http://farm4.staticflickr.com/3844/14658375064_72663360d4_z.jpg,0,5
sadness,http://farm4.staticflickr.com/3869/14590889357_408dc3a71d_z.jpg,5,0
sadness,http://farm6.staticflickr.com/5334/9350263360_cefd130557_z.jpg,3,2
sadness,http://farm8.staticflickr.com/7076/7048170841_69cedd9db6_z.jpg,0,5
sadness,http://farm5.staticflickr.com/4054/4296889177_111fceef75_z.jpg,4,0
sadness,http://farm3.staticflickr.com/2765/4450858867_258ee5ed18_z.jpg,3,2
sadness,http://farm6.staticflickr.com/5151/7190432610_ae02c3aa0a_z.jpg,2,3
sadness,http://farm9.staticflickr.com/8075/8324282499_052318f9b7_z.jpg,4,1
sadness,http://farm6.staticflickr.com/5053/5459165948_b102acc52d_z.jpg,3,2
sadness,http://farm6.staticflickr.com/5556/14016291307_ac4b6b0fcd_z.jpg,2,3
sadness,http://farm4.staticflickr.com/3512/3313147480_26e9049028_z.jpg,3,2
sadness,http://farm3.staticflickr.com/2797/4357466050_10c9ff4894_z.jpg,2,3
sadness,http://farm8.staticflickr.com/7144/6638691757_3df973952b_z.jpg,2,3
sadness,http://farm9.staticflickr.com/8382/8628065833_bdd630881c_z.jpg,4,1
sadness,http://farm8.staticflickr.com/7352/14084880052_7905556bea_z.jpg,0,5
sadness,http://farm8.staticflickr.com/7006/6653508301_8acfc390a7_z.jpg,4,1
sadness,http://farm9.staticflickr.com/8630/15794438507_34c728be1a_z.jpg,5,0
sadness,http://farm4.staticflickr.com/3196/3010567276_7fc877a0c4_z.jpg,2,3
sadness,http://farm4.staticflickr.com/3026/2577304577_d70d6211e3_z.jpg,4,1
sadness,http://farm3.staticflickr.com/2595/3894649899_efc484b80e_z.jpg,5,0
sadness,http://farm6.staticflickr.com/5549/10520344153_3f52b02280_z.jpg,3,1
sadness,http://farm8.staticflickr.com/7093/13541282075_a27ea015fa_z.jpg,4,1
sadness,http://farm7.staticflickr.com/6001/5910562482_9486937d0f_z.jpg,5,0
sadness,http://farm4.staticflickr.com/3937/15008829594_b94546eb8b_z.jpg,5,0
sadness,http://farm3.staticflickr.com/2077/5766969556_b0b545e210_z.jpg,3,2
sadness,http://farm4.staticflickr.com/3213/3153960295_570d76c793_z.jpg,5,0
sadness,http://farm3.staticflickr.com/2854/9728195445_de51d119d8_z.jpg,5,0
sadness,http://farm8.staticflickr.com/7564/15499189188_5679f2a14d_z.jpg,4,1
sadness,http://farm8.staticflickr.com/7558/15911600615_b36407ccc4_z.jpg,1,4
sadness,http://farm4.staticflickr.com/3752/10801856193_21e792d9f2_z.jpg,5,0
sadness,http://farm8.staticflickr.com/7046/6934535205_602a3156a2_z.jpg,3,2
sadness,http://farm7.staticflickr.com/6035/6337178251_ed61c4998a_z.jpg,3,2
sadness,http://farm6.staticflickr.com/5212/5384472844_558ce50b17_z.jpg,4,1
sadness,http://farm6.staticflickr.com/5315/7189271428_c04d11a9b7_z.jpg,0,5
sadness,http://farm5.staticflickr.com/4051/4414930481_1a3453a638_z.jpg,1,4
sadness,http://farm3.staticflickr.com/2892/9144154647_c05da6a532_z.jpg,3,2
sadness,http://farm5.staticflickr.com/4110/5223453411_c5a87439ec_z.jpg,5,0
sadness,http://farm8.staticflickr.com/7072/7030503927_a0b93513b1_z.jpg,4,1
sadness,http://farm4.staticflickr.com/3907/14477210759_213331e653_z.jpg,4,1
sadness,http://farm9.staticflickr.com/8523/8516696126_5c56d4a60e_z.jpg,5,0
sadness,http://farm6.staticflickr.com/5054/5443077995_275ca4ed68_z.jpg,5,0
sadness,http://farm9.staticflickr.com/8089/8553164553_dccc8a60b2_z.jpg,2,3
sadness,http://farm9.staticflickr.com/8532/8676811121_88a57abe56_z.jpg,1,4
sadness,http://farm5.staticflickr.com/4095/5612167796_1b6dc50b2d_z.jpg,0,5
sadness,http://farm8.staticflickr.com/7073/7253692224_75a61194bb_z.jpg,0,5
sadness,http://farm6.staticflickr.com/5124/5348491998_1915653ffe_z.jpg,4,1
sadness,http://farm8.staticflickr.com/7554/16126765341_c6b3998031_z.jpg,3,1
sadness,http://farm8.staticflickr.com/7102/7175334544_dd8b9b8bde_z.jpg,5,0
sadness,http://farm6.staticflickr.com/5308/5667004478_bb7dc9928c_z.jpg,4,1
sadness,http://farm8.staticflickr.com/7433/11721972385_c3e9b4db0f_z.jpg,1,4
sadness,http://farm5.staticflickr.com/4133/5224053068_4b77c5ee44_z.jpg,5,0
sadness,http://farm4.staticflickr.com/3492/3911274511_14939cb3aa_z.jpg,2,3
sadness,http://farm4.staticflickr.com/3109/2912476331_92655e8055_z.jpg,5,0
sadness,http://farm6.staticflickr.com/5185/5849358004_ef6b6ab79b_z.jpg,4,1
sadness,http://farm9.staticflickr.com/8370/8476100028_93c174759c_z.jpg,4,1
sadness,http://farm4.staticflickr.com/3943/15630446342_802baa5019_z.jpg,5,0
sadness,http://farm9.staticflickr.com/8444/7944774836_a3e82f288e_z.jpg,4,1
sadness,http://farm8.staticflickr.com/7084/7330478086_d69acac794_z.jpg,1,4
sadness,http://farm4.staticflickr.com/3665/12293190674_b360c7d77f_z.jpg,5,0
sadness,http://farm8.staticflickr.com/7560/15289473513_1d62378eab_z.jpg,5,0
sadness,http://farm6.staticflickr.com/5532/10055462856_a1eeb6d0c4_z.jpg,3,2
sadness,http://farm9.staticflickr.com/8330/8109766565_db4f0617b8_z.jpg,5,0
sadness,http://farm6.staticflickr.com/5531/10421763624_98a41946c9_z.jpg,2,3
sadness,http://farm6.staticflickr.com/5150/5612093951_e5002b9913_z.jpg,5,0
sadness,http://farm6.staticflickr.com/5339/7167169354_024207a3b1_z.jpg,4,1
sadness,http://farm3.staticflickr.com/2765/4294581511_fe8a668443_z.jpg,5,0
sadness,http://farm8.staticflickr.com/7386/10710927583_7cd853a777_z.jpg,5,0
sadness,http://farm8.staticflickr.com/7529/15836812290_3264d152fc_z.jpg,4,1
sadness,http://farm3.staticflickr.com/2708/4231523122_101be505a5_z.jpg,5,0
sadness,http://farm6.staticflickr.com/5171/5496379457_84510fb8f0_z.jpg,4,1
sadness,http://farm4.staticflickr.com/3803/9466429552_95a006eaa2_z.jpg,5,0
sadness,http://farm9.staticflickr.com/8087/8573312707_2cf529441e_z.jpg,3,2
sadness,http://farm9.staticflickr.com/8622/15892107479_58b5ec527d_z.jpg,3,2
sadness,http://farm9.staticflickr.com/8527/8643142824_0b2c4c45a1_z.jpg,3,2
sadness,http://farm8.staticflickr.com/7250/7594752398_c0ea940d88_z.jpg,3,2
sadness,http://farm9.staticflickr.com/8450/8025711046_2fd03df6d5_z.jpg,5,0
sadness,http://farm9.staticflickr.com/8263/8661933508_d2227f67b8_z.jpg,5,0
sadness,http://farm9.staticflickr.com/8106/8610387507_2eb3ca14f1_z.jpg,4,1
sadness,http://farm3.staticflickr.com/2417/2536944028_63a53fecdf_z.jpg,5,0
sadness,http://farm6.staticflickr.com/5090/5228931451_e9edb62303_z.jpg,0,5
sadness,http://farm6.staticflickr.com/5252/5482104717_58c34297fb_z.jpg,4,1
sadness,http://farm5.staticflickr.com/4045/4314771344_01be3a653c_z.jpg,2,3
sadness,http://farm8.staticflickr.com/7332/13389676145_226424b1d1_z.jpg,4,0
sadness,http://farm3.staticflickr.com/2462/3660514730_aee381c4d1_z.jpg,4,1
sadness,http://farm5.staticflickr.com/4136/4905363838_607d0abfca_z.jpg,3,0
sadness,http://farm9.staticflickr.com/8151/7153492309_5b4af9c624_z.jpg,3,2
sadness,http://farm4.staticflickr.com/3434/3751013415_01a344fe70_z.jpg,4,1
sadness,http://farm3.staticflickr.com/2399/2213028015_6724b2f0c8_z.jpg,5,0
sadness,http://farm8.staticflickr.com/7352/9729423501_8b089cc9cb_z.jpg,4,1
sadness,http://farm9.staticflickr.com/8606/16163028326_d1c995674b_z.jpg,1,4
sadness,http://farm8.staticflickr.com/7329/10163973314_d9cf5f51ba_z.jpg,5,0
sadness,http://farm4.staticflickr.com/3713/9254252941_08a42bbc1a_z.jpg,5,0
sadness,http://farm6.staticflickr.com/5484/11739948635_aa2686f660_z.jpg,1,4
sadness,http://farm6.staticflickr.com/5545/10278851956_7aabeba3e3_z.jpg,5,0
sadness,http://farm6.staticflickr.com/5217/5477831839_dfc70f0ebb_z.jpg,2,3
sadness,http://farm5.staticflickr.com/4002/4404742319_756aecf0b2_z.jpg,3,1
sadness,http://farm4.staticflickr.com/3798/13209091465_e050488f23_z.jpg,4,1
sadness,http://farm4.staticflickr.com/3159/2776641473_72080be8a1_z.jpg,1,4
sadness,http://farm6.staticflickr.com/5096/5401953015_c50b6bc26f_z.jpg,5,0
sadness,http://farm4.staticflickr.com/3290/2403983088_152cb2ba3c_z.jpg,5,0
sadness,http://farm3.staticflickr.com/2077/5700280459_c335fa1384_z.jpg,4,1
sadness,http://farm4.staticflickr.com/3205/4593156020_5a02e6713b_z.jpg,4,1
sadness,http://farm4.staticflickr.com/3895/14610829617_7f771f4f6d_z.jpg,1,4
sadness,http://farm7.staticflickr.com/6130/5976791445_326ddab32c_z.jpg,3,2
sadness,http://farm8.staticflickr.com/7489/15845162701_880ec1ea0f_z.jpg,4,1
sadness,http://farm4.staticflickr.com/3065/2759134620_341a06a932_z.jpg,1,4
sadness,http://farm8.staticflickr.com/7245/6977503778_48ed2722a8_z.jpg,5,0
sadness,http://farm4.staticflickr.com/3930/15417351902_1476bbfb25_z.jpg,0,5
sadness,http://farm5.staticflickr.com/4128/5009542757_3e0912827c_z.jpg,2,3
sadness,http://farm6.staticflickr.com/5169/5202273973_7a6dd2ed9b_z.jpg,1,4
sadness,http://farm4.staticflickr.com/3678/10768069576_3c45aa7a03_z.jpg,5,0
sadness,http://farm5.staticflickr.com/4092/5161599504_8c9b343684_z.jpg,5,0
sadness,http://farm3.staticflickr.com/2071/2325172886_85303279a6_z.jpg,0,5
sadness,http://farm9.staticflickr.com/8301/7813990442_69934e3090_z.jpg,4,1
sadness,http://farm3.staticflickr.com/2392/2307219284_56d856dc24_z.jpg,5,0
sadness,http://farm8.staticflickr.com/7142/6649996891_31c8ca17f8_z.jpg,0,5
sadness,http://farm6.staticflickr.com/5163/5227487364_bebb722726_z.jpg,2,3
sadness,http://farm8.staticflickr.com/7398/8774410364_419acb4fc6_z.jpg,3,1
sadness,http://farm8.staticflickr.com/7418/9738224514_0246924a79_z.jpg,3,2
sadness,http://farm3.staticflickr.com/2557/3861221710_ee83575a95_z.jpg,2,3
sadness,http://farm9.staticflickr.com/8299/7872090346_f294a928d7_z.jpg,2,3
sadness,http://farm7.staticflickr.com/6102/6351384555_b254f7f321_z.jpg,5,0
sadness,http://farm6.staticflickr.com/5615/15173069644_37e54c14f6_z.jpg,4,1
sadness,http://farm6.staticflickr.com/5081/5285478518_1396b914a0_z.jpg,4,1
sadness,http://farm9.staticflickr.com/8311/7981589040_97d8197253_z.jpg,2,3
sadness,http://farm7.staticflickr.com/6005/6012999861_58c04810f1_z.jpg,4,1
sadness,http://farm8.staticflickr.com/7152/13964637624_9ddf42c335_z.jpg,2,3
sadness,http://farm6.staticflickr.com/5238/6908504096_f5b3d0018c_z.jpg,1,4
sadness,http://farm6.staticflickr.com/5442/7072892113_76bd62500c_z.jpg,3,2
sadness,http://farm5.staticflickr.com/4108/4843646524_e67a4fca56_z.jpg,2,3
sadness,http://farm3.staticflickr.com/2848/11184328976_84b1db4dde_z.jpg,2,3
sadness,http://farm3.staticflickr.com/2598/4035242722_368965ab9e_z.jpg,5,0
sadness,http://farm6.staticflickr.com/5315/14017258297_2f82cbc5a5_z.jpg,2,3
sadness,http://farm6.staticflickr.com/5568/14327457812_c33d4af2a8_z.jpg,4,0
sadness,http://farm6.staticflickr.com/5213/5505921297_4b9980994c_z.jpg,0,5
sadness,http://farm6.staticflickr.com/5301/5602816470_2f418eac8d_z.jpg,1,4
sadness,http://farm6.staticflickr.com/5517/11486190763_d7952ed0ac_z.jpg,5,0
sadness,http://farm8.staticflickr.com/7323/11830424444_3305e8a6ce_z.jpg,0,5
sadness,http://farm8.staticflickr.com/7477/15052632694_7ed5010622_z.jpg,5,0
sadness,http://farm9.staticflickr.com/8055/8365168589_92bde17807_z.jpg,3,2
sadness,http://farm3.staticflickr.com/2888/10423705014_b7effc9ce9_z.jpg,5,0
sadness,http://farm8.staticflickr.com/7022/6813390757_9515ba8785_z.jpg,5,0
sadness,http://farm6.staticflickr.com/5094/5403461823_e0dd830cb5_z.jpg,3,2
sadness,http://farm6.staticflickr.com/5326/9332284162_d715f0a434_z.jpg,2,3
sadness,http://farm8.staticflickr.com/7242/7197819730_b711f495ee_z.jpg,5,0
sadness,http://farm9.staticflickr.com/8044/8107258598_53e61fb26e_z.jpg,0,5
sadness,http://farm3.staticflickr.com/2135/5759471177_fe2c10e7d3_z.jpg,1,3
sadness,http://farm9.staticflickr.com/8488/8183574772_97e9bd807f_z.jpg,3,2
sadness,http://farm2.staticflickr.com/1357/5144077618_552b59fa30_z.jpg,3,2
sadness,http://farm5.staticflickr.com/4130/5204407006_4d124fc437_z.jpg,0,5
sadness,http://farm4.staticflickr.com/3755/9627718724_2ae7377a82_z.jpg,5,0
sadness,http://farm4.staticflickr.com/3242/3058437189_cf4f1aa168_z.jpg,4,1
sadness,http://farm7.staticflickr.com/6215/6243834252_5cee453cab_z.jpg,5,0
sadness,http://farm4.staticflickr.com/3675/12760823524_12def92f5b_z.jpg,1,2
sadness,http://farm8.staticflickr.com/7392/12002094013_879e0bd8f8_z.jpg,2,3
sadness,http://farm6.staticflickr.com/5339/10201083424_8ff1d18343_z.jpg,3,2
sadness,http://farm9.staticflickr.com/8179/8056712209_61e0d1b6b4_z.jpg,1,4
sadness,http://farm4.staticflickr.com/3630/3562541410_c94a16b76f_z.jpg,3,2
sadness,http://farm4.staticflickr.com/3893/15157280775_3a927a1dcf_z.jpg,4,1
sadness,http://farm3.staticflickr.com/2842/9466749381_ab8165e3ae_z.jpg,5,0
sadness,http://farm8.staticflickr.com/7060/6828857900_d5f5bb734e_z.jpg,5,0
sadness,http://farm9.staticflickr.com/8406/8628968406_4ab8ec4514_z.jpg,5,0
sadness,http://farm8.staticflickr.com/7391/12734542543_8e21d91fc8_z.jpg,2,3
sadness,http://farm6.staticflickr.com/5103/5558084004_07b5750b40_z.jpg,5,0
sadness,http://farm3.staticflickr.com/2933/14751007255_348ab27914_z.jpg,3,0
sadness,http://farm6.staticflickr.com/5570/14700712409_3eca5861dd_z.jpg,2,3
sadness,http://farm5.staticflickr.com/4034/4669842315_5095d0e3c9_z.jpg,4,0
sadness,http://farm6.staticflickr.com/5528/10632008554_db99877d5f_z.jpg,1,4
sadness,http://farm6.staticflickr.com/5079/7152973881_3e97cb3c36_z.jpg,1,4
sadness,http://farm8.staticflickr.com/7256/7116978893_999008a87a_z.jpg,5,0
sadness,http://farm6.staticflickr.com/5129/5237843290_aaba3333b9_z.jpg,0,5
sadness,http://farm9.staticflickr.com/8113/8658826728_5a8a7830fd_z.jpg,5,0
sadness,http://farm8.staticflickr.com/7076/7214346210_973686b212_z.jpg,3,2
sadness,http://farm3.staticflickr.com/2831/9955494725_6a63480bb3_z.jpg,5,0
sadness,http://farm7.staticflickr.com/6232/6304195845_c7caa7fb35_z.jpg,2,3
sadness,http://farm4.staticflickr.com/3534/3915955001_9cc38d753d_z.jpg,2,2
sadness,http://farm3.staticflickr.com/2745/4413636774_5c37030840_z.jpg,3,2
sadness,http://farm4.staticflickr.com/3785/9223229227_ccf01da374_z.jpg,5,0
sadness,http://farm4.staticflickr.com/3809/10993521076_6885b4896a_z.jpg,1,4
sadness,http://farm8.staticflickr.com/7141/6552335103_4055d59a4b_z.jpg,4,1
sadness,http://farm4.staticflickr.com/3808/11325523164_860d48c394_z.jpg,2,3
sadness,http://farm9.staticflickr.com/8317/7895058108_d6acb83f39_z.jpg,4,1
sadness,http://farm4.staticflickr.com/3930/15219423218_e187a15ddd_z.jpg,5,0
sadness,http://farm6.staticflickr.com/5261/5565690983_616dc63fe0_z.jpg,5,0
sadness,http://farm6.staticflickr.com/5017/5482097385_8dbf7f2261_z.jpg,4,1
sadness,http://farm9.staticflickr.com/8107/8659415283_2385fb87e1_z.jpg,2,3
sadness,http://farm6.staticflickr.com/5167/5237071830_df596e024b_z.jpg,3,2
sadness,http://farm6.staticflickr.com/5004/5363288047_b18935c6f0_z.jpg,5,0
sadness,http://farm8.staticflickr.com/7445/11006053974_678c2d810d_z.jpg,1,4
sadness,http://farm9.staticflickr.com/8469/8441888035_c92ae978fb_z.jpg,5,0
sadness,http://farm3.staticflickr.com/2914/14225591925_2b322a239d_z.jpg,2,3
sadness,http://farm6.staticflickr.com/5297/5445901477_6e99d63e1d_z.jpg,1,4
sadness,http://farm6.staticflickr.com/5290/5223908600_a7357f2243_z.jpg,3,2
sadness,http://farm8.staticflickr.com/7503/15809761290_2458a5da34_z.jpg,5,0
sadness,http://farm4.staticflickr.com/3614/3565100538_c82e431468_z.jpg,2,3
sadness,http://farm7.staticflickr.com/6187/6033084687_0243a4da74_z.jpg,4,1
sadness,http://farm3.staticflickr.com/2904/14786822714_b53a0b1b0d_z.jpg,3,2
sadness,http://farm6.staticflickr.com/5467/7055478377_fb63d5454d_z.jpg,5,0
sadness,http://farm4.staticflickr.com/3618/5790714519_293635c3e5_z.jpg,5,0
sadness,http://farm8.staticflickr.com/7132/6990942796_d7fe45b097_z.jpg,4,1
sadness,http://farm9.staticflickr.com/8438/7839306890_9659b71925_z.jpg,3,2
sadness,http://farm4.staticflickr.com/3668/13636332635_d4d7e3323f_z.jpg,4,0
sadness,http://farm4.staticflickr.com/3080/2640352957_6246518a1d_z.jpg,5,0
sadness,http://farm4.staticflickr.com/3277/2971521587_9def06962b_z.jpg,3,2
sadness,http://farm8.staticflickr.com/7023/6749701545_321e52ce11_z.jpg,5,0
sadness,http://farm8.staticflickr.com/7458/12119149846_5dd86ed442_z.jpg,3,2
sadness,http://farm9.staticflickr.com/8434/7726269016_1257f48bd2_z.jpg,2,3
sadness,http://farm6.staticflickr.com/5574/15238994585_df5591e814_z.jpg,4,1
sadness,http://farm7.staticflickr.com/6134/6037043759_271358dbb9_z.jpg,5,0
sadness,http://farm4.staticflickr.com/3870/15262410775_460c9c7a16_z.jpg,2,3
sadness,http://farm9.staticflickr.com/8361/8274678082_579df7a774_z.jpg,5,0
sadness,http://farm8.staticflickr.com/7243/7177983660_9dee12ae58_z.jpg,3,1
sadness,http://farm6.staticflickr.com/5083/5357561522_cfce38efba_z.jpg,4,1
sadness,http://farm7.staticflickr.com/6102/6312104124_082b4e09e7_z.jpg,5,0
sadness,http://farm2.staticflickr.com/1298/4664508950_d3ba25c1eb_z.jpg,3,2
sadness,http://farm5.staticflickr.com/4014/4634934447_57f1525a02_z.jpg,1,4
sadness,http://farm4.staticflickr.com/3819/13713087093_e976c173c7_z.jpg,2,3
sadness,http://farm5.staticflickr.com/4063/4665177336_f80c3bdbd3_z.jpg,1,4
sadness,http://farm4.staticflickr.com/3685/9264808444_667c9d0d02_z.jpg,4,1
sadness,http://farm6.staticflickr.com/5556/14634860080_a848c57df1_z.jpg,4,1
sadness,http://farm4.staticflickr.com/3447/5763155447_1506f5560c_z.jpg,2,3
sadness,http://farm9.staticflickr.com/8490/8184608056_bbc35c0278_z.jpg,1,3
sadness,http://farm9.staticflickr.com/8083/8449802456_c7c80a15d8_z.jpg,4,1
sadness,http://farm4.staticflickr.com/3926/14579164576_486385b945_z.jpg,4,1
sadness,http://farm6.staticflickr.com/5610/15411024829_6ebc02bdef_z.jpg,5,0
sadness,http://farm5.staticflickr.com/4114/4761848809_6199e6f191_z.jpg,4,1
sadness,http://farm4.staticflickr.com/3464/3754645934_31119ec255_z.jpg,5,0
sadness,http://farm8.staticflickr.com/7352/12072520596_4c3893be10_z.jpg,3,2
sadness,http://farm7.staticflickr.com/6017/5977973596_63257eb885_z.jpg,3,2
sadness,http://farm9.staticflickr.com/8175/7967943280_f23da438d2_z.jpg,1,4
sadness,http://farm9.staticflickr.com/8248/8663517429_4ff00cbf89_z.jpg,3,2
sadness,http://farm8.staticflickr.com/7310/10423701864_2bd1ec8bd3_z.jpg,5,0
sadness,http://farm4.staticflickr.com/3824/10930767035_aa09fdf65a_z.jpg,5,0
sadness,http://farm8.staticflickr.com/7040/13542634033_ba39cebc63_z.jpg,4,1
sadness,http://farm6.staticflickr.com/5323/8872034300_4183b18357_z.jpg,5,0
sadness,http://farm4.staticflickr.com/3753/10604522046_168476f0c9_z.jpg,3,2
sadness,http://farm9.staticflickr.com/8430/7840115090_e05994da60_z.jpg,2,3
sadness,http://farm6.staticflickr.com/5178/5468954433_913fbacbe1_z.jpg,1,4
sadness,http://farm4.staticflickr.com/3262/3722166898_e4e8560d35_z.jpg,4,1
sadness,http://farm9.staticflickr.com/8325/8082754387_7609ab84bf_z.jpg,5,0
sadness,http://farm8.staticflickr.com/7102/7320224294_2e4cdbef5f_z.jpg,1,4
sadness,http://farm3.staticflickr.com/2598/3852043168_c0f05fe856_z.jpg,5,0
sadness,http://farm3.staticflickr.com/2349/2363717283_bb857ee8a1_z.jpg,2,3
sadness,http://farm8.staticflickr.com/7072/7038505615_cf91e94152_z.jpg,4,0
sadness,http://farm3.staticflickr.com/2682/4437848057_dc65a2e72c_z.jpg,3,2
sadness,http://farm8.staticflickr.com/7309/8767915167_5e7a842da2_z.jpg,5,0
sadness,http://farm4.staticflickr.com/3848/14331611048_33e500e7eb_z.jpg,5,0
sadness,http://farm8.staticflickr.com/7368/11212931615_262187b8f2_z.jpg,2,3
sadness,http://farm7.staticflickr.com/6009/6004223180_615ae1b86f_z.jpg,4,1
sadness,http://farm9.staticflickr.com/8350/8282647035_d52ce29a6f_z.jpg,5,0
sadness,http://farm6.staticflickr.com/5563/14754929212_738a47c09f_z.jpg,3,2
sadness,http://farm9.staticflickr.com/8436/7937790748_4c93ffd9bc_z.jpg,2,3
sadness,http://farm3.staticflickr.com/2566/3929057579_f13eff6fb3_z.jpg,1,4
sadness,http://farm3.staticflickr.com/2913/14252000287_011be45944_z.jpg,5,0
sadness,http://farm9.staticflickr.com/8109/8450371439_5517b89eb6_z.jpg,3,2
sadness,http://farm5.staticflickr.com/4009/4679314625_14e3fb3b1f_z.jpg,2,3
sadness,http://farm8.staticflickr.com/7345/9955435966_0458dee2ec_z.jpg,4,1
sadness,http://farm4.staticflickr.com/3709/11056793155_d55495c934_z.jpg,3,1
sadness,http://farm7.staticflickr.com/6139/5970490389_49bf0bf917_z.jpg,4,1
sadness,http://farm7.staticflickr.com/6048/6333000595_80af297113_z.jpg,1,4
sadness,http://farm4.staticflickr.com/3030/3082427790_72340c3339_z.jpg,2,3
sadness,http://farm4.staticflickr.com/3732/12239675544_313c8c04fe_z.jpg,2,3
sadness,http://farm4.staticflickr.com/3381/3648312512_9124ebd166_z.jpg,2,3
sadness,http://farm4.staticflickr.com/3172/2898354524_dbc1e11c08_z.jpg,4,1
sadness,http://farm4.staticflickr.com/3821/9264802266_5760de30f1_z.jpg,4,0
sadness,http://farm3.staticflickr.com/2844/9435132449_206524d026_z.jpg,3,2
sadness,http://farm9.staticflickr.com/8312/8069042735_837d572822_z.jpg,5,0
sadness,http://farm3.staticflickr.com/2790/4383279610_265a3e03ba_z.jpg,2,3
sadness,http://farm6.staticflickr.com/5210/5322954313_f53e8eddca_z.jpg,4,1
sadness,http://farm8.staticflickr.com/7582/15890913780_cff0b03d11_z.jpg,2,3
sadness,http://farm8.staticflickr.com/7554/16261509605_c8c723866e_z.jpg,3,2
sadness,http://farm5.staticflickr.com/4087/5084249405_db4c1d896d_z.jpg,5,0
