sadness,http://farm4.staticflickr.com/3008/3077527460_5e2e5ea48f_z.jpg,5,0
sadness,http://farm9.staticflickr.com/8528/8497919673_60823eb2c7_z.jpg,4,1
sadness,http://farm3.staticflickr.com/2913/14738877303_20ff3d4f94_z.jpg,1,3
sadness,http://farm4.staticflickr.com/3285/2491621868_a849f613a9_z.jpg,5,0
sadness,http://farm6.staticflickr.com/5106/5681862922_35ea834e0a_z.jpg,5,0
sadness,http://farm4.staticflickr.com/3323/3272682782_8cb19e1f71_z.jpg,0,5
sadness,http://farm8.staticflickr.com/7005/6709131185_cdf14036b3_z.jpg,4,1
sadness,http://farm4.staticflickr.com/3447/3392856315_bac8894c09_z.jpg,0,5
sadness,http://farm8.staticflickr.com/7358/13917672611_3a5c46ebc8_z.jpg,5,0
sadness,http://farm8.staticflickr.com/7319/9359044818_28f3f6a16b_z.jpg,3,2
sadness,http://farm6.staticflickr.com/5146/5644474612_626b50f8a3_z.jpg,5,0
sadness,http://farm6.staticflickr.com/5563/14131537025_ae3283c213_z.jpg,2,3
sadness,http://farm4.staticflickr.com/3635/3398121677_9cca81fbbc_z.jpg,5,0
sadness,http://farm7.staticflickr.com/6211/6289191851_0a71dddbbb_z.jpg,4,1
sadness,http://farm6.staticflickr.com/5500/10629950524_de51663e8b_z.jpg,5,0
sadness,http://farm5.staticflickr.com/4123/4930747949_187dcc6a89_z.jpg,5,0
sadness,http://farm3.staticflickr.com/2352/2194552546_e79449cb78_z.jpg,1,4
sadness,http://farm9.staticflickr.com/8094/8387705216_6298a26d75_z.jpg,2,3
sadness,http://farm4.staticflickr.com/3292/2777783063_38f58b9dd3_z.jpg,3,2
sadness,http://farm3.staticflickr.com/2716/4244841979_a2638e2357_z.jpg,5,0
sadness,http://farm6.staticflickr.com/5278/5804747265_78e51bd9cd_z.jpg,4,1
sadness,http://farm6.staticflickr.com/5010/5325206331_7d8b727a7d_z.jpg,5,0
sadness,http://farm3.staticflickr.com/2905/13897685550_de7204d8bb_z.jpg,4,1
sadness,http://farm4.staticflickr.com/3914/14760484172_11e09cf3ca_z.jpg,0,5
sadness,http://farm6.staticflickr.com/5124/5364534887_bd5ba34037_z.jpg,4,1
sadness,http://farm3.staticflickr.com/2857/8955595836_650621553d_z.jpg,3,2
sadness,http://farm9.staticflickr.com/8529/8627938469_4eac7888cb_z.jpg,5,0
sadness,http://farm6.staticflickr.com/5271/5843889542_4609900bb4_z.jpg,1,4
sadness,http://farm5.staticflickr.com/4112/5057457514_7f7bb111c8_z.jpg,5,0
sadness,http://farm9.staticflickr.com/8187/8441725108_596a121452_z.jpg,4,1
sadness,http://farm3.staticflickr.com/2759/4204306080_5a55c57a74_z.jpg,5,0
sadness,http://farm7.staticflickr.com/6201/6096607566_38abd664a2_z.jpg,4,1
sadness,http://farm8.staticflickr.com/7403/11339970703_75127a7403_z.jpg,1,4
sadness,http://farm8.staticflickr.com/7420/14134399485_b00aab0f1d_z.jpg,2,3
sadness,http://farm8.staticflickr.com/7196/6926771326_840b97895a_z.jpg,0,5
sadness,http://farm4.staticflickr.com/3642/3609651154_a012f7fb6c_z.jpg,5,0
sadness,http://farm4.staticflickr.com/3757/10452283196_00c95b9175_z.jpg,5,0
sadness,http://farm8.staticflickr.com/7534/15886837477_4e4f65782a_z.jpg,2,3
sadness,http://farm8.staticflickr.com/7389/10267317776_bcf77a0ba1_z.jpg,5,0
sadness,http://farm8.staticflickr.com/7190/6896747863_2bf99db9f1_z.jpg,1,4
sadness,http://farm4.staticflickr.com/3027/2598922640_0b61cc5050_z.jpg,0,5
sadness,http://farm3.staticflickr.com/2847/9512815985_9587c17134_z.jpg,5,0
sadness,http://farm8.staticflickr.com/7489/15051443873_9f979ee0e7_z.jpg,3,2
sadness,http://farm2.staticflickr.com/1321/4601372463_6448139ce1_z.jpg,5,0
sadness,http://farm3.staticflickr.com/2539/4295327018_4fbe69363f_z.jpg,5,0
sadness,http://farm5.staticflickr.com/4152/5076526305_8d51bc6438_z.jpg,4,1
sadness,http://farm9.staticflickr.com/8495/8316000975_502d823d1c_z.jpg,2,3
sadness,http://farm8.staticflickr.com/7320/9405095644_bda25d52ef_z.jpg,5,0
sadness,http://farm4.staticflickr.com/3044/2609806607_bf20239c4a_z.jpg,5,0
sadness,http://farm4.staticflickr.com/3616/3523807430_accb65bd35_z.jpg,4,1
sadness,http://farm9.staticflickr.com/8239/8537422542_0e44c8f325_z.jpg,4,1
sadness,http://farm5.staticflickr.com/4042/4391382010_431d9d759f_z.jpg,3,2
sadness,http://farm3.staticflickr.com/2735/4095624942_3f988c12bb_z.jpg,5,0
sadness,http://farm8.staticflickr.com/7569/15060203483_7485975ba1_z.jpg,1,4
sadness,http://farm6.staticflickr.com/5335/9191317983_d2c0ca3145_z.jpg,4,1
sadness,http://farm4.staticflickr.com/3869/14891337553_caac6f9b1b_z.jpg,4,1
sadness,http://farm4.staticflickr.com/3407/3220996361_cf728a8469_z.jpg,5,0
sadness,http://farm3.staticflickr.com/2848/9649802314_8a81c20fe0_z.jpg,5,0
sadness,http://farm9.staticflickr.com/8074/8330289181_5dc4ce07f6_z.jpg,5,0
sadness,http://farm8.staticflickr.com/7170/13432549443_abd731ef1a_z.jpg,5,0
sadness,http://farm9.staticflickr.com/8519/8595098750_4bf54ddaa6_z.jpg,1,4
sadness,http://farm6.staticflickr.com/5563/14902796340_59fa64cecb_z.jpg,5,0
sadness,http://farm6.staticflickr.com/5478/10995198235_3faa8091d6_z.jpg,4,1
sadness,http://farm4.staticflickr.com/3762/10231291104_bc0121142b_z.jpg,5,0
sadness,http://farm5.staticflickr.com/4097/5432750549_0d6ea496d0_z.jpg,3,2
sadness,http://farm8.staticflickr.com/7395/8728771898_dd3d28c1be_z.jpg,2,3
sadness,http://farm6.staticflickr.com/5241/5234870285_ba7a7e3e1b_z.jpg,3,2
sadness,http://farm3.staticflickr.com/2872/9225497415_74884278e1_z.jpg,3,2
sadness,http://farm6.staticflickr.com/5091/5402572246_8ce6eef188_z.jpg,4,1
sadness,http://farm5.staticflickr.com/4121/4906757059_fc0bcba896_z.jpg,2,3
sadness,http://farm4.staticflickr.com/3524/3292531777_b0a8060c38_z.jpg,3,2
sadness,http://farm3.staticflickr.com/2571/4096834861_f4f06687db_z.jpg,5,0
sadness,http://farm5.staticflickr.com/4037/4181147704_6fe11324bb_z.jpg,5,0
sadness,http://farm3.staticflickr.com/2148/2342306896_84c3778332_z.jpg,4,1
sadness,http://farm4.staticflickr.com/3377/3252240871_c4eee3e024_z.jpg,5,0
sadness,http://farm8.staticflickr.com/7572/15664218280_ce74dec225_z.jpg,4,1
sadness,http://farm3.staticflickr.com/2833/9955211624_821c5be43b_z.jpg,5,0
sadness,http://farm9.staticflickr.com/8344/8225702816_47f765d3c9_z.jpg,5,0
sadness,http://farm3.staticflickr.com/2612/3694359736_5864c713e1_z.jpg,5,0
sadness,http://farm9.staticflickr.com/8058/8228083291_c157780321_z.jpg,5,0
sadness,http://farm6.staticflickr.com/5042/5338822942_00b7999f60_z.jpg,5,0
sadness,http://farm5.staticflickr.com/4044/4571514790_80a34b1167_z.jpg,5,0
sadness,http://farm9.staticflickr.com/8009/7362524876_916bf575a9_z.jpg,5,0
sadness,http://farm4.staticflickr.com/3684/12786105703_f48f94245f_z.jpg,3,2
sadness,http://farm8.staticflickr.com/7311/8975035945_b63ce2da0a_z.jpg,0,5
sadness,http://farm6.staticflickr.com/5527/11529604584_bdf123e713_z.jpg,1,4
sadness,http://farm4.staticflickr.com/3734/10706873315_8157c4f6b1_z.jpg,4,1
sadness,http://farm9.staticflickr.com/8263/8661933899_5d32038823_z.jpg,3,2
sadness,http://farm8.staticflickr.com/7424/10652990766_12b40f5413_z.jpg,5,0
sadness,http://farm4.staticflickr.com/3025/2866221350_f017378910_z.jpg,3,2
sadness,http://farm4.staticflickr.com/3213/3112421899_cfa27734d0_z.jpg,0,5
sadness,http://farm4.staticflickr.com/3763/8753953948_2bfe384d84_z.jpg,5,0
sadness,http://farm4.staticflickr.com/3218/3904831269_7270283ffd_z.jpg,4,1
sadness,http://farm8.staticflickr.com/7580/15250001823_f01575b07d_z.jpg,4,1
sadness,http://farm6.staticflickr.com/5567/14013338419_0353c8b9dd_z.jpg,5,0
sadness,http://farm5.staticflickr.com/4007/4254786185_b4a1587801_z.jpg,1,4
sadness,http://farm9.staticflickr.com/8458/7947195234_d427ecb5e9_z.jpg,5,0
sadness,http://farm5.staticflickr.com/4025/4359293293_1d971502ed_z.jpg,3,2
sadness,http://farm4.staticflickr.com/3677/13404695783_a2f1a40747_z.jpg,1,4
sadness,http://farm8.staticflickr.com/7554/16063401936_273fdab405_z.jpg,5,0
sadness,http://farm9.staticflickr.com/8368/8499020734_953aa827a9_z.jpg,5,0
sadness,http://farm9.staticflickr.com/8555/10267419253_51ab16eb56_z.jpg,5,0
sadness,http://farm6.staticflickr.com/5565/14295518488_ff26903795_z.jpg,5,0
sadness,http://farm9.staticflickr.com/8367/8587654046_1dd98b5d11_z.jpg,4,1
sadness,http://farm8.staticflickr.com/7349/9504938291_5a10fe8240_z.jpg,0,5
sadness,http://farm4.staticflickr.com/3929/15402253931_e0d289d7d1_z.jpg,5,0
sadness,http://farm6.staticflickr.com/5301/5621525940_2c8a59e56c_z.jpg,5,0
sadness,http://farm4.staticflickr.com/3878/14578077197_3411384574_z.jpg,4,1
sadness,http://farm9.staticflickr.com/8050/8425074493_6bd8235f34_z.jpg,3,2
sadness,http://farm6.staticflickr.com/5299/5459164697_7a8374c901_z.jpg,0,5
sadness,http://farm3.staticflickr.com/2320/2203105475_f7db68fa72_z.jpg,3,1
sadness,http://farm4.staticflickr.com/3050/2553363607_db6757a773_z.jpg,5,0
sadness,http://farm6.staticflickr.com/5029/5668917109_4a7b9626c4_z.jpg,5,0
sadness,http://farm6.staticflickr.com/5613/15412700489_22126cf8b6_z.jpg,2,3
sadness,http://farm4.staticflickr.com/3118/3136367056_7b2cd91b3f_z.jpg,0,5
sadness,http://farm4.staticflickr.com/3343/3183871286_c2e8c089bc_z.jpg,5,0
sadness,http://farm6.staticflickr.com/5591/14833692794_6ef513c57f_z.jpg,5,0
sadness,http://farm9.staticflickr.com/8005/7165948874_6d55fc5c67_z.jpg,5,0
sadness,http://farm9.staticflickr.com/8456/7918655942_52b77a28ef_z.jpg,2,3
sadness,http://farm3.staticflickr.com/2569/3662021642_73323b59e0_z.jpg,5,0
sadness,http://farm8.staticflickr.com/7519/15682324910_61ca14c459_z.jpg,1,4
sadness,http://farm3.staticflickr.com/2809/8760953244_a2a17101d6_z.jpg,5,0
sadness,http://farm6.staticflickr.com/5173/5402545583_4428f1411c_z.jpg,5,0
sadness,http://farm3.staticflickr.com/2425/3826161195_521117fe2e_z.jpg,4,1
sadness,http://farm9.staticflickr.com/8039/8033767964_296ce2179d_z.jpg,3,2
sadness,http://farm8.staticflickr.com/7023/6620977949_ac223b55e8_z.jpg,3,2
sadness,http://farm4.staticflickr.com/3844/14220553019_33fbbec65b_z.jpg,5,0
sadness,http://farm4.staticflickr.com/3415/3640128660_0728c28f07_z.jpg,3,2
sadness,http://farm6.staticflickr.com/5590/14618843117_3d2db40446_z.jpg,5,0
sadness,http://farm4.staticflickr.com/3689/9679687319_0df034ab0b_z.jpg,5,0
sadness,http://farm2.staticflickr.com/1367/5161562314_482b7d48d9_z.jpg,5,0
sadness,http://farm8.staticflickr.com/7024/6617586615_038ed9d900_z.jpg,4,1
sadness,http://farm8.staticflickr.com/7528/16245890276_a1049fb925_z.jpg,5,0
sadness,http://farm7.staticflickr.com/6161/6196881755_3b54405292_z.jpg,3,2
sadness,http://farm6.staticflickr.com/5328/9548215022_f7fe048b77_z.jpg,1,4
sadness,http://farm6.staticflickr.com/5100/13812470263_792bb0ed91_z.jpg,5,0
sadness,http://farm3.staticflickr.com/2812/12566791374_5094c25d9f_z.jpg,2,3
sadness,http://farm4.staticflickr.com/3659/3555231091_008fde81fa_z.jpg,4,1
sadness,http://farm9.staticflickr.com/8527/8629092716_9a6df74870_z.jpg,5,0
sadness,http://farm6.staticflickr.com/5199/5872846200_e949c4693f_z.jpg,1,4
sadness,http://farm3.staticflickr.com/2419/3544246576_9ba35d3440_z.jpg,5,0
sadness,http://farm3.staticflickr.com/2611/3674850528_5bfca5d6eb_z.jpg,0,5
sadness,http://farm8.staticflickr.com/7293/8944253247_fe8b2140f6_z.jpg,4,1
sadness,http://farm8.staticflickr.com/7496/15835940269_0a920df0de_z.jpg,5,0
sadness,http://farm8.staticflickr.com/7278/7679147720_ed7c08f9c0_z.jpg,5,0
sadness,http://farm9.staticflickr.com/8382/8515099720_71c63ebe35_z.jpg,1,4
sadness,http://farm7.staticflickr.com/6089/6115845857_cfddc24d7e_z.jpg,4,1
sadness,http://farm4.staticflickr.com/3495/4012193793_91d78e0949_z.jpg,4,1
sadness,http://farm8.staticflickr.com/7165/6636386137_a060374e48_z.jpg,5,0
sadness,http://farm4.staticflickr.com/3391/3180173947_1720d1db7c_z.jpg,5,0
sadness,http://farm9.staticflickr.com/8220/8305753172_2b651fe70c_z.jpg,1,4
sadness,http://farm8.staticflickr.com/7478/15247405874_4623f9d52d_z.jpg,5,0
sadness,http://farm6.staticflickr.com/5511/10161782644_a6ffae0cf0_z.jpg,3,2
sadness,http://farm6.staticflickr.com/5127/5256930599_a6167c5314_z.jpg,4,1
sadness,http://farm8.staticflickr.com/7465/15852656050_fd24cf67a3_z.jpg,5,0
sadness,http://farm6.staticflickr.com/5613/15756944021_28d14ecacc_z.jpg,3,2
sadness,http://farm3.staticflickr.com/2742/4040899426_ed6d15d7a9_z.jpg,5,0
sadness,http://farm6.staticflickr.com/5261/5633939205_3a035f45ce_z.jpg,5,0
sadness,http://farm3.staticflickr.com/2796/4142706901_3d7e33b69f_z.jpg,5,0
sadness,http://farm5.staticflickr.com/4001/4317638536_6662d450a4_z.jpg,4,1
sadness,http://farm5.staticflickr.com/4085/5003374315_5976b6f291_z.jpg,4,1
sadness,http://farm4.staticflickr.com/3391/3637414592_6e7c02b6b8_z.jpg,2,3
sadness,http://farm4.staticflickr.com/3722/10655934124_15faec749f_z.jpg,5,0
sadness,http://farm6.staticflickr.com/5505/12414629685_3a0bb7b992_z.jpg,5,0
sadness,http://farm9.staticflickr.com/8523/8587715786_962d5ae13a_z.jpg,4,0
sadness,http://farm5.staticflickr.com/4014/4529391454_2b90ab0137_z.jpg,1,3
sadness,http://farm4.staticflickr.com/3892/14348564068_1cdb54ae8a_z.jpg,0,5
sadness,http://farm3.staticflickr.com/2882/10332516655_f9ac393330_z.jpg,2,3
sadness,http://farm4.staticflickr.com/3747/12938579614_05c65c62ff_z.jpg,0,5
sadness,http://farm8.staticflickr.com/7536/15546310153_01de7cf6bb_z.jpg,3,2
sadness,http://farm9.staticflickr.com/8385/8454450386_d9bea1bfc6_z.jpg,5,0
sadness,http://farm4.staticflickr.com/3150/2981779977_c5c0526368_z.jpg,5,0
sadness,http://farm7.staticflickr.com/6067/6059606077_6be57f617b_z.jpg,5,0
sadness,http://farm5.staticflickr.com/4106/4977859808_1298f8efeb_z.jpg,4,0
sadness,http://farm6.staticflickr.com/5098/5390556363_553414b73a_z.jpg,5,0
sadness,http://farm8.staticflickr.com/7115/13886407443_6832a8b5ce_z.jpg,4,1
sadness,http://farm6.staticflickr.com/5283/5276206363_ca92c65bf4_z.jpg,4,1
sadness,http://farm8.staticflickr.com/7315/13959764555_d350a5a7a2_z.jpg,4,1
sadness,http://farm4.staticflickr.com/3832/12351462485_43ea9f34ae_z.jpg,3,2
sadness,http://farm4.staticflickr.com/3897/15029078435_fb93926b7b_z.jpg,5,0
sadness,http://farm9.staticflickr.com/8397/8751789314_169ae7812a_z.jpg,5,0
sadness,http://farm4.staticflickr.com/3323/3189994024_091f51ac98_z.jpg,5,0
sadness,http://farm8.staticflickr.com/7174/6737587695_2cd2ffb188_z.jpg,2,3
sadness,http://farm9.staticflickr.com/8453/7979273731_7a7e1b9ef8_z.jpg,2,3
sadness,http://farm3.staticflickr.com/2658/3938133821_352f8f90ce_z.jpg,5,0
sadness,http://farm5.staticflickr.com/4084/4982172636_b5a208c470_z.jpg,5,0
sadness,http://farm5.staticflickr.com/4015/5144525011_b99f8f8bd1_z.jpg,5,0
sadness,http://farm4.staticflickr.com/3072/3764180236_3db63e575b_z.jpg,5,0
sadness,http://farm8.staticflickr.com/7523/15792276142_51e07428a4_z.jpg,2,3
sadness,http://farm9.staticflickr.com/8481/8181535685_87400b13ab_z.jpg,2,3
sadness,http://farm6.staticflickr.com/5004/5238870237_446d682b54_z.jpg,5,0
sadness,http://farm8.staticflickr.com/7279/8156852320_3e80ac89e1_z.jpg,3,1
sadness,http://farm4.staticflickr.com/3867/14163289500_c89063c513_z.jpg,4,1
sadness,http://farm3.staticflickr.com/2097/2884785637_178919e0e6_z.jpg,5,0
sadness,http://farm5.staticflickr.com/4101/4882772739_14d928b680_z.jpg,3,2
sadness,http://farm9.staticflickr.com/8123/8601932843_9b4545d0ca_z.jpg,2,3
sadness,http://farm4.staticflickr.com/3280/3031507471_6ac01f761a_z.jpg,5,0
sadness,http://farm6.staticflickr.com/5311/5878863015_c617765535_z.jpg,3,2
sadness,http://farm8.staticflickr.com/7035/6629700575_5eae607924_z.jpg,1,4
sadness,http://farm8.staticflickr.com/7025/6613000013_9fb6f9053e_z.jpg,4,1
sadness,http://farm4.staticflickr.com/3188/3076927279_481fd01b1b_z.jpg,5,0
sadness,http://farm5.staticflickr.com/4061/4527332745_5a0c06200b_z.jpg,2,3
sadness,http://farm6.staticflickr.com/5157/14060482168_ce6de26b80_z.jpg,4,1
sadness,http://farm8.staticflickr.com/7209/14053726302_7733969593_z.jpg,4,1
sadness,http://farm9.staticflickr.com/8202/8199506732_267b26f441_z.jpg,5,0
sadness,http://farm4.staticflickr.com/3677/9330514079_999d5d6ca6_z.jpg,1,4
sadness,http://farm6.staticflickr.com/5223/5600111580_a3dca1b1a5_z.jpg,5,0
sadness,http://farm5.staticflickr.com/4102/4880585646_e7274f0c37_z.jpg,5,0
sadness,http://farm2.staticflickr.com/1155/4601714973_273afd4a51_z.jpg,5,0
sadness,http://farm4.staticflickr.com/3368/3614239782_51d9b4131b_z.jpg,3,2
sadness,http://farm3.staticflickr.com/2826/13856853795_858e7b73ef_z.jpg,4,1
sadness,http://farm3.staticflickr.com/2911/14026347758_2d262b8a9c_z.jpg,2,3
sadness,http://farm5.staticflickr.com/4088/5176001902_26d56d1444_z.jpg,1,4
sadness,http://farm8.staticflickr.com/7040/6916455297_f7e1da46e4_z.jpg,2,3
sadness,http://farm4.staticflickr.com/3936/15353496668_48bf47e7c3_z.jpg,4,1
sadness,http://farm5.staticflickr.com/4069/4661531689_a650a689c4_z.jpg,1,4
sadness,http://farm4.staticflickr.com/3181/3058925062_1c452c50c8_z.jpg,4,1
sadness,http://farm9.staticflickr.com/8292/7655342010_d8513c7487_z.jpg,5,0
sadness,http://farm2.staticflickr.com/1050/5108454052_1b7f69e0f3_z.jpg,4,1
sadness,http://farm6.staticflickr.com/5044/5238789811_dd0098edc6_z.jpg,3,2
sadness,http://farm4.staticflickr.com/3891/14197256617_98efc80750_z.jpg,0,5
sadness,http://farm7.staticflickr.com/6215/6385852063_876e40e82a_z.jpg,5,0
sadness,http://farm7.staticflickr.com/6106/6389732371_02cba6160e_z.jpg,2,3
sadness,http://farm3.staticflickr.com/2608/4115944293_bfe41c10ca_z.jpg,4,1
sadness,http://farm4.staticflickr.com/3703/11521445753_affd3e8336_z.jpg,5,0
sadness,http://farm6.staticflickr.com/5514/11090617645_70f48f77c0_z.jpg,5,0
sadness,http://farm4.staticflickr.com/3414/3492117905_e815b71b6a_z.jpg,1,4
sadness,http://farm8.staticflickr.com/7344/9082646981_10da0efae6_z.jpg,5,0
sadness,http://farm8.staticflickr.com/7346/8805008381_9e1a316c5f_z.jpg,5,0
sadness,http://farm7.staticflickr.com/6004/5987610611_27cf32c4be_z.jpg,5,0
sadness,http://farm4.staticflickr.com/3542/3649737079_7e6ecef4f9_z.jpg,4,1
sadness,http://farm9.staticflickr.com/8399/8626644043_c0a8555917_z.jpg,1,4
sadness,http://farm9.staticflickr.com/8014/7475645036_344541aaa3_z.jpg,5,0
sadness,http://farm3.staticflickr.com/2887/12570614683_9cf8aa7dea_z.jpg,5,0
sadness,http://farm6.staticflickr.com/5291/5437560863_6c59688631_z.jpg,2,3
sadness,http://farm6.staticflickr.com/5281/5269420587_d5d415a2f3_z.jpg,1,4
sadness,http://farm3.staticflickr.com/2527/4119206754_a95ea01497_z.jpg,5,0
sadness,http://farm9.staticflickr.com/8331/8134674146_61b210e1b0_z.jpg,3,2
sadness,http://farm8.staticflickr.com/7506/16062673896_08ba091d55_z.jpg,4,1
sadness,http://farm8.staticflickr.com/7360/11195800553_8ae01c1e40_z.jpg,3,2
sadness,http://farm3.staticflickr.com/2454/4294587903_38041023c0_z.jpg,5,0
sadness,http://farm5.staticflickr.com/4087/4956678294_dbcffbd141_z.jpg,1,4
sadness,http://farm4.staticflickr.com/3221/2927348421_6c49f44319_z.jpg,1,4
sadness,http://farm9.staticflickr.com/8111/8453482311_26bc3e9d53_z.jpg,3,2
sadness,http://farm5.staticflickr.com/4153/5077720885_6584879b85_z.jpg,5,0
sadness,http://farm4.staticflickr.com/3801/10930911834_b48f97e47c_z.jpg,4,1
sadness,http://farm4.staticflickr.com/3465/5718389836_ac72ffd521_z.jpg,5,0
sadness,http://farm3.staticflickr.com/2447/3686717328_44ed8f7b03_z.jpg,1,4
sadness,http://farm8.staticflickr.com/7225/7303098382_5abc713fec_z.jpg,5,0
sadness,http://farm8.staticflickr.com/7164/6540926929_2febf701b6_z.jpg,5,0
sadness,http://farm3.staticflickr.com/2832/10604521586_b17ecfdb84_z.jpg,4,1
sadness,http://farm6.staticflickr.com/5012/5389787529_6561c5e2b7_z.jpg,0,5
sadness,http://farm8.staticflickr.com/7115/7875467498_c0e5f8f499_z.jpg,5,0
sadness,http://farm8.staticflickr.com/7473/15909058951_b7484cec22_z.jpg,4,1
sadness,http://farm8.staticflickr.com/7079/6978577538_94b7dff56d_z.jpg,5,0
sadness,http://farm5.staticflickr.com/4055/4693756602_e971e0128a_z.jpg,0,5
sadness,http://farm4.staticflickr.com/3908/14280798890_1d45eab2bd_z.jpg,2,3
sadness,http://farm3.staticflickr.com/2854/9600007947_e0bd00231e_z.jpg,4,1
sadness,http://farm7.staticflickr.com/6098/6221397128_509aa6e46a_z.jpg,3,2
sadness,http://farm9.staticflickr.com/8523/8611077019_160a1eb71e_z.jpg,5,0
sadness,http://farm9.staticflickr.com/8437/7944536176_05be112f8d_z.jpg,4,1
sadness,http://farm6.staticflickr.com/5480/12662484495_31f642460b_z.jpg,4,1
sadness,http://farm2.staticflickr.com/1077/3167310999_6121c88464_z.jpg,4,1
sadness,http://farm8.staticflickr.com/7380/13118053345_934a8e3280_z.jpg,0,5
sadness,http://farm4.staticflickr.com/3028/2688500798_c3dcff2767_z.jpg,5,0
sadness,http://farm3.staticflickr.com/2282/2402289485_e7f1ca61fb_z.jpg,4,1
sadness,http://farm9.staticflickr.com/8464/8084424268_63b30993a1_z.jpg,5,0
sadness,http://farm3.staticflickr.com/2626/4009070487_8418ffe9bf_z.jpg,5,0
sadness,http://farm9.staticflickr.com/8507/8369778869_c68e782381_z.jpg,5,0
sadness,http://farm9.staticflickr.com/8146/7408451924_c527b27614_z.jpg,5,0
sadness,http://farm7.staticflickr.com/6215/6345121077_1af726d0d1_z.jpg,2,3
sadness,http://farm6.staticflickr.com/5190/5651442788_ef8502a445_z.jpg,1,4
sadness,http://farm7.staticflickr.com/6073/6032621576_0da4721d66_z.jpg,5,0
sadness,http://farm4.staticflickr.com/3011/3040398591_ff724ae8b7_z.jpg,0,5
sadness,http://farm9.staticflickr.com/8038/8064347494_b288d3a2a6_z.jpg,3,2
sadness,http://farm4.staticflickr.com/3714/12292466485_18697647f3_z.jpg,5,0
sadness,http://farm4.staticflickr.com/3867/14468425073_c56b17b290_z.jpg,4,1
sadness,http://farm4.staticflickr.com/3159/2580753741_23d20d32e1_z.jpg,1,4
sadness,http://farm5.staticflickr.com/4128/5175150103_1bc2bca739_z.jpg,3,2
sadness,http://farm6.staticflickr.com/5015/5438637674_bc93551009_z.jpg,4,1
sadness,http://farm6.staticflickr.com/5538/10774974034_c964769244_z.jpg,5,0
sadness,http://farm4.staticflickr.com/3427/3849883673_96a911c244_z.jpg,5,0
sadness,http://farm4.staticflickr.com/3773/13421299225_b381e839a5_z.jpg,5,0
sadness,http://farm9.staticflickr.com/8349/8196785595_de3f97ab85_z.jpg,4,1
sadness,http://farm4.staticflickr.com/3890/14738619215_ed4b1a2d1a_z.jpg,4,1
sadness,http://farm3.staticflickr.com/2923/14775181531_bd692e12da_z.jpg,5,0
sadness,http://farm4.staticflickr.com/3922/15070794110_c49153e795_z.jpg,4,1
sadness,http://farm9.staticflickr.com/8627/16037976121_4f326208f3_z.jpg,4,1
sadness,http://farm8.staticflickr.com/7121/7481303274_dd5c7e4fe9_z.jpg,5,0
sadness,http://farm3.staticflickr.com/2431/3529806685_8c46f1f043_z.jpg,5,0
sadness,http://farm6.staticflickr.com/5507/9089026294_9bc59051f4_z.jpg,2,3
sadness,http://farm3.staticflickr.com/2201/2373309330_8f9035c5a4_z.jpg,2,3
sadness,http://farm3.staticflickr.com/2715/4450790115_e1e510ac6b_z.jpg,5,0
sadness,http://farm3.staticflickr.com/2873/8760781433_24b13c8068_z.jpg,5,0
sadness,http://farm6.staticflickr.com/5251/5574507178_d763bb7124_z.jpg,5,0
sadness,http://farm3.staticflickr.com/2633/3749899915_307ab5cc07_z.jpg,5,0
sadness,http://farm3.staticflickr.com/2037/2499579842_170e0b64d2_z.jpg,4,1
sadness,http://farm3.staticflickr.com/2830/11688548705_2fd31e4896_z.jpg,4,1
sadness,http://farm8.staticflickr.com/7546/15484699014_f4b1a640df_z.jpg,4,1
sadness,http://farm9.staticflickr.com/8079/8282227338_2aa0dd6998_z.jpg,5,0
sadness,http://farm5.staticflickr.com/4010/4640278530_d00368be74_z.jpg,5,0
sadness,http://farm6.staticflickr.com/5511/10599667414_ed78091625_z.jpg,5,0
sadness,http://farm9.staticflickr.com/8393/8687151224_c8c9040fe8_z.jpg,1,4
sadness,http://farm3.staticflickr.com/2370/2436252812_c041566897_z.jpg,5,0
sadness,http://farm8.staticflickr.com/7357/11076992196_8c7fb84192_z.jpg,5,0
sadness,http://farm3.staticflickr.com/2939/14385366642_7fce701788_z.jpg,0,5
sadness,http://farm9.staticflickr.com/8002/7489357410_17dc1fb4eb_z.jpg,5,0
sadness,http://farm4.staticflickr.com/3786/9710582275_5630b38a6c_z.jpg,4,1
sadness,http://farm3.staticflickr.com/2467/3915288138_0232ec16e8_z.jpg,5,0
sadness,http://farm9.staticflickr.com/8533/8629090948_402d6bbc1c_z.jpg,5,0
sadness,http://farm6.staticflickr.com/5544/10311830904_b1c0b68890_z.jpg,5,0
sadness,http://farm8.staticflickr.com/7549/16112391342_bdbf4844cc_z.jpg,5,0
sadness,http://farm5.staticflickr.com/4135/4747712278_8497b1c08a_z.jpg,5,0
sadness,http://farm9.staticflickr.com/8154/7594968370_18efeff3ce_z.jpg,5,0
sadness,http://farm8.staticflickr.com/7146/6809769553_8789d1f12b_z.jpg,1,4
sadness,http://farm9.staticflickr.com/8181/7992320886_54374af2e3_z.jpg,3,2
sadness,http://farm7.staticflickr.com/6142/5991245245_2f4dbe5e26_z.jpg,3,2
sadness,http://farm4.staticflickr.com/3069/3658849606_347bf233f4_z.jpg,5,0
sadness,http://farm8.staticflickr.com/7007/6552317343_e0754233f4_z.jpg,4,1
sadness,http://farm6.staticflickr.com/5189/5693405522_2eef8b4d90_z.jpg,5,0
sadness,http://farm9.staticflickr.com/8502/8283724010_a440a42fdd_z.jpg,5,0
sadness,http://farm4.staticflickr.com/3564/3471432033_4b8548e6f7_z.jpg,5,0
sadness,http://farm6.staticflickr.com/5445/8823185148_6ddf9dbcb9_z.jpg,5,0
sadness,http://farm4.staticflickr.com/3822/9840298654_eb94e6fc83_z.jpg,5,0
sadness,http://farm4.staticflickr.com/3508/4023282472_13bc262847_z.jpg,2,3
sadness,http://farm3.staticflickr.com/2833/9264814642_844e9f9a36_z.jpg,5,0
sadness,http://farm9.staticflickr.com/8426/7839910058_31151dbff1_z.jpg,5,0
sadness,http://farm3.staticflickr.com/2554/3956747518_740c0e2946_z.jpg,5,0
sadness,http://farm4.staticflickr.com/3052/3035137102_900617f251_z.jpg,4,0
sadness,http://farm3.staticflickr.com/2877/12293062374_46d1545125_z.jpg,5,0
sadness,http://farm6.staticflickr.com/5613/15633861241_559a77cf54_z.jpg,3,2
sadness,http://farm9.staticflickr.com/8115/8645827281_e8c1bd7758_z.jpg,0,5
sadness,http://farm6.staticflickr.com/5270/5638638433_a58365d1c2_z.jpg,3,2
sadness,http://farm8.staticflickr.com/7312/12961760823_29e0628fb5_z.jpg,5,0
sadness,http://farm8.staticflickr.com/7360/11776347636_b5d4bc1a75_z.jpg,3,2
sadness,http://farm3.staticflickr.com/2589/3704872389_be6bcfd0a6_z.jpg,3,2
sadness,http://farm4.staticflickr.com/3691/12413212945_c4139b035e_z.jpg,4,1
sadness,http://farm8.staticflickr.com/7454/10198697194_fe4b7a7c50_z.jpg,3,2
sadness,http://farm3.staticflickr.com/2540/3912474316_659220325c_z.jpg,1,4
sadness,http://farm9.staticflickr.com/8522/8506999030_d82d01d81b_z.jpg,0,5
sadness,http://farm9.staticflickr.com/8106/8532871539_a965bd3ce8_z.jpg,4,1
sadness,http://farm7.staticflickr.com/6072/6072137428_29617dc9a1_z.jpg,4,1
sadness,http://farm3.staticflickr.com/2495/3775176823_0c69dc60b7_z.jpg,5,0
sadness,http://farm5.staticflickr.com/4036/4477974557_509978a029_z.jpg,2,3
sadness,http://farm9.staticflickr.com/8007/7436765850_36e73e2cd4_z.jpg,3,2
sadness,http://farm8.staticflickr.com/7247/7479569700_1f5cc84233_z.jpg,5,0
sadness,http://farm9.staticflickr.com/8405/8628120777_ae38e8ea38_z.jpg,5,0
sadness,http://farm9.staticflickr.com/8421/7771512552_8133c48879_z.jpg,5,0
sadness,http://farm9.staticflickr.com/8321/7977311008_2969007c72_z.jpg,5,0
sadness,http://farm5.staticflickr.com/4151/5065021652_583121daec_z.jpg,5,0
sadness,http://farm7.staticflickr.com/6147/6190131201_bc8ab04f03_z.jpg,2,3
sadness,http://farm6.staticflickr.com/5460/10113885574_4e8e676ba8_z.jpg,1,4
sadness,http://farm4.staticflickr.com/3877/14977850759_72c926bae9_z.jpg,4,0
sadness,http://farm4.staticflickr.com/3856/14524583631_67eece7e77_z.jpg,0,5
sadness,http://farm8.staticflickr.com/7184/6912875427_0ec4217a1b_z.jpg,5,0
sadness,http://farm4.staticflickr.com/3158/2848060355_010f495bcb_z.jpg,3,2
sadness,http://farm5.staticflickr.com/4088/5134958153_fd40af13e8_z.jpg,2,3
sadness,http://farm6.staticflickr.com/5506/10563798946_076404a992_z.jpg,2,3
sadness,http://farm3.staticflickr.com/2861/11036205816_8c8bb23ede_z.jpg,0,5
sadness,http://farm8.staticflickr.com/7093/7214515150_ae389bac44_z.jpg,3,1
sadness,http://farm8.staticflickr.com/7479/15704447788_4cc535617f_z.jpg,2,3
sadness,http://farm8.staticflickr.com/7070/7105971253_c420dbfe64_z.jpg,4,1
sadness,http://farm6.staticflickr.com/5256/5587992293_5e02158769_z.jpg,2,3
sadness,http://farm8.staticflickr.com/7376/13346037783_c47c4ef97e_z.jpg,5,0
sadness,http://farm3.staticflickr.com/2064/2311683898_e0f1fc8653_z.jpg,3,2
sadness,http://farm3.staticflickr.com/2508/4155068256_981e02739d_z.jpg,5,0
sadness,http://farm5.staticflickr.com/4078/4784319928_7ac3dbff70_z.jpg,1,4
sadness,http://farm7.staticflickr.com/6114/6277225939_0a0db050c1_z.jpg,5,0
sadness,http://farm5.staticflickr.com/4134/4941390509_21589e529a_z.jpg,1,4
sadness,http://farm9.staticflickr.com/8334/8414511231_24ff1d64a0_z.jpg,5,0
sadness,http://farm6.staticflickr.com/5009/5259022115_16c02b2040_z.jpg,4,1
sadness,http://farm5.staticflickr.com/4118/4800838956_ab43be845e_z.jpg,3,2
sadness,http://farm7.staticflickr.com/6208/6095121441_88168f3293_z.jpg,4,1
sadness,http://farm3.staticflickr.com/2778/4300883602_57bb004bac_z.jpg,5,0
sadness,http://farm4.staticflickr.com/3181/2642895734_11c929b7f8_z.jpg,0,5
sadness,http://farm4.staticflickr.com/3113/2856777401_3c1db99289_z.jpg,1,4
sadness,http://farm6.staticflickr.com/5488/9092546551_46418b2e21_z.jpg,5,0
sadness,http://farm8.staticflickr.com/7572/15696372038_d4df78a469_z.jpg,3,2
sadness,http://farm3.staticflickr.com/2945/15405977455_905a7cc9bf_z.jpg,5,0
sadness,http://farm5.staticflickr.com/4129/4985547687_d92069d1ee_z.jpg,5,0
sadness,http://farm7.staticflickr.com/6094/6358532975_9c45e98ff8_z.jpg,1,4
sadness,http://farm9.staticflickr.com/8615/15993026599_2b920aae30_z.jpg,4,1
sadness,http://farm8.staticflickr.com/7176/7021205059_fac01727e0_z.jpg,5,0
sadness,http://farm6.staticflickr.com/5045/5353455686_1e12f2cfe2_z.jpg,2,3
sadness,http://farm6.staticflickr.com/5331/7400711186_3e2872a562_z.jpg,4,1
sadness,http://farm3.staticflickr.com/2850/13214322205_7e9aea8e7f_z.jpg,2,2
sadness,http://farm8.staticflickr.com/7444/9010743706_b7a78a9503_z.jpg,5,0
sadness,http://farm4.staticflickr.com/3566/3436483714_f1b33aaeb8_z.jpg,1,4
sadness,http://farm4.staticflickr.com/3158/3044713567_bbf1b63295_z.jpg,4,1
sadness,http://farm8.staticflickr.com/7161/6527335247_1bf5b9c604_z.jpg,4,1
sadness,http://farm9.staticflickr.com/8043/8095882543_1fc05072c1_z.jpg,2,3
sadness,http://farm8.staticflickr.com/7064/6878751467_beaf29f380_z.jpg,2,3
sadness,http://farm5.staticflickr.com/4064/4222290243_2b1dd88ca3_z.jpg,1,4
sadness,http://farm4.staticflickr.com/3561/5722929034_4f627c369c_z.jpg,2,3
sadness,http://farm5.staticflickr.com/4033/4599992580_920410a2ec_z.jpg,0,5
sadness,http://farm4.staticflickr.com/3871/14668308798_c92b773c50_z.jpg,4,1
sadness,http://farm4.staticflickr.com/3555/3785918180_e6f52985fb_z.jpg,3,2
sadness,http://farm7.staticflickr.com/6087/6095150617_2b53e9f57b_z.jpg,5,0
sadness,http://farm9.staticflickr.com/8490/8242499282_aab529f1e5_z.jpg,0,5
sadness,http://farm3.staticflickr.com/2728/4109535480_055b1b6e89_z.jpg,4,1
sadness,http://farm9.staticflickr.com/8487/8177269755_8893ce6241_z.jpg,4,1
sadness,http://farm9.staticflickr.com/8397/8628908898_6554828e8d_z.jpg,5,0
sadness,http://farm6.staticflickr.com/5121/5241573458_399ff4908a_z.jpg,1,4
sadness,http://farm8.staticflickr.com/7402/10170078264_9c2701b76f_z.jpg,2,3
sadness,http://farm6.staticflickr.com/5253/5456187249_38585a4d6d_z.jpg,5,0
sadness,http://farm3.staticflickr.com/2915/14726540094_2790fd9792_z.jpg,3,2
sadness,http://farm4.staticflickr.com/3758/9936352286_5d6927910e_z.jpg,3,2
sadness,http://farm3.staticflickr.com/2916/13907233529_0ba01956b2_z.jpg,5,0
sadness,http://farm8.staticflickr.com/7154/6541212829_ae6b11b749_z.jpg,1,4
sadness,http://farm4.staticflickr.com/3218/3052271331_4e4de32745_z.jpg,1,4
sadness,http://farm4.staticflickr.com/3333/5819112879_d1e22e429c_z.jpg,0,5
sadness,http://farm3.staticflickr.com/2106/2199356435_47659190ae_z.jpg,1,4
sadness,http://farm8.staticflickr.com/7482/16186856161_cd62798580_z.jpg,0,5
sadness,http://farm8.staticflickr.com/7295/11791567303_0180ecc9d0_z.jpg,5,0
sadness,http://farm4.staticflickr.com/3954/15569988986_2180f4caeb_z.jpg,5,0
sadness,http://farm6.staticflickr.com/5264/5566239592_c7042a2c24_z.jpg,5,0
sadness,http://farm3.staticflickr.com/2020/2289536668_a7b026bd97_z.jpg,4,1
sadness,http://farm6.staticflickr.com/5523/12550809104_6b3bb41694_z.jpg,5,0
sadness,http://farm5.staticflickr.com/4128/5035169570_798192ebbc_z.jpg,5,0
sadness,http://farm3.staticflickr.com/2900/14748880854_ba3eef3c5c_z.jpg,3,2
sadness,http://farm5.staticflickr.com/4118/4822053934_f48eb34c55_z.jpg,1,4
sadness,http://farm6.staticflickr.com/5101/5583538604_1f2f52f571_z.jpg,3,2
sadness,http://farm8.staticflickr.com/7456/13987127619_5359c993fb_z.jpg,5,0
sadness,http://farm9.staticflickr.com/8106/8627989695_7bedb171a9_z.jpg,5,0
sadness,http://farm8.staticflickr.com/7417/9665516581_860d5ebd53_z.jpg,4,1
sadness,http://farm6.staticflickr.com/5533/10813470333_92db13375a_z.jpg,5,0
sadness,http://farm8.staticflickr.com/7101/7125928239_7bd36d46c6_z.jpg,2,3
sadness,http://farm6.staticflickr.com/5167/5377514659_32e58c6c6e_z.jpg,5,0
sadness,http://farm5.staticflickr.com/4151/4984664945_2f3b437696_z.jpg,1,4
sadness,http://farm8.staticflickr.com/7007/13882037173_a183a71547_z.jpg,5,0
sadness,http://farm3.staticflickr.com/2854/10423825033_8c0251bb13_z.jpg,5,0
sadness,http://farm4.staticflickr.com/3851/14904934442_2774afa679_z.jpg,0,5
sadness,http://farm3.staticflickr.com/2865/9394411730_c3ac983572_z.jpg,3,2
sadness,http://farm9.staticflickr.com/8052/8371322661_efc9180630_z.jpg,1,4
sadness,http://farm3.staticflickr.com/2427/5847635671_45032bb98c_z.jpg,5,0
sadness,http://farm5.staticflickr.com/4023/4483650732_d0625f5b5f_z.jpg,5,0
sadness,http://farm2.staticflickr.com/1285/4668620856_ed174584cf_z.jpg,5,0
sadness,http://farm4.staticflickr.com/3772/10295209975_a305e17497_z.jpg,2,3
sadness,http://farm4.staticflickr.com/3032/3007405456_03e96e13e1_z.jpg,4,1
sadness,http://farm4.staticflickr.com/3485/3278237648_88d271647a_z.jpg,5,0
sadness,http://farm8.staticflickr.com/7017/6724009051_b14f38e526_z.jpg,1,4
sadness,http://farm6.staticflickr.com/5275/7164511832_d77a4c9d40_z.jpg,2,3
sadness,http://farm4.staticflickr.com/3258/3194797782_a0b0c8278f_z.jpg,4,1
sadness,http://farm3.staticflickr.com/2840/12094133203_f6672928a7_z.jpg,5,0
sadness,http://farm9.staticflickr.com/8433/7676271902_9539ecd972_z.jpg,2,3
sadness,http://farm3.staticflickr.com/2948/15395587901_198918ffe0_z.jpg,5,0
sadness,http://farm6.staticflickr.com/5614/15607120700_6141a24f6b_z.jpg,5,0
sadness,http://farm4.staticflickr.com/3927/15442834646_00b03d9b17_z.jpg,5,0
sadness,http://farm9.staticflickr.com/8289/7746106694_a168ae0373_z.jpg,4,1
sadness,http://farm4.staticflickr.com/3303/3443919732_3220d1f608_z.jpg,5,0
sadness,http://farm8.staticflickr.com/7526/15071347753_09db1a8fc7_z.jpg,3,2
sadness,http://farm4.staticflickr.com/3910/15007200676_fa0429e68f_z.jpg,4,1
sadness,http://farm4.staticflickr.com/3404/3244770498_7a2b40307e_z.jpg,2,3
sadness,http://farm6.staticflickr.com/5160/5886032351_185a03de30_z.jpg,1,4
sadness,http://farm9.staticflickr.com/8380/8452211600_e83f3e9404_z.jpg,3,2
sadness,http://farm9.staticflickr.com/8036/8061699873_89353899ac_z.jpg,5,0
sadness,http://farm6.staticflickr.com/5287/5233324946_a2a5b49698_z.jpg,5,0
sadness,http://farm9.staticflickr.com/8163/6979838470_23f4ef2b45_z.jpg,4,1
sadness,http://farm5.staticflickr.com/4079/4776763417_8844e27e03_z.jpg,2,3
sadness,http://farm3.staticflickr.com/2912/14324737113_62e6959eea_z.jpg,2,3
sadness,http://farm8.staticflickr.com/7508/15745343498_c65463b01f_z.jpg,4,1
sadness,http://farm3.staticflickr.com/2862/9363499959_30f07e2f94_z.jpg,1,4
sadness,http://farm3.staticflickr.com/2869/10501363025_b09c0e87c2_z.jpg,5,0
sadness,http://farm5.staticflickr.com/4070/4294843732_3187540fd3_z.jpg,5,0
sadness,http://farm9.staticflickr.com/8495/8312986012_f0d00b1e18_z.jpg,1,4
sadness,http://farm8.staticflickr.com/7298/11178569373_5dcac3023b_z.jpg,3,2
sadness,http://farm3.staticflickr.com/2718/4427580431_74fa550afa_z.jpg,4,0
sadness,http://farm4.staticflickr.com/3742/9659569809_2d5085058a_z.jpg,3,2
sadness,http://farm8.staticflickr.com/7287/8732693514_0a07db4432_z.jpg,5,0
sadness,http://farm6.staticflickr.com/5051/5419791968_f7ee677020_z.jpg,5,0
sadness,http://farm9.staticflickr.com/8364/8261596365_4edc3e9ee4_z.jpg,5,0
sadness,http://farm3.staticflickr.com/2856/9627722964_708391a421_z.jpg,1,4
sadness,http://farm4.staticflickr.com/3068/2978436838_4daf45bd13_z.jpg,5,0
sadness,http://farm8.staticflickr.com/7494/15580621969_c7044aae56_z.jpg,5,0
sadness,http://farm7.staticflickr.com/6157/6257664361_5f53edbb60_z.jpg,0,5
sadness,http://farm6.staticflickr.com/5260/5409315848_a372a908ac_z.jpg,3,2
sadness,http://farm3.staticflickr.com/2319/5745095645_1c47610d4b_z.jpg,5,0
sadness,http://farm6.staticflickr.com/5100/5456768662_bab7bfa89b_z.jpg,4,1
sadness,http://farm4.staticflickr.com/3608/3625329643_923390c169_z.jpg,1,4
sadness,http://farm4.staticflickr.com/3298/3290378327_3894582e31_z.jpg,2,3
sadness,http://farm4.staticflickr.com/3844/15028767158_fc67970e09_z.jpg,2,3
sadness,http://farm8.staticflickr.com/7259/7670784978_9531c0c87c_z.jpg,4,1
sadness,http://farm9.staticflickr.com/8522/8562732566_b8462bc7da_z.jpg,1,4
sadness,http://farm4.staticflickr.com/3672/10719194035_10fc401ca3_z.jpg,3,1
sadness,http://farm5.staticflickr.com/4062/4326142229_09e37affc0_z.jpg,2,3
sadness,http://farm6.staticflickr.com/5051/5587990459_bd289b2b7c_z.jpg,5,0
sadness,http://farm9.staticflickr.com/8469/8114354330_398e58d1b5_z.jpg,5,0
sadness,http://farm4.staticflickr.com/3210/3119511326_b20bcb76b9_z.jpg,5,0
sadness,http://farm3.staticflickr.com/2626/3973097138_21dca37d11_z.jpg,5,0
sadness,http://farm9.staticflickr.com/8158/7455972446_ed842bf013_z.jpg,0,5
sadness,http://farm9.staticflickr.com/8296/7981923048_bfd36db6de_z.jpg,5,0
sadness,http://farm9.staticflickr.com/8663/15917134080_69191f0b7a_z.jpg,5,0
sadness,http://farm8.staticflickr.com/7432/12154761084_3093f7d3b0_z.jpg,0,5
sadness,http://farm9.staticflickr.com/8214/8405046031_254046c4bd_z.jpg,0,5
sadness,http://farm4.staticflickr.com/3905/14606441309_288fd16d87_z.jpg,4,1
sadness,http://farm6.staticflickr.com/5020/5542673011_c97768a5b9_z.jpg,4,1
sadness,http://farm9.staticflickr.com/8467/8130001836_0364750545_z.jpg,0,5
sadness,http://farm9.staticflickr.com/8537/8627934037_cea4307477_z.jpg,5,0
sadness,http://farm8.staticflickr.com/7193/6780678684_50a9aa557b_z.jpg,2,3
sadness,http://farm4.staticflickr.com/3785/11714935606_05a3485e99_z.jpg,5,0
sadness,http://farm3.staticflickr.com/2327/2487318983_745281fe57_z.jpg,5,0
sadness,http://farm4.staticflickr.com/3919/14596481249_3be074bfa1_z.jpg,5,0
sadness,http://farm9.staticflickr.com/8298/7844203004_aa34328c39_z.jpg,5,0
sadness,http://farm8.staticflickr.com/7037/13884360709_2fe91eb582_z.jpg,3,2
sadness,http://farm6.staticflickr.com/5135/5457148188_686ac290c2_z.jpg,4,1
sadness,http://farm9.staticflickr.com/8006/7161450743_24271a4558_z.jpg,5,0
sadness,http://farm4.staticflickr.com/3718/9511603623_44de764879_z.jpg,3,2
sadness,http://farm6.staticflickr.com/5555/14828548467_15378e9d4e_z.jpg,5,0
sadness,http://farm6.staticflickr.com/5022/5650716481_ab1b8e09a0_z.jpg,5,0
sadness,http://farm5.staticflickr.com/4080/5447946604_a1ff412ea7_z.jpg,4,1
sadness,http://farm4.staticflickr.com/3671/11894649453_f3a2ee5aef_z.jpg,2,3
sadness,http://farm8.staticflickr.com/7537/15797650778_8ddc1fefc1_z.jpg,4,1
sadness,http://farm4.staticflickr.com/3675/9839004106_430e0b2c50_z.jpg,4,1
sadness,http://farm4.staticflickr.com/3010/2740603539_3506bb03eb_z.jpg,5,0
sadness,http://farm9.staticflickr.com/8295/7832258374_f88b12ee10_z.jpg,5,0
sadness,http://farm4.staticflickr.com/3406/3672051075_a9b381e627_z.jpg,2,3
sadness,http://farm8.staticflickr.com/7287/9091589424_26be0713e4_z.jpg,5,0
sadness,http://farm6.staticflickr.com/5282/5248156061_137d013522_z.jpg,5,0
sadness,http://farm5.staticflickr.com/4139/4785441539_a59e873fb5_z.jpg,4,1
sadness,http://farm4.staticflickr.com/3516/3961494612_9fbd9d29f1_z.jpg,5,0
sadness,http://farm4.staticflickr.com/3657/3472526315_cc457e70c2_z.jpg,1,4
sadness,http://farm3.staticflickr.com/2921/14769718222_f5d9c2814d_z.jpg,5,0
sadness,http://farm8.staticflickr.com/7456/12525007825_f79e6dc485_z.jpg,5,0
sadness,http://farm8.staticflickr.com/7303/13918564964_6eaec73b6d_z.jpg,2,3
sadness,http://farm4.staticflickr.com/3105/2915871972_00bd9a4165_z.jpg,5,0
sadness,http://farm3.staticflickr.com/2786/4519977189_3eaa0077dc_z.jpg,5,0
sadness,http://farm6.staticflickr.com/5302/5637868496_1f60be95c1_z.jpg,5,0
sadness,http://farm6.staticflickr.com/5441/9086597118_0e2d804b7f_z.jpg,4,0
sadness,http://farm6.staticflickr.com/5212/5459843704_056265bc9b_z.jpg,4,1
sadness,http://farm5.staticflickr.com/4060/4515794052_1a5218a2da_z.jpg,3,2
sadness,http://farm9.staticflickr.com/8634/15384925614_faab0a4742_z.jpg,5,0
sadness,http://farm9.staticflickr.com/8401/8696150262_ed28dc6755_z.jpg,4,1
sadness,http://farm8.staticflickr.com/7486/15974689495_705a095419_z.jpg,5,0
sadness,http://farm3.staticflickr.com/2664/4015219554_d9a82b4411_z.jpg,1,4
sadness,http://farm8.staticflickr.com/7470/15927054519_c45ed359ed_z.jpg,5,0
sadness,http://farm4.staticflickr.com/3816/12202695553_401525b0e6_z.jpg,4,1
sadness,http://farm8.staticflickr.com/7072/6888642100_dd9d3644f5_z.jpg,3,2
sadness,http://farm8.staticflickr.com/7187/13494430495_ae088c6330_z.jpg,3,2
sadness,http://farm3.staticflickr.com/2600/4198455951_9090c8fbda_z.jpg,5,0
sadness,http://farm6.staticflickr.com/5544/10930830466_cc84178bf7_z.jpg,5,0
sadness,http://farm3.staticflickr.com/2456/3825474358_96ee48c70b_z.jpg,2,3
sadness,http://farm8.staticflickr.com/7348/13668856595_2d09ee4221_z.jpg,3,2
sadness,http://farm6.staticflickr.com/5150/5806948140_c060095c13_z.jpg,4,1
sadness,http://farm9.staticflickr.com/8447/7974246265_7f28eb2e8f_z.jpg,3,2
sadness,http://farm6.staticflickr.com/5168/5722351745_71712d04b1_z.jpg,3,2
sadness,http://farm6.staticflickr.com/5282/5278975006_b2088e9fc0_z.jpg,5,0
sadness,http://farm9.staticflickr.com/8516/8420182057_634cf70c6c_z.jpg,4,1
sadness,http://farm8.staticflickr.com/7537/15374742144_53d737189d_z.jpg,5,0
sadness,http://farm6.staticflickr.com/5004/5643335776_899bf1e871_z.jpg,5,0
sadness,http://farm7.staticflickr.com/6076/6049248007_5fb79bb162_z.jpg,5,0
sadness,http://farm7.staticflickr.com/6131/5925526439_d2f273f466_z.jpg,5,0
sadness,http://farm8.staticflickr.com/7257/8154383066_7b03ee9d19_z.jpg,0,5
sadness,http://farm4.staticflickr.com/3518/3730669736_c237339c3d_z.jpg,4,1
sadness,http://farm3.staticflickr.com/2473/3861143652_9a8ec4fb93_z.jpg,5,0
sadness,http://farm8.staticflickr.com/7511/15739484451_37cb794bb3_z.jpg,5,0
sadness,http://farm3.staticflickr.com/2930/14651666305_580da27b48_z.jpg,1,4
sadness,http://farm7.staticflickr.com/6118/6324595977_ec74e9fcdf_z.jpg,5,0
sadness,http://farm6.staticflickr.com/5472/14250144799_4be597c693_z.jpg,2,3
sadness,http://farm7.staticflickr.com/6029/6001060485_53d74655e6_z.jpg,5,0
sadness,http://farm9.staticflickr.com/8365/8390119074_ebc8fc982c_z.jpg,3,2
sadness,http://farm8.staticflickr.com/7235/7331703592_ab58157fe1_z.jpg,5,0
sadness,http://farm9.staticflickr.com/8496/8288139105_f339957a7b_z.jpg,4,1
sadness,http://farm6.staticflickr.com/5296/5544504946_27f753a4d5_z.jpg,4,1
sadness,http://farm8.staticflickr.com/7275/6942203686_7a6bf531a0_z.jpg,1,4
sadness,http://farm7.staticflickr.com/6043/6313013332_48b7c609b8_z.jpg,5,0
sadness,http://farm4.staticflickr.com/3739/13246813094_b74c1f73d5_z.jpg,3,2
sadness,http://farm5.staticflickr.com/4109/4980629975_f3fd22117a_z.jpg,2,3
sadness,http://farm9.staticflickr.com/8387/8611501284_239b4047e7_z.jpg,5,0
sadness,http://farm3.staticflickr.com/2870/13282077403_7615dd90dc_z.jpg,2,3
sadness,http://farm6.staticflickr.com/5509/11521470186_7be2a40fb6_z.jpg,3,1
sadness,http://farm9.staticflickr.com/8304/7875502428_4494c5928a_z.jpg,5,0
sadness,http://farm3.staticflickr.com/2249/4508678555_8ab672dc22_z.jpg,2,3
sadness,http://farm3.staticflickr.com/2949/15350034216_395f940d54_z.jpg,5,0
sadness,http://farm9.staticflickr.com/8405/8629138994_6eecd3c381_z.jpg,5,0
sadness,http://farm9.staticflickr.com/8512/8476100480_e536cc59be_z.jpg,3,2
sadness,http://farm4.staticflickr.com/3122/2604499275_c45afb73f9_z.jpg,5,0
sadness,http://farm6.staticflickr.com/5584/15015466316_c2d78a657f_z.jpg,5,0
sadness,http://farm8.staticflickr.com/7125/7870684200_7faaed74de_z.jpg,1,4
sadness,http://farm8.staticflickr.com/7578/15851611370_e916e1bf24_z.jpg,3,2
sadness,http://farm5.staticflickr.com/4040/4367134436_545a3744d7_z.jpg,0,5
sadness,http://farm5.staticflickr.com/4039/4511798613_550d47acfa_z.jpg,2,3
sadness,http://farm5.staticflickr.com/4083/5204978222_c3d2cd1dba_z.jpg,0,5
sadness,http://farm9.staticflickr.com/8460/8033093032_d57cd21cb1_z.jpg,5,0
sadness,http://farm3.staticflickr.com/2667/5831576541_759e572b13_z.jpg,5,0
sadness,http://farm7.staticflickr.com/6079/6048781680_f108ecd588_z.jpg,5,0
sadness,http://farm8.staticflickr.com/7012/6591481885_4acc73980f_z.jpg,1,4
sadness,http://farm3.staticflickr.com/2828/11520627644_7038ec4ccc_z.jpg,3,2
sadness,http://farm9.staticflickr.com/8305/7851682936_b95bd3a9a9_z.jpg,2,3
sadness,http://farm4.staticflickr.com/3551/3669883509_d76454b04f_z.jpg,5,0
sadness,http://farm4.staticflickr.com/3039/2784909700_5a6bc6b1be_z.jpg,5,0
sadness,http://farm4.staticflickr.com/3525/3785193366_de09c57370_z.jpg,2,3
sadness,http://farm8.staticflickr.com/7368/11710706154_cdc63f53bd_z.jpg,3,2
sadness,http://farm8.staticflickr.com/7055/13409885535_d98c73ec08_z.jpg,5,0
sadness,http://farm8.staticflickr.com/7122/7116159451_ff3ca67a5b_z.jpg,4,1
sadness,http://farm8.staticflickr.com/7118/7054937563_25d1283742_z.jpg,0,5
sadness,http://farm6.staticflickr.com/5139/5423152679_5657faffa2_z.jpg,5,0
sadness,http://farm8.staticflickr.com/7023/6756738975_8b4aaea87f_z.jpg,2,3
sadness,http://farm4.staticflickr.com/3057/3088525922_6473647cca_z.jpg,1,4
sadness,http://farm9.staticflickr.com/8375/8377933502_f937fb2dcf_z.jpg,5,0
sadness,http://farm5.staticflickr.com/4112/5041991249_2ecbdcb43e_z.jpg,5,0
sadness,http://farm8.staticflickr.com/7349/9390727318_20e0801bc5_z.jpg,4,1
sadness,http://farm4.staticflickr.com/3412/3260415336_50cc9a4735_z.jpg,5,0
sadness,http://farm8.staticflickr.com/7262/8163816619_b1eb2757bf_z.jpg,5,0
sadness,http://farm9.staticflickr.com/8304/7984519596_9797faa091_z.jpg,5,0
sadness,http://farm4.staticflickr.com/3282/3285520304_97b8df4f42_z.jpg,4,1
sadness,http://farm9.staticflickr.com/8502/8305288572_148b9f429b_z.jpg,5,0
sadness,http://farm6.staticflickr.com/5599/15424001422_f622f15132_z.jpg,3,2
sadness,http://farm6.staticflickr.com/5211/5429658109_515ee61191_z.jpg,2,3
sadness,http://farm8.staticflickr.com/7041/6783471284_fd44cb67fb_z.jpg,5,0
sadness,http://farm9.staticflickr.com/8178/8073659877_65dc06ea15_z.jpg,0,5
sadness,http://farm9.staticflickr.com/8397/8611490676_3b4e2b343e_z.jpg,5,0
sadness,http://farm7.staticflickr.com/6148/6009092630_f5c1a32664_z.jpg,4,1
sadness,http://farm9.staticflickr.com/8371/8553714227_8547721963_z.jpg,2,3
sadness,http://farm3.staticflickr.com/2587/3816722781_fbb6719d68_z.jpg,4,1
sadness,http://farm6.staticflickr.com/5207/5329486615_a88530d99c_z.jpg,4,1
sadness,http://farm9.staticflickr.com/8588/15442305253_5f7bb3ed96_z.jpg,5,0
sadness,http://farm4.staticflickr.com/3852/15030184385_b72055a852_z.jpg,5,0
sadness,http://farm3.staticflickr.com/2947/15234973679_07fd1dedac_z.jpg,4,1
sadness,http://farm8.staticflickr.com/7404/12173603673_a7187f75be_z.jpg,5,0
sadness,http://farm6.staticflickr.com/5350/7236392510_7bfc116a89_z.jpg,0,5
sadness,http://farm5.staticflickr.com/4112/5187090157_33764e1d10_z.jpg,1,4
sadness,http://farm9.staticflickr.com/8115/8652151170_21a011d76f_z.jpg,4,1
sadness,http://farm5.staticflickr.com/4151/5053882971_aef6eede80_z.jpg,3,2
sadness,http://farm8.staticflickr.com/7183/6858092833_c8892e57a9_z.jpg,0,5
sadness,http://farm4.staticflickr.com/3185/2928669658_2b79d34045_z.jpg,2,3
sadness,http://farm9.staticflickr.com/8067/8228966600_0b0b4aa7eb_z.jpg,0,5
sadness,http://farm3.staticflickr.com/2827/10192874813_0e2a77f458_z.jpg,4,1
sadness,http://farm5.staticflickr.com/4003/4455872558_31d86092e6_z.jpg,3,2
sadness,http://farm9.staticflickr.com/8150/7175786959_a874b3d3cc_z.jpg,1,4
sadness,http://farm5.staticflickr.com/4034/4546209671_93ff81de42_z.jpg,5,0
sadness,http://farm6.staticflickr.com/5606/14994211234_d2d8c2823e_z.jpg,5,0
sadness,http://farm8.staticflickr.com/7447/9593120548_50ba46c95a_z.jpg,5,0
sadness,http://farm8.staticflickr.com/7167/6578631675_61d419451e_z.jpg,5,0
sadness,http://farm6.staticflickr.com/5263/5642098260_6d53c7eae1_z.jpg,3,2
sadness,http://farm4.staticflickr.com/3401/3328145381_512e41ea81_z.jpg,2,3
sadness,http://farm6.staticflickr.com/5025/5602817692_bcca4f9b28_z.jpg,3,2
sadness,http://farm9.staticflickr.com/8530/8667238565_a82c49941c_z.jpg,5,0
sadness,http://farm3.staticflickr.com/2454/3913240007_bf807e2a66_z.jpg,5,0
sadness,http://farm4.staticflickr.com/3182/3003211059_cbbc5a2903_z.jpg,5,0
sadness,http://farm8.staticflickr.com/7223/7405297610_2153ab9a56_z.jpg,0,5
sadness,http://farm3.staticflickr.com/2945/15395708601_34e0b9aa28_z.jpg,5,0
sadness,http://farm3.staticflickr.com/2487/4165993345_0577ec5a85_z.jpg,4,1
sadness,http://farm7.staticflickr.com/6035/7030186027_4f42bbf7e5_z.jpg,4,1
sadness,http://farm9.staticflickr.com/8673/15790444347_0cbe014de0_z.jpg,3,2
sadness,http://farm9.staticflickr.com/8234/8565841967_3d34516916_z.jpg,5,0
sadness,http://farm9.staticflickr.com/8625/15812765960_e987fd17c7_z.jpg,1,4
sadness,http://farm4.staticflickr.com/3856/15206800640_b23a63dfe7_z.jpg,4,1
sadness,http://farm8.staticflickr.com/7294/9149065753_a913c36707_z.jpg,1,4
sadness,http://farm8.staticflickr.com/7374/14004978008_8e9fbeb0e7_z.jpg,5,0
sadness,http://farm5.staticflickr.com/4099/4906046275_da3316364e_z.jpg,0,5
sadness,http://farm6.staticflickr.com/5301/5574037654_e8e70a4737_z.jpg,4,1
sadness,http://farm8.staticflickr.com/7143/6823186185_7ac7f814e8_z.jpg,5,0
sadness,http://farm4.staticflickr.com/3119/2752149174_c606c76079_z.jpg,5,0
sadness,http://farm7.staticflickr.com/6016/6007253328_930b0542eb_z.jpg,4,1
sadness,http://farm6.staticflickr.com/5021/5656548883_350130813f_z.jpg,2,3
sadness,http://farm3.staticflickr.com/2809/8946358618_5337b44ae5_z.jpg,5,0
sadness,http://farm3.staticflickr.com/2614/4153111104_660e4f0c91_z.jpg,2,3
sadness,http://farm9.staticflickr.com/8203/8171224748_89099baf91_z.jpg,5,0
sadness,http://farm9.staticflickr.com/8219/8445335525_4e2777a075_z.jpg,0,5
sadness,http://farm7.staticflickr.com/6195/6070975401_831f46f0a5_z.jpg,2,3
sadness,http://farm4.staticflickr.com/3711/11216307775_bc8ec5dbf3_z.jpg,4,1
sadness,http://farm4.staticflickr.com/3445/3726287550_dbc3b0f903_z.jpg,5,0
sadness,http://farm8.staticflickr.com/7488/15929282196_27145c09a6_z.jpg,2,3
sadness,http://farm6.staticflickr.com/5450/9935782346_fafd44ff80_z.jpg,5,0
sadness,http://farm4.staticflickr.com/3910/14774214730_6de33a12b9_z.jpg,5,0
sadness,http://farm9.staticflickr.com/8510/8448766284_417861914c_z.jpg,5,0
sadness,http://farm8.staticflickr.com/7067/6799346280_b34e708f87_z.jpg,2,3
sadness,http://farm5.staticflickr.com/4053/4265788997_8758a69392_z.jpg,3,2
sadness,http://farm2.staticflickr.com/1082/4727674243_a69edd0f42_z.jpg,5,0
sadness,http://farm4.staticflickr.com/3926/14222391238_83151f04a5_z.jpg,4,1
sadness,http://farm3.staticflickr.com/2281/2374510515_84935b7edd_z.jpg,0,5
sadness,http://farm4.staticflickr.com/3711/10411668265_1878160946_z.jpg,1,4
sadness,http://farm3.staticflickr.com/2942/15218818147_2a07b8f9bf_z.jpg,5,0
sadness,http://farm9.staticflickr.com/8371/8574162997_a089313d64_z.jpg,5,0
sadness,http://farm4.staticflickr.com/3181/3029951782_56f45768f0_z.jpg,2,3
sadness,http://farm8.staticflickr.com/7112/7414029830_369a477326_z.jpg,3,2
sadness,http://farm8.staticflickr.com/7118/13381753535_5ece0f9064_z.jpg,2,3
sadness,http://farm8.staticflickr.com/7297/13246476265_26c9c1e5c7_z.jpg,2,3
sadness,http://farm3.staticflickr.com/2841/9622802222_651a04cfae_z.jpg,4,1
sadness,http://farm8.staticflickr.com/7252/7507318148_ea61a64390_z.jpg,5,0
sadness,http://farm3.staticflickr.com/2854/9297790575_23c8b79232_z.jpg,4,1
sadness,http://farm3.staticflickr.com/2499/3889848430_2986f0b0fe_z.jpg,4,1
sadness,http://farm4.staticflickr.com/3923/14454483841_ec28a11d59_z.jpg,2,3
sadness,http://farm9.staticflickr.com/8031/8049645133_b084a26f53_z.jpg,5,0
sadness,http://farm4.staticflickr.com/3574/3656004031_78a5d984b7_z.jpg,3,2
sadness,http://farm4.staticflickr.com/3933/15444921541_e989bebc98_z.jpg,5,0
sadness,http://farm3.staticflickr.com/2847/9430362697_cdfdbcfd01_z.jpg,2,3
sadness,http://farm5.staticflickr.com/4103/4990869294_f094eedede_z.jpg,4,1
sadness,http://farm6.staticflickr.com/5009/5316851409_3fddcd5bfd_z.jpg,0,5
sadness,http://farm8.staticflickr.com/7367/9856911986_7f3e683e60_z.jpg,3,2
sadness,http://farm5.staticflickr.com/4032/4279375623_d4d6bab341_z.jpg,3,2
sadness,http://farm5.staticflickr.com/4076/4782148305_8eebb63562_z.jpg,5,0
sadness,http://farm6.staticflickr.com/5577/15004408927_a7bfa20857_z.jpg,5,0
sadness,http://farm8.staticflickr.com/7570/15870820507_75253bb532_z.jpg,2,3
sadness,http://farm4.staticflickr.com/3834/10873906144_89d5aa8cac_z.jpg,5,0
sadness,http://farm8.staticflickr.com/7426/9740294848_6e83832d49_z.jpg,5,0
sadness,http://farm6.staticflickr.com/5166/5207819369_58843036eb_z.jpg,5,0
sadness,http://farm5.staticflickr.com/4049/4708810722_40d985ab1b_z.jpg,5,0
sadness,http://farm8.staticflickr.com/7083/7320310918_ce05023dcf_z.jpg,4,1
sadness,http://farm7.staticflickr.com/6085/6110315817_af1bd62c29_z.jpg,4,1
sadness,http://farm3.staticflickr.com/2593/4012152379_d77e11151f_z.jpg,4,1
sadness,http://farm4.staticflickr.com/3179/4649215619_45f7b0114d_z.jpg,5,0
sadness,http://farm4.staticflickr.com/3107/4598732839_3a9fa758f5_z.jpg,4,1
sadness,http://farm8.staticflickr.com/7386/9220341602_e82e066761_z.jpg,5,0
sadness,http://farm3.staticflickr.com/2513/4102665031_81d9c962a2_z.jpg,4,0
sadness,http://farm6.staticflickr.com/5005/5215296119_4be0336a50_z.jpg,5,0
sadness,http://farm3.staticflickr.com/2878/9503675472_7016db1e34_z.jpg,5,0
sadness,http://farm9.staticflickr.com/8429/7670280282_cd2054d556_z.jpg,3,2
sadness,http://farm4.staticflickr.com/3951/15555986450_be43159c8c_z.jpg,3,2
sadness,http://farm6.staticflickr.com/5573/15188782251_8a8e995143_z.jpg,4,1
sadness,http://farm5.staticflickr.com/4122/4861697809_3834e2d341_z.jpg,3,2
sadness,http://farm9.staticflickr.com/8252/8499022232_6b828ce072_z.jpg,2,3
sadness,http://farm8.staticflickr.com/7570/15175584843_3100d03b0e_z.jpg,0,5
sadness,http://farm6.staticflickr.com/5588/14649417949_caf052f9a3_z.jpg,5,0
sadness,http://farm4.staticflickr.com/3594/3461316856_22e56a3fdd_z.jpg,5,0
sadness,http://farm5.staticflickr.com/4152/4840411850_953d731b2a_z.jpg,5,0
sadness,http://farm7.staticflickr.com/6172/6177226714_237e3d8509_z.jpg,4,1
sadness,http://farm7.staticflickr.com/6203/6149129097_8706fb3e03_z.jpg,3,2
sadness,http://farm6.staticflickr.com/5607/15622618208_2ff8d094e8_z.jpg,0,5
sadness,http://farm5.staticflickr.com/4065/4652869453_8e813097e5_z.jpg,5,0
sadness,http://farm6.staticflickr.com/5182/5651206571_ec41c6248b_z.jpg,3,1
sadness,http://farm3.staticflickr.com/2942/15158156500_db5c8a2cb1_z.jpg,0,5
sadness,http://farm4.staticflickr.com/3076/3175891539_6c0b0dfbac_z.jpg,5,0
sadness,http://farm4.staticflickr.com/3905/14879610682_1256c5a9b9_z.jpg,4,1
sadness,http://farm4.staticflickr.com/3086/3136978487_ed2d470676_z.jpg,4,1
sadness,http://farm8.staticflickr.com/7457/11823142256_6a1fe228ce_z.jpg,3,2
sadness,http://farm7.staticflickr.com/6179/6177137908_3336518108_z.jpg,5,0
sadness,http://farm8.staticflickr.com/7187/6918915897_c97043f98f_z.jpg,2,3
sadness,http://farm9.staticflickr.com/8369/8430537325_15fd3a9624_z.jpg,5,0
sadness,http://farm8.staticflickr.com/7210/7065486647_9d3836210a_z.jpg,5,0
sadness,http://farm4.staticflickr.com/3552/3486724575_7d7018ccef_z.jpg,5,0
sadness,http://farm3.staticflickr.com/2203/2494129678_f69a541222_z.jpg,5,0
sadness,http://farm9.staticflickr.com/8017/7102146959_e9dcece4dd_z.jpg,1,4
sadness,http://farm4.staticflickr.com/3710/9432668269_338774f14b_z.jpg,2,3
sadness,http://farm5.staticflickr.com/4094/4801885697_e10700daa7_z.jpg,5,0
sadness,http://farm9.staticflickr.com/8246/8476552729_3385c13b71_z.jpg,1,4
sadness,http://farm6.staticflickr.com/5221/5646550028_56b6b99310_z.jpg,4,1
sadness,http://farm6.staticflickr.com/5203/5725661275_007e4b22c7_z.jpg,4,1
sadness,http://farm4.staticflickr.com/3471/3304003117_71b6103888_z.jpg,0,5
sadness,http://farm3.staticflickr.com/2463/3654993400_a30f847204_z.jpg,2,3
sadness,http://farm4.staticflickr.com/3245/3078937364_10b61ba662_z.jpg,3,2
sadness,http://farm6.staticflickr.com/5492/10734014363_47a723172a_z.jpg,0,5
sadness,http://farm9.staticflickr.com/8509/8397679563_540bff5d21_z.jpg,4,1
sadness,http://farm6.staticflickr.com/5270/5602237679_16a1e5c7bf_z.jpg,5,0
sadness,http://farm6.staticflickr.com/5334/9433129918_e45e71ed25_z.jpg,5,0
sadness,http://farm3.staticflickr.com/2906/14121849524_aa679218da_z.jpg,3,2
sadness,http://farm6.staticflickr.com/5336/10098107546_46a68e59d4_z.jpg,4,1
sadness,http://farm7.staticflickr.com/6225/6344799927_b9f671d21f_z.jpg,5,0
sadness,http://farm9.staticflickr.com/8120/8628881714_cebf78b9ee_z.jpg,5,0
sadness,http://farm4.staticflickr.com/3044/3108859439_38a91f9e18_z.jpg,5,0
sadness,http://farm8.staticflickr.com/7145/6748302947_d1480326ba_z.jpg,1,4
sadness,http://farm8.staticflickr.com/7233/7129798373_54a3dde9f0_z.jpg,1,4
sadness,http://farm4.staticflickr.com/3083/2856135468_10d43c0bbf_z.jpg,5,0
sadness,http://farm4.staticflickr.com/3275/2947763873_ef63c061d7_z.jpg,5,0
sadness,http://farm8.staticflickr.com/7416/11058516914_66da7893b4_z.jpg,2,3
sadness,http://farm6.staticflickr.com/5028/5678704214_d16c462321_z.jpg,2,3
sadness,http://farm8.staticflickr.com/7529/15604619277_5bc5921bdf_z.jpg,1,4
sadness,http://farm3.staticflickr.com/2506/4232809897_21641f10b5_z.jpg,3,2
sadness,http://farm9.staticflickr.com/8144/7696150898_b98636f24a_z.jpg,4,1
sadness,http://farm6.staticflickr.com/5128/5277670321_078c7f3b22_z.jpg,3,2
sadness,http://farm8.staticflickr.com/7314/9276713332_8be400307f_z.jpg,4,0
sadness,http://farm9.staticflickr.com/8448/7794441468_2ea0cec095_z.jpg,5,0
sadness,http://farm4.staticflickr.com/3565/3775480115_2f94dc85ab_z.jpg,4,1
sadness,http://farm8.staticflickr.com/7200/6789649018_eeccd8180a_z.jpg,4,0
sadness,http://farm9.staticflickr.com/8518/8593820248_3d454a028f_z.jpg,3,2
sadness,http://farm6.staticflickr.com/5053/5406612528_7b26109227_z.jpg,3,2
sadness,http://farm3.staticflickr.com/2826/10350825264_4f13a78023_z.jpg,1,4
sadness,http://farm4.staticflickr.com/3855/14659790516_f225d11c17_z.jpg,2,3
sadness,http://farm5.staticflickr.com/4117/4903886726_d2e5c55f26_z.jpg,0,5
sadness,http://farm8.staticflickr.com/7260/7589347960_7f370a9626_z.jpg,4,1
sadness,http://farm4.staticflickr.com/3564/3330926163_aec9c6c5a8_z.jpg,3,2
sadness,http://farm5.staticflickr.com/4125/5094769786_94081ed4f4_z.jpg,2,3
sadness,http://farm8.staticflickr.com/7111/13320986564_b48b690284_z.jpg,1,4
sadness,http://farm9.staticflickr.com/8087/8595226938_a150d51d38_z.jpg,3,1
sadness,http://farm6.staticflickr.com/5162/5357803600_5646b28fe6_z.jpg,1,4
sadness,http://farm4.staticflickr.com/3280/2306960387_245698156b_z.jpg,5,0
sadness,http://farm9.staticflickr.com/8186/8127213213_565a2b3aa8_z.jpg,5,0
sadness,http://farm4.staticflickr.com/3666/9373454834_6153bfcd4f_z.jpg,5,0
sadness,http://farm9.staticflickr.com/8443/7952322310_4ac10337f3_z.jpg,0,5
sadness,http://farm6.staticflickr.com/5593/15295611841_084f337be1_z.jpg,4,1
sadness,http://farm8.staticflickr.com/7155/6393505597_5287f1fc73_z.jpg,5,0
sadness,http://farm4.staticflickr.com/3310/3334874497_7712e645b9_z.jpg,2,3
sadness,http://farm8.staticflickr.com/7054/6932932405_24ce40ae55_z.jpg,3,2
sadness,http://farm7.staticflickr.com/6157/6188472700_4a0aef1fe5_z.jpg,5,0
sadness,http://farm8.staticflickr.com/7458/11385245276_b0169b47f5_z.jpg,5,0
sadness,http://farm8.staticflickr.com/7064/6907877003_c3798d99dc_z.jpg,2,3
sadness,http://farm3.staticflickr.com/2354/2362999507_1825e56848_z.jpg,4,1
sadness,http://farm6.staticflickr.com/5049/5378476182_3f1d0f6f9a_z.jpg,2,3
sadness,http://farm3.staticflickr.com/2928/13982264368_16a0c7ffa9_z.jpg,1,4
sadness,http://farm5.staticflickr.com/4125/5088631635_1d3c218af1_z.jpg,5,0
sadness,http://farm3.staticflickr.com/2810/10841965983_fff0123aa7_z.jpg,0,5
sadness,http://farm3.staticflickr.com/2815/12013854536_f4be943f37_z.jpg,5,0
sadness,http://farm5.staticflickr.com/4106/5084102959_50a2d5dd96_z.jpg,3,2
sadness,http://farm7.staticflickr.com/6185/6031687317_1776a02a0e_z.jpg,5,0
sadness,http://farm7.staticflickr.com/6007/5982746339_fbbe7ea20d_z.jpg,2,3
sadness,http://farm6.staticflickr.com/5304/5631600746_4fd34f99f0_z.jpg,2,3
sadness,http://farm6.staticflickr.com/5256/5470120444_7fe0c6cd18_z.jpg,4,1
sadness,http://farm7.staticflickr.com/6121/5954565733_af51c12588_z.jpg,1,4
sadness,http://farm7.staticflickr.com/6136/6208890523_fa16d811e0_z.jpg,5,0
sadness,http://farm6.staticflickr.com/5523/9290224309_f3869e3c22_z.jpg,5,0
sadness,http://farm4.staticflickr.com/3115/2634680664_725e6424e8_z.jpg,1,4
sadness,http://farm7.staticflickr.com/6212/6302809658_54be565de4_z.jpg,4,1
sadness,http://farm5.staticflickr.com/4046/4485065531_aa6b329984_z.jpg,5,0
sadness,http://farm7.staticflickr.com/6107/6328705234_4dd0905b9a_z.jpg,5,0
sadness,http://farm6.staticflickr.com/5207/5373268807_cf0c461187_z.jpg,5,0
sadness,http://farm6.staticflickr.com/5069/5579576168_972dfc3f72_z.jpg,3,2
sadness,http://farm8.staticflickr.com/7370/8835698340_8bb3658a57_z.jpg,0,5
sadness,http://farm8.staticflickr.com/7362/10055527813_88a5227b50_z.jpg,5,0
sadness,http://farm6.staticflickr.com/5257/5582639912_7ea1703432_z.jpg,5,0
sadness,http://farm6.staticflickr.com/5068/5897526838_6f022c3650_z.jpg,5,0
sadness,http://farm4.staticflickr.com/3827/9356240525_3b28fe937b_z.jpg,4,1
sadness,http://farm2.staticflickr.com/1182/5178410744_4ff96db359_z.jpg,5,0
sadness,http://farm2.staticflickr.com/1282/4672218895_34bb8ecb40_z.jpg,5,0
sadness,http://farm5.staticflickr.com/4078/4782496872_323a751656_z.jpg,5,0
sadness,http://farm4.staticflickr.com/3234/2981773777_0ea4aa64c0_z.jpg,5,0
sadness,http://farm4.staticflickr.com/3562/3459651718_f722a602c3_z.jpg,5,0
sadness,http://farm8.staticflickr.com/7559/15896600239_798baffe78_z.jpg,5,0
sadness,http://farm4.staticflickr.com/3079/5862067713_b31c16e32f_z.jpg,5,0
sadness,http://farm9.staticflickr.com/8493/8323573809_45dbe2e353_z.jpg,4,1
sadness,http://farm6.staticflickr.com/5500/12458003074_f31abab504_z.jpg,5,0
sadness,http://farm8.staticflickr.com/7306/13173073654_218715b9ae_z.jpg,5,0
sadness,http://farm6.staticflickr.com/5211/5468342191_a3a58d8f95_z.jpg,0,5
sadness,http://farm9.staticflickr.com/8025/7589908596_ce567c48ba_z.jpg,5,0
sadness,http://farm9.staticflickr.com/8266/8629211152_4278f7fb3e_z.jpg,5,0
sadness,http://farm6.staticflickr.com/5289/5227950172_ca706fb71b_z.jpg,5,0
sadness,http://farm9.staticflickr.com/8153/6978578578_0c73549bf6_z.jpg,3,2
sadness,http://farm8.staticflickr.com/7232/7225041642_3f20660043_z.jpg,5,0
sadness,http://farm8.staticflickr.com/7264/7027822757_08ee4b262d_z.jpg,2,3
sadness,http://farm5.staticflickr.com/4103/4974962385_4d7228758d_z.jpg,5,0
sadness,http://farm3.staticflickr.com/2914/14500320242_7075916062_z.jpg,1,4
sadness,http://farm4.staticflickr.com/3844/15111712852_8c7f52d115_z.jpg,1,4
sadness,http://farm5.staticflickr.com/4105/4987106621_80559a6b63_z.jpg,5,0
sadness,http://farm9.staticflickr.com/8067/8225706512_7e91046a54_z.jpg,5,0
sadness,http://farm6.staticflickr.com/5293/5587987843_cbaf660883_z.jpg,1,4
sadness,http://farm3.staticflickr.com/2683/4122137771_f6e9905cdc_z.jpg,5,0
sadness,http://farm6.staticflickr.com/5488/9783427732_c3842c4c58_z.jpg,5,0
sadness,http://farm3.staticflickr.com/2693/4400359367_f1acd1c176_z.jpg,3,2
sadness,http://farm4.staticflickr.com/3308/3258861870_4dbde84008_z.jpg,5,0
sadness,http://farm6.staticflickr.com/5346/9175772992_3bf4103340_z.jpg,5,0
sadness,http://farm7.staticflickr.com/6240/6351134078_6f0b2d691a_z.jpg,5,0
sadness,http://farm4.staticflickr.com/3601/3561411340_dae28b3b73_z.jpg,1,4
sadness,http://farm8.staticflickr.com/7106/7874531386_cf2fa7a437_z.jpg,0,5
sadness,http://farm4.staticflickr.com/3155/2657284509_1fdcd3e97d_z.jpg,1,4
sadness,http://farm3.staticflickr.com/2633/5708408545_451ec5081c_z.jpg,3,2
sadness,http://farm4.staticflickr.com/3588/3559348991_24a610ea7d_z.jpg,0,5
sadness,http://farm6.staticflickr.com/5563/14928861247_4338ce2317_z.jpg,5,0
sadness,http://farm4.staticflickr.com/3842/14590914718_64004964e8_z.jpg,4,1
sadness,http://farm6.staticflickr.com/5346/9690476441_df93483eff_z.jpg,2,3
sadness,http://farm4.staticflickr.com/3432/3951511600_953b012cc2_z.jpg,2,3
sadness,http://farm6.staticflickr.com/5476/9624473183_f3a44be420_z.jpg,3,2
sadness,http://farm6.staticflickr.com/5223/14065210275_df745d03fe_z.jpg,5,0
sadness,http://farm9.staticflickr.com/8249/8661911988_a5d24273a5_z.jpg,5,0
sadness,http://farm4.staticflickr.com/3682/10675657403_f6681d8537_z.jpg,1,4
sadness,http://farm4.staticflickr.com/3771/11689340656_cd50d53f73_z.jpg,5,0
sadness,http://farm4.staticflickr.com/3857/14527267490_cea7afe8a5_z.jpg,1,4
sadness,http://farm5.staticflickr.com/4009/4689003982_f7667d4781_z.jpg,5,0
sadness,http://farm8.staticflickr.com/7469/15851124862_34e9368cbb_z.jpg,1,4
sadness,http://farm3.staticflickr.com/2454/3618948908_a1551fc70e_z.jpg,3,2
sadness,http://farm9.staticflickr.com/8069/8218982306_bf27f5c7ca_z.jpg,2,3
sadness,http://farm4.staticflickr.com/3933/15520697871_d8d69e0498_z.jpg,5,0
sadness,http://farm6.staticflickr.com/5341/9568168602_c9f67c7f12_z.jpg,5,0
sadness,http://farm8.staticflickr.com/7043/6926354352_9d47ab226d_z.jpg,1,4
sadness,http://farm5.staticflickr.com/4005/4504579727_d5d7f6425b_z.jpg,5,0
sadness,http://farm4.staticflickr.com/3455/3791687309_0fbcd6504d_z.jpg,1,4
sadness,http://farm8.staticflickr.com/7154/6639662905_1e2dd2a229_z.jpg,3,2
sadness,http://farm6.staticflickr.com/5455/9051375944_fb44b56e32_z.jpg,5,0
sadness,http://farm3.staticflickr.com/2896/14757632751_514af3a134_z.jpg,5,0
sadness,http://farm6.staticflickr.com/5103/5599528381_e329a759e8_z.jpg,5,0
sadness,http://farm7.staticflickr.com/6046/6337237180_de91e8f1f7_z.jpg,4,1
sadness,http://farm8.staticflickr.com/7260/7090852899_a501ae948f_z.jpg,1,4
sadness,http://farm6.staticflickr.com/5588/14101035384_923f923545_z.jpg,5,0
sadness,http://farm4.staticflickr.com/3875/14513509053_3cc57d0b99_z.jpg,4,1
sadness,http://farm8.staticflickr.com/7361/13509974673_622f4e24b4_z.jpg,4,1
sadness,http://farm8.staticflickr.com/7367/14166052463_db653c51f3_z.jpg,5,0
sadness,http://farm2.staticflickr.com/1061/3164365095_db85f64884_z.jpg,3,2
sadness,http://farm9.staticflickr.com/8479/8209282338_ab5cb68b67_z.jpg,2,3
sadness,http://farm3.staticflickr.com/2530/4157664133_310a82174b_z.jpg,5,0
sadness,http://farm4.staticflickr.com/3739/13922400815_aa442bfa04_z.jpg,5,0
sadness,http://farm3.staticflickr.com/2823/11254713034_e54a33afc3_z.jpg,5,0
sadness,http://farm4.staticflickr.com/3342/3556161575_5f17684774_z.jpg,3,2
sadness,http://farm9.staticflickr.com/8498/8293752000_25a6d9345f_z.jpg,3,2
sadness,http://farm9.staticflickr.com/8546/8706964690_e377428eec_z.jpg,2,3
sadness,http://farm8.staticflickr.com/7022/6502763509_3f3382ffeb_z.jpg,0,5
sadness,http://farm7.staticflickr.com/6115/6221397794_378de9ab12_z.jpg,3,2
sadness,http://farm9.staticflickr.com/8085/8569674722_959f7ba7d7_z.jpg,5,0
sadness,http://farm5.staticflickr.com/4057/4529951125_84a0209091_z.jpg,3,2
sadness,http://farm4.staticflickr.com/3528/3791589959_22c0b19601_z.jpg,0,5
sadness,http://farm4.staticflickr.com/3930/15405757765_e0a56078f4_z.jpg,5,0
sadness,http://farm8.staticflickr.com/7374/12370021255_903be5ec0a_z.jpg,2,3
sadness,http://farm6.staticflickr.com/5116/8412282370_d56b908213_z.jpg,5,0
sadness,http://farm4.staticflickr.com/3861/15115848020_d9ea29b29e_z.jpg,4,1
sadness,http://farm4.staticflickr.com/3844/14752867474_7a15c4334c_z.jpg,5,0
sadness,http://farm9.staticflickr.com/8220/8329924357_a931e41c4f_z.jpg,5,0
sadness,http://farm4.staticflickr.com/3161/3029130053_6c78892bae_z.jpg,3,2
sadness,http://farm8.staticflickr.com/7171/6612526433_4995995458_z.jpg,1,4
sadness,http://farm9.staticflickr.com/8568/15317379214_c6761faccc_z.jpg,5,0
sadness,http://farm3.staticflickr.com/2002/2254102800_8c7a32b2c4_z.jpg,0,5
sadness,http://farm4.staticflickr.com/3577/3796286165_b7a088b433_z.jpg,3,2
sadness,http://farm5.staticflickr.com/4022/4652282113_8fb1263cc4_z.jpg,5,0
sadness,http://farm3.staticflickr.com/2655/5730526046_faf117a918_z.jpg,4,1
sadness,http://farm5.staticflickr.com/4098/4809777424_ee6521531a_z.jpg,4,1
sadness,http://farm9.staticflickr.com/8487/8169774927_210a85538a_z.jpg,5,0
sadness,http://farm7.staticflickr.com/6039/6343362289_ce65409b0d_z.jpg,5,0
sadness,http://farm9.staticflickr.com/8467/8081656757_0884b3fa34_z.jpg,5,0
sadness,http://farm3.staticflickr.com/2739/4373861832_778f515ed2_z.jpg,5,0
sadness,http://farm3.staticflickr.com/2948/15218649289_b5307a2e50_z.jpg,5,0
sadness,http://farm6.staticflickr.com/5059/5502656059_d2a92d0d95_z.jpg,5,0
sadness,http://farm9.staticflickr.com/8158/7361152734_c12449030c_z.jpg,5,0
sadness,http://farm5.staticflickr.com/4046/4305407582_bc64a5eaf6_z.jpg,1,4
sadness,http://farm5.staticflickr.com/4055/4404731293_9d3c77180c_z.jpg,3,1
sadness,http://farm5.staticflickr.com/4029/4311694390_9e5896fc55_z.jpg,5,0
sadness,http://farm9.staticflickr.com/8443/7800619538_6d46da2981_z.jpg,5,0
sadness,http://farm3.staticflickr.com/2448/3756185245_96d41532ac_z.jpg,0,5
sadness,http://farm6.staticflickr.com/5180/5561499304_438b40b23d_z.jpg,3,2
sadness,http://farm8.staticflickr.com/7398/13890915747_150a6e1c36_z.jpg,3,2
sadness,http://farm6.staticflickr.com/5259/5457561112_1a4ac947e7_z.jpg,5,0
sadness,http://farm4.staticflickr.com/3394/3242807096_5aedff1bf1_z.jpg,4,1
sadness,http://farm4.staticflickr.com/3864/14810163898_d44f09da9c_z.jpg,5,0
sadness,http://farm4.staticflickr.com/3134/3215790151_771d228c56_z.jpg,5,0
sadness,http://farm9.staticflickr.com/8225/8380350913_bb6df3f92c_z.jpg,0,5
sadness,http://farm3.staticflickr.com/2600/3786803016_3518965ca4_z.jpg,5,0
sadness,http://farm3.staticflickr.com/2890/11516740124_9c9db33f7a_z.jpg,4,1
sadness,http://farm5.staticflickr.com/4100/4889111697_e6cef60c7b_z.jpg,3,2
sadness,http://farm4.staticflickr.com/3066/3082490543_07d323eec1_z.jpg,5,0
sadness,http://farm8.staticflickr.com/7560/15217596193_e1fb06010a_z.jpg,4,1
sadness,http://farm6.staticflickr.com/5227/5789326743_d8d69f8859_z.jpg,5,0
sadness,http://farm8.staticflickr.com/7512/16072576265_940a50b7bb_z.jpg,5,0
sadness,http://farm4.staticflickr.com/3078/2829659865_d245c92ce4_z.jpg,4,1
sadness,http://farm4.staticflickr.com/3037/2545336141_f08f4c5ac9_z.jpg,5,0
sadness,http://farm7.staticflickr.com/6042/6329878651_6ecaaa854c_z.jpg,3,2
sadness,http://farm4.staticflickr.com/3624/5812816494_e25f02ebc2_z.jpg,3,2
sadness,http://farm5.staticflickr.com/4009/4342958021_baafedb57a_z.jpg,5,0
sadness,http://farm4.staticflickr.com/3519/3925832305_04255d665a_z.jpg,3,2
sadness,http://farm5.staticflickr.com/4009/4423082515_eb3761435d_z.jpg,4,1
sadness,http://farm9.staticflickr.com/8400/8679224734_2afbebd29e_z.jpg,1,4
sadness,http://farm9.staticflickr.com/8585/16061389002_086c144afd_z.jpg,5,0
sadness,http://farm4.staticflickr.com/3747/9542686442_66f26d4a77_z.jpg,4,1
sadness,http://farm5.staticflickr.com/4133/5083659740_0c284797a5_z.jpg,5,0
sadness,http://farm4.staticflickr.com/3400/3565871260_90075b183a_z.jpg,4,1
sadness,http://farm9.staticflickr.com/8099/8594054685_726eae4e66_z.jpg,5,0
sadness,http://farm8.staticflickr.com/7160/13541525275_ca252e250f_z.jpg,5,0
sadness,http://farm4.staticflickr.com/3329/3416215445_37a50aa1af_z.jpg,0,5
sadness,http://farm5.staticflickr.com/4015/4632840312_4b9855f8b7_z.jpg,5,0
sadness,http://farm8.staticflickr.com/7155/6652502315_bfc7f27fc8_z.jpg,4,0
sadness,http://farm3.staticflickr.com/2883/10058782453_cb3292c130_z.jpg,5,0
sadness,http://farm6.staticflickr.com/5594/14478983961_ae37545c4e_z.jpg,1,4
sadness,http://farm2.staticflickr.com/1280/4663626075_12d8a1b926_z.jpg,5,0
sadness,http://farm4.staticflickr.com/3296/2759134294_c5b8b4836d_z.jpg,3,2
sadness,http://farm4.staticflickr.com/3210/2607378213_b9aca89cbf_z.jpg,3,2
sadness,http://farm6.staticflickr.com/5341/10294762823_a2b418d196_z.jpg,5,0
sadness,http://farm9.staticflickr.com/8569/16439540259_4e208d3cd6_z.jpg,4,1
sadness,http://farm3.staticflickr.com/2549/3873277567_e0ace60ba1_z.jpg,1,4
sadness,http://farm7.staticflickr.com/6229/6211022626_82322e6b2a_z.jpg,1,4
sadness,http://farm9.staticflickr.com/8433/7655290762_18e7ffc064_z.jpg,5,0
sadness,http://farm3.staticflickr.com/2916/14223549104_0b848761e0_z.jpg,5,0
sadness,http://farm9.staticflickr.com/8400/8700625631_616ce8b85b_z.jpg,1,4
sadness,http://farm8.staticflickr.com/7321/10983025105_b2b14dbe2c_z.jpg,4,1
sadness,http://farm9.staticflickr.com/8232/8404780880_7fc4b14502_z.jpg,3,2
sadness,http://farm7.staticflickr.com/6057/6301232669_6d16bd2f58_z.jpg,5,0
sadness,http://farm8.staticflickr.com/7361/10919033455_465130487b_z.jpg,5,0
sadness,http://farm9.staticflickr.com/8462/8046711816_beeb51e0a1_z.jpg,3,2
sadness,http://farm8.staticflickr.com/7494/16079670781_8415fd8156_z.jpg,4,1
sadness,http://farm5.staticflickr.com/4112/4847770737_f1e47959b3_z.jpg,4,1
sadness,http://farm3.staticflickr.com/2475/5825998324_032c5b5114_z.jpg,4,1
sadness,http://farm8.staticflickr.com/7002/6815505181_d8cc690096_z.jpg,5,0
sadness,http://farm4.staticflickr.com/3796/9468115929_89b5d4b883_z.jpg,5,0
sadness,http://farm6.staticflickr.com/5309/5595354294_609d67d1bf_z.jpg,2,3
sadness,http://farm6.staticflickr.com/5452/7073231001_68e7feb793_z.jpg,5,0
sadness,http://farm3.staticflickr.com/2749/4356557534_9c7e53bee3_z.jpg,5,0
sadness,http://farm8.staticflickr.com/7334/12848106394_52f8ff3901_z.jpg,1,4
sadness,http://farm9.staticflickr.com/8382/8476733442_278deffa47_z.jpg,4,1
sadness,http://farm6.staticflickr.com/5507/12678651934_d2e969bff3_z.jpg,5,0
sadness,http://farm6.staticflickr.com/5598/15550129609_e5eb32dfcf_z.jpg,5,0
sadness,http://farm4.staticflickr.com/3818/9429378391_82d40b4cb3_z.jpg,0,5
sadness,http://farm8.staticflickr.com/7455/8724461270_1f75a6b08c_z.jpg,4,1
sadness,http://farm9.staticflickr.com/8606/15423846663_711db75278_z.jpg,5,0
sadness,http://farm8.staticflickr.com/7170/6648441559_a132697341_z.jpg,3,2
sadness,http://farm6.staticflickr.com/5479/14050057378_5ef95b693c_z.jpg,2,3
sadness,http://farm8.staticflickr.com/7291/12154803604_23f7e7be5f_z.jpg,2,3
sadness,http://farm6.staticflickr.com/5258/5417191644_0a4d66a50a_z.jpg,4,1
sadness,http://farm4.staticflickr.com/3785/12313729114_24a1a26742_z.jpg,5,0
sadness,http://farm9.staticflickr.com/8490/8189668453_fdc14d7670_z.jpg,5,0
sadness,http://farm4.staticflickr.com/3059/2327075327_f4d73e7822_z.jpg,4,1
sadness,http://farm7.staticflickr.com/6009/5950366432_3b16b04906_z.jpg,5,0
sadness,http://farm7.staticflickr.com/6181/6033463488_04560a1340_z.jpg,5,0
sadness,http://farm7.staticflickr.com/6170/6173501926_d2b564b4ae_z.jpg,5,0
sadness,http://farm3.staticflickr.com/2305/2180758979_08b7e4ac8f_z.jpg,5,0
sadness,http://farm8.staticflickr.com/7218/7093559439_bbdb4d6601_z.jpg,5,0
sadness,http://farm4.staticflickr.com/3335/5748709786_439a5b3787_z.jpg,1,4
sadness,http://farm1.staticflickr.com/108/4087978558_9d7bbffa19_z.jpg,1,4
sadness,http://farm8.staticflickr.com/7069/6932931805_d2af450521_z.jpg,4,1
sadness,http://farm5.staticflickr.com/4062/4286814887_bfcbf9497d_z.jpg,5,0
sadness,http://farm8.staticflickr.com/7528/15937702531_49ff851f40_z.jpg,5,0
sadness,http://farm6.staticflickr.com/5299/5462358478_8a6190ca49_z.jpg,4,1
sadness,http://farm5.staticflickr.com/4044/4348159829_37e4aaf79b_z.jpg,2,3
sadness,http://farm6.staticflickr.com/5142/5566265800_c35c57d1a3_z.jpg,4,1
sadness,http://farm8.staticflickr.com/7144/6694575811_6d4801ab58_z.jpg,5,0
sadness,http://farm6.staticflickr.com/5609/15630278680_d708cc1a29_z.jpg,2,3
sadness,http://farm9.staticflickr.com/8105/8594035035_f3134c8b6e_z.jpg,1,4
sadness,http://farm7.staticflickr.com/6198/6052319697_8f28dbdc40_z.jpg,0,5
